timestamp,pv_power_w,pv_voltage_v,pv_current_a,battery_soc_pct,battery_voltage_v,battery_current_a,charging_state,controller_temp_c,battery_temp_c,load_power_w,daily_generated_wh,total_generated_kwh
2026-08-23T23:10:40.480977,0,13.0,0.0,79,12.7,0.0,MPPT Charging,27,29,0,0,8363
2026-08-23T23:10:42.685746,0,13.0,0.0,79,12.7,0.0,MPPT Charging,27,29,0,0,8363
2026-08-23T23:10:44.487007,0,13.0,0.0,79,12.7,0.0,MPPT Charging,27,29,0,0,8363
2026-08-23T23:10:46.689939,0,13.0,0.0,79,12.7,0.0,MPPT Charging,27,29,0,0,8363
2026-08-23T23:10:48.713224,0,13.0,0.0,80,12.7,0.0,MPPT Charging,27,29,0,0,8363
2026-08-23T23:10:50.604757,0,13.0,0.0,80,12.7,0.0,MPPT Charging,27,29,0,0,8363
2026-08-23T23:10:52.406014,0,13.0,0.0,80,12.7,0.0,MPPT Charging,27,29,0,0,8363
2026-08-23T23:10:54.609885,0,13.0,0.0,79,12.7,0.0,MPPT Charging,27,28,0,0,8363
2026-08-23T23:10:57.264101,0,13.0,0.0,79,12.7,0.0,MPPT Charging,27,29,0,0,8363
2026-08-23T23:10:59.065354,0,13.0,0.0,79,12.7,0.0,MPPT Charging,27,28,0,0,8363
2026-08-23T23:11:01.135140,0,13.0,0.0,79,12.7,0.0,MPPT Charging,27,29,0,0,8363
2026-08-23T23:11:03.474713,0,13.0,0.0,79,12.7,0.0,MPPT Charging,27,29,0,0,8363
2026-08-23T23:11:05.189096,0,13.0,0.0,79,12.7,0.0,MPPT Charging,27,29,0,0,8363
2026-08-23T23:11:07.256400,0,13.0,0.0,79,12.7,0.0,MPPT Charging,27,29,0,0,8363
2026-08-23T23:11:09.059301,0,13.0,0.0,78,12.7,0.0,MPPT Charging,27,29,0,0,8363
2026-08-23T23:11:11.127331,0,13.0,0.0,78,12.7,0.0,MPPT Charging,27,29,0,0,8363
2026-08-23T23:11:13.330221,0,13.0,0.0,78,12.7,0.0,MPPT Charging,27,29,0,0,8363
2026-08-23T23:11:15.219337,0,13.0,0.0,79,12.7,0.0,MPPT Charging,27,29,0,0,8363
2026-08-23T23:11:17.019803,0,13.0,0.0,79,12.7,0.0,MPPT Charging,27,29,0,0,8363
2026-08-23T23:11:19.809213,0,13.0,0.0,79,12.7,0.0,MPPT Charging,27,29,0,0,8363
2026-08-23T23:11:22.018662,0,13.0,0.0,79,12.7,0.0,MPPT Charging,27,29,0,0,8363
2026-08-23T23:11:23.274762,0,13.0,0.0,79,12.7,0.0,MPPT Charging,27,29,0,0,8363
2026-08-23T23:11:25.030286,0,13.0,0.0,79,12.7,0.0,MPPT Charging,27,29,0,0,8363
2026-08-23T23:11:27.144468,0,13.0,0.0,79,12.7,0.0,MPPT Charging,27,29,0,0,8363
2026-08-23T23:11:29.349990,0,13.0,0.0,79,12.7,0.0,MPPT Charging,27,29,0,0,8363
2026-08-23T23:11:31.105159,0,13.0,0.0,79,12.7,0.0,MPPT Charging,27,29,0,0,8363
2026-08-23T23:11:33.311416,0,13.0,0.0,79,12.7,0.0,MPPT Charging,27,29,0,0,8363
2026-08-23T23:11:35.199977,0,13.0,0.0,79,12.7,0.0,MPPT Charging,27,29,0,0,8363
2026-08-23T23:11:37.359760,0,13.0,0.0,79,12.7,0.0,MPPT Charging,27,28,0,0,8363
2026-08-23T23:11:39.160929,0,13.0,0.0,79,12.7,0.0,MPPT Charging,27,29,0,0,8363
2026-08-23T23:11:41.095190,0,13.0,0.0,79,12.7,0.0,MPPT Charging,27,29,0,0,8363
2026-08-23T23:11:43.166973,0,13.0,0.0,79,12.7,0.0,MPPT Charging,27,29,0,0,8363
2026-08-23T23:11:45.145740,0,13.0,0.0,79,12.7,0.0,MPPT Charging,27,29,0,0,8363
2026-08-23T23:11:47.079300,0,13.0,0.0,79,12.7,0.0,MPPT Charging,28,29,0,0,8363
2026-08-23T23:11:49.015807,0,13.0,0.0,79,12.7,0.0,MPPT Charging,27,28,0,0,8363
2026-08-23T23:11:51.580934,0,13.0,0.0,79,12.7,0.0,MPPT Charging,27,29,0,0,8363
2026-08-23T23:11:53.110480,0,13.0,0.0,79,12.7,0.0,MPPT Charging,27,29,0,0,8363
2026-08-23T23:11:55.044806,0,13.0,0.0,79,12.7,0.0,MPPT Charging,27,29,0,0,8363
2026-08-23T23:11:57.205440,0,13.0,0.0,79,12.7,0.0,MPPT Charging,27,29,0,0,8363
2026-08-23T23:11:59.094232,0,13.0,0.0,79,12.7,0.0,MPPT Charging,27,29,0,0,8363
2026-08-23T23:12:00.985464,0,13.0,0.0,79,12.7,0.0,MPPT Charging,27,29,0,0,8363
2026-08-23T23:12:03.011763,0,13.0,0.0,79,12.7,0.0,MPPT Charging,27,29,0,0,8363
2026-08-23T23:12:05.215189,0,13.0,0.0,79,12.7,0.0,MPPT Charging,27,29,0,0,8363
2026-08-23T23:12:07.285634,0,13.0,0.0,79,12.7,0.0,MPPT Charging,27,29,0,0,8363
2026-08-23T23:12:09.130453,0,13.0,0.0,79,12.7,0.0,MPPT Charging,27,29,0,0,8363
2026-08-23T23:12:11.064484,0,13.0,0.0,79,12.7,0.0,MPPT Charging,27,29,0,0,8363
2026-08-23T23:12:13.090862,0,13.0,0.0,79,12.7,0.0,MPPT Charging,27,29,0,0,8363
2026-08-23T23:12:15.204435,0,13.0,0.0,79,12.7,0.0,MPPT Charging,27,29,0,0,8363
2026-08-23T23:12:17.455327,0,13.0,0.0,79,12.7,0.0,MPPT Charging,27,29,0,0,8363
2026-08-23T23:12:19.030845,0,13.0,0.0,78,12.7,0.0,MPPT Charging,27,29,0,0,8363
2026-08-23T23:12:21.056457,0,13.0,0.0,78,12.7,0.0,MPPT Charging,27,29,0,0,8363
2026-08-23T23:12:23.081737,0,13.0,0.0,78,12.7,0.0,MPPT Charging,27,29,0,0,8363
2026-08-23T23:12:25.108011,0,13.0,0.0,79,12.7,0.0,MPPT Charging,27,29,0,0,8363
2026-08-23T23:12:27.309514,0,13.0,0.0,79,12.7,0.0,MPPT Charging,27,29,0,0,8363
2026-08-23T23:12:29.157882,0,13.0,0.0,79,12.7,0.0,MPPT Charging,27,29,0,0,8363
2026-08-23T23:12:31.044994,0,13.0,0.0,79,12.7,0.0,MPPT Charging,27,29,0,0,8363
2026-08-23T23:12:32.980291,0,13.0,0.0,79,12.7,0.0,MPPT Charging,27,29,0,0,8363
2026-08-23T23:12:35.185469,0,13.0,0.0,79,12.7,0.0,MPPT Charging,27,29,0,0,8363
2026-08-23T23:12:37.165243,0,13.0,0.0,79,12.7,0.0,MPPT Charging,27,29,0,0,8363
2026-08-23T23:12:39.055210,0,13.0,0.0,79,12.7,0.0,MPPT Charging,27,28,0,0,8363
2026-08-23T23:12:41.079959,0,13.0,0.0,79,12.7,0.0,MPPT Charging,27,29,0,0,8363
2026-08-23T23:12:42.972354,0,13.0,0.0,79,12.7,0.0,MPPT Charging,27,29,0,0,8363
2026-08-23T23:12:45.310299,0,13.0,0.0,78,12.7,0.0,MPPT Charging,27,29,0,0,8363
2026-08-23T23:12:47.289241,0,13.0,0.0,78,12.7,0.0,MPPT Charging,27,29,0,0,8363
2026-08-23T23:12:49.136732,0,13.0,0.0,78,12.7,0.0,MPPT Charging,27,29,0,0,8363
2026-08-23T23:12:51.069131,0,13.0,0.0,78,12.7,0.0,MPPT Charging,27,29,0,0,8363
2026-08-23T23:12:53.050705,0,13.0,0.0,78,12.7,0.0,MPPT Charging,27,29,0,0,8363
2026-08-23T23:12:55.300012,0,13.0,0.0,79,12.7,0.0,MPPT Charging,27,29,0,0,8363
2026-08-23T23:12:57.279649,0,13.0,0.0,79,12.7,0.0,MPPT Charging,27,29,0,0,8363
2026-08-23T23:12:59.036254,0,13.0,0.0,79,12.7,0.0,MPPT Charging,27,29,0,0,8363
2026-08-23T23:13:01.060182,0,13.0,0.0,79,12.7,0.0,MPPT Charging,28,29,0,0,8363
2026-08-23T23:13:03.357695,0,13.0,0.0,79,12.7,0.0,MPPT Charging,27,28,0,0,8363
2026-08-23T23:13:05.203320,0,13.0,0.0,79,12.7,0.0,MPPT Charging,27,29,0,0,8363
2026-08-23T23:13:07.631593,0,13.0,0.0,79,12.7,0.0,MPPT Charging,27,28,0,0,8363
2026-08-23T23:13:09.114262,0,13.0,0.0,79,12.7,0.0,MPPT Charging,27,29,0,0,8363
2026-08-23T23:13:11.006328,0,13.0,0.0,79,12.7,0.0,MPPT Charging,27,29,0,0,8363
2026-08-23T23:13:13.166322,0,13.0,0.0,79,12.7,0.0,MPPT Charging,27,28,0,0,8363
2026-08-23T23:13:15.010219,0,13.0,0.0,79,12.7,0.0,MPPT Charging,27,28,0,0,8363
2026-08-23T23:13:17.079320,0,13.0,0.0,79,12.7,0.0,MPPT Charging,27,29,0,0,8363
2026-08-23T23:13:19.016238,0,13.0,0.0,79,12.7,0.0,MPPT Charging,27,29,0,0,8363
2026-08-23T23:13:20.995261,0,13.0,0.0,79,12.7,0.0,MPPT Charging,27,29,0,0,8363
2026-08-23T23:13:23.064248,0,13.0,0.0,79,12.7,0.0,MPPT Charging,27,29,0,0,8363
2026-08-23T23:13:25.179997,0,13.0,0.0,79,12.7,0.0,MPPT Charging,27,29,0,0,8363
2026-08-23T23:13:27.160413,0,13.0,0.0,79,12.7,0.0,MPPT Charging,28,29,0,0,8363
2026-08-23T23:13:29.049523,0,13.0,0.0,79,12.7,0.0,MPPT Charging,27,29,0,0,8363
2026-08-23T23:13:30.986912,0,13.0,0.0,79,12.7,0.0,MPPT Charging,27,28,0,0,8363
2026-08-23T23:13:33.595533,0,13.0,0.0,79,12.7,0.0,MPPT Charging,27,28,0,0,8363
2026-08-23T23:13:35.260250,0,13.0,0.0,79,12.7,0.0,MPPT Charging,27,29,0,0,8363
2026-08-23T23:13:37.286849,0,13.0,0.0,79,12.7,0.0,MPPT Charging,27,29,0,0,8363
2026-08-23T23:13:39.042591,0,13.0,0.0,78,12.7,0.0,MPPT Charging,27,29,0,0,8363
2026-08-23T23:13:41.157722,0,13.0,0.0,78,12.7,0.0,MPPT Charging,27,29,0,0,8363
2026-08-23T23:13:43.135328,0,13.0,0.0,78,12.7,0.0,MPPT Charging,27,28,0,0,8363
2026-08-23T23:13:45.295487,0,13.0,0.0,79,12.7,0.0,MPPT Charging,27,29,0,0,8363
2026-08-23T23:13:47.230470,0,13.0,0.0,79,12.7,0.0,MPPT Charging,27,29,0,0,8363
2026-08-23T23:13:48.987335,0,13.0,0.0,79,12.7,0.0,MPPT Charging,28,28,0,0,8363
2026-08-23T23:13:51.235770,0,13.0,0.0,79,12.7,0.0,MPPT Charging,27,29,0,0,8363
2026-08-23T23:13:53.036477,0,13.0,0.0,79,12.7,0.0,MPPT Charging,27,29,0,0,8363
2026-08-23T23:13:55.241074,0,13.0,0.0,78,12.7,0.0,MPPT Charging,28,29,0,0,8363
2026-08-23T23:13:57.224959,0,13.0,0.0,78,12.7,0.0,MPPT Charging,27,29,0,0,8363
2026-08-23T23:13:59.200640,0,13.0,0.0,79,12.7,0.0,MPPT Charging,27,29,0,0,8363
2026-08-23T23:14:01.135524,0,13.0,0.0,79,12.7,0.0,MPPT Charging,27,29,0,0,8363
2026-08-23T23:14:03.160477,0,13.0,0.0,79,12.7,0.0,MPPT Charging,27,29,0,0,8363
2026-08-23T23:14:05.140563,0,13.0,0.0,80,12.7,0.0,MPPT Charging,27,29,0,0,8363
2026-08-23T23:14:07.032655,0,13.0,0.0,80,12.7,0.0,MPPT Charging,27,28,0,0,8363
2026-08-23T23:14:09.013208,0,13.0,0.0,78,12.7,0.0,MPPT Charging,27,29,0,0,8363
2026-08-23T23:14:11.485537,0,13.0,0.0,78,12.7,0.0,MPPT Charging,27,28,0,0,8363
2026-08-23T23:14:13.018753,0,13.0,0.0,78,12.7,0.0,MPPT Charging,27,29,0,0,8363
2026-08-23T23:14:14.996497,0,12.8,0.0,80,12.7,0.0,MPPT Charging,27,29,0,0,8363
2026-08-23T23:14:17.515534,0,12.5,0.0,80,12.7,0.0,MPPT Charging,27,29,0,0,8363
2026-08-23T23:14:19.090631,0,12.5,0.0,79,12.7,0.0,MPPT Charging,27,29,0,0,8363
2026-08-23T23:14:21.071507,0,12.7,0.0,79,12.7,0.0,MPPT Charging,27,29,0,0,8363
2026-08-23T23:14:23.275753,0,13.0,0.0,79,12.7,0.0,MPPT Charging,27,29,0,0,8363
2026-08-23T23:14:25.212902,0,13.0,0.0,79,12.7,0.0,MPPT Charging,27,28,0,0,8363
2026-08-23T23:14:27.145260,0,13.0,0.0,79,12.7,0.0,MPPT Charging,27,29,0,0,8363
2026-08-23T23:14:28.993140,0,13.0,0.0,80,12.7,0.0,MPPT Charging,27,29,0,0,8363
2026-08-23T23:14:31.060987,0,13.0,0.0,80,12.7,0.0,MPPT Charging,27,29,0,0,8363
2026-08-23T23:14:33.043938,0,13.0,0.0,80,12.7,0.0,MPPT Charging,27,29,0,0,8363
2026-08-23T23:14:34.979450,0,13.0,0.0,79,12.7,0.0,MPPT Charging,27,29,0,0,8363
2026-08-23T23:14:37.183376,0,13.0,0.0,79,12.7,0.0,MPPT Charging,27,29,0,0,8363
2026-08-23T23:14:39.342440,0,13.0,0.0,79,12.7,0.0,MPPT Charging,27,29,0,0,8363
2026-08-23T23:14:41.188463,0,13.0,0.0,79,12.7,0.0,MPPT Charging,27,29,0,0,8363
2026-08-23T23:14:43.257455,0,13.0,0.0,79,12.7,0.0,MPPT Charging,27,29,0,0,8363
2026-08-23T23:14:45.101363,0,13.0,0.0,79,12.7,0.0,MPPT Charging,27,29,0,0,8363
2026-08-23T23:14:47.128264,0,13.0,0.0,79,12.7,0.0,MPPT Charging,27,29,0,0,8363
2026-08-23T23:14:48.973705,0,13.0,0.0,78,12.7,0.0,MPPT Charging,27,29,0,0,8363
2026-08-23T23:14:51.045162,0,13.0,0.0,78,12.7,0.0,MPPT Charging,27,29,0,0,8363
2026-08-23T23:14:53.110464,0,13.0,0.0,78,12.7,0.0,MPPT Charging,27,29,0,0,8363
2026-08-23T23:14:55.047900,0,13.0,0.0,79,12.7,0.0,MPPT Charging,27,29,0,0,8363
2026-08-23T23:14:57.161902,0,13.0,0.0,79,12.7,0.0,MPPT Charging,27,29,0,0,8363
2026-08-23T23:14:59.100538,0,13.0,0.0,78,12.7,0.0,MPPT Charging,27,29,0,0,8363
2026-08-23T23:15:01.078435,0,13.0,0.0,78,12.7,0.0,MPPT Charging,27,28,0,0,8363
2026-08-23T23:15:03.102700,0,13.0,0.0,78,12.7,0.0,MPPT Charging,27,29,0,0,8363
2026-08-23T23:15:05.172346,0,13.0,0.0,80,12.7,0.0,MPPT Charging,27,29,0,0,8363
2026-08-23T23:15:07.062866,0,13.0,0.0,80,12.7,0.0,MPPT Charging,28,28,0,0,8363
2026-08-23T23:15:09.000064,0,13.0,0.0,78,12.7,0.0,MPPT Charging,28,29,0,0,8363
2026-08-23T23:15:11.023463,0,13.0,0.0,78,12.7,0.0,MPPT Charging,27,29,0,0,8363
2026-08-23T23:15:13.092616,0,13.0,0.0,78,12.7,0.0,MPPT Charging,27,29,0,0,8363
2026-08-23T23:15:15.207231,0,13.0,0.0,79,12.7,0.0,MPPT Charging,27,28,0,0,8363
2026-08-23T23:15:17.096315,0,13.0,0.0,79,12.7,0.0,MPPT Charging,27,29,0,0,8363
2026-08-23T23:15:19.121724,0,13.0,0.0,79,12.7,0.0,MPPT Charging,27,29,0,0,8363
2026-08-23T23:15:21.151047,0,13.0,0.0,79,12.7,0.0,MPPT Charging,27,29,0,0,8363
2026-08-23T23:15:23.081771,0,13.0,0.0,79,12.7,0.0,MPPT Charging,27,29,0,0,8363
2026-08-23T23:15:25.151355,0,13.0,0.0,79,12.7,0.0,MPPT Charging,27,28,0,0,8363
2026-08-23T23:15:27.267238,0,13.0,0.0,79,12.7,0.0,MPPT Charging,27,29,0,0,8363
2026-08-23T23:15:29.112588,0,13.0,0.0,80,12.7,0.0,MPPT Charging,27,29,0,0,8363
2026-08-23T23:15:31.228059,0,13.0,0.0,80,12.7,0.0,MPPT Charging,27,29,0,0,8363
2026-08-23T23:15:33.205239,0,13.0,0.0,80,12.7,0.0,MPPT Charging,27,29,0,0,8363
2026-08-23T23:15:35.011081,0,13.0,0.0,79,12.7,0.0,MPPT Charging,27,29,0,0,8363
2026-08-23T23:15:37.437583,0,13.0,0.0,79,12.7,0.0,MPPT Charging,27,28,0,0,8363
2026-08-23T23:15:39.283245,0,13.0,0.0,79,12.7,0.0,MPPT Charging,27,28,0,0,8363
2026-08-23T23:15:41.127062,0,13.0,0.0,79,12.7,0.0,MPPT Charging,27,29,0,0,8363
2026-08-23T23:15:43.781534,0,13.0,0.0,79,12.7,0.0,MPPT Charging,27,28,0,0,8363
2026-08-23T23:15:45.625625,0,13.0,0.0,79,12.7,0.0,MPPT Charging,27,29,0,0,8363
2026-08-23T23:15:47.427214,0,13.0,0.0,79,12.7,0.0,MPPT Charging,27,29,0,0,8363
2026-08-23T23:15:49.095334,0,13.0,0.0,78,12.7,0.0,MPPT Charging,27,28,0,0,8363
2026-08-23T23:15:51.119190,0,13.0,0.0,78,12.7,0.0,MPPT Charging,27,29,0,0,8363
2026-08-23T23:15:53.051562,0,13.0,0.0,78,12.7,0.0,MPPT Charging,27,29,0,0,8363
2026-08-23T23:15:54.986597,0,13.0,0.0,79,12.7,0.0,MPPT Charging,27,28,0,0,8363
2026-08-23T23:15:57.102375,0,13.0,0.0,79,12.7,0.0,MPPT Charging,27,29,0,0,8363
2026-08-23T23:15:58.992383,0,13.0,0.0,79,12.7,0.0,MPPT Charging,27,29,0,0,8363
2026-08-23T23:16:01.201626,0,13.0,0.0,79,12.7,0.0,MPPT Charging,27,29,0,0,8363
2026-08-23T23:16:03.041748,0,13.0,0.0,79,12.7,0.0,MPPT Charging,28,29,0,0,8363
2026-08-23T23:16:05.111830,0,13.0,0.0,79,12.7,0.0,MPPT Charging,27,29,0,0,8363
2026-08-23T23:16:07.093620,0,13.0,0.0,79,12.7,0.0,MPPT Charging,28,28,0,0,8363
2026-08-23T23:16:08.984198,0,13.0,0.0,79,12.7,0.0,MPPT Charging,27,29,0,0,8363
2026-08-23T23:16:11.107520,0,13.0,0.0,78,12.7,0.0,MPPT Charging,28,28,0,0,8363
2026-08-23T23:16:13.585190,0,13.0,0.0,78,12.7,0.0,MPPT Charging,27,29,0,0,8363
2026-08-23T23:16:15.015685,0,13.0,0.0,79,12.7,0.0,MPPT Charging,28,29,0,0,8363
2026-08-23T23:16:17.268662,0,13.0,0.0,79,12.7,0.0,MPPT Charging,27,29,0,0,8363
2026-08-23T23:16:19.019702,0,13.0,0.0,79,12.7,0.0,MPPT Charging,27,29,0,0,8363
2026-08-23T23:16:21.495984,0,13.0,0.0,79,12.7,0.0,MPPT Charging,28,29,0,0,8363
2026-08-23T23:16:23.742056,0,13.0,0.0,79,12.7,0.0,MPPT Charging,28,28,0,0,8363
2026-08-23T23:16:25.407740,0,13.0,0.0,78,12.7,0.0,MPPT Charging,27,28,0,0,8363
2026-08-23T23:16:27.211497,0,13.0,0.0,78,12.7,0.0,MPPT Charging,27,28,0,0,8363
2026-08-23T23:16:29.142625,0,13.0,0.0,78,12.7,0.0,MPPT Charging,27,29,0,0,8363
2026-08-23T23:16:31.212534,0,13.0,0.0,79,12.7,0.0,MPPT Charging,27,29,0,0,8363
2026-08-23T23:16:33.192309,0,13.0,0.0,79,12.7,0.0,MPPT Charging,27,29,0,0,8363
2026-08-23T23:16:35.533093,0,13.0,0.0,79,12.7,0.0,MPPT Charging,28,29,0,0,8363
2026-08-23T23:16:37.107314,0,13.0,0.0,79,12.7,0.0,MPPT Charging,28,29,0,0,8363
2026-08-23T23:16:39.044017,0,13.0,0.0,79,12.7,0.0,MPPT Charging,27,29,0,0,8363
2026-08-23T23:16:41.204835,0,13.0,0.0,79,12.7,0.0,MPPT Charging,28,29,0,0,8363
2026-08-23T23:16:43.231288,0,13.0,0.0,79,12.7,0.0,MPPT Charging,28,28,0,0,8363
2026-08-23T23:16:44.981665,0,13.0,0.0,79,12.7,0.0,MPPT Charging,27,29,0,0,8363
2026-08-23T23:16:47.006711,0,13.0,0.0,79,12.7,0.0,MPPT Charging,28,29,0,0,8363
2026-08-23T23:16:49.392031,0,13.0,0.0,79,12.7,0.0,MPPT Charging,28,28,0,0,8363
2026-08-23T23:16:51.014034,0,13.0,0.0,79,12.7,0.0,MPPT Charging,28,29,0,0,8363
2026-08-23T23:16:53.036531,0,13.0,0.0,79,12.7,0.0,MPPT Charging,27,29,0,0,8363
2026-08-23T23:16:55.108231,0,13.0,0.0,78,12.7,0.0,MPPT Charging,28,29,0,0,8363
2026-08-23T23:16:57.177815,0,13.0,0.0,78,12.7,0.0,MPPT Charging,28,28,0,0,8363
2026-08-23T23:16:59.068902,0,13.0,0.0,78,12.7,0.0,MPPT Charging,27,29,0,0,8363
2026-08-23T23:17:01.143646,0,13.0,0.0,79,12.7,0.0,MPPT Charging,27,28,0,0,8363
2026-08-23T23:17:03.072309,0,13.0,0.0,79,12.7,0.0,MPPT Charging,27,29,0,0,8363
2026-08-23T23:17:05.327189,0,13.0,0.0,79,12.7,0.0,MPPT Charging,28,29,0,0,8363
2026-08-23T23:17:07.212612,0,13.0,0.0,79,12.7,0.0,MPPT Charging,27,29,0,0,8363
2026-08-23T23:17:09.014919,0,13.0,0.0,79,12.7,0.0,MPPT Charging,27,28,0,0,8363
2026-08-23T23:17:11.038369,0,13.0,0.0,79,12.7,0.0,MPPT Charging,28,29,0,0,8363
2026-08-23T23:17:13.198112,0,13.0,0.0,79,12.7,0.0,MPPT Charging,28,29,0,0,8363
2026-08-23T23:17:14.999244,0,13.0,0.0,80,12.7,0.0,MPPT Charging,28,29,0,0,8363
2026-08-23T23:17:17.202965,0,13.0,0.0,80,12.7,0.0,MPPT Charging,27,29,0,0,8363
2026-08-23T23:17:19.227137,0,13.0,0.0,80,12.7,0.0,MPPT Charging,28,28,0,0,8363
2026-08-23T23:17:21.027146,0,13.0,0.0,79,12.7,0.0,MPPT Charging,27,29,0,0,8363
2026-08-23T23:17:23.103729,0,13.0,0.0,79,12.7,0.0,MPPT Charging,28,29,0,0,8363
2026-08-23T23:17:25.032252,0,13.0,0.0,79,12.7,0.0,MPPT Charging,27,29,0,0,8363
2026-08-23T23:17:27.192485,0,13.0,0.0,79,12.7,0.0,MPPT Charging,28,29,0,0,8363
2026-08-23T23:17:29.217848,0,13.0,0.0,79,12.7,0.0,MPPT Charging,27,29,0,0,8363
2026-08-23T23:17:31.159419,0,13.0,0.0,79,12.7,0.0,MPPT Charging,28,29,0,0,8363
2026-08-23T23:17:32.999273,0,13.0,0.0,79,12.7,0.0,MPPT Charging,28,29,0,0,8363
2026-08-23T23:17:35.337092,0,13.0,0.0,79,12.7,0.0,MPPT Charging,27,28,0,0,8363
2026-08-23T23:17:37.095813,0,13.0,0.0,79,12.7,0.0,MPPT Charging,27,29,0,0,8363
2026-08-23T23:17:39.116849,0,13.0,0.0,79,12.7,0.0,MPPT Charging,28,29,0,0,8363
2026-08-23T23:17:41.143038,0,13.0,0.0,79,12.7,0.0,MPPT Charging,27,29,0,0,8363
2026-08-23T23:17:43.170006,0,13.0,0.0,79,12.7,0.0,MPPT Charging,28,29,0,0,8363
2026-08-23T23:17:45.016828,0,13.0,0.0,79,12.7,0.0,MPPT Charging,28,29,0,0,8363
2026-08-23T23:17:46.993866,0,13.0,0.0,79,12.7,0.0,MPPT Charging,27,29,0,0,8363
2026-08-23T23:17:48.975453,0,13.0,0.0,79,12.7,0.0,MPPT Charging,28,29,0,0,8363
2026-08-23T23:17:51.222219,0,13.0,0.0,79,12.7,0.0,MPPT Charging,27,29,0,0,8363
2026-08-23T23:17:53.066876,0,13.0,0.0,79,12.7,0.0,MPPT Charging,28,29,0,0,8363
2026-08-23T23:17:55.047286,0,13.0,0.0,79,12.7,0.0,MPPT Charging,27,29,0,0,8363
2026-08-23T23:17:57.030323,0,13.0,0.0,79,12.7,0.0,MPPT Charging,28,28,0,0,8363
2026-08-23T23:17:59.009042,0,13.0,0.0,79,12.7,0.0,MPPT Charging,27,28,0,0,8363
2026-08-23T23:18:01.259659,0,13.0,0.0,78,12.7,0.0,MPPT Charging,28,29,0,0,8363
2026-08-23T23:18:03.419166,0,13.0,0.0,78,12.7,0.0,MPPT Charging,28,29,0,0,8363
2026-08-23T23:18:05.447519,0,13.0,0.0,79,12.7,0.0,MPPT Charging,28,29,0,0,8363
2026-08-23T23:18:07.331744,0,13.0,0.0,79,12.7,0.0,MPPT Charging,27,28,0,0,8363
2026-08-23T23:18:08.999552,0,13.0,0.0,79,12.7,0.0,MPPT Charging,28,29,0,0,8363
2026-08-23T23:18:11.111431,0,13.0,0.0,78,12.7,0.0,MPPT Charging,27,29,0,0,8363
2026-08-23T23:18:13.589018,0,13.0,0.0,78,12.7,0.0,MPPT Charging,28,29,0,0,8363
2026-08-23T23:18:15.030828,0,13.0,0.0,78,12.7,0.0,MPPT Charging,28,29,0,0,8363
2026-08-23T23:18:17.190010,0,13.0,0.0,78,12.7,0.0,MPPT Charging,28,29,0,0,8363
2026-08-23T23:18:19.392868,0,13.0,0.0,78,12.7,0.0,MPPT Charging,28,29,0,0,8363
2026-08-23T23:18:21.237004,0,13.0,0.0,78,12.7,0.0,MPPT Charging,27,28,0,0,8363
2026-08-23T23:18:22.999284,0,13.0,0.0,78,12.7,0.0,MPPT Charging,27,29,0,0,8363
2026-08-23T23:18:25.061760,0,13.0,0.0,78,12.7,0.0,MPPT Charging,28,29,0,0,8363
2026-08-23T23:18:27.582902,0,13.0,0.0,78,12.7,0.0,MPPT Charging,28,28,0,0,8363
2026-08-23T23:18:29.111654,0,13.0,0.0,78,12.7,0.0,MPPT Charging,28,29,0,0,8363
2026-08-23T23:18:31.361905,0,13.0,0.0,79,12.7,0.0,MPPT Charging,28,29,0,0,8363
2026-08-23T23:18:33.119208,0,13.0,0.0,79,12.7,0.0,MPPT Charging,27,29,0,0,8363
2026-08-23T23:18:35.011151,0,13.0,0.0,78,12.7,0.0,MPPT Charging,28,28,0,0,8363
2026-08-23T23:18:37.123001,0,13.0,0.0,78,12.7,0.0,MPPT Charging,28,29,0,0,8363
2026-08-23T23:18:38.970338,0,13.0,0.0,78,12.7,0.0,MPPT Charging,28,29,0,0,8363
2026-08-23T23:18:41.083757,0,13.0,0.0,79,12.7,0.0,MPPT Charging,27,29,0,0,8363
2026-08-23T23:18:42.972733,0,13.0,0.0,79,12.7,0.0,MPPT Charging,27,29,0,0,8363
2026-08-23T23:18:45.134653,0,13.0,0.0,78,12.7,0.0,MPPT Charging,27,29,0,0,8363
2026-08-23T23:18:47.202420,0,13.0,0.0,78,12.7,0.0,MPPT Charging,27,29,0,0,8363
2026-08-23T23:18:49.137881,0,13.0,0.0,78,12.7,0.0,MPPT Charging,28,29,0,0,8363
2026-08-23T23:18:51.119009,0,13.0,0.0,79,12.7,0.0,MPPT Charging,27,29,0,0,8363
2026-08-23T23:18:53.592839,0,13.0,0.0,79,12.7,0.0,MPPT Charging,28,29,0,0,8363
2026-08-23T23:18:55.347840,0,13.0,0.0,79,12.7,0.0,MPPT Charging,27,29,0,0,8363
2026-08-23T23:18:56.971329,0,13.0,0.0,79,12.7,0.0,MPPT Charging,27,29,0,0,8363
2026-08-23T23:18:59.175941,0,13.0,0.0,79,12.7,0.0,MPPT Charging,28,29,0,0,8363
2026-08-23T23:19:01.021703,0,13.0,0.0,79,12.7,0.0,MPPT Charging,28,29,0,0,8363
2026-08-23T23:19:03.179429,0,13.0,0.0,79,12.7,0.0,MPPT Charging,28,29,0,0,8363
2026-08-23T23:19:05.114745,0,13.0,0.0,79,12.7,0.0,MPPT Charging,28,29,0,0,8363
2026-08-23T23:19:07.408350,0,13.0,0.0,79,12.7,0.0,MPPT Charging,27,29,0,0,8363
2026-08-23T23:19:09.166421,0,13.0,0.0,79,12.7,0.0,MPPT Charging,27,29,0,0,8363
2026-08-23T23:19:11.146155,0,13.0,0.0,80,12.7,0.0,MPPT Charging,28,29,0,0,8363
2026-08-23T23:19:13.123390,0,13.0,0.0,80,12.7,0.0,MPPT Charging,28,28,0,0,8363
2026-08-23T23:19:15.103435,0,13.0,0.0,78,12.7,0.0,MPPT Charging,28,28,0,0,8363
2026-08-23T23:19:17.037951,0,13.0,0.0,78,12.7,0.0,MPPT Charging,27,29,0,0,8363
2026-08-23T23:19:19.067886,0,13.0,0.0,78,12.7,0.0,MPPT Charging,27,28,0,0,8363
2026-08-23T23:19:21.225320,0,13.0,0.0,79,12.7,0.0,MPPT Charging,27,29,0,0,8363
2026-08-23T23:19:22.978833,0,12.8,0.0,79,12.7,0.0,MPPT Charging,28,29,0,0,8363
2026-08-23T23:19:25.092821,0,12.5,0.0,79,12.7,0.0,MPPT Charging,28,29,0,0,8363
2026-08-23T23:19:27.028275,0,12.5,0.0,79,12.7,0.0,MPPT Charging,28,28,0,0,8363
2026-08-23T23:19:29.195517,0,12.5,0.0,79,12.7,0.0,MPPT Charging,28,29,0,0,8363
2026-08-23T23:19:31.169499,0,12.9,0.0,79,12.7,0.0,MPPT Charging,28,29,0,0,8363
2026-08-23T23:19:33.013390,0,13.0,0.0,79,12.7,0.0,MPPT Charging,28,29,0,0,8363
2026-08-23T23:19:35.084067,0,13.0,0.0,79,12.7,0.0,MPPT Charging,28,29,0,0,8363
2026-08-23T23:19:37.020041,0,13.0,0.0,79,12.7,0.0,MPPT Charging,27,29,0,0,8363
2026-08-23T23:19:39.089189,0,13.0,0.0,79,12.7,0.0,MPPT Charging,28,29,0,0,8363
2026-08-23T23:19:41.068191,0,13.0,0.0,79,12.7,0.0,MPPT Charging,27,28,0,0,8363
2026-08-23T23:19:44.221251,0,13.0,0.0,79,12.7,0.0,MPPT Charging,28,29,0,0,8363
2026-08-23T23:19:45.075684,0,13.0,0.0,79,12.7,0.0,MPPT Charging,27,29,0,0,8363
2026-08-23T23:19:47.548149,0,13.0,0.0,79,12.7,0.0,MPPT Charging,28,29,0,0,8363
2026-08-23T23:19:49.483386,0,13.0,0.0,79,12.7,0.0,MPPT Charging,27,29,0,0,8363
2026-08-23T23:19:51.104119,0,13.0,0.0,79,12.7,0.0,MPPT Charging,27,29,0,0,8363
2026-08-23T23:19:53.089396,0,13.0,0.0,79,12.7,0.0,MPPT Charging,27,28,0,0,8363
2026-08-23T23:19:55.155360,0,13.0,0.0,79,12.7,0.0,MPPT Charging,27,29,0,0,8363
2026-08-23T23:19:57.222914,0,13.0,0.0,79,12.7,0.0,MPPT Charging,28,29,0,0,8363
2026-08-23T23:19:59.069303,0,13.0,0.0,79,12.7,0.0,MPPT Charging,28,28,0,0,8363
2026-08-23T23:20:01.095198,0,13.0,0.0,79,12.7,0.0,MPPT Charging,27,29,0,0,8363
2026-08-23T23:20:03.432930,0,13.0,0.0,79,12.7,0.0,MPPT Charging,27,28,0,0,8363
2026-08-23T23:20:05.054273,0,13.0,0.0,79,12.7,0.0,MPPT Charging,28,29,0,0,8363
2026-08-23T23:20:07.081196,0,13.0,0.0,79,12.7,0.0,MPPT Charging,27,29,0,0,8363
2026-08-23T23:20:09.195346,0,13.0,0.0,79,12.7,0.0,MPPT Charging,28,29,0,0,8363
2026-08-23T23:20:10.996421,0,13.0,0.0,79,12.7,0.0,MPPT Charging,27,28,0,0,8363
2026-08-23T23:20:13.108576,0,13.0,0.0,79,12.7,0.0,MPPT Charging,28,29,0,0,8363
2026-08-23T23:20:15.178216,0,13.0,0.0,80,12.7,0.0,MPPT Charging,28,28,0,0,8363
2026-08-23T23:20:17.660341,0,13.0,0.0,80,12.7,0.0,MPPT Charging,28,29,0,0,8363
2026-08-23T23:20:19.143174,0,13.0,0.0,80,12.7,0.0,MPPT Charging,28,28,0,0,8363
2026-08-23T23:20:20.985144,0,13.0,0.0,79,12.7,0.0,MPPT Charging,28,29,0,0,8363
2026-08-23T23:20:23.142659,0,13.0,0.0,79,12.7,0.0,MPPT Charging,27,29,0,0,8363
2026-08-23T23:20:25.167895,0,13.0,0.0,79,12.7,0.0,MPPT Charging,28,28,0,0,8363
2026-08-23T23:20:27.732945,0,13.0,0.0,79,12.7,0.0,MPPT Charging,27,29,0,0,8363
2026-08-23T23:20:29.040287,0,13.0,0.0,79,12.7,0.0,MPPT Charging,28,29,0,0,8363
2026-08-23T23:20:30.976942,0,13.0,0.0,79,12.7,0.0,MPPT Charging,28,29,0,0,8363
2026-08-23T23:20:33.224297,0,13.0,0.0,79,12.7,0.0,MPPT Charging,27,28,0,0,8363
2026-08-23T23:20:35.248894,0,13.0,0.0,79,12.7,0.0,MPPT Charging,27,29,0,0,8363
2026-08-23T23:20:37.049217,0,13.0,0.0,79,12.7,0.0,MPPT Charging,28,29,0,0,8363
2026-08-23T23:20:39.121438,0,13.0,0.0,79,12.7,0.0,MPPT Charging,28,28,0,0,8363
2026-08-23T23:20:41.142755,0,13.0,0.0,79,12.7,0.0,MPPT Charging,28,28,0,0,8363
2026-08-23T23:20:42.992166,0,13.0,0.0,79,12.7,0.0,MPPT Charging,27,29,0,0,8363
2026-08-23T23:20:45.335441,0,13.0,0.0,78,12.7,0.0,MPPT Charging,28,29,0,0,8363
2026-08-23T23:20:47.127932,0,13.0,0.0,78,12.7,0.0,MPPT Charging,27,29,0,0,8363
2026-08-23T23:20:49.024057,0,13.0,0.0,78,12.7,0.0,MPPT Charging,27,29,0,0,8363
2026-08-23T23:20:51.087740,0,13.0,0.0,79,12.7,0.0,MPPT Charging,28,29,0,0,8363
2026-08-23T23:20:53.069285,0,13.0,0.0,79,12.7,0.0,MPPT Charging,27,29,0,0,8363
2026-08-23T23:20:55.143168,0,13.0,0.0,79,12.7,0.0,MPPT Charging,28,29,0,0,8363
2026-08-23T23:20:57.126045,0,13.0,0.0,79,12.7,0.0,MPPT Charging,28,29,0,0,8363
2026-08-23T23:20:59.099501,0,13.0,0.0,79,12.7,0.0,MPPT Charging,28,28,0,0,8363
2026-08-23T23:21:01.123495,0,13.0,0.0,79,12.7,0.0,MPPT Charging,28,29,0,0,8363
2026-08-23T23:21:03.194045,0,13.0,0.0,79,12.7,0.0,MPPT Charging,28,29,0,0,8363
2026-08-23T23:21:05.132826,0,13.0,0.0,79,12.7,0.0,MPPT Charging,28,29,0,0,8363
2026-08-23T23:21:07.378718,0,13.0,0.0,79,12.7,0.0,MPPT Charging,28,29,0,0,8363
2026-08-23T23:21:09.183359,0,13.0,0.0,79,12.7,0.0,MPPT Charging,28,28,0,0,8363
2026-08-23T23:21:11.430405,0,13.0,0.0,79,12.7,0.0,MPPT Charging,28,28,0,0,8363
2026-08-23T23:21:13.095252,0,13.0,0.0,79,12.7,0.0,MPPT Charging,28,29,0,0,8363
2026-08-23T23:21:15.119361,0,13.0,0.0,79,12.7,0.0,MPPT Charging,27,29,0,0,8363
2026-08-23T23:21:17.279862,0,13.0,0.0,79,12.7,0.0,MPPT Charging,27,29,0,0,8363
2026-08-23T23:21:19.440387,0,13.0,0.0,79,12.7,0.0,MPPT Charging,28,28,0,0,8363
2026-08-23T23:21:21.151571,0,13.0,0.0,79,12.7,0.0,MPPT Charging,27,29,0,0,8363
2026-08-23T23:21:23.041095,0,13.0,0.0,79,12.7,0.0,MPPT Charging,28,28,0,0,8363
2026-08-23T23:21:25.110271,0,13.0,0.0,79,12.7,0.0,MPPT Charging,28,29,0,0,8363
2026-08-23T23:21:27.178830,0,13.0,0.0,79,12.7,0.0,MPPT Charging,28,29,0,0,8363
2026-08-23T23:21:29.074295,0,13.0,0.0,79,12.7,0.0,MPPT Charging,27,29,0,0,8363
2026-08-23T23:21:31.005340,0,13.0,0.0,79,12.7,0.0,MPPT Charging,28,29,0,0,8363
2026-08-23T23:21:33.179220,0,13.0,0.0,79,12.7,0.0,MPPT Charging,28,29,0,0,8363
2026-08-23T23:21:35.325606,0,13.0,0.0,79,12.7,0.0,MPPT Charging,28,29,0,0,8363
2026-08-23T23:21:37.079262,0,13.0,0.0,79,12.7,0.0,MPPT Charging,28,28,0,0,8363
2026-08-23T23:21:39.194431,0,13.0,0.0,79,12.7,0.0,MPPT Charging,28,28,0,0,8363
2026-08-23T23:21:40.994398,0,13.0,0.0,78,12.7,0.0,MPPT Charging,28,29,0,0,8363
2026-08-23T23:21:42.974342,0,13.0,0.0,78,12.7,0.0,MPPT Charging,27,29,0,0,8363
2026-08-23T23:21:45.090405,0,13.0,0.0,79,12.7,0.0,MPPT Charging,27,29,0,0,8363
2026-08-23T23:21:46.980714,0,13.0,0.0,79,12.7,0.0,MPPT Charging,28,29,0,0,8363
2026-08-23T23:21:49.726296,0,13.0,0.0,79,12.7,0.0,MPPT Charging,28,29,0,0,8363
2026-08-23T23:21:51.077327,0,13.0,0.0,79,12.7,0.0,MPPT Charging,28,29,0,0,8363
2026-08-23T23:21:53.145847,0,13.0,0.0,79,12.7,0.0,MPPT Charging,28,29,0,0,8363
2026-08-23T23:21:55.083277,0,13.0,0.0,79,12.7,0.0,MPPT Charging,28,29,0,0,8363
2026-08-23T23:21:57.059445,0,13.0,0.0,78,12.7,0.0,MPPT Charging,28,29,0,0,8363
2026-08-23T23:21:59.399375,0,13.0,0.0,78,12.7,0.0,MPPT Charging,28,28,0,0,8363
2026-08-23T23:22:01.158405,0,13.0,0.0,79,12.7,0.0,MPPT Charging,28,29,0,0,8363
2026-08-23T23:22:03.044839,0,13.0,0.0,79,12.7,0.0,MPPT Charging,27,29,0,0,8363
2026-08-23T23:22:05.073016,0,13.0,0.0,79,12.7,0.0,MPPT Charging,27,29,0,0,8363
2026-08-23T23:22:07.048990,0,13.0,0.0,78,12.7,0.0,MPPT Charging,28,29,0,0,8363
2026-08-23T23:22:09.208994,0,13.0,0.0,78,12.7,0.0,MPPT Charging,28,29,0,0,8363
2026-08-23T23:22:11.063580,0,13.0,0.0,79,12.7,0.0,MPPT Charging,28,28,0,0,8363
2026-08-23T23:22:13.124606,0,13.0,0.0,79,12.7,0.0,MPPT Charging,28,29,0,0,8363
2026-08-23T23:22:15.059051,0,13.0,0.0,79,12.7,0.0,MPPT Charging,28,29,0,0,8363
2026-08-23T23:22:16.994269,0,13.0,0.0,79,12.7,0.0,MPPT Charging,27,28,0,0,8363
2026-08-23T23:22:19.379387,0,13.0,0.0,79,12.7,0.0,MPPT Charging,28,28,0,0,8363
2026-08-23T23:22:21.270508,0,13.0,0.0,79,12.7,0.0,MPPT Charging,28,29,0,0,8363
2026-08-23T23:22:23.070075,0,13.0,0.0,79,12.7,0.0,MPPT Charging,28,29,0,0,8363
2026-08-23T23:22:25.185626,0,13.0,0.0,79,12.7,0.0,MPPT Charging,28,28,0,0,8363
2026-08-23T23:22:26.987123,0,13.0,0.0,79,12.7,0.0,MPPT Charging,27,29,0,0,8363
2026-08-23T23:22:29.103093,0,13.0,0.0,79,12.7,0.0,MPPT Charging,28,29,0,0,8363
2026-08-23T23:22:31.035874,0,13.0,0.0,79,12.7,0.0,MPPT Charging,28,29,0,0,8363
2026-08-23T23:22:33.015013,0,13.0,0.0,79,12.7,0.0,MPPT Charging,27,28,0,0,8363
2026-08-23T23:22:35.173691,0,13.0,0.0,79,12.7,0.0,MPPT Charging,28,29,0,0,8363
2026-08-23T23:22:37.381468,0,13.0,0.0,79,12.7,0.0,MPPT Charging,28,29,0,0,8363
2026-08-23T23:22:39.362952,0,13.0,0.0,79,12.7,0.0,MPPT Charging,28,29,0,0,8363
2026-08-23T23:22:41.340734,0,13.0,0.0,79,12.7,0.0,MPPT Charging,28,28,0,0,8363
2026-08-23T23:22:43.231301,0,13.0,0.0,79,12.7,0.0,MPPT Charging,27,29,0,0,8363
2026-08-23T23:22:45.163836,0,13.0,0.0,79,12.7,0.0,MPPT Charging,27,29,0,0,8363
2026-08-23T23:22:47.414291,0,13.0,0.0,79,12.7,0.0,MPPT Charging,28,28,0,0,8363
2026-08-23T23:22:49.038191,0,13.0,0.0,79,12.7,0.0,MPPT Charging,27,29,0,0,8363
2026-08-23T23:22:51.378217,0,13.0,0.0,79,12.7,0.0,MPPT Charging,28,29,0,0,8363
2026-08-23T23:22:53.041740,0,13.0,0.0,79,12.7,0.0,MPPT Charging,28,29,0,0,8363
2026-08-23T23:22:55.154602,0,13.0,0.0,79,12.7,0.0,MPPT Charging,28,29,0,0,8363
2026-08-23T23:22:57.044731,0,13.0,0.0,79,12.7,0.0,MPPT Charging,28,29,0,0,8363
2026-08-23T23:22:59.655101,0,13.0,0.0,79,12.7,0.0,MPPT Charging,28,28,0,0,8363
2026-08-23T23:23:01.231160,0,13.0,0.0,79,12.7,0.0,MPPT Charging,28,28,0,0,8363
2026-08-23T23:23:03.164937,0,13.0,0.0,79,12.7,0.0,MPPT Charging,27,28,0,0,8363
2026-08-23T23:23:05.012203,0,13.0,0.0,79,12.7,0.0,MPPT Charging,28,29,0,0,8363
2026-08-23T23:23:07.083579,0,13.0,0.0,78,12.7,0.0,MPPT Charging,28,29,0,0,8363
2026-08-23T23:23:09.019924,0,13.0,0.0,78,12.7,0.0,MPPT Charging,28,29,0,0,8363
2026-08-23T23:23:11.177646,0,13.0,0.0,79,12.7,0.0,MPPT Charging,27,29,0,0,8363
2026-08-23T23:23:13.202504,0,13.0,0.0,79,12.7,0.0,MPPT Charging,27,29,0,0,8363
2026-08-23T23:23:15.003528,0,13.0,0.0,79,12.7,0.0,MPPT Charging,27,29,0,0,8363
2026-08-23T23:23:16.982703,0,13.0,0.0,79,12.7,0.0,MPPT Charging,28,29,0,0,8363
2026-08-23T23:23:19.143754,0,13.0,0.0,79,12.7,0.0,MPPT Charging,27,29,0,0,8363
2026-08-23T23:23:20.986916,0,13.0,0.0,79,12.7,0.0,MPPT Charging,28,29,0,0,8363
2026-08-23T23:23:23.326626,0,13.0,0.0,79,12.7,0.0,MPPT Charging,27,29,0,0,8363
2026-08-23T23:23:24.990624,0,13.0,0.0,79,12.7,0.0,MPPT Charging,28,29,0,0,8363
2026-08-23T23:23:27.331133,0,13.0,0.0,79,12.7,0.0,MPPT Charging,28,28,0,0,8363
2026-08-23T23:23:29.985143,0,13.0,0.0,79,12.7,0.0,MPPT Charging,28,29,0,0,8363
2026-08-23T23:23:31.516724,0,13.0,0.0,78,12.7,0.0,MPPT Charging,27,29,0,0,8363
2026-08-23T23:23:33.183585,0,13.0,0.0,78,12.7,0.0,MPPT Charging,28,29,0,0,8363
2026-08-23T23:23:35.789463,0,13.0,0.0,78,12.7,0.0,MPPT Charging,28,29,0,0,8363
2026-08-23T23:23:37.455315,0,13.0,0.0,78,12.7,0.0,MPPT Charging,28,29,0,0,8363
2026-08-23T23:23:39.886022,0,13.0,0.0,78,12.7,0.0,MPPT Charging,27,29,0,0,8363
2026-08-23T23:23:43.576586,0,13.0,0.0,78,12.7,0.0,MPPT Charging,28,29,0,0,8363
2026-08-23T23:23:45.106834,0,13.0,0.0,78,12.7,0.0,MPPT Charging,28,29,0,0,8363
2026-08-23T23:23:45.782635,0,13.0,0.0,78,12.7,0.0,MPPT Charging,28,29,0,0,8363
2026-08-23T23:23:47.445923,0,13.0,0.0,79,12.7,0.0,MPPT Charging,27,29,0,0,8363
2026-08-23T23:23:49.563313,0,13.0,0.0,79,12.7,0.0,MPPT Charging,28,29,0,0,8363
2026-08-23T23:23:51.225656,0,13.0,0.0,79,12.7,0.0,MPPT Charging,28,29,0,0,8363
2026-08-23T23:23:53.163667,0,13.0,0.0,79,12.7,0.0,MPPT Charging,28,28,0,0,8363
2026-08-23T23:23:55.052983,0,13.0,0.0,79,12.7,0.0,MPPT Charging,27,29,0,0,8363
2026-08-23T23:23:57.753136,0,13.0,0.0,79,12.7,0.0,MPPT Charging,28,28,0,0,8363
2026-08-23T23:23:59.236053,0,13.0,0.0,79,12.7,0.0,MPPT Charging,28,28,0,0,8363
2026-08-23T23:24:01.306865,0,13.0,0.0,78,12.7,0.0,MPPT Charging,27,28,0,0,8363
2026-08-23T23:24:03.961170,0,13.0,0.0,78,12.7,0.0,MPPT Charging,28,29,0,0,8363
2026-08-23T23:24:05.221104,0,13.0,0.0,78,12.7,0.0,MPPT Charging,28,29,0,0,8363
2026-08-23T23:24:07.425413,0,13.0,0.0,79,12.7,0.0,MPPT Charging,28,29,0,0,8363
2026-08-23T23:24:09.542165,0,13.0,0.0,79,12.7,0.0,MPPT Charging,28,29,0,0,8363
2026-08-23T23:24:11.206048,0,13.0,0.0,79,12.7,0.0,MPPT Charging,27,28,0,0,8363
2026-08-23T23:24:13.007105,0,13.0,0.0,79,12.7,0.0,MPPT Charging,28,29,0,0,8363
2026-08-23T23:24:15.075128,0,13.0,0.0,79,12.7,0.0,MPPT Charging,28,29,0,0,8363
2026-08-23T23:24:17.011337,0,13.0,0.0,78,12.7,0.0,MPPT Charging,27,29,0,0,8363
2026-08-23T23:24:19.080725,0,13.0,0.0,78,12.7,0.0,MPPT Charging,28,29,0,0,8363
2026-08-23T23:24:20.971607,0,13.0,0.0,78,12.7,0.0,MPPT Charging,28,29,0,0,8363
2026-08-23T23:24:23.403449,0,13.0,0.0,78,12.7,0.0,MPPT Charging,28,28,0,0,8363
2026-08-23T23:24:24.975099,0,13.0,0.0,78,12.7,0.0,MPPT Charging,28,28,0,0,8363
2026-08-23T23:24:27.180281,0,13.0,0.0,79,12.7,0.0,MPPT Charging,28,29,0,0,8363
2026-08-23T23:24:29.430182,0,13.0,0.0,79,12.7,0.0,MPPT Charging,27,29,0,0,8363
2026-08-23T23:24:31.592342,0,12.9,0.0,79,12.7,0.0,MPPT Charging,28,29,0,0,8363
2026-08-23T23:24:33.075461,0,12.6,0.0,79,12.7,0.0,MPPT Charging,28,28,0,0,8363
2026-08-23T23:24:35.057125,0,12.4,0.0,79,12.7,0.0,MPPT Charging,28,29,0,0,8363
2026-08-23T23:24:37.124646,0,12.4,0.0,79,12.7,0.0,MPPT Charging,27,28,0,0,8363
2026-08-23T23:24:39.063109,0,12.7,0.0,79,12.7,0.0,MPPT Charging,28,29,0,0,8363
2026-08-23T23:24:41.086574,0,13.0,0.0,79,12.7,0.0,MPPT Charging,27,28,0,0,8363
2026-08-23T23:24:43.065034,0,13.0,0.0,79,12.7,0.0,MPPT Charging,28,29,0,0,8363
2026-08-23T23:24:45.314717,0,13.0,0.0,79,12.7,0.0,MPPT Charging,28,29,0,0,8363
2026-08-23T23:24:47.115128,0,13.0,0.0,79,12.7,0.0,MPPT Charging,28,28,0,0,8363
2026-08-23T23:24:49.050050,0,13.0,0.0,79,12.7,0.0,MPPT Charging,27,29,0,0,8363
2026-08-23T23:24:51.167305,0,13.0,0.0,79,12.7,0.0,MPPT Charging,28,28,0,0,8363
2026-08-23T23:24:53.055598,0,13.0,0.0,79,12.7,0.0,MPPT Charging,28,29,0,0,8363
2026-08-23T23:24:55.131453,0,13.0,0.0,79,12.7,0.0,MPPT Charging,28,28,0,0,8363
2026-08-23T23:24:57.105247,0,13.0,0.0,79,12.7,0.0,MPPT Charging,28,29,0,0,8363
2026-08-23T23:24:59.041975,0,13.0,0.0,79,12.7,0.0,MPPT Charging,28,29,0,0,8363
2026-08-23T23:25:01.066744,0,13.0,0.0,79,12.7,0.0,MPPT Charging,28,28,0,0,8363
2026-08-23T23:25:03.090430,0,13.0,0.0,79,12.7,0.0,MPPT Charging,28,29,0,0,8363
2026-08-23T23:25:05.071316,0,13.0,0.0,79,12.7,0.0,MPPT Charging,28,29,0,0,8363
2026-08-23T23:25:08.041374,0,13.0,0.0,79,12.7,0.0,MPPT Charging,28,28,0,0,8363
2026-08-23T23:25:09.571432,0,13.0,0.0,79,12.7,0.0,MPPT Charging,28,29,0,0,8363
2026-08-23T23:25:11.282190,0,13.0,0.0,79,12.7,0.0,MPPT Charging,28,29,0,0,8363
2026-08-23T23:25:13.170372,0,13.0,0.0,79,12.7,0.0,MPPT Charging,27,28,0,0,8363
2026-08-23T23:25:15.422263,0,13.0,0.0,79,12.7,0.0,MPPT Charging,28,29,0,0,8363
2026-08-23T23:25:17.312734,0,13.0,0.0,79,12.7,0.0,MPPT Charging,28,28,0,0,8363
2026-08-23T23:25:19.335437,0,13.0,0.0,79,12.7,0.0,MPPT Charging,28,28,0,0,8363
2026-08-23T23:25:29.327580,0,13.0,0.0,79,12.7,0.0,MPPT Charging,27,29,0,0,8363
2026-08-23T23:25:30.993158,0,13.0,0.0,79,12.7,0.0,MPPT Charging,27,29,0,0,8363
2026-08-23T23:25:33.060392,0,13.0,0.0,79,12.7,0.0,MPPT Charging,28,29,0,0,8363
2026-08-23T23:25:35.177448,0,13.0,0.0,79,12.7,0.0,MPPT Charging,28,28,0,0,8363
2026-08-23T23:25:36.979731,0,13.0,0.0,78,12.7,0.0,MPPT Charging,28,28,0,0,8363
2026-08-23T23:25:39.004378,0,13.0,0.0,78,12.7,0.0,MPPT Charging,28,29,0,0,8363
2026-08-23T23:25:41.118950,0,13.0,0.0,78,12.7,0.0,MPPT Charging,28,29,0,0,8363
2026-08-23T23:25:43.055238,0,13.0,0.0,78,12.7,0.0,MPPT Charging,28,29,0,0,8363
2026-08-23T23:25:45.076112,0,13.0,0.0,78,12.7,0.0,MPPT Charging,28,29,0,0,8363
2026-08-23T23:25:47.057288,0,13.0,0.0,78,12.7,0.0,MPPT Charging,28,29,0,0,8363
2026-08-23T23:25:49.039254,0,13.0,0.0,78,12.7,0.0,MPPT Charging,27,29,0,0,8363
2026-08-23T23:25:51.645949,0,13.0,0.0,79,12.7,0.0,MPPT Charging,28,29,0,0,8363
2026-08-23T23:25:53.447655,0,13.0,0.0,79,12.7,0.0,MPPT Charging,28,29,0,0,8363
2026-08-23T23:25:55.383874,0,13.0,0.0,79,12.7,0.0,MPPT Charging,28,28,0,0,8363
2026-08-23T23:25:57.182750,0,13.0,0.0,79,12.7,0.0,MPPT Charging,27,29,0,0,8363
2026-08-23T23:25:59.344581,0,13.0,0.0,79,12.7,0.0,MPPT Charging,28,29,0,0,8363
2026-08-23T23:26:01.052112,0,13.0,0.0,78,12.7,0.0,MPPT Charging,27,29,0,0,8363
2026-08-23T23:26:03.168287,0,13.0,0.0,78,12.7,0.0,MPPT Charging,28,29,0,0,8363
2026-08-23T23:26:05.059120,0,13.0,0.0,78,12.7,0.0,MPPT Charging,28,29,0,0,8363
2026-08-23T23:26:07.398882,0,13.0,0.0,79,12.7,0.0,MPPT Charging,28,29,0,0,8363
2026-08-23T23:26:08.972686,0,13.0,0.0,79,12.7,0.0,MPPT Charging,28,29,0,0,8363
2026-08-23T23:26:11.178049,0,13.0,0.0,78,12.7,0.0,MPPT Charging,28,28,0,0,8363
2026-08-23T23:26:12.977771,0,13.0,0.0,78,12.7,0.0,MPPT Charging,28,29,0,0,8363
2026-08-23T23:26:15.136667,0,13.0,0.0,78,12.7,0.0,MPPT Charging,28,29,0,0,8363
2026-08-23T23:26:17.162379,0,13.0,0.0,78,12.7,0.0,MPPT Charging,27,29,0,0,8363
2026-08-23T23:26:19.143971,0,13.0,0.0,78,12.7,0.0,MPPT Charging,28,29,0,0,8363
2026-08-23T23:26:21.393017,0,13.0,0.0,78,12.7,0.0,MPPT Charging,28,29,0,0,8363
2026-08-23T23:26:23.688364,0,13.0,0.0,78,12.7,0.0,MPPT Charging,28,29,0,0,8363
2026-08-23T23:26:25.082165,0,13.0,0.0,78,12.7,0.0,MPPT Charging,28,28,0,0,8363
2026-08-23T23:26:27.106016,0,13.0,0.0,79,12.7,0.0,MPPT Charging,27,29,0,0,8363
2026-08-23T23:26:29.492772,0,13.0,0.0,79,12.7,0.0,MPPT Charging,27,28,0,0,8363
2026-08-23T23:26:31.292957,0,13.0,0.0,78,12.7,0.0,MPPT Charging,28,28,0,0,8363
2026-08-23T23:26:33.091977,0,13.0,0.0,78,12.7,0.0,MPPT Charging,28,29,0,0,8363
2026-08-23T23:26:35.343786,0,13.0,0.0,78,12.7,0.0,MPPT Charging,28,29,0,0,8363
2026-08-23T23:26:37.549279,0,13.0,0.0,78,12.7,0.0,MPPT Charging,27,29,0,0,8363
2026-08-23T23:26:39.077788,0,13.0,0.0,78,12.7,0.0,MPPT Charging,28,28,0,0,8363
2026-08-23T23:26:41.148310,0,13.0,0.0,78,12.7,0.0,MPPT Charging,27,29,0,0,8363
2026-08-23T23:26:43.083310,0,13.0,0.0,78,12.7,0.0,MPPT Charging,28,28,0,0,8363
2026-08-23T23:26:45.196592,0,13.0,0.0,78,12.7,0.0,MPPT Charging,28,29,0,0,8363
2026-08-23T23:26:47.086998,0,13.0,0.0,79,12.7,0.0,MPPT Charging,28,29,0,0,8363
2026-08-23T23:26:49.067361,0,13.0,0.0,79,12.7,0.0,MPPT Charging,28,28,0,0,8363
2026-08-23T23:26:51.048415,0,13.0,0.0,79,12.7,0.0,MPPT Charging,28,29,0,0,8363
2026-08-23T23:26:53.072709,0,13.0,0.0,79,12.7,0.0,MPPT Charging,28,29,0,0,8363
2026-08-23T23:26:55.053653,0,13.0,0.0,79,12.7,0.0,MPPT Charging,27,28,0,0,8363
2026-08-23T23:26:56.989423,0,13.0,0.0,79,12.7,0.0,MPPT Charging,28,28,0,0,8363
2026-08-23T23:26:59.193178,0,13.0,0.0,79,12.7,0.0,MPPT Charging,28,29,0,0,8363
2026-08-23T23:27:02.928599,0,13.0,0.0,79,12.7,0.0,MPPT Charging,28,28,0,0,8363
2026-08-23T23:27:04.189220,0,13.0,0.0,79,12.7,0.0,MPPT Charging,27,29,0,0,8363
2026-08-23T23:27:05.584357,0,13.0,0.0,79,12.7,0.0,MPPT Charging,27,28,0,0,8363
2026-08-23T23:27:07.248278,0,13.0,0.0,79,12.7,0.0,MPPT Charging,28,29,0,0,8363
2026-08-23T23:27:09.452845,0,13.0,0.0,79,12.7,0.0,MPPT Charging,28,29,0,0,8363
2026-08-23T23:27:11.250913,0,13.0,0.0,79,12.7,0.0,MPPT Charging,27,28,0,0,8363
2026-08-23T23:27:13.771515,0,13.0,0.0,79,12.7,0.0,MPPT Charging,28,28,0,0,8363
2026-08-23T23:27:15.078391,0,13.0,0.0,79,12.7,0.0,MPPT Charging,28,29,0,0,8363
2026-08-23T23:27:17.506644,0,13.0,0.0,79,12.7,0.0,MPPT Charging,28,28,0,0,8363
2026-08-23T23:27:19.218250,0,13.0,0.0,79,12.7,0.0,MPPT Charging,28,29,0,0,8363
2026-08-23T23:27:21.241371,0,13.0,0.0,79,12.7,0.0,MPPT Charging,28,29,0,0,8363
2026-08-23T23:27:23.627361,0,13.0,0.0,79,12.7,0.0,MPPT Charging,28,28,0,0,8363
2026-08-23T23:27:25.788698,0,13.0,0.0,79,12.7,0.0,MPPT Charging,27,28,0,0,8363
2026-08-23T23:27:27.092970,0,13.0,0.0,79,12.7,0.0,MPPT Charging,28,29,0,0,8363
2026-08-23T23:27:43.787237,0,13.0,0.0,79,12.7,0.0,MPPT Charging,28,28,0,0,8363
2026-08-23T23:27:46.083507,0,13.0,0.0,79,12.7,0.0,MPPT Charging,28,29,0,0,8363
2026-08-23T23:27:47.975220,0,13.0,0.0,80,12.7,0.0,MPPT Charging,27,29,0,0,8363
2026-08-23T23:27:50.311148,0,13.0,0.0,80,12.7,0.0,MPPT Charging,28,28,0,0,8363
2026-08-23T23:27:52.068652,0,13.0,0.0,79,12.7,0.0,MPPT Charging,28,29,0,0,8363
2026-08-23T23:27:54.094022,0,13.0,0.0,79,12.7,0.0,MPPT Charging,28,28,0,0,8363
2026-08-23T23:27:56.431159,0,13.0,0.0,79,12.7,0.0,MPPT Charging,28,28,0,0,8363
2026-08-23T23:27:58.099564,0,13.0,0.0,79,12.7,0.0,MPPT Charging,27,29,0,0,8363
2026-08-23T23:27:59.988533,0,13.0,0.0,79,12.7,0.0,MPPT Charging,27,29,0,0,8363
2026-08-23T23:28:02.149631,0,13.0,0.0,80,12.7,0.0,MPPT Charging,27,29,0,0,8363
2026-08-23T23:28:04.084727,0,13.0,0.0,80,12.7,0.0,MPPT Charging,28,29,0,0,8363
2026-08-23T23:28:06.648262,0,13.0,0.0,80,12.7,0.0,MPPT Charging,28,29,0,0,8363
2026-08-23T23:28:09.078441,0,13.0,0.0,78,12.7,0.0,MPPT Charging,28,29,0,0,8363
2026-08-23T23:28:10.426054,0,13.0,0.0,78,12.7,0.0,MPPT Charging,28,29,0,0,8363
2026-08-23T23:28:12.182762,0,13.0,0.0,79,12.7,0.0,MPPT Charging,27,29,0,0,8363
2026-08-23T23:28:13.994480,0,13.0,0.0,79,12.7,0.0,MPPT Charging,28,28,0,0,8363
2026-08-23T23:28:16.099055,0,13.0,0.0,79,12.7,0.0,MPPT Charging,28,29,0,0,8363
2026-08-23T23:28:18.171192,0,13.0,0.0,79,12.7,0.0,MPPT Charging,27,29,0,0,8363
2026-08-23T23:28:20.058066,0,13.0,0.0,79,12.7,0.0,MPPT Charging,27,29,0,0,8363
2026-08-23T23:28:22.487145,0,13.0,0.0,79,12.7,0.0,MPPT Charging,27,29,0,0,8363
2026-08-23T23:28:24.107614,0,13.0,0.0,79,12.7,0.0,MPPT Charging,27,28,0,0,8363
2026-08-23T23:28:26.044267,0,13.0,0.0,79,12.7,0.0,MPPT Charging,27,29,0,0,8363
2026-08-23T23:28:28.069018,0,13.0,0.0,79,12.7,0.0,MPPT Charging,27,28,0,0,8363
2026-08-23T23:28:30.633963,0,13.0,0.0,79,12.7,0.0,MPPT Charging,27,28,0,0,8363
2026-08-23T23:28:32.389346,0,13.0,0.0,78,12.7,0.0,MPPT Charging,27,29,0,0,8363
2026-08-23T23:28:34.727531,0,13.0,0.0,78,12.7,0.0,MPPT Charging,28,29,0,0,8363
2026-08-23T23:28:36.485464,0,13.0,0.0,78,12.7,0.0,MPPT Charging,28,29,0,0,8363
2026-08-23T23:28:38.057412,0,13.0,0.0,79,12.7,0.0,MPPT Charging,28,29,0,0,8363
2026-08-23T23:28:40.627742,0,13.0,0.0,79,12.7,0.0,MPPT Charging,28,29,0,0,8363
2026-08-23T23:28:42.287469,0,13.0,0.0,78,12.7,0.0,MPPT Charging,28,29,0,0,8363
2026-08-23T23:28:44.043059,0,13.0,0.0,78,12.7,0.0,MPPT Charging,27,29,0,0,8363
2026-08-23T23:28:46.472331,0,13.0,0.0,78,12.7,0.0,MPPT Charging,28,29,0,0,8363
2026-08-23T23:28:48.497288,0,13.0,0.0,78,12.7,0.0,MPPT Charging,27,28,0,0,8363
2026-08-23T23:28:50.029742,0,13.0,0.0,78,12.7,0.0,MPPT Charging,28,29,0,0,8363
2026-08-23T23:28:52.507329,0,13.0,0.0,79,12.7,0.0,MPPT Charging,27,29,0,0,8363
2026-08-23T23:28:54.708746,0,13.0,0.0,79,12.7,0.0,MPPT Charging,27,29,0,0,8363
2026-08-23T23:28:56.372963,0,13.0,0.0,79,12.7,0.0,MPPT Charging,28,28,0,0,8363
2026-08-23T23:28:58.892086,0,13.0,0.0,79,12.7,0.0,MPPT Charging,28,28,0,0,8363
2026-08-23T23:29:00.467105,0,13.0,0.0,79,12.7,0.0,MPPT Charging,27,28,0,0,8363
2026-08-23T23:29:02.492206,0,13.0,0.0,79,12.7,0.0,MPPT Charging,27,28,0,0,8363
2026-08-23T23:29:04.157153,0,13.0,0.0,79,12.7,0.0,MPPT Charging,27,29,0,0,8363
2026-08-23T23:29:07.037047,0,13.0,0.0,79,12.7,0.0,MPPT Charging,28,29,0,0,8363
2026-08-23T23:29:08.254729,0,13.0,0.0,78,12.7,0.0,MPPT Charging,28,29,0,0,8363
2026-08-23T23:29:10.143203,0,13.0,0.0,78,12.7,0.0,MPPT Charging,28,29,0,0,8363
2026-08-23T23:29:12.035483,0,13.0,0.0,79,12.7,0.0,MPPT Charging,27,29,0,0,8363
2026-08-23T23:29:14.015519,0,13.0,0.0,79,12.7,0.0,MPPT Charging,27,29,0,0,8363
2026-08-23T23:29:15.992604,0,12.9,0.0,79,12.7,0.0,MPPT Charging,28,29,0,0,8363
2026-08-23T23:29:18.109017,0,12.9,0.0,79,12.7,0.0,MPPT Charging,28,29,0,0,8363
2026-08-23T23:29:20.357926,0,13.0,0.0,79,12.7,0.0,MPPT Charging,28,29,0,0,8363
2026-08-23T23:29:22.112434,0,13.0,0.0,78,12.7,0.0,MPPT Charging,28,28,0,0,8363
2026-08-23T23:29:24.227439,0,13.0,0.0,78,12.7,0.0,MPPT Charging,27,29,0,0,8363
2026-08-23T23:29:26.117966,0,13.0,0.0,78,12.7,0.0,MPPT Charging,28,29,0,0,8363
2026-08-23T23:29:28.099314,0,13.0,0.0,78,12.7,0.0,MPPT Charging,27,29,0,0,8363
2026-08-23T23:29:29.991256,0,13.0,0.0,78,12.7,0.0,MPPT Charging,28,28,0,0,8363
2026-08-23T23:29:32.058350,0,13.0,0.0,79,12.7,0.0,MPPT Charging,27,29,0,0,8363
2026-08-23T23:29:34.127331,0,13.0,0.0,79,12.7,0.0,MPPT Charging,28,29,0,0,8363
2026-08-23T23:29:36.018891,0,13.0,0.0,79,12.7,0.0,MPPT Charging,27,29,0,0,8363
2026-08-23T23:29:38.223998,0,13.0,0.0,78,12.7,0.0,MPPT Charging,28,29,0,0,8363
2026-08-23T23:29:40.207577,0,12.8,0.0,78,12.7,0.0,MPPT Charging,28,29,0,0,8363
2026-08-23T23:29:42.231239,0,12.5,0.0,79,12.7,0.0,MPPT Charging,27,29,0,0,8363
2026-08-23T23:29:44.118287,0,12.4,0.0,79,12.7,0.0,MPPT Charging,27,28,0,0,8363
2026-08-23T23:29:46.549994,0,12.4,0.0,79,12.7,0.0,MPPT Charging,28,29,0,0,8363
2026-08-23T23:29:48.392110,0,12.7,0.0,79,12.7,0.0,MPPT Charging,28,28,0,0,8363
2026-08-23T23:29:50.375875,0,12.9,0.0,79,12.7,0.0,MPPT Charging,28,28,0,0,8363
2026-08-23T23:29:52.082718,0,12.9,0.0,79,12.7,0.0,MPPT Charging,27,29,0,0,8363
2026-08-23T23:29:54.109179,0,12.9,0.0,79,12.7,0.0,MPPT Charging,28,28,0,0,8363
2026-08-23T23:29:56.360678,0,12.9,0.0,79,12.7,0.0,MPPT Charging,28,29,0,0,8363
2026-08-23T23:29:58.023849,0,12.9,0.0,79,12.7,0.0,MPPT Charging,28,28,0,0,8363
2026-08-23T23:30:00.002943,0,12.9,0.0,79,12.7,0.0,MPPT Charging,28,28,0,0,8363
2026-08-23T23:30:02.254226,0,12.9,0.0,78,12.7,0.0,MPPT Charging,27,29,0,0,8363
2026-08-23T23:30:04.099412,0,13.0,0.0,78,12.7,0.0,MPPT Charging,27,29,0,0,8363
2026-08-23T23:30:06.531032,0,12.9,0.0,78,12.7,0.0,MPPT Charging,28,29,0,0,8363
2026-08-23T23:30:08.198853,0,12.9,0.0,79,12.7,0.0,MPPT Charging,27,28,0,0,8363
2026-08-23T23:30:10.084068,0,12.9,0.0,79,12.7,0.0,MPPT Charging,28,29,0,0,8363
2026-08-23T23:30:12.199274,0,12.9,0.0,79,12.7,0.0,MPPT Charging,28,28,0,0,8363
2026-08-23T23:30:14.089392,0,12.9,0.0,79,12.7,0.0,MPPT Charging,28,28,0,0,8363
2026-08-23T23:30:16.295108,0,12.9,0.0,79,12.7,0.0,MPPT Charging,27,29,0,0,8363
2026-08-23T23:30:18.048630,0,12.9,0.0,79,12.7,0.0,MPPT Charging,28,29,0,0,8363
2026-08-23T23:30:20.165503,0,13.0,0.0,79,12.7,0.0,MPPT Charging,27,28,0,0,8363
2026-08-23T23:30:22.279476,0,12.9,0.0,79,12.7,0.0,MPPT Charging,28,29,0,0,8363
2026-08-23T23:30:24.078436,0,13.0,0.0,79,12.7,0.0,MPPT Charging,27,29,0,0,8363
2026-08-23T23:30:26.284242,0,12.9,0.0,79,12.7,0.0,MPPT Charging,28,29,0,0,8363
2026-08-23T23:30:28.173882,0,12.9,0.0,79,12.7,0.0,MPPT Charging,28,29,0,0,8363
2026-08-23T23:30:30.289183,0,12.9,0.0,79,12.7,0.0,MPPT Charging,28,29,0,0,8363
2026-08-23T23:30:32.044741,0,12.9,0.0,79,12.7,0.0,MPPT Charging,28,28,0,0,8363
2026-08-23T23:30:34.070075,0,12.9,0.0,79,12.7,0.0,MPPT Charging,27,29,0,0,8363
2026-08-23T23:30:36.276600,0,13.0,0.0,79,12.7,0.0,MPPT Charging,27,29,0,0,8363
2026-08-23T23:30:38.166330,0,12.9,0.0,79,12.7,0.0,MPPT Charging,28,28,0,0,8363
2026-08-23T23:30:40.054738,0,13.0,0.0,79,12.7,0.0,MPPT Charging,28,28,0,0,8363
2026-08-23T23:30:42.169127,0,12.9,0.0,79,12.7,0.0,MPPT Charging,27,29,0,0,8363
2026-08-23T23:30:44.062336,0,12.9,0.0,79,12.7,0.0,MPPT Charging,28,29,0,0,8363
2026-08-23T23:30:46.221217,0,12.9,0.0,79,12.7,0.0,MPPT Charging,28,28,0,0,8363
2026-08-23T23:30:48.021119,0,12.9,0.0,76,12.7,0.0,MPPT Charging,28,29,0,0,8363
2026-08-23T23:30:50.268737,0,13.0,0.0,76,12.7,0.0,MPPT Charging,27,29,0,0,8363
2026-08-23T23:30:52.023501,0,13.0,0.0,79,12.7,0.0,MPPT Charging,28,28,0,0,8363
2026-08-23T23:30:54.048956,0,12.9,0.0,79,12.7,0.0,MPPT Charging,27,28,0,0,8363
2026-08-23T23:30:56.120977,0,12.9,0.0,79,12.7,0.0,MPPT Charging,27,28,0,0,8363
2026-08-23T23:30:58.144424,0,12.9,0.0,78,12.7,0.0,MPPT Charging,27,28,0,0,8363
2026-08-23T23:31:00.035397,0,12.9,0.0,78,12.7,0.0,MPPT Charging,27,28,0,0,8363
2026-08-23T23:31:02.014213,0,12.9,0.0,78,12.7,0.0,MPPT Charging,28,28,0,0,8363
2026-08-23T23:31:04.130873,0,12.9,0.0,78,12.7,0.0,MPPT Charging,27,29,0,0,8363
2026-08-23T23:31:06.246135,0,12.9,0.0,78,12.7,0.0,MPPT Charging,27,28,0,0,8363
2026-08-23T23:31:08.135065,0,12.9,0.0,80,12.7,0.0,MPPT Charging,28,28,0,0,8363
2026-08-23T23:31:10.112083,0,12.9,0.0,80,12.7,0.0,MPPT Charging,27,29,0,0,8363
2026-08-23T23:31:12.140682,0,12.9,0.0,79,12.7,0.0,MPPT Charging,28,29,0,0,8363
2026-08-23T23:31:14.033033,0,12.9,0.0,79,12.7,0.0,MPPT Charging,27,29,0,0,8363
2026-08-23T23:31:16.458220,0,13.0,0.0,79,12.7,0.0,MPPT Charging,28,29,0,0,8363
2026-08-23T23:31:18.123093,0,12.9,0.0,79,12.7,0.0,MPPT Charging,27,29,0,0,8363
2026-08-23T23:31:20.014110,0,12.9,0.0,79,12.7,0.0,MPPT Charging,28,29,0,0,8363
2026-08-23T23:31:22.135017,0,12.9,0.0,78,12.7,0.0,MPPT Charging,27,29,0,0,8363
2026-08-23T23:31:24.108145,0,13.0,0.0,78,12.7,0.0,MPPT Charging,28,29,0,0,8363
2026-08-23T23:31:26.313083,0,12.9,0.0,78,12.7,0.0,MPPT Charging,27,29,0,0,8363
2026-08-23T23:31:28.113599,0,12.9,0.0,78,12.7,0.0,MPPT Charging,27,29,0,0,8363
2026-08-23T23:31:30.093045,0,12.9,0.0,78,12.7,0.0,MPPT Charging,27,29,0,0,8363
2026-08-23T23:31:32.118068,0,12.9,0.0,79,12.7,0.0,MPPT Charging,28,29,0,0,8363
2026-08-23T23:31:34.098349,0,12.9,0.0,79,12.7,0.0,MPPT Charging,28,29,0,0,8363
2026-08-23T23:31:36.303891,0,12.9,0.0,79,12.7,0.0,MPPT Charging,28,29,0,0,8363
2026-08-23T23:31:38.105826,0,12.9,0.0,79,12.7,0.0,MPPT Charging,27,28,0,0,8363
2026-08-23T23:31:40.083245,0,12.9,0.0,79,12.7,0.0,MPPT Charging,27,29,0,0,8363
2026-08-23T23:31:42.109906,0,12.9,0.0,78,12.7,0.0,MPPT Charging,28,29,0,0,8363
2026-08-23T23:31:44.091275,0,12.9,0.0,78,12.7,0.0,MPPT Charging,28,29,0,0,8363
2026-08-23T23:31:46.519689,0,12.9,0.0,78,12.7,0.0,MPPT Charging,28,28,0,0,8363
2026-08-23T23:31:48.095467,0,12.9,0.0,79,12.7,0.0,MPPT Charging,27,29,0,0,8363
2026-08-23T23:31:50.207919,0,12.9,0.0,79,12.7,0.0,MPPT Charging,27,29,0,0,8363
2026-08-23T23:31:52.101440,0,12.9,0.0,78,12.7,0.0,MPPT Charging,28,29,0,0,8363
2026-08-23T23:31:54.078241,0,12.9,0.0,78,12.7,0.0,MPPT Charging,27,28,0,0,8363
2026-08-23T23:31:56.196240,0,12.9,0.0,78,12.7,0.0,MPPT Charging,27,29,0,0,8363
2026-08-23T23:31:58.218254,0,12.9,0.0,78,12.7,0.0,MPPT Charging,28,29,0,0,8363
2026-08-23T23:32:00.063367,0,12.9,0.0,78,12.7,0.0,MPPT Charging,28,29,0,0,8363
2026-08-23T23:32:02.089771,0,12.9,0.0,78,12.7,0.0,MPPT Charging,27,28,0,0,8363
2026-08-23T23:32:04.068153,0,12.9,0.0,78,12.7,0.0,MPPT Charging,27,28,0,0,8363
2026-08-23T23:32:06.274200,0,12.9,0.0,78,12.7,0.0,MPPT Charging,28,29,0,0,8363
2026-08-23T23:32:12.081208,0,12.9,0.0,79,12.7,0.0,MPPT Charging,27,29,0,0,8363
2026-08-23T23:32:14.737371,0,12.9,0.0,79,12.7,0.0,MPPT Charging,27,29,0,0,8363
2026-08-23T23:32:16.264873,0,12.9,0.0,79,12.7,0.0,MPPT Charging,28,28,0,0,8363
2026-08-23T23:32:18.067283,0,12.9,0.0,78,12.7,0.0,MPPT Charging,27,29,0,0,8363
2026-08-23T23:32:20.045963,0,12.9,0.0,78,12.7,0.0,MPPT Charging,28,29,0,0,8363
2026-08-23T23:32:22.068175,0,12.9,0.0,78,12.7,0.0,MPPT Charging,28,28,0,0,8363
2026-08-23T23:32:24.589821,0,12.9,0.0,78,12.7,0.0,MPPT Charging,27,29,0,0,8363
2026-08-23T23:32:26.164080,0,12.9,0.0,78,12.7,0.0,MPPT Charging,27,29,0,0,8363
2026-08-23T23:32:28.281083,0,12.9,0.0,78,12.7,0.0,MPPT Charging,28,29,0,0,8363
2026-08-23T23:32:30.172471,0,12.9,0.0,78,12.7,0.0,MPPT Charging,27,29,0,0,8363
2026-08-23T23:32:32.061925,0,12.9,0.0,78,12.7,0.0,MPPT Charging,27,29,0,0,8363
2026-08-23T23:32:34.039757,0,12.9,0.0,78,12.7,0.0,MPPT Charging,28,29,0,0,8363
2026-08-23T23:32:36.244039,0,12.9,0.0,78,12.7,0.0,MPPT Charging,27,29,0,0,8363
2026-08-23T23:32:38.047287,0,12.9,0.0,78,12.7,0.0,MPPT Charging,27,28,0,0,8363
2026-08-23T23:32:40.161161,0,12.9,0.0,78,12.7,0.0,MPPT Charging,27,29,0,0,8363
2026-08-23T23:32:42.140283,0,12.9,0.0,79,12.7,0.0,MPPT Charging,28,28,0,0,8363
2026-08-23T23:32:44.483433,0,12.9,0.0,79,12.7,0.0,MPPT Charging,27,29,0,0,8363
2026-08-23T23:32:46.373007,0,12.9,0.0,79,12.7,0.0,MPPT Charging,27,28,0,0,8363
2026-08-23T23:32:48.037479,0,12.9,0.0,79,12.7,0.0,MPPT Charging,28,28,0,0,8363
2026-08-23T23:32:50.150418,0,12.9,0.0,79,12.7,0.0,MPPT Charging,27,29,0,0,8363
2026-08-23T23:32:52.040482,0,12.9,0.0,79,12.7,0.0,MPPT Charging,28,29,0,0,8363
2026-08-23T23:32:54.154147,0,12.9,0.0,79,12.7,0.0,MPPT Charging,27,29,0,0,8363
2026-08-23T23:32:57.034732,0,12.9,0.0,79,12.7,0.0,MPPT Charging,27,28,0,0,8363
2026-08-23T23:32:58.476414,0,12.9,0.0,79,12.7,0.0,MPPT Charging,28,29,0,0,8363
2026-08-23T23:33:00.094758,0,12.9,0.0,79,12.7,0.0,MPPT Charging,27,29,0,0,8363
2026-08-23T23:33:01.985002,0,12.9,0.0,79,12.7,0.0,MPPT Charging,28,29,0,0,8363
2026-08-23T23:33:04.234503,0,12.9,0.0,78,12.7,0.0,MPPT Charging,27,29,0,0,8363
2026-08-23T23:33:06.035604,0,12.9,0.0,78,12.7,0.0,MPPT Charging,27,29,0,0,8363
2026-08-23T23:33:08.195203,0,12.9,0.0,77,12.7,0.0,MPPT Charging,27,28,0,0,8363
2026-08-23T23:33:09.996796,0,12.9,0.0,77,12.7,0.0,MPPT Charging,27,29,0,0,8363
2026-08-23T23:33:12.020343,0,12.9,0.0,77,12.7,0.0,MPPT Charging,28,28,0,0,8363
2026-08-23T23:33:14.449088,0,12.9,0.0,79,12.7,0.0,MPPT Charging,28,29,0,0,8363
2026-08-23T23:33:16.114088,0,12.9,0.0,79,12.7,0.0,MPPT Charging,28,29,0,0,8363
2026-08-23T23:33:18.094104,0,12.9,0.0,79,12.7,0.0,MPPT Charging,28,28,0,0,8363
2026-08-23T23:33:20.210929,0,12.9,0.0,79,12.7,0.0,MPPT Charging,28,29,0,0,8363
2026-08-23T23:33:22.100078,0,12.9,0.0,79,12.7,0.0,MPPT Charging,27,28,0,0,8363
2026-08-23T23:33:24.618944,0,12.9,0.0,79,12.7,0.0,MPPT Charging,27,29,0,0,8363
2026-08-23T23:33:26.330907,0,12.9,0.0,79,12.7,0.0,MPPT Charging,27,29,0,0,8363
2026-08-23T23:33:28.085155,0,12.9,0.0,78,12.7,0.0,MPPT Charging,28,28,0,0,8363
2026-08-23T23:33:30.109211,0,12.9,0.0,78,12.7,0.0,MPPT Charging,27,29,0,0,8363
2026-08-23T23:33:32.093586,0,12.9,0.0,78,12.7,0.0,MPPT Charging,28,29,0,0,8363
2026-08-23T23:33:34.429854,0,12.9,0.0,78,12.7,0.0,MPPT Charging,28,29,0,0,8363
2026-08-23T23:33:36.094343,0,12.9,0.0,78,12.7,0.0,MPPT Charging,28,29,0,0,8363
2026-08-23T23:33:38.076944,0,12.9,0.0,79,12.7,0.0,MPPT Charging,27,29,0,0,8363
2026-08-23T23:33:40.190349,0,12.9,0.0,79,12.7,0.0,MPPT Charging,27,28,0,0,8363
2026-08-23T23:33:42.081055,0,12.9,0.0,79,12.7,0.0,MPPT Charging,28,28,0,0,8363
2026-08-23T23:33:44.420950,0,12.9,0.0,78,12.7,0.0,MPPT Charging,27,29,0,0,8363
2026-08-23T23:33:46.309509,0,12.9,0.0,78,12.7,0.0,MPPT Charging,28,29,0,0,8363
2026-08-23T23:33:48.064397,0,12.9,0.0,79,12.7,0.0,MPPT Charging,27,29,0,0,8363
2026-08-23T23:33:49.999077,0,12.9,0.0,79,12.7,0.0,MPPT Charging,28,29,0,0,8363
2026-08-23T23:33:51.979028,0,12.9,0.0,79,12.7,0.0,MPPT Charging,27,29,0,0,8363
2026-08-23T23:33:54.094327,0,12.9,0.0,79,12.7,0.0,MPPT Charging,28,28,0,0,8363
2026-08-23T23:33:56.122454,0,12.9,0.0,79,12.7,0.0,MPPT Charging,27,28,0,0,8363
2026-08-23T23:33:58.191288,0,12.9,0.0,78,12.7,0.0,MPPT Charging,27,29,0,0,8363
2026-08-23T23:34:00.169167,0,12.9,0.0,78,12.7,0.0,MPPT Charging,27,29,0,0,8363
2026-08-23T23:34:02.104511,0,12.9,0.0,78,12.7,0.0,MPPT Charging,27,29,0,0,8363
2026-08-23T23:34:04.715850,0,12.9,0.0,78,12.7,0.0,MPPT Charging,27,29,0,0,8363
2026-08-23T23:34:06.064993,0,12.9,0.0,78,12.7,0.0,MPPT Charging,27,28,0,0,8363
2026-08-23T23:34:08.045797,0,12.9,0.0,79,12.7,0.0,MPPT Charging,27,29,0,0,8363
2026-08-23T23:34:10.159787,0,12.9,0.0,79,12.7,0.0,MPPT Charging,28,29,0,0,8363
2026-08-23T23:34:12.051785,0,12.9,0.0,79,12.7,0.0,MPPT Charging,28,29,0,0,8363
2026-08-23T23:34:14.393148,0,12.9,0.0,78,12.7,0.0,MPPT Charging,27,29,0,0,8363
2026-08-23T23:34:16.279552,0,12.9,0.0,78,12.7,0.0,MPPT Charging,27,28,0,0,8363
2026-08-23T23:34:18.037549,0,12.9,0.0,79,12.7,0.0,MPPT Charging,27,28,0,0,8363
2026-08-23T23:34:20.061210,0,12.9,0.0,79,12.7,0.0,MPPT Charging,27,29,0,0,8363
2026-08-23T23:34:22.039135,0,12.9,0.0,79,12.7,0.0,MPPT Charging,27,29,0,0,8363
2026-08-23T23:34:24.244322,0,12.9,0.0,80,12.7,0.0,MPPT Charging,27,28,0,0,8363
2026-08-23T23:34:26.134055,0,12.9,0.0,80,12.7,0.0,MPPT Charging,27,29,0,0,8363
2026-08-23T23:34:28.025411,0,12.9,0.0,79,12.7,0.0,MPPT Charging,28,29,0,0,8363
2026-08-23T23:34:30.049336,0,12.9,0.0,79,12.7,0.0,MPPT Charging,27,29,0,0,8363
2026-08-23T23:34:32.167223,0,12.9,0.0,79,12.7,0.0,MPPT Charging,27,29,0,0,8363
2026-08-23T23:34:34.458749,0,12.9,0.0,78,12.7,0.0,MPPT Charging,27,28,0,0,8363
2026-08-23T23:34:36.259210,0,12.9,0.0,78,12.7,0.0,MPPT Charging,27,28,0,0,8363
2026-08-23T23:34:38.014014,0,12.9,0.0,78,12.7,0.0,MPPT Charging,28,29,0,0,8363
2026-08-23T23:34:40.039377,0,12.9,0.0,78,12.7,0.0,MPPT Charging,28,29,0,0,8363
2026-08-23T23:34:42.021774,0,12.9,0.0,78,12.7,0.0,MPPT Charging,28,29,0,0,8363
2026-08-23T23:34:44.358665,0,12.9,0.0,78,12.7,0.0,MPPT Charging,28,29,0,0,8363
2026-08-23T23:34:46.343827,0,12.9,0.0,78,12.7,0.0,MPPT Charging,27,29,0,0,8363
2026-08-23T23:34:48.143341,0,12.9,0.0,77,12.7,0.0,MPPT Charging,27,29,0,0,8363
2026-08-23T23:34:50.031308,0,12.6,0.0,77,12.7,0.0,MPPT Charging,27,29,0,0,8363
2026-08-23T23:34:52.144064,0,12.4,0.0,77,12.7,0.0,MPPT Charging,27,28,0,0,8363
2026-08-23T23:34:54.352348,0,12.4,0.0,78,12.7,0.0,MPPT Charging,27,28,0,0,8363
2026-08-23T23:34:56.017281,0,12.5,0.0,78,12.7,0.0,MPPT Charging,28,29,0,0,8363
2026-08-23T23:34:58.131543,0,12.9,0.0,78,12.7,0.0,MPPT Charging,28,29,0,0,8363
2026-08-23T23:34:59.974133,0,12.9,0.0,78,12.7,0.0,MPPT Charging,28,29,0,0,8363
2026-08-23T23:35:02.002122,0,12.9,0.0,78,12.7,0.0,MPPT Charging,27,29,0,0,8363
2026-08-23T23:35:03.980284,0,12.9,0.0,78,12.7,0.0,MPPT Charging,28,29,0,0,8363
2026-08-23T23:35:06.188842,0,12.9,0.0,78,12.7,0.0,MPPT Charging,27,29,0,0,8363
2026-08-23T23:35:08.346386,0,12.9,0.0,79,12.7,0.0,MPPT Charging,28,29,0,0,8363
2026-08-23T23:35:10.103490,0,12.9,0.0,79,12.7,0.0,MPPT Charging,28,29,0,0,8363
2026-08-23T23:35:11.991001,0,12.9,0.0,79,12.7,0.0,MPPT Charging,27,28,0,0,8363
2026-08-23T23:35:14.331619,0,12.9,0.0,79,12.7,0.0,MPPT Charging,28,29,0,0,8363
2026-08-23T23:35:16.219911,0,12.9,0.0,79,12.7,0.0,MPPT Charging,28,29,0,0,8363
2026-08-23T23:35:18.110514,0,12.9,0.0,79,12.7,0.0,MPPT Charging,28,29,0,0,8363
2026-08-23T23:35:20.091864,0,12.9,0.0,79,12.7,0.0,MPPT Charging,27,29,0,0,8363
2026-08-23T23:35:22.116136,0,12.9,0.0,79,12.7,0.0,MPPT Charging,27,29,0,0,8363
2026-08-23T23:35:24.187143,0,12.9,0.0,79,12.7,0.0,MPPT Charging,27,28,0,0,8363
2026-08-23T23:35:26.074180,0,12.9,0.0,79,12.7,0.0,MPPT Charging,27,28,0,0,8363
2026-08-23T23:35:28.326377,0,12.9,0.0,79,12.7,0.0,MPPT Charging,28,29,0,0,8363
2026-08-23T23:35:30.079202,0,12.9,0.0,79,12.7,0.0,MPPT Charging,28,29,0,0,8363
2026-08-23T23:35:32.106340,0,12.9,0.0,79,12.7,0.0,MPPT Charging,27,29,0,0,8363
2026-08-23T23:35:34.624254,0,12.9,0.0,78,12.7,0.0,MPPT Charging,28,29,0,0,8363
2026-08-23T23:35:36.427340,0,12.9,0.0,78,12.7,0.0,MPPT Charging,27,29,0,0,8363
2026-08-23T23:35:38.091135,0,12.9,0.0,78,12.7,0.0,MPPT Charging,28,28,0,0,8363
2026-08-23T23:35:40.074315,0,12.9,0.0,78,12.7,0.0,MPPT Charging,27,29,0,0,8363
2026-08-23T23:35:42.095061,0,12.9,0.0,78,12.7,0.0,MPPT Charging,28,29,0,0,8363
2026-08-23T23:35:44.391315,0,12.9,0.0,79,12.7,0.0,MPPT Charging,27,29,0,0,8363
2026-08-23T23:35:46.279161,0,12.9,0.0,79,12.7,0.0,MPPT Charging,27,28,0,0,8363
2026-08-23T23:35:48.083755,0,12.9,0.0,78,12.7,0.0,MPPT Charging,27,28,0,0,8363
2026-08-23T23:35:50.060701,0,12.9,0.0,78,12.7,0.0,MPPT Charging,27,29,0,0,8363
2026-08-23T23:35:52.086643,0,12.9,0.0,78,12.7,0.0,MPPT Charging,28,29,0,0,8363
2026-08-23T23:35:54.288916,0,12.9,0.0,78,12.7,0.0,MPPT Charging,27,29,0,0,8363
2026-08-23T23:35:56.048021,0,12.9,0.0,78,12.7,0.0,MPPT Charging,27,28,0,0,8363
2026-08-23T23:35:58.069053,0,12.9,0.0,79,12.7,0.0,MPPT Charging,27,29,0,0,8363
2026-08-23T23:36:00.049179,0,12.9,0.0,79,12.7,0.0,MPPT Charging,28,29,0,0,8363
2026-08-23T23:36:01.986357,0,12.9,0.0,79,12.7,0.0,MPPT Charging,28,28,0,0,8363
2026-08-23T23:36:04.016142,0,12.9,0.0,79,12.7,0.0,MPPT Charging,27,29,0,0,8363
2026-08-23T23:36:06.035027,0,12.9,0.0,79,12.7,0.0,MPPT Charging,28,29,0,0,8363
2026-08-23T23:36:08.059852,0,12.9,0.0,78,12.7,0.0,MPPT Charging,27,29,0,0,8363
2026-08-23T23:36:10.040499,0,12.9,0.0,78,12.7,0.0,MPPT Charging,27,29,0,0,8363
2026-08-23T23:36:12.020206,0,12.9,0.0,78,12.7,0.0,MPPT Charging,28,29,0,0,8363
2026-08-23T23:36:14.090204,0,12.9,0.0,79,12.7,0.0,MPPT Charging,27,29,0,0,8363
2026-08-23T23:36:16.026251,0,12.9,0.0,79,12.7,0.0,MPPT Charging,27,29,0,0,8363
2026-08-23T23:36:18.050399,0,12.9,0.0,79,12.7,0.0,MPPT Charging,28,28,0,0,8363
2026-08-23T23:36:20.030000,0,12.9,0.0,79,12.7,0.0,MPPT Charging,27,29,0,0,8363
2026-08-23T23:36:22.055128,0,12.9,0.0,79,12.7,0.0,MPPT Charging,28,28,0,0,8363
2026-08-23T23:36:24.350564,0,12.9,0.0,78,12.7,0.0,MPPT Charging,27,29,0,0,8363
2026-08-23T23:36:26.150294,0,12.9,0.0,78,12.7,0.0,MPPT Charging,27,29,0,0,8363
2026-08-23T23:36:28.220500,0,12.9,0.0,79,12.7,0.0,MPPT Charging,28,28,0,0,8363
2026-08-23T23:36:30.113483,0,12.9,0.0,79,12.7,0.0,MPPT Charging,27,29,0,0,8363
2026-08-23T23:36:32.003406,0,12.9,0.0,79,12.7,0.0,MPPT Charging,27,28,0,0,8363
2026-08-23T23:36:34.077229,0,12.9,0.0,79,12.7,0.0,MPPT Charging,28,28,0,0,8363
2026-08-23T23:36:36.050079,0,12.9,0.0,79,12.7,0.0,MPPT Charging,27,29,0,0,8363
2026-08-23T23:36:37.986691,0,12.9,0.0,78,12.7,0.0,MPPT Charging,28,29,0,0,8363
2026-08-23T23:36:40.191839,0,12.9,0.0,78,12.7,0.0,MPPT Charging,27,29,0,0,8363
2026-08-23T23:36:41.991862,0,12.9,0.0,78,12.7,0.0,MPPT Charging,28,28,0,0,8363
2026-08-23T23:36:44.062298,0,12.9,0.0,78,12.7,0.0,MPPT Charging,28,29,0,0,8363
2026-08-23T23:36:46.132497,0,12.9,0.0,78,12.7,0.0,MPPT Charging,28,29,0,0,8363
2026-08-23T23:36:48.022532,0,12.9,0.0,78,12.7,0.0,MPPT Charging,27,29,0,0,8363
2026-08-23T23:36:50.092059,0,12.9,0.0,78,12.7,0.0,MPPT Charging,27,29,0,0,8363
2026-08-23T23:36:52.024168,0,12.9,0.0,78,12.7,0.0,MPPT Charging,27,28,0,0,8363
2026-08-23T23:36:54.008394,0,12.9,0.0,78,12.7,0.0,MPPT Charging,27,28,0,0,8363
2026-08-23T23:36:55.987267,0,12.9,0.0,78,12.7,0.0,MPPT Charging,28,29,0,0,8363
2026-08-23T23:36:58.190073,0,12.9,0.0,78,12.7,0.0,MPPT Charging,27,29,0,0,8363
2026-08-23T23:37:00.082111,0,12.9,0.0,78,12.7,0.0,MPPT Charging,28,29,0,0,8363
2026-08-23T23:37:02.152449,0,12.9,0.0,78,12.7,0.0,MPPT Charging,28,29,0,0,8363
2026-08-23T23:37:04.537505,0,12.9,0.0,78,12.7,0.0,MPPT Charging,27,29,0,0,8363
2026-08-23T23:37:06.110024,0,12.9,0.0,78,12.7,0.0,MPPT Charging,27,29,0,0,8363
2026-08-23T23:37:08.045090,0,12.9,0.0,78,12.7,0.0,MPPT Charging,28,29,0,0,8363
2026-08-23T23:37:10.115078,0,12.9,0.0,78,12.7,0.0,MPPT Charging,27,28,0,0,8363
2026-08-23T23:37:12.100254,0,12.9,0.0,78,12.7,0.0,MPPT Charging,27,28,0,0,8363
2026-08-23T23:37:14.211763,0,12.9,0.0,78,12.7,0.0,MPPT Charging,27,29,0,0,8363
2026-08-23T23:37:16.102213,0,12.9,0.0,78,12.7,0.0,MPPT Charging,28,28,0,0,8363
2026-08-23T23:37:18.079822,0,12.9,0.0,78,12.7,0.0,MPPT Charging,28,29,0,0,8363
2026-08-23T23:37:20.105223,0,12.9,0.0,78,12.7,0.0,MPPT Charging,28,28,0,0,8363
2026-08-23T23:37:22.087977,0,12.9,0.0,78,12.7,0.0,MPPT Charging,27,28,0,0,8363
2026-08-23T23:37:24.245719,0,12.9,0.0,79,12.7,0.0,MPPT Charging,27,29,0,0,8363
2026-08-23T23:37:26.182481,0,12.9,0.0,79,12.7,0.0,MPPT Charging,27,28,0,0,8363
2026-08-23T23:37:28.072730,0,12.9,0.0,79,12.7,0.0,MPPT Charging,28,28,0,0,8363
2026-08-23T23:37:30.188053,0,12.9,0.0,79,12.7,0.0,MPPT Charging,27,28,0,0,8363
2026-08-23T23:37:32.080396,0,12.9,0.0,79,12.7,0.0,MPPT Charging,28,28,0,0,8363
2026-08-23T23:37:34.191808,0,12.9,0.0,78,12.7,0.0,MPPT Charging,28,28,0,0,8363
2026-08-23T23:37:36.082071,0,12.9,0.0,78,12.7,0.0,MPPT Charging,28,29,0,0,8363
2026-08-23T23:37:38.063847,0,12.9,0.0,78,12.7,0.0,MPPT Charging,28,29,0,0,8363
2026-08-23T23:37:40.265188,0,12.9,0.0,78,12.7,0.0,MPPT Charging,27,29,0,0,8363
2026-08-23T23:37:41.976005,0,12.9,0.0,78,12.7,0.0,MPPT Charging,27,29,0,0,8363
2026-08-23T23:37:44.182590,0,12.9,0.0,78,12.7,0.0,MPPT Charging,27,29,0,0,8363
2026-08-23T23:37:46.027629,0,12.9,0.0,78,12.7,0.0,MPPT Charging,28,28,0,0,8363
2026-08-23T23:37:48.051893,0,12.9,0.0,79,12.7,0.0,MPPT Charging,27,29,0,0,8363
2026-08-23T23:37:50.030725,0,12.9,0.0,79,12.7,0.0,MPPT Charging,28,29,0,0,8363
2026-08-23T23:37:52.055108,0,12.9,0.0,79,12.7,0.0,MPPT Charging,27,28,0,0,8363
2026-08-23T23:37:53.993379,0,12.9,0.0,79,12.7,0.0,MPPT Charging,27,29,0,0,8363
2026-08-23T23:37:56.060472,0,12.9,0.0,79,12.7,0.0,MPPT Charging,27,29,0,0,8363
2026-08-23T23:37:58.041643,0,12.9,0.0,78,12.7,0.0,MPPT Charging,27,28,0,0,8363
2026-08-23T23:38:00.067881,0,12.9,0.0,78,12.7,0.0,MPPT Charging,27,29,0,0,8363
2026-08-23T23:38:02.047732,0,12.9,0.0,78,12.7,0.0,MPPT Charging,27,28,0,0,8363
2026-08-23T23:38:04.116588,0,12.9,0.0,76,12.7,0.0,MPPT Charging,28,29,0,0,8363
2026-08-23T23:38:06.053581,0,12.9,0.0,76,12.7,0.0,MPPT Charging,27,29,0,0,8363
2026-08-23T23:38:08.036327,0,12.9,0.0,79,12.7,0.0,MPPT Charging,27,29,0,0,8363
2026-08-23T23:38:10.058048,0,12.9,0.0,79,12.7,0.0,MPPT Charging,27,29,0,0,8363
2026-08-23T23:38:12.486986,0,12.9,0.0,79,12.7,0.0,MPPT Charging,27,28,0,0,8363
2026-08-23T23:38:14.155497,0,12.9,0.0,78,12.7,0.0,MPPT Charging,28,28,0,0,8363
2026-08-23T23:38:16.041784,0,12.9,0.0,78,12.7,0.0,MPPT Charging,27,28,0,0,8363
2026-08-23T23:38:18.021951,0,12.9,0.0,79,12.7,0.0,MPPT Charging,28,29,0,0,8363
2026-08-23T23:38:20.139719,0,12.9,0.0,79,12.7,0.0,MPPT Charging,27,29,0,0,8363
2026-08-23T23:38:22.026919,0,12.9,0.0,79,12.7,0.0,MPPT Charging,28,29,0,0,8363
2026-08-23T23:38:24.141936,0,12.9,0.0,79,12.7,0.0,MPPT Charging,27,28,0,0,8363
2026-08-23T23:38:26.036251,0,12.9,0.0,79,12.7,0.0,MPPT Charging,27,29,0,0,8363
2026-08-23T23:38:28.014041,0,12.9,0.0,79,12.7,0.0,MPPT Charging,28,29,0,0,8363
2026-08-23T23:38:30.038217,0,12.9,0.0,79,12.7,0.0,MPPT Charging,27,29,0,0,8363
2026-08-23T23:38:32.015640,0,12.9,0.0,79,12.7,0.0,MPPT Charging,28,29,0,0,8363
2026-08-23T23:38:34.132914,0,12.9,0.0,78,12.7,0.0,MPPT Charging,28,29,0,0,8363
2026-08-23T23:38:36.021390,0,12.9,0.0,78,12.7,0.0,MPPT Charging,28,29,0,0,8363
2026-08-23T23:38:38.136314,0,12.9,0.0,79,12.7,0.0,MPPT Charging,27,29,0,0,8363
2026-08-23T23:38:40.027214,0,12.9,0.0,79,12.7,0.0,MPPT Charging,28,29,0,0,8363
2026-08-23T23:38:42.455842,0,12.9,0.0,79,12.7,0.0,MPPT Charging,28,28,0,0,8363
2026-08-23T23:38:44.347168,0,12.9,0.0,79,12.7,0.0,MPPT Charging,27,29,0,0,8363
2026-08-23T23:38:46.011245,0,12.9,0.0,79,12.7,0.0,MPPT Charging,27,28,0,0,8363
2026-08-23T23:38:48.126912,0,12.9,0.0,78,12.7,0.0,MPPT Charging,28,29,0,0,8363
2026-08-23T23:38:50.017252,0,12.9,0.0,78,12.7,0.0,MPPT Charging,27,29,0,0,8363
2026-08-23T23:38:52.131442,0,12.9,0.0,78,12.7,0.0,MPPT Charging,28,28,0,0,8363
2026-08-23T23:38:54.020840,0,12.9,0.0,78,12.7,0.0,MPPT Charging,28,29,0,0,8363
2026-08-23T23:38:56.045887,0,12.9,0.0,78,12.7,0.0,MPPT Charging,28,28,0,0,8363
2026-08-23T23:38:58.071095,0,12.9,0.0,78,12.7,0.0,MPPT Charging,28,29,0,0,8363
2026-08-23T23:39:00.053109,0,12.9,0.0,78,12.7,0.0,MPPT Charging,28,29,0,0,8363
2026-08-23T23:39:02.213195,0,12.9,0.0,78,12.7,0.0,MPPT Charging,28,29,0,0,8363
2026-08-23T23:39:04.101586,0,12.9,0.0,78,12.7,0.0,MPPT Charging,28,28,0,0,8363
2026-08-23T23:39:06.080810,0,12.9,0.0,78,12.7,0.0,MPPT Charging,27,29,0,0,8363
2026-08-23T23:39:08.016065,0,12.9,0.0,78,12.7,0.0,MPPT Charging,28,29,0,0,8363
2026-08-23T23:39:09.995917,0,12.9,0.0,78,12.7,0.0,MPPT Charging,28,29,0,0,8363
2026-08-23T23:39:11.975817,0,12.9,0.0,78,12.7,0.0,MPPT Charging,28,28,0,0,8363
2026-08-23T23:39:14.001376,0,12.9,0.0,78,12.7,0.0,MPPT Charging,27,29,0,0,8363
2026-08-23T23:39:15.980585,0,12.9,0.0,78,12.7,0.0,MPPT Charging,27,28,0,0,8363
2026-08-23T23:39:18.053604,0,12.9,0.0,78,12.7,0.0,MPPT Charging,28,29,0,0,8363
2026-08-23T23:39:19.986296,0,12.9,0.0,79,12.7,0.0,MPPT Charging,28,29,0,0,8363
2026-08-23T23:39:22.013540,0,12.9,0.0,79,12.7,0.0,MPPT Charging,28,29,0,0,8363
2026-08-23T23:39:23.991141,0,12.9,0.0,79,12.7,0.0,MPPT Charging,28,29,0,0,8363
2026-08-23T23:39:26.027842,0,12.9,0.0,79,12.7,0.0,MPPT Charging,27,29,0,0,8363
2026-08-23T23:39:28.086227,0,12.9,0.0,79,12.7,0.0,MPPT Charging,28,29,0,0,8363
2026-08-23T23:39:30.022880,0,12.9,0.0,79,12.7,0.0,MPPT Charging,28,29,0,0,8363
2026-08-23T23:39:32.095806,0,12.9,0.0,79,12.7,0.0,MPPT Charging,27,29,0,0,8363
2026-08-23T23:39:34.071074,0,12.9,0.0,79,12.7,0.0,MPPT Charging,27,28,0,0,8363
2026-08-23T23:39:36.771562,0,12.9,0.0,79,12.7,0.0,MPPT Charging,28,28,0,0,8363
2026-08-23T23:39:38.438972,0,12.9,0.0,79,12.7,0.0,MPPT Charging,27,29,0,0,8363
2026-08-23T23:39:40.371440,0,12.9,0.0,79,12.7,0.0,MPPT Charging,28,29,0,0,8363
2026-08-23T23:39:41.994311,0,12.9,0.0,79,12.7,0.0,MPPT Charging,28,28,0,0,8363
2026-08-23T23:39:44.285823,0,12.9,0.0,78,12.7,0.0,MPPT Charging,28,29,0,0,8363
2026-08-23T23:39:46.040994,0,12.9,0.0,78,12.7,0.0,MPPT Charging,28,29,0,0,8363
2026-08-23T23:39:48.023511,0,12.9,0.0,78,12.7,0.0,MPPT Charging,28,29,0,0,8363
2026-08-23T23:39:50.005391,0,12.9,0.0,79,12.7,0.0,MPPT Charging,28,29,0,0,8363
2026-08-23T23:39:52.434224,0,12.9,0.0,79,12.7,0.0,MPPT Charging,27,29,0,0,8363
2026-08-23T23:39:54.053951,0,12.9,0.0,79,12.7,0.0,MPPT Charging,28,29,0,0,8363
2026-08-23T23:39:56.032293,0,12.9,0.0,79,12.7,0.0,MPPT Charging,27,28,0,0,8363
2026-08-23T23:39:58.147567,0,12.7,0.0,79,12.7,0.0,MPPT Charging,27,28,0,0,8363
2026-08-23T23:39:59.994676,0,12.4,0.0,78,12.7,0.0,MPPT Charging,27,28,0,0,8363
2026-08-23T23:40:02.062457,0,12.4,0.0,78,12.7,0.0,MPPT Charging,28,29,0,0,8363
2026-08-23T23:40:04.178350,0,12.5,0.0,78,12.7,0.0,MPPT Charging,28,28,0,0,8363
2026-08-23T23:40:06.022919,0,12.8,0.0,78,12.7,0.0,MPPT Charging,28,28,0,0,8363
2026-08-23T23:40:08.093163,0,12.9,0.0,78,12.7,0.0,MPPT Charging,27,29,0,0,8363
2026-08-23T23:40:10.163704,0,12.9,0.0,78,12.7,0.0,MPPT Charging,27,29,0,0,8363
2026-08-23T23:40:12.054982,0,12.9,0.0,78,12.7,0.0,MPPT Charging,28,29,0,0,8363
2026-08-23T23:40:14.570924,0,12.9,0.0,79,12.7,0.0,MPPT Charging,27,29,0,0,8363
2026-08-23T23:40:16.103162,0,12.9,0.0,79,12.7,0.0,MPPT Charging,27,29,0,0,8363
2026-08-23T23:40:17.992848,0,12.9,0.0,79,12.7,0.0,MPPT Charging,28,29,0,0,8363
2026-08-23T23:40:20.019742,0,12.9,0.0,78,12.7,0.0,MPPT Charging,27,28,0,0,8363
2026-08-23T23:40:22.135232,0,12.9,0.0,78,12.7,0.0,MPPT Charging,27,29,0,0,8363
2026-08-23T23:40:24.022964,0,12.9,0.0,78,12.7,0.0,MPPT Charging,27,28,0,0,8363
2026-08-23T23:40:26.139836,0,12.9,0.0,78,12.7,0.0,MPPT Charging,28,28,0,0,8363
2026-08-23T23:40:27.984060,0,12.9,0.0,78,12.7,0.0,MPPT Charging,28,29,0,0,8363
2026-08-23T23:40:30.008978,0,12.9,0.0,78,12.7,0.0,MPPT Charging,28,28,0,0,8363
2026-08-23T23:40:32.345878,0,12.9,0.0,78,12.7,0.0,MPPT Charging,28,29,0,0,8363
2026-08-23T23:40:34.015296,0,12.9,0.0,78,12.7,0.0,MPPT Charging,27,29,0,0,8363
2026-08-23T23:40:36.039883,0,12.9,0.0,78,12.7,0.0,MPPT Charging,27,29,0,0,8363
2026-08-23T23:40:38.018019,0,12.9,0.0,78,12.7,0.0,MPPT Charging,28,29,0,0,8363
2026-08-23T23:40:39.997741,0,12.9,0.0,78,12.7,0.0,MPPT Charging,28,29,0,0,8363
2026-08-23T23:40:42.204298,0,12.9,0.0,78,12.7,0.0,MPPT Charging,27,29,0,0,8363
2026-08-23T23:40:44.181691,0,12.9,0.0,79,12.7,0.0,MPPT Charging,28,28,0,0,8363
2026-08-23T23:40:46.030021,0,12.9,0.0,79,12.7,0.0,MPPT Charging,28,29,0,0,8363
2026-08-23T23:40:48.054914,0,12.9,0.0,79,12.7,0.0,MPPT Charging,28,29,0,0,8363
2026-08-23T23:40:49.990298,0,12.9,0.0,79,12.7,0.0,MPPT Charging,28,28,0,0,8363
2026-08-23T23:40:52.194940,0,12.9,0.0,79,12.7,0.0,MPPT Charging,28,28,0,0,8363
2026-08-23T23:40:53.994673,0,12.9,0.0,79,12.7,0.0,MPPT Charging,27,28,0,0,8363
2026-08-23T23:40:56.017446,0,12.9,0.0,79,12.7,0.0,MPPT Charging,27,29,0,0,8363
2026-08-23T23:40:58.043538,0,12.9,0.0,79,12.7,0.0,MPPT Charging,28,29,0,0,8363
2026-08-23T23:40:59.979145,0,12.9,0.0,78,12.7,0.0,MPPT Charging,28,29,0,0,8363
2026-08-23T23:41:02.047028,0,12.9,0.0,78,12.7,0.0,MPPT Charging,28,29,0,0,8363
2026-08-23T23:41:03.984001,0,12.9,0.0,78,12.7,0.0,MPPT Charging,28,29,0,0,8363
2026-08-23T23:41:06.145549,0,12.9,0.0,78,12.7,0.0,MPPT Charging,28,29,0,0,8363
2026-08-23T23:41:08.122119,0,12.9,0.0,78,12.7,0.0,MPPT Charging,28,29,0,0,8363
2026-08-23T23:41:10.056719,0,12.9,0.0,79,12.7,0.0,MPPT Charging,28,29,0,0,8363
2026-08-23T23:41:12.127864,0,12.9,0.0,79,12.7,0.0,MPPT Charging,27,29,0,0,8363
2026-08-23T23:41:14.061892,0,12.9,0.0,78,12.7,0.0,MPPT Charging,27,29,0,0,8363
2026-08-23T23:41:16.041937,0,12.9,0.0,78,12.7,0.0,MPPT Charging,28,29,0,0,8363
2026-08-23T23:41:18.246908,0,12.9,0.0,78,12.7,0.0,MPPT Charging,28,28,0,0,8363
2026-08-23T23:41:20.184224,0,12.9,0.0,78,12.7,0.0,MPPT Charging,27,28,0,0,8363
2026-08-23T23:41:22.207153,0,12.9,0.0,78,12.7,0.0,MPPT Charging,27,29,0,0,8363
2026-08-23T23:41:24.142119,0,12.9,0.0,78,12.7,0.0,MPPT Charging,28,29,0,0,8363
2026-08-23T23:41:25.986841,0,12.9,0.0,78,12.7,0.0,MPPT Charging,28,29,0,0,8363
2026-08-23T23:41:28.012593,0,12.9,0.0,78,12.7,0.0,MPPT Charging,28,29,0,0,8363
2026-08-23T23:41:30.086629,0,12.9,0.0,78,12.7,0.0,MPPT Charging,28,29,0,0,8363
2026-08-23T23:41:32.065521,0,12.9,0.0,78,12.7,0.0,MPPT Charging,27,29,0,0,8363
2026-08-23T23:41:34.314593,0,12.9,0.0,79,12.7,0.0,MPPT Charging,27,29,0,0,8363
2026-08-23T23:41:35.980444,0,12.9,0.0,79,12.7,0.0,MPPT Charging,27,29,0,0,8363
2026-08-23T23:41:38.227257,0,12.9,0.0,79,12.7,0.0,MPPT Charging,27,28,0,0,8363
2026-08-23T23:41:40.073177,0,12.9,0.0,79,12.7,0.0,MPPT Charging,27,29,0,0,8363
2026-08-23T23:41:42.413476,0,12.9,0.0,79,12.7,0.0,MPPT Charging,28,28,0,0,8363
2026-08-23T23:41:43.991873,0,12.9,0.0,78,12.7,0.0,MPPT Charging,28,29,0,0,8363
2026-08-23T23:41:46.239629,0,12.9,0.0,78,12.7,0.0,MPPT Charging,28,29,0,0,8363
2026-08-23T23:41:48.084045,0,12.9,0.0,78,12.7,0.0,MPPT Charging,27,29,0,0,8363
2026-08-23T23:41:50.063591,0,12.9,0.0,79,12.7,0.0,MPPT Charging,27,29,0,0,8363
2026-08-23T23:41:52.177662,0,12.9,0.0,79,12.7,0.0,MPPT Charging,27,29,0,0,8363
2026-08-23T23:41:53.981912,0,12.9,0.0,79,12.7,0.0,MPPT Charging,27,29,0,0,8363
2026-08-23T23:41:56.320342,0,12.9,0.0,79,12.7,0.0,MPPT Charging,28,28,0,0,8363
2026-08-23T23:41:58.071930,0,12.9,0.0,79,12.7,0.0,MPPT Charging,28,29,0,0,8363
2026-08-23T23:42:00.189805,0,12.9,0.0,79,12.7,0.0,MPPT Charging,28,28,0,0,8363
2026-08-23T23:42:02.035659,0,12.9,0.0,79,12.7,0.0,MPPT Charging,28,29,0,0,8363
2026-08-23T23:42:04.104223,0,12.9,0.0,79,12.7,0.0,MPPT Charging,28,28,0,0,8363
2026-08-23T23:42:05.993006,0,12.9,0.0,79,12.7,0.0,MPPT Charging,28,28,0,0,8363
2026-08-23T23:42:08.107082,0,12.9,0.0,79,12.7,0.0,MPPT Charging,28,29,0,0,8363
2026-08-23T23:42:10.042113,0,12.9,0.0,78,12.7,0.0,MPPT Charging,27,29,0,0,8363
2026-08-23T23:42:12.429199,0,12.9,0.0,78,12.7,0.0,MPPT Charging,28,29,0,0,8363
2026-08-23T23:42:15.042369,0,12.9,0.0,78,12.7,0.0,MPPT Charging,27,29,0,0,8363
2026-08-23T23:42:16.702762,0,12.9,0.0,78,12.7,0.0,MPPT Charging,28,29,0,0,8363
2026-08-23T23:42:18.592366,0,12.9,0.0,78,12.7,0.0,MPPT Charging,28,29,0,0,8363
2026-08-23T23:42:20.033890,0,12.9,0.0,79,12.7,0.0,MPPT Charging,27,29,0,0,8363
2026-08-23T23:42:22.058116,0,12.9,0.0,79,12.7,0.0,MPPT Charging,28,29,0,0,8363
2026-08-23T23:42:24.039256,0,12.9,0.0,78,12.7,0.0,MPPT Charging,27,28,0,0,8363
2026-08-23T23:42:26.063786,0,12.9,0.0,78,12.7,0.0,MPPT Charging,28,29,0,0,8363
2026-08-23T23:42:28.584377,0,12.9,0.0,78,12.7,0.0,MPPT Charging,28,29,0,0,8363
2026-08-23T23:42:30.115528,0,12.9,0.0,79,12.7,0.0,MPPT Charging,27,29,0,0,8363
2026-08-23T23:42:32.049132,0,12.9,0.0,79,12.7,0.0,MPPT Charging,27,29,0,0,8363
2026-08-23T23:42:34.387474,0,12.9,0.0,78,12.7,0.0,MPPT Charging,28,29,0,0,8363
2026-08-23T23:42:36.457853,0,12.9,0.0,78,12.7,0.0,MPPT Charging,28,29,0,0,8363
2026-08-23T23:42:38.306478,0,12.9,0.0,78,12.7,0.0,MPPT Charging,27,29,0,0,8363
2026-08-23T23:42:40.147946,0,12.9,0.0,78,12.7,0.0,MPPT Charging,27,29,0,0,8363
2026-08-23T23:42:42.040406,0,12.9,0.0,78,12.7,0.0,MPPT Charging,27,29,0,0,8363
2026-08-23T23:42:44.064562,0,12.9,0.0,79,12.7,0.0,MPPT Charging,27,29,0,0,8363
2026-08-23T23:42:46.627532,0,12.9,0.0,79,12.7,0.0,MPPT Charging,27,28,0,0,8363
2026-08-23T23:42:48.337708,0,12.9,0.0,79,12.7,0.0,MPPT Charging,28,28,0,0,8363
2026-08-23T23:42:50.365426,0,12.9,0.0,79,12.7,0.0,MPPT Charging,28,29,0,0,8363
2026-08-23T23:42:51.985352,0,12.9,0.0,79,12.7,0.0,MPPT Charging,28,28,0,0,8363
2026-08-23T23:42:54.008432,0,12.9,0.0,78,12.7,0.0,MPPT Charging,28,29,0,0,8363
2026-08-23T23:42:56.034821,0,12.9,0.0,78,12.7,0.0,MPPT Charging,27,29,0,0,8363
2026-08-23T23:42:57.969513,0,12.9,0.0,78,12.7,0.0,MPPT Charging,28,29,0,0,8363
2026-08-23T23:42:59.994605,0,12.9,0.0,79,12.7,0.0,MPPT Charging,28,28,0,0,8363
2026-08-23T23:43:01.974847,0,12.9,0.0,79,12.7,0.0,MPPT Charging,28,28,0,0,8363
2026-08-23T23:43:03.999436,0,12.9,0.0,78,12.7,0.0,MPPT Charging,27,29,0,0,8363
2026-08-23T23:43:06.068539,0,12.9,0.0,78,12.7,0.0,MPPT Charging,27,29,0,0,8363
2026-08-23T23:43:08.047529,0,12.9,0.0,78,12.7,0.0,MPPT Charging,28,29,0,0,8363
2026-08-23T23:43:10.350678,0,12.9,0.0,79,12.7,0.0,MPPT Charging,28,29,0,0,8363
2026-08-23T23:43:12.009888,0,12.9,0.0,79,12.7,0.0,MPPT Charging,28,28,0,0,8363
2026-08-23T23:43:14.077520,0,12.9,0.0,78,12.7,0.0,MPPT Charging,28,29,0,0,8363
2026-08-23T23:43:16.103490,0,12.9,0.0,78,12.7,0.0,MPPT Charging,27,28,0,0,8363
2026-08-23T23:43:18.084219,0,12.9,0.0,78,12.7,0.0,MPPT Charging,28,29,0,0,8363
2026-08-23T23:43:20.062317,0,12.9,0.0,79,12.7,0.0,MPPT Charging,28,28,0,0,8363
2026-08-23T23:43:22.179239,0,12.9,0.0,79,12.7,0.0,MPPT Charging,27,28,0,0,8363
2026-08-23T23:43:23.979170,0,12.9,0.0,78,12.7,0.0,MPPT Charging,27,29,0,0,8363
2026-08-23T23:43:26.093362,0,12.9,0.0,78,12.7,0.0,MPPT Charging,27,29,0,0,8363
2026-08-23T23:43:28.298317,0,12.9,0.0,78,12.7,0.0,MPPT Charging,27,28,0,0,8363
2026-08-23T23:43:30.053565,0,12.9,0.0,78,12.7,0.0,MPPT Charging,28,29,0,0,8363
2026-08-23T23:43:32.171449,0,12.9,0.0,78,12.7,0.0,MPPT Charging,27,28,0,0,8363
2026-08-23T23:43:34.103598,0,12.9,0.0,78,12.7,0.0,MPPT Charging,28,29,0,0,8363
2026-08-23T23:43:36.040356,0,12.9,0.0,78,12.7,0.0,MPPT Charging,28,28,0,0,8363
2026-08-23T23:43:38.111384,0,12.9,0.0,78,12.7,0.0,MPPT Charging,27,29,0,0,8363
2026-08-23T23:43:40.045367,0,12.9,0.0,79,12.7,0.0,MPPT Charging,28,28,0,0,8363
2026-08-23T23:43:42.068283,0,12.9,0.0,79,12.7,0.0,MPPT Charging,27,28,0,0,8363
2026-08-23T23:43:44.093076,0,12.9,0.0,78,12.7,0.0,MPPT Charging,28,29,0,0,8363
2026-08-23T23:43:46.075508,0,12.9,0.0,78,12.7,0.0,MPPT Charging,28,29,0,0,8363
2026-08-23T23:43:48.100615,0,12.9,0.0,78,12.7,0.0,MPPT Charging,28,28,0,0,8363
2026-08-23T23:43:49.988385,0,12.9,0.0,78,12.7,0.0,MPPT Charging,28,29,0,0,8363
2026-08-23T23:43:51.973906,0,12.9,0.0,78,12.7,0.0,MPPT Charging,27,28,0,0,8363
2026-08-23T23:43:54.083512,0,12.9,0.0,79,12.7,0.0,MPPT Charging,27,29,0,0,8363
2026-08-23T23:43:55.978482,0,12.9,0.0,79,12.7,0.0,MPPT Charging,27,29,0,0,8363
2026-08-23T23:43:58.088695,0,12.9,0.0,79,12.7,0.0,MPPT Charging,28,29,0,0,8363
2026-08-23T23:43:59.981047,0,12.9,0.0,78,12.7,0.0,MPPT Charging,27,29,0,0,8363
2026-08-23T23:44:02.049707,0,12.9,0.0,78,12.7,0.0,MPPT Charging,28,29,0,0,8363
2026-08-23T23:44:04.029937,0,12.9,0.0,79,12.7,0.0,MPPT Charging,27,28,0,0,8363
2026-08-23T23:44:06.055403,0,12.9,0.0,79,12.7,0.0,MPPT Charging,27,29,0,0,8363
2026-08-23T23:44:08.078657,0,12.9,0.0,79,12.7,0.0,MPPT Charging,28,29,0,0,8363
2026-08-23T23:44:10.015402,0,12.9,0.0,79,12.7,0.0,MPPT Charging,28,28,0,0,8363
2026-08-23T23:44:12.040196,0,12.9,0.0,79,12.7,0.0,MPPT Charging,27,29,0,0,8363
2026-08-23T23:44:14.065669,0,12.9,0.0,78,12.7,0.0,MPPT Charging,28,28,0,0,8363
2026-08-23T23:44:16.585653,0,12.9,0.0,78,12.7,0.0,MPPT Charging,28,29,0,0,8363
2026-08-23T23:44:18.248287,0,12.9,0.0,78,12.7,0.0,MPPT Charging,28,28,0,0,8363
2026-08-23T23:44:20.010991,0,12.9,0.0,79,12.7,0.0,MPPT Charging,28,29,0,0,8363
2026-08-23T23:44:21.984518,0,12.9,0.0,79,12.7,0.0,MPPT Charging,27,29,0,0,8363
2026-08-23T23:44:24.014015,0,12.9,0.0,78,12.7,0.0,MPPT Charging,27,29,0,0,8363
2026-08-23T23:44:26.171176,0,12.9,0.0,78,12.7,0.0,MPPT Charging,28,29,0,0,8363
2026-08-23T23:44:28.058758,0,12.9,0.0,78,12.7,0.0,MPPT Charging,28,29,0,0,8363
2026-08-23T23:44:29.997557,0,12.9,0.0,78,12.7,0.0,MPPT Charging,27,29,0,0,8363
2026-08-23T23:44:31.973363,0,12.9,0.0,78,12.7,0.0,MPPT Charging,28,29,0,0,8363
2026-08-23T23:44:33.998397,0,12.9,0.0,78,12.7,0.0,MPPT Charging,28,28,0,0,8363
2026-08-23T23:44:36.163996,0,12.9,0.0,78,12.7,0.0,MPPT Charging,28,29,0,0,8363
2026-08-23T23:44:38.048797,0,12.9,0.0,78,12.7,0.0,MPPT Charging,27,28,0,0,8363
2026-08-23T23:44:39.987605,0,12.9,0.0,79,12.7,0.0,MPPT Charging,27,29,0,0,8363
2026-08-23T23:44:42.008195,0,12.9,0.0,79,12.7,0.0,MPPT Charging,27,29,0,0,8363
2026-08-23T23:44:44.033286,0,12.9,0.0,79,12.7,0.0,MPPT Charging,27,29,0,0,8363
2026-08-23T23:44:45.968213,0,12.9,0.0,79,12.7,0.0,MPPT Charging,28,29,0,0,8363
2026-08-23T23:44:48.309295,0,12.9,0.0,79,12.7,0.0,MPPT Charging,27,29,0,0,8363
2026-08-23T23:44:49.975356,0,12.9,0.0,79,12.7,0.0,MPPT Charging,27,29,0,0,8363
2026-08-23T23:44:52.000619,0,12.9,0.0,79,12.7,0.0,MPPT Charging,27,29,0,0,8363
2026-08-23T23:44:53.981526,0,12.9,0.0,79,12.7,0.0,MPPT Charging,28,29,0,0,8363
2026-08-23T23:44:56.189995,0,12.9,0.0,79,12.7,0.0,MPPT Charging,27,28,0,0,8363
2026-08-23T23:44:58.074936,0,12.9,0.0,79,12.7,0.0,MPPT Charging,27,28,0,0,8363
2026-08-23T23:45:00.056391,0,12.9,0.0,79,12.7,0.0,MPPT Charging,28,29,0,0,8363
2026-08-23T23:45:02.037578,0,12.9,0.0,79,12.7,0.0,MPPT Charging,28,29,0,0,8363
2026-08-23T23:45:03.971435,0,12.9,0.0,79,12.7,0.0,MPPT Charging,28,29,0,0,8363
2026-08-23T23:45:06.042058,0,12.9,0.0,78,12.7,0.0,MPPT Charging,28,29,0,0,8363
2026-08-23T23:45:08.153944,0,12.5,0.0,78,12.7,0.0,MPPT Charging,28,29,0,0,8363
2026-08-23T23:45:10.045819,0,12.4,0.0,78,12.7,0.0,MPPT Charging,27,28,0,0,8363
2026-08-23T23:45:12.026925,0,12.4,0.0,78,12.7,0.0,MPPT Charging,28,29,0,0,8363
2026-08-23T23:45:14.005488,0,12.7,0.0,78,12.7,0.0,MPPT Charging,28,29,0,0,8363
2026-08-23T23:45:15.987026,0,12.9,0.0,78,12.7,0.0,MPPT Charging,28,28,0,0,8363
2026-08-23T23:45:18.011357,0,12.9,0.0,78,12.7,0.0,MPPT Charging,27,28,0,0,8363
2026-08-23T23:45:20.263169,0,12.9,0.0,79,12.7,0.0,MPPT Charging,28,29,0,0,8363
2026-08-23T23:45:21.971652,0,12.9,0.0,79,12.7,0.0,MPPT Charging,27,28,0,0,8363
2026-08-23T23:45:23.998613,0,12.9,0.0,79,12.7,0.0,MPPT Charging,27,29,0,0,8363
2026-08-23T23:45:26.020569,0,12.9,0.0,78,12.7,0.0,MPPT Charging,28,29,0,0,8363
2026-08-23T23:45:28.002953,0,12.9,0.0,78,12.7,0.0,MPPT Charging,27,28,0,0,8363
2026-08-23T23:45:30.023325,0,12.9,0.0,78,12.7,0.0,MPPT Charging,27,29,0,0,8363
2026-08-23T23:45:32.950590,0,12.9,0.0,78,12.7,0.0,MPPT Charging,27,29,0,0,8363
2026-08-23T23:45:34.075634,0,12.9,0.0,78,12.7,0.0,MPPT Charging,28,29,0,0,8363
2026-08-23T23:45:36.100733,0,12.9,0.0,78,12.7,0.0,MPPT Charging,27,29,0,0,8363
2026-08-23T23:45:38.575771,0,12.9,0.0,78,12.7,0.0,MPPT Charging,28,29,0,0,8363
2026-08-23T23:45:40.421893,0,12.9,0.0,78,12.7,0.0,MPPT Charging,27,29,0,0,8363
2026-08-23T23:45:42.220516,0,12.9,0.0,78,12.7,0.0,MPPT Charging,27,28,0,0,8363
2026-08-23T23:45:44.112185,0,12.9,0.0,78,12.7,0.0,MPPT Charging,27,29,0,0,8363
2026-08-23T23:45:46.315167,0,12.9,0.0,78,12.7,0.0,MPPT Charging,27,28,0,0,8363
2026-08-23T23:45:47.980406,0,12.9,0.0,78,12.7,0.0,MPPT Charging,27,29,0,0,8363
2026-08-23T23:45:50.099542,0,12.9,0.0,78,12.7,0.0,MPPT Charging,27,29,0,0,8363
2026-08-23T23:45:52.076378,0,12.9,0.0,78,12.7,0.0,MPPT Charging,27,29,0,0,8363
2026-08-23T23:45:54.235537,0,12.9,0.0,78,12.7,0.0,MPPT Charging,27,29,0,0,8363
2026-08-23T23:45:56.124354,0,12.9,0.0,79,12.7,0.0,MPPT Charging,28,29,0,0,8363
2026-08-23T23:45:58.062164,0,12.9,0.0,79,12.7,0.0,MPPT Charging,28,28,0,0,8363
2026-08-23T23:46:00.084543,0,12.9,0.0,79,12.7,0.0,MPPT Charging,27,29,0,0,8363
2026-08-23T23:46:02.109633,0,12.9,0.0,79,12.7,0.0,MPPT Charging,27,28,0,0,8363
2026-08-23T23:46:04.135937,0,12.9,0.0,79,12.7,0.0,MPPT Charging,27,29,0,0,8363
2026-08-23T23:46:06.069600,0,12.9,0.0,79,12.7,0.0,MPPT Charging,27,29,0,0,8363
2026-08-23T23:46:08.007639,0,12.9,0.0,79,12.7,0.0,MPPT Charging,28,28,0,0,8363
2026-08-23T23:46:10.299964,0,12.9,0.0,78,12.7,0.0,MPPT Charging,27,29,0,0,8363
2026-08-23T23:46:12.014387,0,12.9,0.0,78,12.7,0.0,MPPT Charging,28,29,0,0,8363
2026-08-23T23:46:13.990461,0,12.9,0.0,78,12.7,0.0,MPPT Charging,27,29,0,0,8363
2026-08-23T23:46:16.150380,0,12.9,0.0,79,12.7,0.0,MPPT Charging,27,28,0,0,8363
2026-08-23T23:46:17.997260,0,12.9,0.0,79,12.7,0.0,MPPT Charging,28,29,0,0,8363
2026-08-23T23:46:19.976429,0,12.9,0.0,79,12.7,0.0,MPPT Charging,28,29,0,0,8363
2026-08-23T23:46:22.001907,0,12.9,0.0,79,12.7,0.0,MPPT Charging,28,29,0,0,8363
2026-08-23T23:46:23.980256,0,12.9,0.0,79,12.7,0.0,MPPT Charging,27,28,0,0,8363
2026-08-23T23:46:26.095250,0,12.9,0.0,78,12.7,0.0,MPPT Charging,27,29,0,0,8363
2026-08-23T23:46:28.029669,0,12.9,0.0,78,12.7,0.0,MPPT Charging,28,28,0,0,8363
2026-08-23T23:46:30.054908,0,12.9,0.0,79,12.7,0.0,MPPT Charging,28,29,0,0,8363
2026-08-23T23:46:32.079867,0,12.9,0.0,79,12.7,0.0,MPPT Charging,27,29,0,0,8363
2026-08-23T23:46:34.105521,0,12.9,0.0,79,12.7,0.0,MPPT Charging,27,29,0,0,8363
2026-08-23T23:46:36.130683,0,12.9,0.0,78,12.7,0.0,MPPT Charging,28,29,0,0,8363
2026-08-23T23:46:37.976555,0,12.9,0.0,78,12.7,0.0,MPPT Charging,27,29,0,0,8363
2026-08-23T23:46:40.044818,0,12.9,0.0,78,12.7,0.0,MPPT Charging,27,29,0,0,8363
2026-08-23T23:46:42.564690,0,12.9,0.0,78,12.7,0.0,MPPT Charging,27,28,0,0,8363
2026-08-23T23:46:44.364487,0,12.9,0.0,78,12.7,0.0,MPPT Charging,27,29,0,0,8363
2026-08-23T23:46:46.119730,0,12.9,0.0,79,12.7,0.0,MPPT Charging,28,29,0,0,8363
2026-08-23T23:46:48.056093,0,12.9,0.0,79,12.7,0.0,MPPT Charging,28,29,0,0,8363
2026-08-23T23:46:49.991866,0,12.9,0.0,78,12.7,0.0,MPPT Charging,28,29,0,0,8363
2026-08-23T23:46:51.969163,0,12.9,0.0,78,12.7,0.0,MPPT Charging,28,29,0,0,8363
2026-08-23T23:46:53.994185,0,12.9,0.0,78,12.7,0.0,MPPT Charging,28,28,0,0,8363
2026-08-23T23:46:56.159114,0,12.9,0.0,78,12.7,0.0,MPPT Charging,27,29,0,0,8363
2026-08-23T23:46:58.135664,0,12.9,0.0,78,12.7,0.0,MPPT Charging,27,28,0,0,8363
2026-08-23T23:46:59.981172,0,12.9,0.0,78,12.7,0.0,MPPT Charging,27,29,0,0,8363
2026-08-23T23:47:02.098298,0,12.9,0.0,78,12.7,0.0,MPPT Charging,28,29,0,0,8363
2026-08-23T23:47:04.255712,0,12.9,0.0,78,12.7,0.0,MPPT Charging,27,29,0,0,8363
2026-08-23T23:47:06.144281,0,12.9,0.0,78,12.7,0.0,MPPT Charging,27,29,0,0,8363
2026-08-23T23:47:07.989583,0,12.9,0.0,78,12.7,0.0,MPPT Charging,28,29,0,0,8363
2026-08-23T23:47:10.016087,0,12.9,0.0,79,12.7,0.0,MPPT Charging,27,28,0,0,8363
2026-08-23T23:47:11.994609,0,12.9,0.0,79,12.7,0.0,MPPT Charging,28,29,0,0,8363
2026-08-23T23:47:13.976466,0,12.9,0.0,79,12.7,0.0,MPPT Charging,28,29,0,0,8363
2026-08-23T23:47:15.999510,0,12.9,0.0,79,12.7,0.0,MPPT Charging,28,29,0,0,8363
2026-08-23T23:47:17.984182,0,12.9,0.0,79,12.7,0.0,MPPT Charging,27,28,0,0,8363
2026-08-23T23:47:20.054021,0,12.9,0.0,78,12.7,0.0,MPPT Charging,27,29,0,0,8363
2026-08-23T23:47:22.074514,0,12.9,0.0,78,12.7,0.0,MPPT Charging,27,29,0,0,8363
2026-08-23T23:47:24.013597,0,12.9,0.0,78,12.7,0.0,MPPT Charging,28,29,0,0,8363
2026-08-23T23:47:26.036373,0,12.9,0.0,78,12.7,0.0,MPPT Charging,27,29,0,0,8363
2026-08-23T23:47:27.974287,0,12.9,0.0,78,12.7,0.0,MPPT Charging,28,28,0,0,8363
2026-08-23T23:47:29.997398,0,12.9,0.0,78,12.7,0.0,MPPT Charging,27,28,0,0,8363
2026-08-23T23:47:32.029069,0,12.9,0.0,78,12.7,0.0,MPPT Charging,28,29,0,0,8363
2026-08-23T23:47:34.227223,0,12.9,0.0,78,12.7,0.0,MPPT Charging,28,29,0,0,8363
2026-08-23T23:47:35.982192,0,12.9,0.0,78,12.7,0.0,MPPT Charging,27,28,0,0,8363
2026-08-23T23:47:38.096734,0,12.9,0.0,78,12.7,0.0,MPPT Charging,27,29,0,0,8363
2026-08-23T23:47:39.986540,0,12.9,0.0,79,12.7,0.0,MPPT Charging,27,28,0,0,8363
2026-08-23T23:47:42.104043,0,12.9,0.0,79,12.7,0.0,MPPT Charging,28,29,0,0,8363
2026-08-23T23:47:44.169517,0,12.9,0.0,79,12.7,0.0,MPPT Charging,28,29,0,0,8363
2026-08-23T23:47:46.284614,0,12.9,0.0,78,12.7,0.0,MPPT Charging,28,28,0,0,8363
2026-08-23T23:47:48.219664,0,12.9,0.0,78,12.7,0.0,MPPT Charging,27,29,0,0,8363
2026-08-23T23:47:50.157503,0,12.9,0.0,79,12.7,0.0,MPPT Charging,27,29,0,0,8363
2026-08-23T23:47:52.179604,0,12.9,0.0,79,12.7,0.0,MPPT Charging,28,28,0,0,8363
2026-08-23T23:47:54.073316,0,12.9,0.0,79,12.7,0.0,MPPT Charging,27,29,0,0,8363
2026-08-23T23:47:56.815075,0,12.9,0.0,78,12.7,0.0,MPPT Charging,28,29,0,0,8363
2026-08-23T23:47:58.483947,0,12.9,0.0,78,12.7,0.0,MPPT Charging,28,28,0,0,8363
2026-08-23T23:48:00.055731,0,12.9,0.0,78,12.7,0.0,MPPT Charging,28,29,0,0,8363
2026-08-23T23:48:02.080915,0,12.9,0.0,78,12.7,0.0,MPPT Charging,28,28,0,0,8363
2026-08-23T23:48:04.104996,0,12.9,0.0,78,12.7,0.0,MPPT Charging,27,29,0,0,8363
2026-08-23T23:48:06.133834,0,12.9,0.0,78,12.7,0.0,MPPT Charging,28,28,0,0,8363
2026-08-23T23:48:07.976906,0,12.9,0.0,78,12.7,0.0,MPPT Charging,28,28,0,0,8363
2026-08-23T23:48:10.095121,0,12.9,0.0,79,12.7,0.0,MPPT Charging,27,29,0,0,8363
2026-08-23T23:48:12.027798,0,12.9,0.0,79,12.7,0.0,MPPT Charging,27,29,0,0,8363
2026-08-23T23:48:14.094227,0,12.9,0.0,79,12.7,0.0,MPPT Charging,27,29,0,0,8363
2026-08-23T23:48:16.034986,0,12.9,0.0,78,12.7,0.0,MPPT Charging,28,28,0,0,8363
2026-08-23T23:48:18.056606,0,12.9,0.0,78,12.7,0.0,MPPT Charging,28,28,0,0,8363
2026-08-23T23:48:20.037261,0,12.9,0.0,79,12.7,0.0,MPPT Charging,28,29,0,0,8363
2026-08-23T23:48:22.066481,0,12.9,0.0,79,12.7,0.0,MPPT Charging,28,29,0,0,8363
2026-08-23T23:48:24.356949,0,12.9,0.0,79,12.7,0.0,MPPT Charging,28,29,0,0,8363
2026-08-23T23:48:26.021104,0,12.9,0.0,78,12.7,0.0,MPPT Charging,27,29,0,0,8363
2026-08-23T23:48:28.046726,0,12.9,0.0,78,12.7,0.0,MPPT Charging,27,28,0,0,8363
2026-08-23T23:48:30.025746,0,12.9,0.0,79,12.7,0.0,MPPT Charging,27,29,0,0,8363
2026-08-23T23:48:32.060273,0,12.9,0.0,79,12.7,0.0,MPPT Charging,28,29,0,0,8363
2026-08-23T23:48:34.169453,0,12.9,0.0,79,12.7,0.0,MPPT Charging,28,29,0,0,8363
2026-08-23T23:48:36.010448,0,12.9,0.0,79,12.7,0.0,MPPT Charging,28,29,0,0,8363
2026-08-23T23:48:37.991059,0,12.9,0.0,79,12.7,0.0,MPPT Charging,28,28,0,0,8363
2026-08-23T23:48:40.060602,0,12.9,0.0,78,12.7,0.0,MPPT Charging,28,28,0,0,8363
2026-08-23T23:48:42.040540,0,12.9,0.0,78,12.7,0.0,MPPT Charging,28,29,0,0,8363
2026-08-23T23:48:44.110362,0,12.9,0.0,78,12.7,0.0,MPPT Charging,28,28,0,0,8363
2026-08-23T23:48:46.000699,0,12.9,0.0,78,12.7,0.0,MPPT Charging,28,29,0,0,8363
2026-08-23T23:48:47.982181,0,12.9,0.0,78,12.7,0.0,MPPT Charging,28,29,0,0,8363
2026-08-23T23:48:50.009174,0,12.9,0.0,78,12.7,0.0,MPPT Charging,28,29,0,0,8363
2026-08-23T23:48:52.165833,0,12.9,0.0,78,12.7,0.0,MPPT Charging,28,29,0,0,8363
2026-08-23T23:48:54.102451,0,12.9,0.0,78,12.7,0.0,MPPT Charging,28,29,0,0,8363
2026-08-23T23:48:55.992233,0,12.9,0.0,79,12.7,0.0,MPPT Charging,27,28,0,0,8363
2026-08-23T23:48:58.108418,0,12.9,0.0,79,12.7,0.0,MPPT Charging,27,29,0,0,8363
2026-08-23T23:49:00.265866,0,12.9,0.0,78,12.7,0.0,MPPT Charging,27,29,0,0,8363
2026-08-23T23:49:02.067585,0,12.9,0.0,78,12.7,0.0,MPPT Charging,28,28,0,0,8363
2026-08-23T23:49:04.046467,0,12.9,0.0,78,12.7,0.0,MPPT Charging,28,29,0,0,8363
2026-08-23T23:49:05.980857,0,12.9,0.0,79,12.7,0.0,MPPT Charging,28,28,0,0,8363
2026-08-23T23:49:08.005936,0,12.9,0.0,79,12.7,0.0,MPPT Charging,27,29,0,0,8363
2026-08-23T23:49:10.124924,0,12.9,0.0,78,12.7,0.0,MPPT Charging,28,29,0,0,8363
2026-08-23T23:49:12.055535,0,12.9,0.0,78,12.7,0.0,MPPT Charging,27,29,0,0,8363
2026-08-23T23:49:14.035544,0,12.9,0.0,78,12.7,0.0,MPPT Charging,28,29,0,0,8363
2026-08-23T23:49:15.970537,0,12.9,0.0,78,12.7,0.0,MPPT Charging,28,28,0,0,8363
2026-08-23T23:49:17.998627,0,12.9,0.0,78,12.7,0.0,MPPT Charging,27,28,0,0,8363
2026-08-23T23:49:20.155416,0,12.9,0.0,79,12.7,0.0,MPPT Charging,28,28,0,0,8363
2026-08-23T23:49:22.180776,0,12.9,0.0,79,12.7,0.0,MPPT Charging,28,28,0,0,8363
2026-08-23T23:49:23.982745,0,12.9,0.0,79,12.7,0.0,MPPT Charging,28,29,0,0,8363
2026-08-23T23:49:26.096231,0,12.9,0.0,78,12.7,0.0,MPPT Charging,27,29,0,0,8363
2026-08-23T23:49:27.987775,0,12.9,0.0,78,12.7,0.0,MPPT Charging,28,29,0,0,8363
2026-08-23T23:49:30.868272,0,12.9,0.0,78,12.7,0.0,MPPT Charging,28,29,0,0,8363
2026-08-23T23:49:32.307927,0,12.9,0.0,78,12.7,0.0,MPPT Charging,27,29,0,0,8363
2026-08-23T23:49:34.107522,0,12.9,0.0,78,12.7,0.0,MPPT Charging,28,29,0,0,8363
2026-08-23T23:49:36.087139,0,12.9,0.0,78,12.7,0.0,MPPT Charging,27,29,0,0,8363
2026-08-23T23:49:37.979106,0,12.9,0.0,78,12.7,0.0,MPPT Charging,27,28,0,0,8363
2026-08-23T23:49:40.227985,0,12.9,0.0,78,12.7,0.0,MPPT Charging,27,29,0,0,8363
2026-08-23T23:49:42.118635,0,12.9,0.0,78,12.7,0.0,MPPT Charging,28,28,0,0,8363
2026-08-23T23:49:44.095447,0,12.9,0.0,78,12.7,0.0,MPPT Charging,28,29,0,0,8363
2026-08-23T23:49:46.033465,0,12.9,0.0,78,12.7,0.0,MPPT Charging,28,29,0,0,8363
2026-08-23T23:49:48.056542,0,12.9,0.0,78,12.7,0.0,MPPT Charging,28,29,0,0,8363
2026-08-23T23:49:49.993937,0,12.9,0.0,79,12.7,0.0,MPPT Charging,28,28,0,0,8363
2026-08-23T23:49:52.016180,0,12.9,0.0,79,12.7,0.0,MPPT Charging,28,28,0,0,8363
2026-08-23T23:49:54.490626,0,12.9,0.0,79,12.7,0.0,MPPT Charging,27,28,0,0,8363
2026-08-23T23:49:56.071475,0,12.9,0.0,78,12.7,0.0,MPPT Charging,28,28,0,0,8363
2026-08-23T23:49:58.135741,0,12.9,0.0,78,12.7,0.0,MPPT Charging,28,29,0,0,8363
2026-08-23T23:50:00.071290,0,12.9,0.0,78,12.7,0.0,MPPT Charging,28,29,0,0,8363
2026-08-23T23:50:02.140795,0,12.9,0.0,78,12.7,0.0,MPPT Charging,28,29,0,0,8363
2026-08-23T23:50:04.035673,0,12.9,0.0,78,12.7,0.0,MPPT Charging,28,29,0,0,8363
2026-08-23T23:50:06.057555,0,12.9,0.0,78,12.7,0.0,MPPT Charging,28,29,0,0,8363
2026-08-23T23:50:08.038918,0,12.9,0.0,78,12.7,0.0,MPPT Charging,28,29,0,0,8363
2026-08-23T23:50:10.016009,0,12.9,0.0,79,12.7,0.0,MPPT Charging,28,29,0,0,8363
2026-08-23T23:50:12.042591,0,12.9,0.0,79,12.7,0.0,MPPT Charging,28,29,0,0,8363
2026-08-23T23:50:14.247246,0,12.9,0.0,79,12.7,0.0,MPPT Charging,28,29,0,0,8363
2026-08-23T23:50:16.046724,0,12.6,0.0,78,12.7,0.0,MPPT Charging,27,29,0,0,8363
2026-08-23T23:50:18.027462,0,12.3,0.0,78,12.7,0.0,MPPT Charging,28,29,0,0,8363
2026-08-23T23:50:20.007552,0,12.4,0.0,78,12.7,0.0,MPPT Charging,28,29,0,0,8363
2026-08-23T23:50:22.256884,0,12.5,0.0,78,12.7,0.0,MPPT Charging,28,28,0,0,8363
2026-08-23T23:50:24.057511,0,12.8,0.0,78,12.7,0.0,MPPT Charging,28,28,0,0,8363
2026-08-23T23:50:26.170547,0,12.9,0.0,78,12.7,0.0,MPPT Charging,28,29,0,0,8363
2026-08-23T23:50:28.020594,0,12.9,0.0,78,12.7,0.0,MPPT Charging,28,28,0,0,8363
2026-08-23T23:50:34.050592,0,12.9,0.0,78,12.7,0.0,MPPT Charging,27,29,0,0,8363
2026-08-23T23:50:36.027184,0,12.9,0.0,78,12.7,0.0,MPPT Charging,28,28,0,0,8363
2026-08-23T23:50:38.006524,0,12.9,0.0,78,12.7,0.0,MPPT Charging,28,28,0,0,8363
2026-08-23T23:50:40.122925,0,12.9,0.0,78,12.7,0.0,MPPT Charging,28,28,0,0,8363
2026-08-23T23:50:42.148380,0,12.9,0.0,78,12.7,0.0,MPPT Charging,28,28,0,0,8363
2026-08-23T23:50:44.036374,0,12.9,0.0,78,12.7,0.0,MPPT Charging,27,28,0,0,8363
2026-08-23T23:50:46.106956,0,12.9,0.0,78,12.7,0.0,MPPT Charging,28,29,0,0,8363
2026-08-23T23:50:48.042870,0,12.9,0.0,78,12.7,0.0,MPPT Charging,28,29,0,0,8363
2026-08-23T23:50:50.245636,0,12.9,0.0,78,12.7,0.0,MPPT Charging,27,28,0,0,8363
2026-08-23T23:50:52.047448,0,12.9,0.0,78,12.7,0.0,MPPT Charging,28,28,0,0,8363
2026-08-23T23:50:54.015214,0,12.9,0.0,78,12.7,0.0,MPPT Charging,28,29,0,0,8363
2026-08-23T23:50:56.141614,0,12.9,0.0,78,12.7,0.0,MPPT Charging,28,29,0,0,8363
2026-08-23T23:50:58.078984,0,12.9,0.0,78,12.7,0.0,MPPT Charging,28,29,0,0,8363
2026-08-23T23:51:00.011622,0,12.9,0.0,78,12.7,0.0,MPPT Charging,28,29,0,0,8363
2026-08-23T23:51:02.039829,0,12.9,0.0,78,12.7,0.0,MPPT Charging,28,29,0,0,8363
2026-08-23T23:51:04.152669,0,12.9,0.0,78,12.7,0.0,MPPT Charging,27,28,0,0,8363
2026-08-23T23:51:06.008556,0,12.9,0.0,78,12.7,0.0,MPPT Charging,27,28,0,0,8363
2026-08-23T23:51:08.070691,0,12.9,0.0,78,12.7,0.0,MPPT Charging,27,29,0,0,8363
2026-08-23T23:51:10.277691,0,12.9,0.0,78,12.7,0.0,MPPT Charging,28,29,0,0,8363
2026-08-23T23:51:12.027701,0,12.9,0.0,78,12.7,0.0,MPPT Charging,27,29,0,0,8363
2026-08-23T23:51:14.103953,0,12.9,0.0,78,12.7,0.0,MPPT Charging,28,29,0,0,8363
2026-08-23T23:51:15.986869,0,12.9,0.0,79,12.7,0.0,MPPT Charging,27,28,0,0,8363
2026-08-23T23:51:18.101724,0,12.9,0.0,79,12.7,0.0,MPPT Charging,27,28,0,0,8363
2026-08-23T23:51:20.127435,0,12.9,0.0,79,12.7,0.0,MPPT Charging,28,28,0,0,8363
2026-08-23T23:51:22.466648,0,12.9,0.0,79,12.7,0.0,MPPT Charging,28,28,0,0,8363
2026-08-23T23:51:24.132363,0,12.9,0.0,79,12.7,0.0,MPPT Charging,27,29,0,0,8363
2026-08-23T23:51:25.976505,0,12.9,0.0,79,12.7,0.0,MPPT Charging,28,28,0,0,8363
2026-08-23T23:51:28.047093,0,12.9,0.0,79,12.7,0.0,MPPT Charging,28,29,0,0,8363
2026-08-23T23:51:30.116963,0,12.9,0.0,79,12.7,0.0,MPPT Charging,28,29,0,0,8363
2026-08-23T23:51:32.592131,0,12.9,0.0,79,12.7,0.0,MPPT Charging,28,28,0,0,8363
2026-08-23T23:51:34.303744,0,12.9,0.0,79,12.7,0.0,MPPT Charging,28,29,0,0,8363
2026-08-23T23:51:36.059763,0,12.9,0.0,79,12.7,0.0,MPPT Charging,28,29,0,0,8363
2026-08-23T23:51:37.992011,0,12.9,0.0,79,12.7,0.0,MPPT Charging,28,28,0,0,8363
2026-08-23T23:51:39.973238,0,12.9,0.0,79,12.7,0.0,MPPT Charging,28,28,0,0,8363
2026-08-23T23:51:42.042397,0,12.9,0.0,78,12.7,0.0,MPPT Charging,27,29,0,0,8363
2026-08-23T23:51:44.067471,0,12.8,0.0,78,12.7,0.0,MPPT Charging,27,29,0,0,8363
2026-08-23T23:51:46.096950,0,12.8,0.0,78,12.7,0.0,MPPT Charging,28,28,0,0,8363
2026-08-23T23:51:48.073707,0,12.9,0.0,78,12.7,0.0,MPPT Charging,28,29,0,0,8363
2026-08-23T23:51:50.190799,0,12.9,0.0,78,12.7,0.0,MPPT Charging,28,29,0,0,8363
2026-08-23T23:51:52.258753,0,12.9,0.0,78,12.7,0.0,MPPT Charging,27,28,0,0,8363
2026-08-23T23:51:54.282692,0,12.9,0.0,78,12.7,0.0,MPPT Charging,28,28,0,0,8363
2026-08-23T23:51:56.084373,0,12.9,0.0,78,12.7,0.0,MPPT Charging,28,29,0,0,8363
2026-08-23T23:51:57.973178,0,12.8,0.0,78,12.7,0.0,MPPT Charging,28,29,0,0,8363
2026-08-23T23:52:00.224284,0,12.9,0.0,78,12.7,0.0,MPPT Charging,28,29,0,0,8363
2026-08-23T23:52:02.160538,0,12.9,0.0,78,12.7,0.0,MPPT Charging,28,29,0,0,8363
2026-08-23T23:52:04.408010,0,12.9,0.0,78,12.7,0.0,MPPT Charging,28,29,0,0,8363
2026-08-23T23:52:06.163244,0,12.9,0.0,78,12.7,0.0,MPPT Charging,28,29,0,0,8363
2026-08-23T23:52:08.007167,0,12.9,0.0,78,12.7,0.0,MPPT Charging,28,29,0,0,8363
2026-08-23T23:52:10.302112,0,12.9,0.0,78,12.7,0.0,MPPT Charging,28,28,0,0,8363
2026-08-23T23:52:12.011815,0,12.8,0.0,78,12.7,0.0,MPPT Charging,27,29,0,0,8363
2026-08-23T23:52:14.265641,0,12.8,0.0,78,12.7,0.0,MPPT Charging,28,29,0,0,8363
2026-08-23T23:52:16.151713,0,12.8,0.0,78,12.7,0.0,MPPT Charging,28,28,0,0,8363
2026-08-23T23:52:18.041334,0,12.8,0.0,78,12.7,0.0,MPPT Charging,27,29,0,0,8363
2026-08-23T23:52:20.339542,0,12.9,0.0,78,12.7,0.0,MPPT Charging,28,29,0,0,8363
2026-08-23T23:52:22.002304,0,12.9,0.0,79,12.7,0.0,MPPT Charging,28,28,0,0,8363
2026-08-23T23:52:24.029181,0,12.9,0.0,79,12.7,0.0,MPPT Charging,28,28,0,0,8363
2026-08-23T23:52:26.008867,0,12.9,0.0,78,12.7,0.0,MPPT Charging,28,28,0,0,8363
2026-08-23T23:52:28.436960,0,12.9,0.0,78,12.7,0.0,MPPT Charging,28,29,0,0,8363
2026-08-23T23:52:30.283965,0,12.9,0.0,78,12.7,0.0,MPPT Charging,27,28,0,0,8363
2026-08-23T23:52:31.992810,0,12.8,0.0,78,12.7,0.0,MPPT Charging,27,28,0,0,8363
2026-08-23T23:52:34.017877,0,12.9,0.0,78,12.7,0.0,MPPT Charging,28,29,0,0,8363
2026-08-23T23:52:36.042150,0,12.8,0.0,79,12.7,0.0,MPPT Charging,28,29,0,0,8363
2026-08-23T23:52:38.428862,0,12.8,0.0,79,12.7,0.0,MPPT Charging,27,29,0,0,8363
2026-08-23T23:52:40.182045,0,12.8,0.0,79,12.7,0.0,MPPT Charging,28,29,0,0,8363
2026-08-23T23:52:42.118893,0,12.8,0.0,79,12.7,0.0,MPPT Charging,27,29,0,0,8363
2026-08-23T23:52:44.099755,0,12.9,0.0,79,12.7,0.0,MPPT Charging,28,29,0,0,8363
2026-08-23T23:52:45.988169,0,12.9,0.0,79,12.7,0.0,MPPT Charging,28,29,0,0,8363
2026-08-23T23:52:48.239783,0,12.9,0.0,79,12.7,0.0,MPPT Charging,28,29,0,0,8363
2026-08-23T23:52:50.354099,0,12.9,0.0,79,12.7,0.0,MPPT Charging,27,28,0,0,8363
2026-08-23T23:52:51.973988,0,12.8,0.0,78,12.7,0.0,MPPT Charging,28,29,0,0,8363
2026-08-23T23:52:53.999704,0,12.8,0.0,78,12.7,0.0,MPPT Charging,27,28,0,0,8363
2026-08-23T23:52:55.981668,0,12.8,0.0,78,12.7,0.0,MPPT Charging,28,28,0,0,8363
2026-08-23T23:52:58.005982,0,12.9,0.0,78,12.7,0.0,MPPT Charging,28,29,0,0,8363
2026-08-23T23:53:00.164726,0,12.9,0.0,78,12.7,0.0,MPPT Charging,28,29,0,0,8363
2026-08-23T23:53:02.008617,0,12.9,0.0,79,12.7,0.0,MPPT Charging,28,29,0,0,8363
2026-08-23T23:53:04.081063,0,12.9,0.0,79,12.7,0.0,MPPT Charging,27,28,0,0,8363
2026-08-23T23:53:06.058654,0,12.9,0.0,78,12.7,0.0,MPPT Charging,27,28,0,0,8363
2026-08-23T23:53:07.994340,0,12.8,0.0,78,12.7,0.0,MPPT Charging,28,29,0,0,8363
2026-08-23T23:53:10.112321,0,12.8,0.0,78,12.7,0.0,MPPT Charging,28,29,0,0,8363
2026-08-23T23:53:12.180837,0,12.8,0.0,78,12.7,0.0,MPPT Charging,28,29,0,0,8363
2026-08-23T23:53:14.068615,0,12.9,0.0,78,12.7,0.0,MPPT Charging,28,29,0,0,8363
2026-08-23T23:53:16.004504,0,12.9,0.0,78,12.7,0.0,MPPT Charging,28,28,0,0,8363
2026-08-23T23:53:18.076205,0,12.9,0.0,78,12.7,0.0,MPPT Charging,27,28,0,0,8363
2026-08-23T23:53:20.144060,0,12.8,0.0,78,12.7,0.0,MPPT Charging,28,28,0,0,8363
2026-08-23T23:53:21.991303,0,12.8,0.0,79,12.7,0.0,MPPT Charging,28,29,0,0,8363
2026-08-23T23:53:24.062365,0,12.8,0.0,79,12.7,0.0,MPPT Charging,27,28,0,0,8363
2026-08-23T23:53:25.993834,0,12.9,0.0,78,12.7,0.0,MPPT Charging,28,29,0,0,8363
2026-08-23T23:53:27.976284,0,12.8,0.0,78,12.7,0.0,MPPT Charging,27,29,0,0,8363
2026-08-23T23:53:30.494051,0,12.8,0.0,78,12.7,0.0,MPPT Charging,27,28,0,0,8363
2026-08-23T23:53:32.428057,0,12.8,0.0,79,12.7,0.0,MPPT Charging,28,29,0,0,8363
2026-08-23T23:53:34.275024,0,12.8,0.0,79,12.7,0.0,MPPT Charging,28,28,0,0,8363
2026-08-23T23:53:36.074230,0,12.8,0.0,79,12.7,0.0,MPPT Charging,28,28,0,0,8363
2026-08-23T23:53:38.459192,0,12.8,0.0,79,12.7,0.0,MPPT Charging,27,29,0,0,8363
2026-08-23T23:53:40.707878,0,12.8,0.0,79,12.7,0.0,MPPT Charging,27,28,0,0,8363
2026-08-23T23:53:42.147726,0,12.8,0.0,79,12.7,0.0,MPPT Charging,27,28,0,0,8363
2026-08-23T23:53:44.175646,0,12.8,0.0,79,12.7,0.0,MPPT Charging,28,29,0,0,8363
2026-08-23T23:53:45.972840,0,12.8,0.0,78,12.7,0.0,MPPT Charging,28,29,0,0,8363
2026-08-23T23:53:48.088696,0,12.9,0.0,78,12.7,0.0,MPPT Charging,27,29,0,0,8363
2026-08-23T23:53:50.337965,0,12.9,0.0,78,12.7,0.0,MPPT Charging,27,29,0,0,8363
2026-08-23T23:53:56.054448,0,12.8,0.0,79,12.7,0.0,MPPT Charging,28,29,0,0,8363
2026-08-23T23:53:58.079253,0,12.9,0.0,79,12.7,0.0,MPPT Charging,27,28,0,0,8363
2026-08-23T23:54:00.239308,0,12.9,0.0,79,12.7,0.0,MPPT Charging,27,29,0,0,8363
2026-08-23T23:54:02.128398,0,12.8,0.0,78,12.7,0.0,MPPT Charging,28,29,0,0,8363
2026-08-23T23:54:04.018531,0,12.8,0.0,78,12.7,0.0,MPPT Charging,28,29,0,0,8363
2026-08-23T23:54:06.000559,0,12.8,0.0,78,12.7,0.0,MPPT Charging,28,29,0,0,8363
2026-08-23T23:54:08.023096,0,12.8,0.0,78,12.7,0.0,MPPT Charging,27,28,0,0,8363
2026-08-23T23:54:10.182491,0,12.8,0.0,78,12.7,0.0,MPPT Charging,27,28,0,0,8363
2026-08-23T23:54:12.253983,0,12.8,0.0,79,12.7,0.0,MPPT Charging,28,28,0,0,8363
2026-08-23T23:54:14.009737,0,12.8,0.0,79,12.7,0.0,MPPT Charging,28,29,0,0,8363
2026-08-23T23:54:15.989989,0,12.9,0.0,78,12.7,0.0,MPPT Charging,28,28,0,0,8363
2026-08-23T23:54:18.150962,0,12.9,0.0,78,12.7,0.0,MPPT Charging,28,29,0,0,8363
2026-08-23T23:54:20.082954,0,12.8,0.0,78,12.7,0.0,MPPT Charging,28,29,0,0,8363
2026-08-23T23:54:22.153027,0,12.8,0.0,78,12.7,0.0,MPPT Charging,28,28,0,0,8363
2026-08-23T23:54:24.225778,0,12.9,0.0,78,12.7,0.0,MPPT Charging,27,28,0,0,8363
2026-08-23T23:54:25.977379,0,12.8,0.0,79,12.7,0.0,MPPT Charging,27,28,0,0,8363
2026-08-23T23:54:28.048737,0,12.8,0.0,79,12.7,0.0,MPPT Charging,28,29,0,0,8363
2026-08-23T23:54:30.345660,0,12.8,0.0,79,12.7,0.0,MPPT Charging,28,28,0,0,8363
2026-08-23T23:54:32.188506,0,12.8,0.0,79,12.7,0.0,MPPT Charging,28,28,0,0,8363
2026-08-23T23:54:33.990979,0,12.9,0.0,79,12.7,0.0,MPPT Charging,27,29,0,0,8363
2026-08-23T23:54:36.015185,0,12.8,0.0,78,12.7,0.0,MPPT Charging,28,29,0,0,8363
2026-08-23T23:54:37.996102,0,12.8,0.0,78,12.7,0.0,MPPT Charging,28,29,0,0,8363
2026-08-23T23:54:40.019763,0,12.8,0.0,78,12.7,0.0,MPPT Charging,28,29,0,0,8363
2026-08-23T23:54:42.314609,0,12.8,0.0,78,12.7,0.0,MPPT Charging,27,29,0,0,8363
2026-08-23T23:54:44.024914,0,12.8,0.0,78,12.7,0.0,MPPT Charging,28,28,0,0,8363
2026-08-23T23:54:46.007952,0,12.8,0.0,78,12.7,0.0,MPPT Charging,28,29,0,0,8363
2026-08-23T23:54:48.121972,0,12.8,0.0,78,12.7,0.0,MPPT Charging,28,29,0,0,8363
2026-08-23T23:54:50.144378,0,12.8,0.0,78,12.7,0.0,MPPT Charging,27,29,0,0,8363
2026-08-23T23:54:52.081311,0,12.8,0.0,78,12.7,0.0,MPPT Charging,27,29,0,0,8363
2026-08-23T23:54:53.973087,0,12.8,0.0,78,12.7,0.0,MPPT Charging,28,29,0,0,8363
2026-08-23T23:54:56.084691,0,12.8,0.0,78,12.7,0.0,MPPT Charging,27,29,0,0,8363
2026-08-23T23:54:58.065485,0,12.8,0.0,78,12.7,0.0,MPPT Charging,28,29,0,0,8363
2026-08-23T23:55:00.403442,0,12.8,0.0,78,12.7,0.0,MPPT Charging,27,28,0,0,8363
2026-08-23T23:55:02.250118,0,12.8,0.0,79,12.7,0.0,MPPT Charging,28,28,0,0,8363
2026-08-23T23:55:04.363975,0,12.8,0.0,79,12.7,0.0,MPPT Charging,28,28,0,0,8363
2026-08-23T23:55:06.118433,0,12.8,0.0,78,12.7,0.0,MPPT Charging,28,28,0,0,8363
2026-08-23T23:55:08.100513,0,12.8,0.0,78,12.7,0.0,MPPT Charging,27,28,0,0,8363
2026-08-23T23:55:10.214117,0,12.8,0.0,78,12.7,0.0,MPPT Charging,27,29,0,0,8363
2026-08-23T23:55:12.058821,0,12.8,0.0,79,12.7,0.0,MPPT Charging,27,29,0,0,8363
2026-08-23T23:55:14.039130,0,12.8,0.0,79,12.7,0.0,MPPT Charging,27,28,0,0,8363
2026-08-23T23:55:16.064757,0,12.8,0.0,78,12.7,0.0,MPPT Charging,27,29,0,0,8363
2026-08-23T23:55:18.093776,0,12.8,0.0,78,12.7,0.0,MPPT Charging,27,29,0,0,8363
2026-08-23T23:55:20.159115,0,12.8,0.0,78,12.7,0.0,MPPT Charging,27,29,0,0,8363
2026-08-23T23:55:22.182535,0,12.8,0.0,78,12.7,0.0,MPPT Charging,27,29,0,0,8363
2026-08-23T23:55:24.209451,0,12.7,0.0,78,12.7,0.0,MPPT Charging,28,28,0,0,8363
2026-08-23T23:55:26.277696,0,12.4,0.0,78,12.7,0.0,MPPT Charging,27,29,0,0,8363
2026-08-23T23:55:28.215816,0,12.3,0.0,78,12.7,0.0,MPPT Charging,27,28,0,0,8363
2026-08-23T23:55:30.014013,0,12.4,0.0,78,12.7,0.0,MPPT Charging,27,29,0,0,8363
2026-08-23T23:55:32.038010,0,12.7,0.0,79,12.7,0.0,MPPT Charging,28,28,0,0,8363
2026-08-23T23:55:33.977059,0,12.9,0.0,79,12.7,0.0,MPPT Charging,27,29,0,0,8363
2026-08-23T23:55:36.002271,0,12.9,0.0,78,12.7,0.0,MPPT Charging,27,29,0,0,8363
2026-08-23T23:55:38.349313,0,12.9,0.0,78,12.7,0.0,MPPT Charging,27,28,0,0,8363
2026-08-23T23:55:40.095091,0,12.8,0.0,78,12.7,0.0,MPPT Charging,28,28,0,0,8363
2026-08-23T23:55:42.031137,0,12.9,0.0,78,12.7,0.0,MPPT Charging,28,28,0,0,8363
2026-08-23T23:55:44.055493,0,12.9,0.0,78,12.7,0.0,MPPT Charging,28,29,0,0,8363
2026-08-23T23:55:46.038735,0,12.8,0.0,78,12.7,0.0,MPPT Charging,27,28,0,0,8363
2026-08-23T23:55:48.963661,0,12.8,0.0,78,12.7,0.0,MPPT Charging,27,29,0,0,8363
2026-08-23T23:55:50.356270,0,12.8,0.0,78,12.7,0.0,MPPT Charging,28,29,0,0,8363
2026-08-23T23:55:52.020352,0,12.8,0.0,78,12.7,0.0,MPPT Charging,27,28,0,0,8363
2026-08-23T23:55:54.047944,0,12.8,0.0,78,12.7,0.0,MPPT Charging,28,28,0,0,8363
2026-08-23T23:55:56.071621,0,12.8,0.0,78,12.7,0.0,MPPT Charging,28,29,0,0,8363
2026-08-23T23:55:58.232369,0,12.8,0.0,78,12.7,0.0,MPPT Charging,28,29,0,0,8363
2026-08-23T23:56:00.121284,0,12.8,0.0,78,12.7,0.0,MPPT Charging,27,28,0,0,8363
2026-08-23T23:56:02.011077,0,12.8,0.0,78,12.7,0.0,MPPT Charging,27,29,0,0,8363
2026-08-23T23:56:04.125701,0,12.8,0.0,78,12.7,0.0,MPPT Charging,27,29,0,0,8363
2026-08-23T23:56:06.012449,0,12.8,0.0,78,12.7,0.0,MPPT Charging,28,29,0,0,8363
2026-08-23T23:56:08.223042,0,12.8,0.0,79,12.7,0.0,MPPT Charging,28,28,0,0,8363
2026-08-23T23:56:12.855594,0,12.8,0.0,79,12.7,0.0,MPPT Charging,27,28,0,0,8363
2026-08-23T23:56:13.213796,0,12.8,0.0,79,12.7,0.0,MPPT Charging,28,29,0,0,8363
2026-08-23T23:56:14.025132,0,12.8,0.0,79,12.7,0.0,MPPT Charging,27,28,0,0,8363
2026-08-23T23:56:16.005947,0,12.8,0.0,79,12.7,0.0,MPPT Charging,27,29,0,0,8363
2026-08-23T23:56:18.255257,0,12.8,0.0,79,12.7,0.0,MPPT Charging,28,29,0,0,8363
2026-08-23T23:56:20.101595,0,12.8,0.0,79,12.7,0.0,MPPT Charging,28,28,0,0,8363
2026-08-23T23:56:22.034572,0,12.8,0.0,78,12.7,0.0,MPPT Charging,28,29,0,0,8363
2026-08-23T23:56:24.105188,0,12.8,0.0,78,12.7,0.0,MPPT Charging,28,29,0,0,8363
2026-08-23T23:56:26.533640,0,12.8,0.0,78,12.7,0.0,MPPT Charging,28,29,0,0,8363
2026-08-23T23:56:28.201291,0,12.8,0.0,79,12.7,0.0,MPPT Charging,28,28,0,0,8363
2026-08-23T23:56:30.224056,0,12.8,0.0,79,12.7,0.0,MPPT Charging,28,29,0,0,8363
2026-08-23T23:56:32.120858,0,12.8,0.0,78,12.7,0.0,MPPT Charging,27,29,0,0,8363
2026-08-23T23:56:34.095483,0,12.8,0.0,78,12.7,0.0,MPPT Charging,27,29,0,0,8363
2026-08-23T23:56:36.479399,0,12.8,0.0,78,12.7,0.0,MPPT Charging,28,28,0,0,8363
2026-08-23T23:56:38.188913,0,12.8,0.0,78,12.7,0.0,MPPT Charging,28,29,0,0,8363
2026-08-23T23:56:40.213878,0,12.8,0.0,78,12.7,0.0,MPPT Charging,27,29,0,0,8363
2026-08-23T23:56:42.199169,0,12.8,0.0,78,12.7,0.0,MPPT Charging,28,28,0,0,8363
2026-08-23T23:56:44.085087,0,12.8,0.0,78,12.7,0.0,MPPT Charging,28,29,0,0,8363
2026-08-23T23:56:46.109285,0,12.8,0.0,78,12.7,0.0,MPPT Charging,28,29,0,0,8363
2026-08-23T23:56:48.359177,0,12.8,0.0,78,12.7,0.0,MPPT Charging,27,29,0,0,8363
2026-08-23T23:56:50.115365,0,12.8,0.0,78,12.7,0.0,MPPT Charging,27,28,0,0,8363
2026-08-23T23:56:52.184960,0,12.8,0.0,78,12.7,0.0,MPPT Charging,28,29,0,0,8363
2026-08-23T23:56:54.118962,0,12.8,0.0,78,12.7,0.0,MPPT Charging,28,29,0,0,8363
2026-08-23T23:56:56.098863,0,12.8,0.0,78,12.7,0.0,MPPT Charging,28,29,0,0,8363
2026-08-23T23:56:58.170570,0,12.8,0.0,78,12.7,0.0,MPPT Charging,28,29,0,0,8363
2026-08-23T23:57:00.194117,0,12.8,0.0,78,12.7,0.0,MPPT Charging,27,29,0,0,8363
2026-08-23T23:57:02.083858,0,12.8,0.0,78,12.7,0.0,MPPT Charging,27,29,0,0,8363
2026-08-23T23:57:04.108952,0,12.8,0.0,78,12.7,0.0,MPPT Charging,27,29,0,0,8363
2026-08-23T23:57:05.998978,0,12.8,0.0,78,12.7,0.0,MPPT Charging,28,29,0,0,8363
2026-08-23T23:57:08.249040,0,12.8,0.0,78,12.7,0.0,MPPT Charging,27,28,0,0,8363
2026-08-23T23:57:10.051867,0,12.8,0.0,78,12.7,0.0,MPPT Charging,28,28,0,0,8363
2026-08-23T23:57:12.075065,0,12.8,0.0,78,12.7,0.0,MPPT Charging,27,29,0,0,8363
2026-08-23T23:57:14.099074,0,12.8,0.0,78,12.7,0.0,MPPT Charging,27,28,0,0,8363
2026-08-23T23:57:15.989880,0,12.8,0.0,78,12.7,0.0,MPPT Charging,27,28,0,0,8363
2026-08-23T23:57:18.199000,0,12.8,0.0,78,12.7,0.0,MPPT Charging,28,28,0,0,8363
2026-08-23T23:57:20.040979,0,12.8,0.0,78,12.7,0.0,MPPT Charging,27,29,0,0,8363
2026-08-23T23:57:22.067300,0,12.8,0.0,78,12.7,0.0,MPPT Charging,28,28,0,0,8363
2026-08-23T23:57:24.090916,0,12.8,0.0,78,12.7,0.0,MPPT Charging,27,28,0,0,8363
2026-08-23T23:57:26.070683,0,12.8,0.0,78,12.7,0.0,MPPT Charging,27,29,0,0,8363
2026-08-23T23:57:28.411694,0,12.8,0.0,79,12.7,0.0,MPPT Charging,27,29,0,0,8363
2026-08-23T23:57:30.254747,0,12.8,0.0,79,12.7,0.0,MPPT Charging,28,28,0,0,8363
2026-08-23T23:57:32.191842,0,12.8,0.0,79,12.7,0.0,MPPT Charging,27,28,0,0,8363
2026-08-23T23:57:34.169391,0,12.8,0.0,79,12.7,0.0,MPPT Charging,28,28,0,0,8363
2026-08-23T23:57:36.061680,0,12.8,0.0,79,12.7,0.0,MPPT Charging,28,29,0,0,8363
2026-08-23T23:57:38.311747,0,12.8,0.0,78,12.7,0.0,MPPT Charging,28,29,0,0,8363
2026-08-23T23:57:39.389592,0,12.8,0.0,78,12.7,0.0,MPPT Charging,28,28,0,0,8363
2026-08-23T23:57:41.056496,0,12.8,0.0,78,12.7,0.0,MPPT Charging,27,29,0,0,8363
2026-08-23T23:57:43.216246,0,12.8,0.0,78,12.7,0.0,MPPT Charging,27,29,0,0,8363
2026-08-23T23:57:45.063675,0,12.8,0.0,78,12.7,0.0,MPPT Charging,28,28,0,0,8363
2026-08-23T23:57:47.043776,0,12.8,0.0,79,12.7,0.0,MPPT Charging,27,28,0,0,8363
2026-08-23T23:57:48.977359,0,12.8,0.0,79,12.7,0.0,MPPT Charging,27,29,0,0,8363
2026-08-23T23:57:51.048355,0,12.8,0.0,79,12.7,0.0,MPPT Charging,27,29,0,0,8363
2026-08-23T23:57:53.297124,0,12.8,0.0,79,12.7,0.0,MPPT Charging,27,29,0,0,8363
2026-08-23T23:57:55.051678,0,12.8,0.0,79,12.7,0.0,MPPT Charging,28,29,0,0,8363
2026-08-23T23:57:57.168644,0,12.8,0.0,78,12.7,0.0,MPPT Charging,28,28,0,0,8363
2026-08-23T23:57:59.012983,0,12.8,0.0,78,12.7,0.0,MPPT Charging,28,29,0,0,8363
2026-08-23T23:58:02.117409,0,12.8,0.0,78,12.7,0.0,MPPT Charging,28,29,0,0,8363
2026-08-23T23:58:04.005339,0,12.8,0.0,78,12.7,0.0,MPPT Charging,27,28,0,0,8363
2026-08-23T23:58:06.032199,0,12.8,0.0,78,12.7,0.0,MPPT Charging,28,29,0,0,8363
2026-08-23T23:58:08.236106,0,12.8,0.0,78,12.7,0.0,MPPT Charging,28,29,0,0,8363
2026-08-23T23:58:10.044040,0,12.8,0.0,78,12.7,0.0,MPPT Charging,28,29,0,0,8363
2026-08-23T23:58:12.108786,0,12.8,0.0,78,12.7,0.0,MPPT Charging,27,29,0,0,8363
2026-08-23T23:58:14.041904,0,12.8,0.0,78,12.7,0.0,MPPT Charging,28,28,0,0,8363
2026-08-23T23:58:16.021626,0,12.8,0.0,78,12.7,0.0,MPPT Charging,28,28,0,0,8363
2026-08-23T23:58:18.003125,0,12.8,0.0,79,12.7,0.0,MPPT Charging,28,29,0,0,8363
2026-08-23T23:58:20.204075,0,12.8,0.0,79,12.7,0.0,MPPT Charging,27,29,0,0,8363
2026-08-23T23:58:22.098441,0,12.8,0.0,78,12.7,0.0,MPPT Charging,28,29,0,0,8363
2026-08-23T23:58:23.988517,0,12.8,0.0,78,12.7,0.0,MPPT Charging,28,28,0,0,8363
2026-08-23T23:58:26.013144,0,12.8,0.0,78,12.7,0.0,MPPT Charging,28,29,0,0,8363
2026-08-23T23:58:28.982761,0,12.8,0.0,78,12.7,0.0,MPPT Charging,27,29,0,0,8363
2026-08-23T23:58:30.916718,0,12.8,0.0,78,12.7,0.0,MPPT Charging,27,29,0,0,8363
2026-08-23T23:58:32.359789,0,12.8,0.0,78,12.7,0.0,MPPT Charging,27,29,0,0,8363
2026-08-23T23:58:34.202098,0,12.8,0.0,78,12.7,0.0,MPPT Charging,27,29,0,0,8363
2026-08-23T23:58:36.947724,0,12.8,0.0,78,12.7,0.0,MPPT Charging,28,29,0,0,8363
2026-08-23T23:58:38.611993,0,12.8,0.0,78,12.7,0.0,MPPT Charging,27,28,0,0,8363
2026-08-23T23:58:40.683354,0,12.8,0.0,78,12.7,0.0,MPPT Charging,28,28,0,0,8363
2026-08-23T23:58:42.302464,0,12.8,0.0,79,12.7,0.0,MPPT Charging,28,29,0,0,8363
2026-08-23T23:58:44.149493,0,12.8,0.0,79,12.7,0.0,MPPT Charging,27,28,0,0,8363
2026-08-23T23:58:46.082752,0,12.8,0.0,79,12.7,0.0,MPPT Charging,28,28,0,0,8363
2026-08-23T23:58:48.107681,0,12.8,0.0,79,12.7,0.0,MPPT Charging,28,29,0,0,8363
2026-08-23T23:58:50.358089,0,12.8,0.0,79,12.7,0.0,MPPT Charging,27,29,0,0,8363
2026-08-23T23:58:52.157840,0,12.8,0.0,78,12.7,0.0,MPPT Charging,28,28,0,0,8363
2026-08-23T23:58:54.047254,0,12.8,0.0,78,12.7,0.0,MPPT Charging,28,28,0,0,8363
2026-08-23T23:58:56.071364,0,12.8,0.0,78,12.7,0.0,MPPT Charging,27,28,0,0,8363
2026-08-23T23:58:58.096929,0,12.8,0.0,78,12.7,0.0,MPPT Charging,28,28,0,0,8363
2026-08-23T23:59:00.122374,0,12.8,0.0,78,12.7,0.0,MPPT Charging,27,29,0,0,8363
2026-08-23T23:59:02.283485,0,12.8,0.0,78,12.7,0.0,MPPT Charging,28,28,0,0,8363
2026-08-23T23:59:04.170085,0,12.8,0.0,78,12.7,0.0,MPPT Charging,28,28,0,0,8363
2026-08-23T23:59:06.153116,0,12.8,0.0,78,12.7,0.0,MPPT Charging,27,29,0,0,8363
2026-08-23T23:59:08.042233,0,12.8,0.0,79,12.7,0.0,MPPT Charging,27,29,0,0,8363
2026-08-23T23:59:10.110959,0,12.8,0.0,79,12.7,0.0,MPPT Charging,28,29,0,0,8363
2026-08-23T23:59:12.089872,0,12.8,0.0,79,12.7,0.0,MPPT Charging,27,29,0,0,8363
2026-08-23T23:59:13.983670,0,12.8,0.0,79,12.7,0.0,MPPT Charging,28,29,0,0,8363
2026-08-23T23:59:17.311201,0,12.8,0.0,79,12.7,0.0,MPPT Charging,27,28,0,0,8363
2026-08-23T23:59:18.795188,0,12.8,0.0,79,12.7,0.0,MPPT Charging,28,29,0,0,8363
2026-08-23T23:59:20.370143,0,12.8,0.0,79,12.7,0.0,MPPT Charging,28,28,0,0,8363
2026-08-23T23:59:22.350257,0,12.8,0.0,78,12.7,0.0,MPPT Charging,27,29,0,0,8363
2026-08-23T23:59:24.059996,0,12.8,0.0,78,12.7,0.0,MPPT Charging,28,28,0,0,8363
2026-08-23T23:59:26.040712,0,12.8,0.0,78,12.7,0.0,MPPT Charging,27,28,0,0,8363
2026-08-23T23:59:28.294140,0,12.8,0.0,78,12.7,0.0,MPPT Charging,27,29,0,0,8363
2026-08-23T23:59:30.452127,0,12.8,0.0,78,12.7,0.0,MPPT Charging,28,28,0,0,8363
2026-08-23T23:59:32.387500,0,12.8,0.0,78,12.7,0.0,MPPT Charging,27,29,0,0,8363
2026-08-23T23:59:34.141469,0,12.8,0.0,78,12.7,0.0,MPPT Charging,27,28,0,0,8363
2026-08-23T23:59:36.481735,0,12.8,0.0,78,12.7,0.0,MPPT Charging,27,28,0,0,8363
2026-08-23T23:59:39.004097,0,12.8,0.0,78,12.7,0.0,MPPT Charging,28,29,0,0,8363
2026-08-23T23:59:40.352336,0,12.8,0.0,78,12.7,0.0,MPPT Charging,28,29,0,0,8363
2026-08-23T23:59:43.277744,0,12.8,0.0,79,12.7,0.0,MPPT Charging,27,29,0,0,8363
2026-08-23T23:59:43.996894,0,12.8,0.0,79,12.7,0.0,MPPT Charging,28,28,0,0,8363
2026-08-23T23:59:46.830695,0,12.8,0.0,79,12.7,0.0,MPPT Charging,28,29,0,0,8363
2026-08-23T23:59:48.181693,0,12.8,0.0,79,12.7,0.0,MPPT Charging,28,29,0,0,8363
2026-08-23T23:59:50.521591,0,12.8,0.0,79,12.7,0.0,MPPT Charging,27,29,0,0,8363
2026-08-23T23:59:52.321772,0,12.8,0.0,78,12.7,0.0,MPPT Charging,28,28,0,0,8363
2026-08-23T23:59:55.380777,0,12.8,0.0,78,12.7,0.0,MPPT Charging,27,29,0,0,8363
2026-08-23T23:59:56.149341,0,12.8,0.0,78,12.7,0.0,MPPT Charging,27,29,0,0,8363
2026-08-23T23:59:58.129108,0,12.8,0.0,78,12.7,0.0,MPPT Charging,27,29,0,0,8363
