timestamp,pv_power_w,pv_voltage_v,pv_current_a,battery_soc_pct,battery_voltage_v,battery_current_a,charging_state,controller_temp_c,battery_temp_c,load_power_w,daily_generated_wh,total_generated_kwh
2026-08-25T02:40:58Z,0,36.6,0.00,100,14.2,0.00,Deactivated,23,24,15,1450,412
2026-08-25T02:41:08Z,0,36.6,0.00,100,14.2,0.00,Deactivated,23,24,15,1450,412
2026-08-25T02:41:18Z,0,36.6,0.00,100,14.2,0.00,Deactivated,23,24,15,1450,412
2026-08-25T02:41:28Z,0,36.6,0.00,100,14.2,0.00,Deactivated,23,24,15,1450,412
2026-08-25T02:41:36Z,0,36.6,0.00,100,14.2,0.00,Deactivated,23,24,15,1450,412
2026-08-25T02:41:46Z,0,36.5,0.00,100,14.2,0.00,Deactivated,23,24,15,1450,412
2026-08-25T02:41:54Z,0,36.5,0.00,100,14.2,0.00,Deactivated,23,24,15,1450,412
2026-08-25T02:42:04Z,0,36.5,0.00,100,14.2,0.00,Deactivated,23,24,15,1450,412
2026-08-25T02:42:14Z,0,36.5,0.00,100,14.2,0.00,Deactivated,23,25,15,1450,412
2026-08-25T02:42:24Z,0,36.5,0.00,100,14.2,0.00,Deactivated,24,25,15,1450,412
2026-08-25T02:42:32Z,0,36.5,0.00,100,14.2,0.00,Deactivated,24,25,15,1450,412
2026-08-25T02:42:42Z,0,36.5,0.00,100,14.2,0.00,Deactivated,24,25,15,1450,412
2026-08-25T02:42:50Z,0,36.5,0.00,100,14.2,0.00,Deactivated,24,25,15,1450,412
2026-08-25T02:42:58Z,0,36.5,0.00,100,14.2,0.00,Deactivated,24,25,15,1450,412
2026-08-25T02:43:08Z,0,36.5,0.00,100,14.2,0.00,Deactivated,24,25,15,1450,412
2026-08-25T02:43:18Z,0,36.5,0.00,100,14.2,0.00,Deactivated,24,25,15,1450,412
2026-08-25T02:43:28Z,0,36.5,0.00,100,14.2,0.00,Deactivated,24,25,15,1450,412
2026-08-25T02:43:38Z,0,36.5,0.00,100,14.2,0.00,Deactivated,24,25,15,1450,412
2026-08-25T02:43:48Z,0,36.5,0.00,100,14.2,0.00,Deactivated,24,26,15,1450,412
2026-08-25T02:43:58Z,0,36.5,0.00,100,14.2,0.00,Deactivated,25,26,15,1450,412
2026-08-25T02:44:06Z,0,36.5,0.00,100,14.2,0.00,Deactivated,25,26,15,1450,412
2026-08-25T02:44:16Z,0,36.5,0.00,100,14.2,0.00,Deactivated,25,26,15,1450,412
2026-08-25T02:44:26Z,0,36.5,0.00,100,14.2,0.00,Deactivated,25,26,15,1450,412
2026-08-25T02:44:36Z,0,36.5,0.00,100,14.2,0.00,Deactivated,25,26,15,1450,412
2026-08-25T02:44:46Z,0,36.5,0.00,100,14.2,0.00,Deactivated,25,26,15,1450,412
2026-08-25T02:44:54Z,0,36.5,0.00,100,14.2,0.00,Deactivated,25,26,15,1450,412
2026-08-25T02:45:04Z,0,36.5,0.00,100,14.2,0.00,Deactivated,25,26,15,1450,412
2026-08-25T02:45:14Z,0,36.5,0.00,100,14.2,0.00,Deactivated,25,26,15,1450,412
2026-08-25T02:45:22Z,0,36.6,0.00,100,14.2,0.00,Deactivated,25,27,15,1450,412
2026-08-25T02:45:32Z,0,36.6,0.00,100,14.2,0.00,Deactivated,25,27,15,1450,412
2026-08-25T02:45:40Z,0,36.6,0.00,100,14.2,0.00,Deactivated,26,27,15,1450,412
2026-08-25T02:45:48Z,0,36.6,0.00,100,14.2,0.00,Deactivated,26,27,15,1450,412
2026-08-25T02:45:56Z,0,36.6,0.00,100,14.2,0.00,Deactivated,26,27,15,1450,412
2026-08-25T02:46:07Z,0,36.6,0.00,100,14.2,0.00,Deactivated,26,27,15,1450,412
2026-08-25T02:46:14Z,0,36.6,0.00,100,14.2,0.00,Deactivated,26,27,15,1450,412
2026-08-25T02:46:22Z,0,36.6,0.00,100,14.2,0.00,Deactivated,26,27,15,1450,412
2026-08-25T02:46:32Z,0,36.6,0.00,100,14.2,0.00,Deactivated,26,27,15,1450,412
2026-08-25T02:46:42Z,0,36.7,0.00,100,14.2,0.00,Deactivated,26,27,15,1450,412
2026-08-25T02:46:52Z,0,36.7,0.00,100,14.2,0.00,Deactivated,26,27,15,1450,412
2026-08-25T02:47:02Z,0,36.7,0.00,100,14.2,0.00,Deactivated,26,27,15,1450,412
2026-08-25T02:47:12Z,0,36.7,0.00,100,14.2,0.00,Deactivated,26,27,15,1450,412
2026-08-25T02:47:22Z,0,36.7,0.00,100,14.2,0.00,Deactivated,26,27,15,1450,412
2026-08-25T02:47:32Z,0,36.8,0.00,100,14.2,0.00,Deactivated,26,27,15,1450,412
2026-08-25T02:47:40Z,0,36.8,0.00,100,14.2,0.00,Deactivated,26,27,15,1450,412
2026-08-25T02:47:48Z,0,36.8,0.00,100,14.2,0.00,Deactivated,26,28,15,1450,412
2026-08-25T02:47:56Z,0,36.8,0.00,100,14.2,0.00,Deactivated,26,28,15,1450,412
2026-08-25T02:48:06Z,0,36.8,0.00,100,14.2,0.00,Deactivated,27,28,15,1450,412
2026-08-25T02:48:14Z,0,36.8,0.00,100,14.2,0.00,Deactivated,27,28,15,1450,412
2026-08-25T02:48:24Z,0,36.9,0.00,100,14.2,0.00,Deactivated,27,28,15,1450,412
2026-08-25T02:48:34Z,0,36.9,0.00,100,14.2,0.00,Deactivated,27,28,15,1450,412
2026-08-25T02:48:42Z,0,36.9,0.00,100,14.2,0.00,Deactivated,27,28,15,1450,412
2026-08-25T02:48:50Z,0,36.9,0.00,100,14.2,0.00,Deactivated,27,28,15,1450,412
2026-08-25T02:48:59Z,0,0.0,0.00,67,12.5,0.00,Deactivated,28,29,0,0,8363
2026-08-25T02:49:08Z,0,37.0,0.00,100,14.2,0.00,Deactivated,27,28,15,1450,412
2026-08-25T02:49:18Z,0,37.0,0.00,100,14.2,0.00,Deactivated,27,28,15,1450,412
2026-08-25T02:49:28Z,0,37.0,0.00,100,14.2,0.00,Deactivated,27,28,15,1450,412
2026-08-25T02:49:36Z,0,37.1,0.00,100,14.2,0.00,Deactivated,27,28,15,1450,412
2026-08-25T02:49:44Z,0,37.1,0.00,100,14.2,0.00,Deactivated,27,28,15,1450,412
2026-08-25T02:49:54Z,0,37.1,0.00,100,14.2,0.00,Deactivated,27,28,15,1450,412
2026-08-25T02:50:04Z,0,37.2,0.00,100,14.2,0.00,Deactivated,27,28,15,1450,412
2026-08-25T02:50:14Z,0,37.2,0.00,100,14.2,0.00,Deactivated,27,28,15,1450,412
2026-08-25T02:50:22Z,0,37.2,0.00,100,14.2,0.00,Deactivated,27,28,15,1450,412
2026-08-25T02:50:30Z,0,37.2,0.00,100,14.2,0.00,Deactivated,27,28,15,1450,412
2026-08-25T02:50:38Z,0,37.3,0.00,100,14.2,0.00,Deactivated,27,28,15,1450,412
2026-08-25T02:50:48Z,0,37.3,0.00,100,14.2,0.00,Deactivated,27,28,15,1450,412
2026-08-25T02:50:56Z,0,37.3,0.00,100,14.2,0.00,Deactivated,27,28,15,1450,412
2026-08-25T02:51:04Z,0,37.4,0.00,100,14.2,0.00,Deactivated,27,28,15,1450,412
2026-08-25T02:51:14Z,0,37.4,0.00,100,14.2,0.00,Deactivated,27,28,15,1450,412
2026-08-25T02:51:24Z,0,37.4,0.00,100,14.2,0.00,Deactivated,27,28,15,1450,412
2026-08-25T02:51:34Z,0,37.5,0.00,100,14.2,0.00,Deactivated,27,28,15,1450,412
2026-08-25T02:51:44Z,0,37.5,0.00,100,14.2,0.00,Deactivated,27,28,15,1450,412
2026-08-25T02:51:54Z,0,37.5,0.00,100,14.2,0.00,Deactivated,27,28,15,1450,412
2026-08-25T02:52:02Z,0,37.6,0.00,100,14.2,0.00,Deactivated,27,28,15,1450,412
2026-08-25T02:52:10Z,0,37.6,0.00,100,14.2,0.00,Deactivated,27,28,15,1450,412
2026-08-25T02:52:18Z,0,37.6,0.00,100,14.2,0.00,Deactivated,27,28,15,1450,412
2026-08-25T02:52:28Z,0,37.7,0.00,100,14.2,0.00,Deactivated,27,28,15,1450,412
2026-08-25T02:52:36Z,0,37.7,0.00,100,14.2,0.00,Deactivated,27,28,15,1450,412
2026-08-25T02:52:44Z,0,37.7,0.00,100,14.2,0.00,Deactivated,27,28,15,1450,412
2026-08-25T02:52:54Z,0,37.8,0.00,100,14.2,0.00,Deactivated,27,28,15,1450,412
2026-08-25T02:53:04Z,0,37.8,0.00,100,14.2,0.00,Deactivated,27,28,15,1450,412
2026-08-25T02:53:14Z,0,37.9,0.00,100,14.2,0.00,Deactivated,27,28,15,1450,412
2026-08-25T02:53:24Z,0,37.9,0.00,100,14.2,0.00,Deactivated,27,28,15,1450,412
2026-08-25T02:53:34Z,0,37.9,0.00,100,14.2,0.00,Deactivated,27,28,15,1450,412
2026-08-25T02:53:44Z,0,38.0,0.00,100,14.2,0.00,Deactivated,27,28,15,1450,412
2026-08-25T02:53:54Z,0,38.0,0.00,100,14.2,0.00,Deactivated,27,28,15,1450,412
2026-08-25T02:54:04Z,0,38.1,0.00,100,14.2,0.00,Deactivated,26,28,15,1450,412
2026-08-25T02:54:12Z,0,38.1,0.00,100,14.2,0.00,Deactivated,26,28,15,1450,412
2026-08-25T02:54:20Z,0,38.1,0.00,100,14.2,0.00,Deactivated,26,27,15,1450,412
2026-08-25T02:54:29Z,0,0.0,0.00,67,12.5,0.00,Deactivated,28,29,0,0,8363
2026-08-25T02:54:38Z,0,38.2,0.00,100,14.2,0.00,Deactivated,26,27,15,1450,412
2026-08-25T02:54:46Z,0,38.3,0.00,100,14.2,0.00,Deactivated,26,27,15,1450,412
2026-08-25T02:54:56Z,0,38.3,0.00,100,14.2,0.00,Deactivated,26,27,15,1450,412
2026-08-25T02:55:06Z,0,38.3,0.00,100,14.2,0.00,Deactivated,26,27,20,1450,412
2026-08-25T02:55:16Z,0,38.4,0.00,100,14.2,0.00,Deactivated,26,27,20,1450,412
2026-08-25T02:55:26Z,0,38.4,0.00,100,14.2,0.00,Deactivated,26,27,20,1450,412
2026-08-25T02:55:34Z,0,38.5,0.00,100,14.2,0.00,Deactivated,26,27,20,1450,412
2026-08-25T02:55:44Z,0,38.5,0.00,100,14.2,0.00,Deactivated,26,27,20,1450,412
2026-08-25T02:55:54Z,0,38.6,0.00,100,14.2,0.00,Deactivated,26,27,20,1450,412
2026-08-25T02:56:04Z,0,38.6,0.00,100,14.2,0.00,Deactivated,26,27,20,1450,412
2026-08-25T02:56:12Z,0,38.6,0.00,100,14.2,0.00,Deactivated,26,27,20,1450,412
2026-08-25T02:56:20Z,0,38.7,0.00,100,14.2,0.00,Deactivated,26,27,20,1450,412
2026-08-25T02:56:28Z,0,38.7,0.00,100,14.2,0.00,Deactivated,25,27,20,1450,412
2026-08-25T02:56:38Z,0,38.8,0.00,100,14.2,0.00,Deactivated,25,26,20,1450,412
2026-08-25T02:56:48Z,0,38.8,0.00,100,14.2,0.00,Deactivated,25,26,20,1450,412
2026-08-25T02:56:58Z,0,38.9,0.00,100,14.2,0.00,Deactivated,25,26,20,1450,412
2026-08-25T02:57:08Z,0,38.9,0.00,100,14.2,0.00,Deactivated,25,26,23,1450,412
2026-08-25T02:57:16Z,0,38.9,0.00,100,14.2,0.00,Deactivated,25,26,28,1450,412
2026-08-25T02:57:24Z,0,39.0,0.00,100,14.2,0.00,Deactivated,25,26,34,1450,412
2026-08-25T02:57:34Z,0,0.2,0.00,100,13.3,0.00,Deactivated,24,26,65,1450,412
2026-08-25T02:57:44Z,0,0.2,0.00,100,13.3,0.00,Deactivated,24,26,65,1450,412
2026-08-25T02:57:54Z,0,0.2,0.00,100,13.3,0.00,Deactivated,24,26,65,1450,412
2026-08-25T02:58:02Z,0,0.2,0.00,100,13.3,0.00,Deactivated,24,26,65,1450,412
2026-08-25T02:58:12Z,0,0.2,0.00,100,13.3,0.00,Deactivated,24,26,65,1450,412
2026-08-25T02:58:20Z,0,0.2,0.00,100,13.3,0.00,Deactivated,23,25,65,1450,412
2026-08-25T02:58:28Z,0,0.2,0.00,100,13.3,0.00,Deactivated,23,25,65,1450,412
2026-08-25T02:58:38Z,0,0.2,0.00,100,13.3,0.00,Deactivated,23,25,65,1450,412
2026-08-25T02:58:48Z,0,0.2,0.00,100,13.3,0.00,Deactivated,23,25,65,1450,412
2026-08-25T02:58:56Z,0,0.2,0.00,100,13.3,0.00,Deactivated,23,25,65,1450,412
2026-08-25T02:59:04Z,0,0.2,0.00,100,13.3,0.00,Deactivated,23,25,65,1450,412
2026-08-25T02:59:14Z,0,0.2,0.00,100,13.3,0.00,Deactivated,23,25,65,1450,412
2026-08-25T02:59:24Z,0,0.2,0.00,100,13.3,0.00,Deactivated,23,25,65,1450,412
2026-08-25T02:59:34Z,0,0.2,0.00,100,13.3,0.00,Deactivated,23,25,65,1450,412
2026-08-25T02:59:44Z,0,0.2,0.00,100,13.3,0.00,Deactivated,23,25,65,1450,412
2026-08-25T02:59:54Z,0,0.2,0.00,100,13.3,0.00,Deactivated,22,24,65,1450,412
2026-08-25T03:00:04Z,0,0.2,0.00,99,13.3,0.00,Deactivated,22,24,65,1450,412
2026-08-25T03:00:14Z,0,0.2,0.00,99,13.3,0.00,Deactivated,22,24,65,1450,412
2026-08-25T03:00:24Z,0,0.2,0.00,99,13.3,0.00,Deactivated,22,24,65,1450,412
2026-08-25T03:00:34Z,0,0.2,0.00,99,13.3,0.00,Deactivated,22,24,65,1450,412
2026-08-25T03:00:44Z,0,0.2,0.00,99,13.3,0.00,Deactivated,22,24,65,1450,412
2026-08-25T03:00:54Z,0,0.2,0.00,99,13.3,0.00,Deactivated,22,24,65,1450,412
2026-08-25T03:01:04Z,0,0.2,0.00,99,13.3,0.00,Deactivated,22,24,65,1450,412
2026-08-25T03:01:14Z,0,0.2,0.00,99,13.3,0.00,Deactivated,21,23,65,1450,412
2026-08-25T03:01:23Z,0,0.2,0.00,99,13.3,0.00,Deactivated,21,23,65,1450,412
2026-08-25T03:01:30Z,0,0.2,0.00,99,13.3,0.00,Deactivated,21,23,65,1450,412
2026-08-25T03:01:40Z,0,0.2,0.00,99,13.3,0.00,Deactivated,21,23,65,1450,412
2026-08-25T03:01:50Z,0,0.2,0.00,99,13.3,0.00,Deactivated,21,23,65,1450,412
2026-08-25T03:02:00Z,0,0.2,0.00,99,13.3,0.00,Deactivated,21,23,65,1450,412
2026-08-25T03:02:08Z,0,0.2,0.00,99,13.3,0.00,Deactivated,21,23,65,1450,412
2026-08-25T03:02:17Z,0,0.0,0.00,67,12.4,0.00,Deactivated,28,29,0,0,8363
2026-08-25T03:02:26Z,0,0.2,0.00,99,13.3,0.00,Deactivated,20,22,65,1450,412
2026-08-25T03:02:36Z,0,0.2,0.00,99,13.3,0.00,Deactivated,20,22,65,1450,412
2026-08-25T03:02:44Z,0,0.2,0.00,99,13.3,0.00,Deactivated,20,22,65,1450,412
2026-08-25T03:02:54Z,0,0.2,0.00,99,13.3,0.00,Deactivated,20,22,65,1450,412
2026-08-25T03:03:02Z,0,0.2,0.00,99,13.3,0.00,Deactivated,20,22,17,1450,412
2026-08-25T03:03:10Z,0,0.2,0.00,99,13.3,0.00,Deactivated,20,22,17,1450,412
2026-08-25T03:03:18Z,0,0.2,0.00,99,13.3,0.00,Deactivated,20,22,17,1450,412
2026-08-25T03:03:28Z,0,0.2,0.00,99,13.3,0.00,Deactivated,20,22,17,1450,412
2026-08-25T03:03:38Z,0,0.2,0.00,99,13.3,0.00,Deactivated,20,22,17,1450,412
2026-08-25T03:03:48Z,0,0.2,0.00,99,13.3,0.00,Deactivated,19,21,17,1450,412
2026-08-25T03:03:58Z,0,0.2,0.00,99,13.3,0.00,Deactivated,19,21,17,1450,412
2026-08-25T03:04:08Z,0,0.2,0.00,99,13.3,0.00,Deactivated,19,21,17,1450,412
2026-08-25T03:04:18Z,0,0.2,0.00,99,13.3,0.00,Deactivated,19,21,17,1450,412
2026-08-25T03:04:28Z,0,0.2,0.00,99,13.3,0.00,Deactivated,19,21,17,1450,412
2026-08-25T03:04:38Z,0,0.2,0.00,99,13.3,0.00,Deactivated,19,21,17,1450,412
2026-08-25T03:04:48Z,0,0.2,0.00,99,13.3,0.00,Deactivated,19,21,17,1450,412
2026-08-25T03:04:56Z,0,0.2,0.00,99,13.3,0.00,Deactivated,19,21,17,1450,412
2026-08-25T03:05:04Z,0,0.2,0.00,62,13.2,0.00,Deactivated,18,20,17,1450,412
2026-08-25T03:05:14Z,0,0.2,0.00,62,13.2,0.00,Deactivated,18,20,17,1450,412
2026-08-25T03:05:24Z,0,0.2,0.00,62,13.2,0.00,Deactivated,18,20,17,1450,412
2026-08-25T03:05:34Z,0,0.2,0.00,62,13.2,0.00,Deactivated,18,20,17,1450,412
2026-08-25T03:05:44Z,0,0.2,0.00,62,13.2,0.00,Deactivated,18,20,17,1450,412
2026-08-25T03:05:54Z,0,0.2,0.00,62,13.2,0.00,Deactivated,18,20,17,1450,412
2026-08-25T03:06:04Z,0,0.2,0.00,62,13.2,0.00,Deactivated,18,20,17,1450,412
2026-08-25T03:06:14Z,0,0.2,0.00,62,13.2,0.00,Deactivated,18,20,17,1450,412
2026-08-25T03:06:24Z,0,0.2,0.00,62,13.2,0.00,Deactivated,17,19,17,1450,412
2026-08-25T03:06:34Z,0,0.2,0.00,62,13.2,0.00,Deactivated,17,19,17,1450,412
2026-08-25T03:06:44Z,0,0.2,0.00,62,13.2,0.00,Deactivated,17,19,17,1450,412
2026-08-25T03:06:52Z,0,0.2,0.00,62,13.2,0.00,Deactivated,17,19,17,1450,412
2026-08-25T03:07:00Z,0,0.2,0.00,62,13.2,0.00,Deactivated,17,19,17,1450,412
2026-08-25T03:07:10Z,0,0.2,0.00,62,13.2,0.00,Deactivated,17,19,17,1450,412
2026-08-25T03:07:18Z,0,0.2,0.00,62,13.2,0.00,Deactivated,17,19,17,1450,412
2026-08-25T03:07:28Z,0,0.2,0.00,61,13.2,0.00,Deactivated,17,19,17,1450,412
2026-08-25T03:07:38Z,0,0.2,0.00,61,13.2,0.00,Deactivated,17,19,17,1450,412
2026-08-25T03:07:48Z,0,0.2,0.00,61,13.2,0.00,Deactivated,17,19,17,1450,412
2026-08-25T03:07:58Z,0,0.2,0.00,61,13.2,0.00,Deactivated,16,18,17,1450,412
2026-08-25T03:08:08Z,0,0.2,0.00,61,13.2,0.00,Deactivated,16,18,17,1450,412
2026-08-25T03:08:18Z,0,0.2,0.00,61,13.2,0.00,Deactivated,16,18,17,1450,412
2026-08-25T03:08:28Z,0,0.2,0.00,61,13.2,0.00,Deactivated,16,18,17,1450,412
2026-08-25T03:08:38Z,0,0.2,0.00,61,13.2,0.00,Deactivated,16,18,17,1450,412
2026-08-25T03:08:48Z,0,0.2,0.00,61,13.2,0.00,Deactivated,16,18,17,1450,412
2026-08-25T03:08:58Z,0,0.2,0.00,61,13.2,0.00,Deactivated,16,18,17,1450,412
2026-08-25T03:09:08Z,0,0.2,0.00,61,13.2,0.00,Deactivated,16,18,17,1450,412
2026-08-25T03:09:18Z,0,0.2,0.00,61,13.2,0.00,Deactivated,16,18,17,1450,412
2026-08-25T03:09:28Z,0,0.2,0.00,61,13.2,0.00,Deactivated,16,18,17,1450,412
2026-08-25T03:09:38Z,0,0.2,0.00,61,13.2,0.00,Deactivated,15,17,17,1450,412
2026-08-25T03:09:48Z,0,0.2,0.00,61,13.2,0.00,Deactivated,15,17,17,1450,412
2026-08-25T03:09:58Z,0,0.2,0.00,61,13.2,0.00,Deactivated,15,17,17,1450,412
2026-08-25T03:10:08Z,0,0.2,0.00,61,13.2,0.00,Deactivated,15,17,17,1450,412
2026-08-25T03:10:16Z,0,0.2,0.00,61,13.2,0.00,Deactivated,15,17,17,1450,412
2026-08-25T03:10:24Z,0,0.2,0.00,61,13.2,0.00,Deactivated,15,17,17,1450,412
2026-08-25T03:10:34Z,0,0.2,0.00,61,13.2,0.00,Deactivated,15,17,17,1450,412
2026-08-25T03:10:44Z,0,0.2,0.00,61,13.2,0.00,Deactivated,15,17,17,1450,412
2026-08-25T03:10:54Z,0,0.2,0.00,61,13.2,0.00,Deactivated,15,17,17,1450,412
2026-08-25T03:11:04Z,0,0.2,0.00,61,13.2,0.00,Deactivated,15,17,17,1450,412
2026-08-25T03:11:14Z,0,0.2,0.00,61,13.2,0.00,Deactivated,15,17,17,1450,412
2026-08-25T03:11:24Z,0,0.2,0.00,61,13.2,0.00,Deactivated,15,17,17,1450,412
2026-08-25T03:11:33Z,0,0.2,0.00,61,13.2,0.00,Deactivated,15,17,17,1450,412
2026-08-25T03:11:40Z,0,0.2,0.00,61,13.2,0.00,Deactivated,15,17,17,1450,412
2026-08-25T03:11:50Z,0,0.2,0.00,61,13.2,0.00,Deactivated,15,17,17,1450,412
2026-08-25T03:11:58Z,0,0.2,0.00,61,13.2,0.00,Deactivated,15,17,17,1450,412
2026-08-25T03:12:08Z,0,0.2,0.00,61,13.2,0.00,Deactivated,14,16,17,1450,412
2026-08-25T03:12:18Z,0,0.2,0.00,61,13.2,0.00,Deactivated,14,16,17,1450,412
2026-08-25T03:12:28Z,0,0.2,0.00,60,13.2,0.00,Deactivated,14,16,17,1450,412
2026-08-25T03:12:36Z,0,0.2,0.00,60,13.2,0.00,Deactivated,14,16,17,1450,412
2026-08-25T03:12:44Z,0,0.2,0.00,60,13.2,0.00,Deactivated,14,16,17,1450,412
2026-08-25T03:12:54Z,0,0.2,0.00,60,13.2,0.00,Deactivated,14,16,17,1450,412
2026-08-25T03:13:04Z,0,0.2,0.00,60,13.2,0.00,Deactivated,14,16,17,1450,412
2026-08-25T03:13:14Z,0,0.2,0.00,60,13.2,0.00,Deactivated,14,16,17,1450,412
2026-08-25T03:13:22Z,0,0.2,0.00,60,13.2,0.00,Deactivated,14,16,17,1450,412
2026-08-25T03:13:30Z,0,0.2,0.00,60,13.2,0.00,Deactivated,14,16,17,1450,412
2026-08-25T03:13:40Z,0,0.2,0.00,60,13.2,0.00,Deactivated,14,16,17,1450,412
2026-08-25T03:13:48Z,0,0.2,0.00,60,13.2,0.00,Deactivated,14,16,17,1450,412
2026-08-25T03:13:58Z,0,0.2,0.00,60,13.2,0.00,Deactivated,14,16,17,1450,412
2026-08-25T03:14:08Z,0,0.2,0.00,60,13.2,0.00,Deactivated,14,16,17,1450,412
2026-08-25T03:14:18Z,0,0.2,0.00,60,13.2,0.00,Deactivated,14,16,17,1450,412
2026-08-25T03:14:26Z,0,0.2,0.00,60,13.2,0.00,Deactivated,14,16,17,1450,412
2026-08-25T03:14:34Z,0,0.2,0.00,60,13.2,0.00,Deactivated,14,16,17,1450,412
2026-08-25T03:14:44Z,0,0.2,0.00,60,13.2,0.00,Deactivated,14,16,17,1450,412
2026-08-25T03:14:54Z,0,0.2,0.00,60,13.2,0.00,Deactivated,14,16,17,1450,412
2026-08-25T03:15:04Z,0,0.2,0.00,60,13.2,0.00,Deactivated,14,16,17,1450,412
2026-08-25T03:15:14Z,0,0.2,0.00,60,13.2,0.00,Deactivated,14,16,17,1450,412
2026-08-25T03:15:22Z,0,0.2,0.00,60,13.2,0.00,Deactivated,14,16,17,1450,412
2026-08-25T03:15:30Z,0,0.2,0.00,60,13.2,0.00,Deactivated,14,16,17,1450,412
2026-08-25T03:15:38Z,0,0.2,0.00,60,13.2,0.00,Deactivated,14,16,17,1450,412
2026-08-25T03:15:48Z,0,0.2,0.00,60,13.2,0.00,Deactivated,14,16,17,1450,412
2026-08-25T03:15:58Z,0,0.2,0.00,60,13.2,0.00,Deactivated,14,16,17,1450,412
2026-08-25T03:16:08Z,0,0.2,0.00,60,13.2,0.00,Deactivated,14,16,17,1450,412
2026-08-25T03:16:18Z,0,0.2,0.00,60,13.2,0.00,Deactivated,14,16,17,1450,412
2026-08-25T03:16:28Z,0,0.2,0.00,60,13.2,0.00,Deactivated,14,16,17,1450,412
2026-08-25T03:16:38Z,0,0.2,0.00,60,13.2,0.00,Deactivated,14,16,17,1450,412
2026-08-25T03:16:48Z,0,0.2,0.00,60,13.2,0.00,Deactivated,14,16,17,1450,412
2026-08-25T03:16:58Z,0,0.2,0.00,60,13.2,0.00,Deactivated,14,16,17,1450,412
2026-08-25T03:17:08Z,0,0.2,0.00,60,13.2,0.00,Deactivated,14,16,17,1450,412
2026-08-25T03:17:18Z,0,0.2,0.00,60,13.2,0.00,Deactivated,14,16,17,1450,412
2026-08-25T03:17:28Z,0,0.2,0.00,59,13.2,0.00,Deactivated,14,16,17,1450,412
2026-08-25T03:17:38Z,0,39.0,0.00,60,13.8,0.00,Deactivated,15,16,15,1450,412
2026-08-25T03:17:48Z,0,38.9,0.00,60,13.8,0.00,Deactivated,15,16,15,1450,412
2026-08-25T03:17:56Z,0,38.9,0.00,60,13.8,0.00,Deactivated,15,16,15,1450,412
2026-08-25T03:18:05Z,0,0.0,0.00,67,12.4,0.00,Deactivated,28,29,0,0,8363
2026-08-25T03:18:14Z,0,38.8,0.00,61,13.8,0.00,Deactivated,16,17,15,1450,412
2026-08-25T03:18:24Z,0,38.7,0.00,61,13.8,0.00,Deactivated,16,17,15,1450,412
2026-08-25T03:18:32Z,0,38.7,0.00,62,13.8,0.00,Deactivated,16,17,15,1450,412
2026-08-25T03:18:42Z,0,38.7,0.00,62,13.8,0.00,Deactivated,16,17,15,1450,412
2026-08-25T03:18:50Z,0,38.6,0.00,63,13.8,0.00,Deactivated,17,17,15,1450,412
2026-08-25T03:19:00Z,0,38.6,0.00,63,13.8,0.00,Deactivated,17,17,15,1450,412
2026-08-25T03:19:08Z,0,38.5,0.00,64,13.8,0.00,Deactivated,17,17,15,1450,412
2026-08-25T03:19:16Z,0,0.0,0.00,67,12.4,0.00,Deactivated,28,29,0,0,8363
2026-08-25T03:19:25Z,0,0.0,0.00,67,12.4,0.00,Deactivated,28,29,0,0,8363
2026-08-25T03:19:34Z,0,38.4,0.00,66,13.8,0.00,Deactivated,17,17,15,1450,412
2026-08-25T03:19:44Z,0,38.4,0.00,67,13.8,0.00,Deactivated,18,17,15,1450,412
2026-08-25T03:19:54Z,0,38.3,0.00,68,13.8,0.00,Deactivated,18,17,15,1450,412
2026-08-25T03:20:04Z,0,38.3,0.00,68,13.8,0.00,Deactivated,18,17,15,1450,412
2026-08-25T03:20:12Z,0,38.2,0.00,69,13.8,0.00,Deactivated,18,17,15,1450,412
2026-08-25T03:20:20Z,0,38.2,0.00,70,13.8,0.00,Deactivated,18,17,15,1450,412
2026-08-25T03:20:30Z,0,38.2,0.00,71,13.9,0.00,Deactivated,19,18,15,1450,412
2026-08-25T03:20:40Z,0,38.1,0.00,72,13.9,0.00,Deactivated,19,18,15,1450,412
2026-08-25T03:20:48Z,0,38.1,0.00,73,13.9,0.00,Deactivated,19,18,15,1450,412
2026-08-25T03:20:58Z,0,38.0,0.00,74,13.9,0.00,Deactivated,19,18,15,1450,412
2026-08-25T03:21:08Z,0,38.0,0.00,75,13.9,0.00,Deactivated,19,18,15,1450,412
2026-08-25T03:21:16Z,0,0.0,0.00,67,12.4,0.00,Deactivated,28,29,0,0,8363
2026-08-25T03:21:25Z,0,0.0,0.00,67,12.4,0.00,Deactivated,28,29,0,0,8363
2026-08-25T03:21:34Z,0,37.9,0.00,79,13.9,0.00,Deactivated,20,18,15,1450,412
2026-08-25T03:21:45Z,0,37.8,0.00,80,13.9,0.00,Deactivated,20,18,15,1450,412
2026-08-25T03:21:54Z,0,37.8,0.00,82,13.9,0.00,Deactivated,20,18,15,1450,412
2026-08-25T03:22:04Z,0,37.8,0.00,83,14.0,0.00,Deactivated,21,18,15,1450,412
2026-08-25T03:22:14Z,0,37.7,0.00,85,14.0,0.00,Deactivated,21,19,15,1450,412
2026-08-25T03:22:24Z,0,37.7,0.00,86,14.0,0.00,Deactivated,21,19,15,1450,412
2026-08-25T03:22:34Z,0,37.6,0.00,88,14.0,0.00,Deactivated,21,19,15,1450,412
2026-08-25T03:22:44Z,0,37.6,0.00,89,14.0,0.00,Deactivated,22,19,15,1450,412
2026-08-25T03:22:52Z,0,37.6,0.00,91,14.0,0.00,Deactivated,22,19,15,1450,412
2026-08-25T03:23:00Z,0,37.5,0.00,92,14.0,0.00,Deactivated,22,19,15,1450,412
2026-08-25T03:23:10Z,0,37.5,0.00,94,14.0,0.00,Deactivated,22,19,15,1450,412
2026-08-25T03:23:18Z,0,37.5,0.00,95,14.1,0.00,Deactivated,22,19,15,1450,412
2026-08-25T03:23:28Z,0,37.4,0.00,97,14.1,0.00,Deactivated,23,19,15,1450,412
2026-08-25T03:23:38Z,0,37.4,0.00,100,14.2,0.00,Deactivated,18,20,15,1450,412
2026-08-25T03:23:48Z,0,37.4,0.00,100,14.2,0.00,Deactivated,19,20,15,1450,412
2026-08-25T03:23:58Z,0,37.3,0.00,100,14.2,0.00,Deactivated,19,20,15,1450,412
2026-08-25T03:24:06Z,0,37.3,0.00,100,14.2,0.00,Deactivated,19,20,15,1450,412
2026-08-25T03:24:16Z,0,0.0,0.00,67,12.4,0.00,Deactivated,28,29,0,0,8363
2026-08-25T03:24:24Z,0,37.2,0.00,100,14.2,0.00,Deactivated,19,20,15,1450,412
2026-08-25T03:24:34Z,0,37.2,0.00,100,14.2,0.00,Deactivated,19,20,15,1450,412
2026-08-25T03:24:42Z,0,37.2,0.00,100,14.2,0.00,Deactivated,19,20,15,1450,412
2026-08-25T03:24:52Z,0,37.2,0.00,100,14.2,0.00,Deactivated,19,20,15,1450,412
2026-08-25T03:25:00Z,0,37.1,0.00,100,14.2,0.00,Deactivated,19,21,15,1450,412
2026-08-25T03:25:08Z,0,37.1,0.00,100,14.2,0.00,Deactivated,20,21,15,1450,412
2026-08-25T03:25:18Z,0,37.1,0.00,100,14.2,0.00,Deactivated,20,21,15,1450,412
2026-08-25T03:25:28Z,0,37.0,0.00,100,14.2,0.00,Deactivated,20,21,15,1450,412
2026-08-25T03:25:36Z,0,37.0,0.00,100,14.2,0.00,Deactivated,20,21,15,1450,412
2026-08-25T03:25:46Z,0,37.0,0.00,100,14.2,0.00,Deactivated,20,21,15,1450,412
2026-08-25T03:25:56Z,0,37.0,0.00,100,14.2,0.00,Deactivated,20,21,15,1450,412
2026-08-25T03:26:06Z,0,36.9,0.00,100,14.2,0.00,Deactivated,20,21,15,1450,412
2026-08-25T03:26:16Z,0,36.9,0.00,100,14.2,0.00,Deactivated,20,22,15,1450,412
2026-08-25T03:26:24Z,0,36.9,0.00,100,14.2,0.00,Deactivated,21,22,15,1450,412
2026-08-25T03:26:32Z,0,36.9,0.00,100,14.2,0.00,Deactivated,21,22,15,1450,412
2026-08-25T03:26:42Z,0,36.8,0.00,100,14.2,0.00,Deactivated,21,22,15,1450,412
2026-08-25T03:26:52Z,0,36.8,0.00,100,14.2,0.00,Deactivated,21,22,15,1450,412
2026-08-25T03:27:00Z,0,36.8,0.00,100,14.2,0.00,Deactivated,21,22,15,1450,412
2026-08-25T03:27:08Z,0,36.8,0.00,100,14.2,0.00,Deactivated,21,22,15,1450,412
2026-08-25T03:27:18Z,0,36.8,0.00,100,14.2,0.00,Deactivated,21,22,15,1450,412
2026-08-25T03:27:28Z,0,36.7,0.00,100,14.2,0.00,Deactivated,21,22,15,1450,412
2026-08-25T03:27:38Z,0,36.7,0.00,100,14.2,0.00,Deactivated,21,23,15,1450,412
2026-08-25T03:27:48Z,0,36.7,0.00,100,14.2,0.00,Deactivated,22,23,15,1450,412
2026-08-25T03:27:58Z,0,36.7,0.00,100,14.2,0.00,Deactivated,22,23,15,1450,412
2026-08-25T03:28:06Z,0,36.7,0.00,100,14.2,0.00,Deactivated,22,23,15,1450,412
2026-08-25T03:28:16Z,0,36.7,0.00,100,14.2,0.00,Deactivated,22,23,15,1450,412
2026-08-25T03:28:26Z,0,36.6,0.00,100,14.2,0.00,Deactivated,22,23,15,1450,412
2026-08-25T03:28:36Z,0,36.6,0.00,100,14.2,0.00,Deactivated,22,23,15,1450,412
2026-08-25T03:28:44Z,0,36.6,0.00,100,14.2,0.00,Deactivated,22,23,15,1450,412
2026-08-25T03:28:54Z,0,36.6,0.00,100,14.2,0.00,Deactivated,22,24,15,1450,412
2026-08-25T03:29:04Z,0,36.6,0.00,100,14.2,0.00,Deactivated,23,24,15,1450,412
2026-08-25T03:29:14Z,0,36.6,0.00,100,14.2,0.00,Deactivated,23,24,15,1450,412
2026-08-25T03:29:22Z,0,36.6,0.00,100,14.2,0.00,Deactivated,23,24,15,1450,412
2026-08-25T03:29:32Z,0,36.6,0.00,100,14.2,0.00,Deactivated,23,24,15,1450,412
2026-08-25T03:29:42Z,0,36.5,0.00,100,14.2,0.00,Deactivated,23,24,15,1450,412
2026-08-25T03:29:52Z,0,36.5,0.00,100,14.2,0.00,Deactivated,23,24,15,1450,412
2026-08-25T03:30:00Z,0,36.5,0.00,100,14.2,0.00,Deactivated,23,24,15,1450,412
2026-08-25T03:30:10Z,0,36.5,0.00,100,14.2,0.00,Deactivated,23,24,15,1450,412
2026-08-25T03:30:18Z,0,36.5,0.00,100,14.2,0.00,Deactivated,23,25,15,1450,412
2026-08-25T03:30:26Z,0,36.5,0.00,100,14.2,0.00,Deactivated,24,25,15,1450,412
2026-08-25T03:30:36Z,0,36.5,0.00,100,14.2,0.00,Deactivated,24,25,15,1450,412
2026-08-25T03:30:44Z,0,36.5,0.00,100,14.2,0.00,Deactivated,24,25,15,1450,412
2026-08-25T03:30:54Z,0,36.5,0.00,100,14.2,0.00,Deactivated,24,25,15,1450,412
2026-08-25T03:31:04Z,0,36.5,0.00,100,14.2,0.00,Deactivated,24,25,15,1450,412
2026-08-25T03:31:14Z,0,36.5,0.00,100,14.2,0.00,Deactivated,24,25,15,1450,412
2026-08-25T03:31:24Z,0,36.5,0.00,100,14.2,0.00,Deactivated,24,25,15,1450,412
2026-08-25T03:31:34Z,0,36.5,0.00,100,14.2,0.00,Deactivated,24,25,15,1450,412
2026-08-25T03:31:44Z,0,36.5,0.00,100,14.2,0.00,Deactivated,24,26,15,1450,412
2026-08-25T03:31:55Z,0,36.5,0.00,100,14.2,0.00,Deactivated,25,26,15,1450,412
2026-08-25T03:32:04Z,0,36.5,0.00,100,14.2,0.00,Deactivated,25,26,15,1450,412
2026-08-25T03:32:12Z,0,36.5,0.00,100,14.2,0.00,Deactivated,25,26,15,1450,412
2026-08-25T03:32:22Z,0,36.5,0.00,100,14.2,0.00,Deactivated,25,26,15,1450,412
2026-08-25T03:32:30Z,0,36.5,0.00,100,14.2,0.00,Deactivated,25,26,15,1450,412
2026-08-25T03:32:40Z,0,36.5,0.00,100,14.2,0.00,Deactivated,25,26,15,1450,412
2026-08-25T03:32:48Z,0,36.5,0.00,100,14.2,0.00,Deactivated,25,26,15,1450,412
2026-08-25T03:32:58Z,0,36.5,0.00,100,14.2,0.00,Deactivated,25,26,15,1450,412
2026-08-25T03:33:06Z,0,36.5,0.00,100,14.2,0.00,Deactivated,25,26,15,1450,412
2026-08-25T03:33:14Z,0,36.5,0.00,100,14.2,0.00,Deactivated,25,26,15,1450,412
2026-08-25T03:33:22Z,0,36.6,0.00,100,14.2,0.00,Deactivated,25,27,15,1450,412
2026-08-25T03:33:32Z,0,36.6,0.00,100,14.2,0.00,Deactivated,25,27,15,1450,412
2026-08-25T03:33:42Z,0,36.6,0.00,100,14.2,0.00,Deactivated,26,27,15,1450,412
2026-08-25T03:33:50Z,0,36.6,0.00,100,14.2,0.00,Deactivated,26,27,15,1450,412
2026-08-25T03:33:58Z,0,36.6,0.00,100,14.2,0.00,Deactivated,26,27,15,1450,412
2026-08-25T03:34:08Z,0,36.6,0.00,100,14.2,0.00,Deactivated,26,27,15,1450,412
2026-08-25T03:34:16Z,0,36.6,0.00,100,14.2,0.00,Deactivated,26,27,15,1450,412
2026-08-25T03:34:24Z,0,36.6,0.00,100,14.2,0.00,Deactivated,26,27,15,1450,412
2026-08-25T03:34:34Z,0,36.6,0.00,100,14.2,0.00,Deactivated,26,27,15,1450,412
2026-08-25T03:34:42Z,0,36.7,0.00,100,14.2,0.00,Deactivated,26,27,15,1450,412
2026-08-25T03:34:52Z,0,36.7,0.00,100,14.2,0.00,Deactivated,26,27,15,1450,412
2026-08-25T03:35:02Z,0,36.7,0.00,100,14.2,0.00,Deactivated,26,27,15,1450,412
2026-08-25T03:35:10Z,0,36.7,0.00,100,14.2,0.00,Deactivated,26,27,15,1450,412
2026-08-25T03:35:18Z,0,36.7,0.00,100,14.2,0.00,Deactivated,26,27,15,1450,412
2026-08-25T03:35:28Z,0,36.7,0.00,100,14.2,0.00,Deactivated,26,27,15,1450,412
2026-08-25T03:35:36Z,0,36.8,0.00,100,14.2,0.00,Deactivated,26,27,15,1450,412
2026-08-25T03:35:46Z,0,36.8,0.00,100,14.2,0.00,Deactivated,26,28,15,1450,412
2026-08-25T03:35:54Z,0,36.8,0.00,100,14.2,0.00,Deactivated,26,28,15,1450,412
2026-08-25T03:36:04Z,0,36.8,0.00,100,14.2,0.00,Deactivated,27,28,15,1450,412
2026-08-25T03:36:14Z,0,36.8,0.00,100,14.2,0.00,Deactivated,27,28,15,1450,412
2026-08-25T03:36:24Z,0,36.9,0.00,100,14.2,0.00,Deactivated,27,28,15,1450,412
2026-08-25T03:36:32Z,0,36.9,0.00,100,14.2,0.00,Deactivated,27,28,15,1450,412
2026-08-25T03:36:42Z,0,36.9,0.00,100,14.2,0.00,Deactivated,27,28,15,1450,412
2026-08-25T03:36:50Z,0,36.9,0.00,100,14.2,0.00,Deactivated,27,28,15,1450,412
2026-08-25T03:37:00Z,0,37.0,0.00,100,14.2,0.00,Deactivated,27,28,15,1450,412
2026-08-25T03:37:08Z,0,37.0,0.00,100,14.2,0.00,Deactivated,27,28,15,1450,412
2026-08-25T03:37:18Z,0,37.0,0.00,100,14.2,0.00,Deactivated,27,28,15,1450,412
2026-08-25T03:37:26Z,0,37.0,0.00,100,14.2,0.00,Deactivated,27,28,15,1450,412
2026-08-25T03:37:34Z,0,37.1,0.00,100,14.2,0.00,Deactivated,27,28,15,1450,412
2026-08-25T03:37:44Z,0,37.1,0.00,100,14.2,0.00,Deactivated,27,28,15,1450,412
2026-08-25T03:37:54Z,0,37.1,0.00,100,14.2,0.00,Deactivated,27,28,15,1450,412
2026-08-25T03:38:04Z,0,37.2,0.00,100,14.2,0.00,Deactivated,27,28,15,1450,412
2026-08-25T03:38:14Z,0,37.2,0.00,100,14.2,0.00,Deactivated,27,28,15,1450,412
2026-08-25T03:38:24Z,0,37.2,0.00,100,14.2,0.00,Deactivated,27,28,15,1450,412
2026-08-25T03:38:34Z,0,37.3,0.00,100,14.2,0.00,Deactivated,27,28,15,1450,412
2026-08-25T03:38:44Z,0,37.3,0.00,100,14.2,0.00,Deactivated,27,28,15,1450,412
2026-08-25T03:38:54Z,0,37.3,0.00,100,14.2,0.00,Deactivated,27,28,15,1450,412
2026-08-25T03:39:04Z,0,37.4,0.00,100,14.2,0.00,Deactivated,27,28,15,1450,412
2026-08-25T03:39:14Z,0,37.4,0.00,100,14.2,0.00,Deactivated,27,28,15,1450,412
2026-08-25T03:39:22Z,0,37.4,0.00,100,14.2,0.00,Deactivated,27,28,15,1450,412
2026-08-25T03:39:32Z,0,37.5,0.00,100,14.2,0.00,Deactivated,27,28,15,1450,412
2026-08-25T03:39:40Z,0,37.5,0.00,100,14.2,0.00,Deactivated,27,28,15,1450,412
2026-08-25T03:39:48Z,0,37.5,0.00,100,14.2,0.00,Deactivated,27,28,15,1450,412
2026-08-25T03:39:58Z,0,37.6,0.00,100,14.2,0.00,Deactivated,27,28,15,1450,412
2026-08-25T03:40:06Z,0,37.6,0.00,100,14.2,0.00,Deactivated,27,28,15,1450,412
2026-08-25T03:40:14Z,0,37.6,0.00,100,14.2,0.00,Deactivated,27,28,15,1450,412
2026-08-25T03:40:24Z,0,37.7,0.00,100,14.2,0.00,Deactivated,27,28,15,1450,412
2026-08-25T03:40:34Z,0,37.7,0.00,100,14.2,0.00,Deactivated,27,28,15,1450,412
2026-08-25T03:40:42Z,0,37.7,0.00,100,14.2,0.00,Deactivated,27,28,15,1450,412
2026-08-25T03:40:52Z,0,37.8,0.00,100,14.2,0.00,Deactivated,27,28,15,1450,412
2026-08-25T03:41:00Z,0,37.8,0.00,100,14.2,0.00,Deactivated,27,28,15,1450,412
2026-08-25T03:41:10Z,0,37.8,0.00,100,14.2,0.00,Deactivated,27,28,15,1450,412
2026-08-25T03:41:20Z,0,37.9,0.00,100,14.2,0.00,Deactivated,27,28,15,1450,412
2026-08-25T03:41:28Z,0,37.9,0.00,100,14.2,0.00,Deactivated,27,28,15,1450,412
2026-08-25T03:41:38Z,0,38.0,0.00,100,14.2,0.00,Deactivated,27,28,15,1450,412
2026-08-25T03:41:48Z,0,38.0,0.00,100,14.2,0.00,Deactivated,27,28,15,1450,412
2026-08-25T03:41:56Z,0,38.0,0.00,100,14.2,0.00,Deactivated,27,28,15,1450,412
2026-08-25T03:42:04Z,0,38.1,0.00,100,14.2,0.00,Deactivated,26,28,15,1450,412
2026-08-25T03:42:14Z,0,38.1,0.00,100,14.2,0.00,Deactivated,26,28,15,1450,412
2026-08-25T03:42:24Z,0,38.2,0.00,100,14.2,0.00,Deactivated,26,27,15,1450,412
2026-08-25T03:42:34Z,0,38.2,0.00,100,14.2,0.00,Deactivated,26,27,15,1450,412
2026-08-25T03:42:42Z,0,38.2,0.00,100,14.2,0.00,Deactivated,26,27,15,1450,412
2026-08-25T03:42:52Z,0,38.3,0.00,100,14.2,0.00,Deactivated,26,27,15,1450,412
2026-08-25T03:43:02Z,0,38.3,0.00,100,14.2,0.00,Deactivated,26,27,20,1450,412
2026-08-25T03:43:12Z,0,38.4,0.00,100,14.2,0.00,Deactivated,26,27,20,1450,412
2026-08-25T03:43:20Z,0,38.4,0.00,100,14.2,0.00,Deactivated,26,27,20,1450,412
2026-08-25T03:43:28Z,0,38.4,0.00,100,14.2,0.00,Deactivated,26,27,20,1450,412
2026-08-25T03:43:36Z,0,38.5,0.00,100,14.2,0.00,Deactivated,26,27,20,1450,412
2026-08-25T03:43:46Z,0,38.5,0.00,100,14.2,0.00,Deactivated,26,27,20,1450,412
2026-08-25T03:43:54Z,0,38.6,0.00,100,14.2,0.00,Deactivated,26,27,20,1450,412
2026-08-25T03:44:04Z,0,38.6,0.00,100,14.2,0.00,Deactivated,26,27,20,1450,412
2026-08-25T03:44:12Z,0,38.6,0.00,100,14.2,0.00,Deactivated,26,27,20,1450,412
2026-08-25T03:44:22Z,0,38.7,0.00,100,14.2,0.00,Deactivated,26,27,20,1450,412
2026-08-25T03:44:32Z,0,38.7,0.00,100,14.2,0.00,Deactivated,25,27,20,1450,412
2026-08-25T03:44:40Z,0,38.8,0.00,100,14.2,0.00,Deactivated,25,26,20,1450,412
2026-08-25T03:44:50Z,0,38.8,0.00,100,14.2,0.00,Deactivated,25,26,20,1450,412
2026-08-25T03:44:58Z,0,38.9,0.00,100,14.2,0.00,Deactivated,25,26,20,1450,412
2026-08-25T03:45:08Z,0,38.9,0.00,100,14.2,0.00,Deactivated,25,26,23,1450,412
2026-08-25T03:45:16Z,0,38.9,0.00,100,14.2,0.00,Deactivated,25,26,28,1450,412
2026-08-25T03:45:26Z,0,39.0,0.00,100,14.2,0.00,Deactivated,25,26,36,1450,412
2026-08-25T03:45:36Z,0,0.2,0.00,100,13.3,0.00,Deactivated,24,26,65,1450,412
2026-08-25T03:45:46Z,0,0.2,0.00,100,13.3,0.00,Deactivated,24,26,65,1450,412
2026-08-25T03:45:56Z,0,0.2,0.00,100,13.3,0.00,Deactivated,24,26,65,1450,412
2026-08-25T03:46:04Z,0,0.2,0.00,100,13.3,0.00,Deactivated,24,26,65,1450,412
2026-08-25T03:46:14Z,0,0.2,0.00,100,13.3,0.00,Deactivated,24,26,65,1450,412
2026-08-25T03:46:24Z,0,0.2,0.00,100,13.3,0.00,Deactivated,23,25,65,1450,412
2026-08-25T03:46:34Z,0,0.2,0.00,100,13.3,0.00,Deactivated,23,25,65,1450,412
2026-08-25T03:46:44Z,0,0.2,0.00,100,13.3,0.00,Deactivated,23,25,65,1450,412
2026-08-25T03:46:54Z,0,0.2,0.00,100,13.3,0.00,Deactivated,23,25,65,1450,412
2026-08-25T03:47:04Z,0,0.2,0.00,100,13.3,0.00,Deactivated,23,25,65,1450,412
2026-08-25T03:47:15Z,0,0.2,0.00,100,13.3,0.00,Deactivated,23,25,65,1450,412
2026-08-25T03:47:22Z,0,0.2,0.00,100,13.3,0.00,Deactivated,23,25,65,1450,412
2026-08-25T03:47:32Z,0,0.2,0.00,100,13.3,0.00,Deactivated,23,25,65,1450,412
2026-08-25T03:47:42Z,0,0.2,0.00,100,13.3,0.00,Deactivated,23,25,65,1450,412
2026-08-25T03:47:52Z,0,0.2,0.00,100,13.3,0.00,Deactivated,22,24,65,1450,412
2026-08-25T03:48:00Z,0,0.2,0.00,99,13.3,0.00,Deactivated,22,24,65,1450,412
2026-08-25T03:48:10Z,0,0.2,0.00,99,13.3,0.00,Deactivated,22,24,65,1450,412
2026-08-25T03:48:20Z,0,0.2,0.00,99,13.3,0.00,Deactivated,22,24,65,1450,412
2026-08-25T03:48:28Z,0,0.2,0.00,99,13.3,0.00,Deactivated,22,24,65,1450,412
2026-08-25T03:48:38Z,0,0.2,0.00,99,13.3,0.00,Deactivated,22,24,65,1450,412
2026-08-25T03:48:46Z,0,0.2,0.00,99,13.3,0.00,Deactivated,22,24,65,1450,412
2026-08-25T03:48:56Z,0,0.2,0.00,99,13.3,0.00,Deactivated,22,24,65,1450,412
2026-08-25T03:49:06Z,0,0.2,0.00,99,13.3,0.00,Deactivated,22,24,65,1450,412
2026-08-25T03:49:14Z,0,0.2,0.00,99,13.3,0.00,Deactivated,21,23,65,1450,412
2026-08-25T03:49:22Z,0,0.2,0.00,99,13.3,0.00,Deactivated,21,23,65,1450,412
2026-08-25T03:49:32Z,0,0.2,0.00,99,13.3,0.00,Deactivated,21,23,65,1450,412
2026-08-25T03:49:42Z,0,0.2,0.00,99,13.3,0.00,Deactivated,21,23,65,1450,412
2026-08-25T03:49:52Z,0,0.2,0.00,99,13.3,0.00,Deactivated,21,23,65,1450,412
2026-08-25T03:50:02Z,0,0.2,0.00,99,13.3,0.00,Deactivated,21,23,65,1450,412
2026-08-25T03:50:10Z,0,0.2,0.00,99,13.3,0.00,Deactivated,21,23,65,1450,412
2026-08-25T03:50:18Z,0,0.2,0.00,99,13.3,0.00,Deactivated,21,23,65,1450,412
2026-08-25T03:50:28Z,0,0.2,0.00,99,13.3,0.00,Deactivated,20,22,65,1450,412
2026-08-25T03:50:38Z,0,0.2,0.00,99,13.3,0.00,Deactivated,20,22,65,1450,412
2026-08-25T03:50:46Z,0,0.2,0.00,99,13.3,0.00,Deactivated,20,22,65,1450,412
2026-08-25T03:50:54Z,0,0.2,0.00,99,13.3,0.00,Deactivated,20,22,65,1450,412
2026-08-25T03:51:04Z,0,0.2,0.00,99,13.3,0.00,Deactivated,20,22,17,1450,412
2026-08-25T03:51:14Z,0,0.2,0.00,99,13.3,0.00,Deactivated,20,22,17,1450,412
2026-08-25T03:51:22Z,0,0.2,0.00,99,13.3,0.00,Deactivated,20,22,17,1450,412
2026-08-25T03:51:32Z,0,0.2,0.00,99,13.3,0.00,Deactivated,20,22,17,1450,412
2026-08-25T03:51:42Z,0,0.2,0.00,99,13.3,0.00,Deactivated,19,21,17,1450,412
2026-08-25T03:51:50Z,0,0.2,0.00,99,13.3,0.00,Deactivated,19,21,17,1450,412
2026-08-25T03:51:58Z,0,0.2,0.00,99,13.3,0.00,Deactivated,19,21,17,1450,412
2026-08-25T03:52:06Z,0,0.2,0.00,99,13.3,0.00,Deactivated,19,21,17,1450,412
2026-08-25T03:52:17Z,0,0.2,0.00,99,13.3,0.00,Deactivated,19,21,17,1450,412
2026-08-25T03:52:26Z,0,0.2,0.00,99,13.3,0.00,Deactivated,19,21,17,1450,412
2026-08-25T03:52:34Z,0,0.2,0.00,99,13.3,0.00,Deactivated,19,21,17,1450,412
2026-08-25T03:52:44Z,0,0.2,0.00,99,13.3,0.00,Deactivated,19,21,17,1450,412
2026-08-25T03:52:54Z,0,0.2,0.00,99,13.3,0.00,Deactivated,19,21,17,1450,412
2026-08-25T03:53:04Z,0,0.2,0.00,62,13.2,0.00,Deactivated,18,20,17,1450,412
2026-08-25T03:53:14Z,0,0.2,0.00,62,13.2,0.00,Deactivated,18,20,17,1450,412
2026-08-25T03:53:22Z,0,0.2,0.00,62,13.2,0.00,Deactivated,18,20,17,1450,412
2026-08-25T03:53:32Z,0,0.2,0.00,62,13.2,0.00,Deactivated,18,20,17,1450,412
2026-08-25T03:53:40Z,0,0.2,0.00,62,13.2,0.00,Deactivated,18,20,17,1450,412
2026-08-25T03:53:50Z,0,0.2,0.00,62,13.2,0.00,Deactivated,18,20,17,1450,412
2026-08-25T03:54:00Z,0,0.2,0.00,62,13.2,0.00,Deactivated,18,20,17,1450,412
2026-08-25T03:54:10Z,0,0.2,0.00,62,13.2,0.00,Deactivated,18,20,17,1450,412
2026-08-25T03:54:20Z,0,0.2,0.00,62,13.2,0.00,Deactivated,17,19,17,1450,412
2026-08-25T03:54:28Z,0,0.2,0.00,62,13.2,0.00,Deactivated,17,19,17,1450,412
2026-08-25T03:54:38Z,0,0.2,0.00,62,13.2,0.00,Deactivated,17,19,17,1450,412
2026-08-25T03:54:46Z,0,0.2,0.00,62,13.2,0.00,Deactivated,17,19,17,1450,412
2026-08-25T03:54:56Z,0,0.2,0.00,62,13.2,0.00,Deactivated,17,19,17,1450,412
2026-08-25T03:55:06Z,0,0.2,0.00,62,13.2,0.00,Deactivated,17,19,17,1450,412
2026-08-25T03:55:16Z,0,0.2,0.00,62,13.2,0.00,Deactivated,17,19,17,1450,412
2026-08-25T03:55:24Z,0,0.2,0.00,62,13.2,0.00,Deactivated,17,19,17,1450,412
2026-08-25T03:55:34Z,0,0.2,0.00,61,13.2,0.00,Deactivated,17,19,17,1450,412
2026-08-25T03:55:42Z,0,0.2,0.00,61,13.2,0.00,Deactivated,17,19,17,1450,412
2026-08-25T03:55:50Z,0,0.2,0.00,61,13.2,0.00,Deactivated,16,18,17,1450,412
2026-08-25T03:56:00Z,0,0.2,0.00,61,13.2,0.00,Deactivated,16,18,17,1450,412
2026-08-25T03:56:08Z,0,0.2,0.00,61,13.2,0.00,Deactivated,16,18,17,1450,412
2026-08-25T03:56:16Z,0,0.2,0.00,61,13.2,0.00,Deactivated,16,18,17,1450,412
2026-08-25T03:56:26Z,0,0.2,0.00,61,13.2,0.00,Deactivated,16,18,17,1450,412
2026-08-25T03:56:34Z,0,0.2,0.00,61,13.2,0.00,Deactivated,16,18,17,1450,412
2026-08-25T03:56:44Z,0,0.2,0.00,61,13.2,0.00,Deactivated,16,18,17,1450,412
2026-08-25T03:56:54Z,0,0.2,0.00,61,13.2,0.00,Deactivated,16,18,17,1450,412
2026-08-25T03:57:04Z,0,0.2,0.00,61,13.2,0.00,Deactivated,16,18,17,1450,412
2026-08-25T03:57:12Z,0,0.2,0.00,61,13.2,0.00,Deactivated,16,18,17,1450,412
2026-08-25T03:57:20Z,0,0.2,0.00,61,13.2,0.00,Deactivated,16,18,17,1450,412
2026-08-25T03:57:28Z,0,0.2,0.00,61,13.2,0.00,Deactivated,16,18,17,1450,412
2026-08-25T03:57:38Z,0,0.2,0.00,61,13.2,0.00,Deactivated,15,17,17,1450,412
2026-08-25T03:57:46Z,0,0.2,0.00,61,13.2,0.00,Deactivated,15,17,17,1450,412
2026-08-25T03:57:54Z,0,0.2,0.00,61,13.2,0.00,Deactivated,15,17,17,1450,412
2026-08-25T03:58:04Z,0,0.2,0.00,61,13.2,0.00,Deactivated,15,17,17,1450,412
2026-08-25T03:58:12Z,0,0.2,0.00,61,13.2,0.00,Deactivated,15,17,17,1450,412
2026-08-25T03:58:20Z,0,0.2,0.00,61,13.2,0.00,Deactivated,15,17,17,1450,412
2026-08-25T03:58:30Z,0,0.2,0.00,61,13.2,0.00,Deactivated,15,17,17,1450,412
2026-08-25T03:58:40Z,0,0.2,0.00,61,13.2,0.00,Deactivated,15,17,17,1450,412
2026-08-25T03:58:48Z,0,0.2,0.00,61,13.2,0.00,Deactivated,15,17,17,1450,412
2026-08-25T03:58:56Z,0,0.2,0.00,61,13.2,0.00,Deactivated,15,17,17,1450,412
2026-08-25T03:59:06Z,0,0.2,0.00,61,13.2,0.00,Deactivated,15,17,17,1450,412
2026-08-25T03:59:16Z,0,0.2,0.00,61,13.2,0.00,Deactivated,15,17,17,1450,412
2026-08-25T03:59:24Z,0,0.2,0.00,61,13.2,0.00,Deactivated,15,17,17,1450,412
2026-08-25T03:59:34Z,0,0.2,0.00,61,13.2,0.00,Deactivated,15,17,17,1450,412
2026-08-25T03:59:44Z,0,0.2,0.00,61,13.2,0.00,Deactivated,15,17,17,1450,412
2026-08-25T03:59:54Z,0,0.2,0.00,61,13.2,0.00,Deactivated,15,17,17,1450,412
2026-08-25T04:00:04Z,0,0.2,0.00,61,13.2,0.00,Deactivated,14,16,17,1450,412
2026-08-25T04:00:12Z,0,0.2,0.00,61,13.2,0.00,Deactivated,14,16,17,1450,412
2026-08-25T04:00:20Z,0,0.2,0.00,61,13.2,0.00,Deactivated,14,16,17,1450,412
2026-08-25T04:00:30Z,0,0.2,0.00,60,13.2,0.00,Deactivated,14,16,17,1450,412
2026-08-25T04:00:38Z,0,0.2,0.00,60,13.2,0.00,Deactivated,14,16,17,1450,412
2026-08-25T04:00:48Z,0,0.2,0.00,60,13.2,0.00,Deactivated,14,16,17,1450,412
2026-08-25T04:00:58Z,0,0.2,0.00,60,13.2,0.00,Deactivated,14,16,17,1450,412
2026-08-25T04:01:06Z,0,0.2,0.00,60,13.2,0.00,Deactivated,14,16,17,1450,412
2026-08-25T04:01:16Z,0,0.2,0.00,60,13.2,0.00,Deactivated,14,16,17,1450,412
2026-08-25T04:01:24Z,0,0.2,0.00,60,13.2,0.00,Deactivated,14,16,17,1450,412
2026-08-25T04:01:34Z,0,0.2,0.00,60,13.2,0.00,Deactivated,14,16,17,1450,412
2026-08-25T04:01:42Z,0,0.2,0.00,60,13.2,0.00,Deactivated,14,16,17,1450,412
2026-08-25T04:01:50Z,0,0.2,0.00,60,13.2,0.00,Deactivated,14,16,17,1450,412
2026-08-25T04:02:00Z,0,0.2,0.00,60,13.2,0.00,Deactivated,14,16,17,1450,412
2026-08-25T04:02:10Z,0,0.2,0.00,60,13.2,0.00,Deactivated,14,16,17,1450,412
2026-08-25T04:02:20Z,0,0.2,0.00,60,13.2,0.00,Deactivated,14,16,17,1450,412
2026-08-25T04:02:28Z,0,0.2,0.00,60,13.2,0.00,Deactivated,14,16,17,1450,412
2026-08-25T04:02:38Z,0,0.2,0.00,60,13.2,0.00,Deactivated,14,16,17,1450,412
2026-08-25T04:02:46Z,0,0.2,0.00,60,13.2,0.00,Deactivated,14,16,17,1450,412
2026-08-25T04:02:56Z,0,0.2,0.00,60,13.2,0.00,Deactivated,14,16,17,1450,412
2026-08-25T04:03:04Z,0,0.2,0.00,60,13.2,0.00,Deactivated,14,16,17,1450,412
2026-08-25T04:03:14Z,0,0.2,0.00,60,13.2,0.00,Deactivated,14,16,17,1450,412
2026-08-25T04:03:22Z,0,0.2,0.00,60,13.2,0.00,Deactivated,14,16,17,1450,412
2026-08-25T04:03:32Z,0,0.2,0.00,60,13.2,0.00,Deactivated,14,16,17,1450,412
2026-08-25T04:03:40Z,0,0.2,0.00,60,13.2,0.00,Deactivated,14,16,17,1450,412
2026-08-25T04:03:50Z,0,0.2,0.00,60,13.2,0.00,Deactivated,14,16,17,1450,412
2026-08-25T04:03:58Z,0,0.2,0.00,60,13.2,0.00,Deactivated,14,16,17,1450,412
2026-08-25T04:04:06Z,0,0.2,0.00,60,13.2,0.00,Deactivated,14,16,17,1450,412
2026-08-25T04:04:14Z,0,0.2,0.00,60,13.2,0.00,Deactivated,14,16,17,1450,412
2026-08-25T04:04:24Z,0,0.2,0.00,60,13.2,0.00,Deactivated,14,16,17,1450,412
2026-08-25T04:04:32Z,0,0.2,0.00,60,13.2,0.00,Deactivated,14,16,17,1450,412
2026-08-25T04:04:40Z,0,0.2,0.00,60,13.2,0.00,Deactivated,14,16,17,1450,412
2026-08-25T04:04:48Z,0,0.2,0.00,60,13.2,0.00,Deactivated,14,16,17,1450,412
2026-08-25T04:04:56Z,0,0.2,0.00,60,13.2,0.00,Deactivated,14,16,17,1450,412
2026-08-25T04:05:06Z,0,0.2,0.00,60,13.2,0.00,Deactivated,14,16,17,1450,412
2026-08-25T04:05:14Z,0,0.2,0.00,60,13.2,0.00,Deactivated,14,16,17,1450,412
2026-08-25T04:05:24Z,0,0.2,0.00,60,13.2,0.00,Deactivated,14,16,17,1450,412
2026-08-25T04:05:34Z,0,39.0,0.00,60,13.8,0.00,Deactivated,15,16,15,1450,412
2026-08-25T04:05:42Z,0,38.9,0.00,60,13.8,0.00,Deactivated,15,16,15,1450,412
2026-08-25T04:05:50Z,0,38.9,0.00,60,13.8,0.00,Deactivated,15,16,15,1450,412
2026-08-25T04:06:00Z,0,38.9,0.00,60,13.8,0.00,Deactivated,16,17,15,1450,412
2026-08-25T04:06:08Z,0,38.8,0.00,61,13.8,0.00,Deactivated,16,17,15,1450,412
2026-08-25T04:06:18Z,0,38.8,0.00,61,13.8,0.00,Deactivated,16,17,15,1450,412
2026-08-25T04:06:28Z,0,38.7,0.00,62,13.8,0.00,Deactivated,16,17,15,1450,412
2026-08-25T04:06:36Z,0,38.7,0.00,62,13.8,0.00,Deactivated,16,17,15,1450,412
2026-08-25T04:06:46Z,0,38.6,0.00,63,13.8,0.00,Deactivated,16,17,15,1450,412
2026-08-25T04:06:56Z,0,38.6,0.00,63,13.8,0.00,Deactivated,17,17,15,1450,412
2026-08-25T04:07:06Z,0,38.5,0.00,64,13.8,0.00,Deactivated,17,17,15,1450,412
2026-08-25T04:07:16Z,0,38.5,0.00,64,13.8,0.00,Deactivated,17,17,15,1450,412
2026-08-25T04:07:24Z,0,38.5,0.00,65,13.8,0.00,Deactivated,17,17,15,1450,412
2026-08-25T04:07:35Z,0,38.4,0.00,66,13.8,0.00,Deactivated,17,17,15,1450,412
2026-08-25T04:07:44Z,0,38.4,0.00,67,13.8,0.00,Deactivated,18,17,15,1450,412
2026-08-25T04:07:54Z,0,38.3,0.00,68,13.8,0.00,Deactivated,18,17,15,1450,412
2026-08-25T04:08:04Z,0,38.3,0.00,68,13.8,0.00,Deactivated,18,17,15,1450,412
2026-08-25T04:08:14Z,0,38.2,0.00,69,13.8,0.00,Deactivated,18,17,15,1450,412
2026-08-25T04:08:22Z,0,38.2,0.00,70,13.8,0.00,Deactivated,18,17,15,1450,412
2026-08-25T04:08:30Z,0,38.2,0.00,71,13.9,0.00,Deactivated,19,18,15,1450,412
2026-08-25T04:08:40Z,0,38.1,0.00,72,13.9,0.00,Deactivated,19,18,15,1450,412
2026-08-25T04:08:50Z,0,38.1,0.00,73,13.9,0.00,Deactivated,19,18,15,1450,412
2026-08-25T04:08:58Z,0,38.0,0.00,74,13.9,0.00,Deactivated,19,18,15,1450,412
2026-08-25T04:09:08Z,0,38.0,0.00,75,13.9,0.00,Deactivated,19,18,15,1450,412
2026-08-25T04:09:16Z,0,38.0,0.00,76,13.9,0.00,Deactivated,20,18,15,1450,412
2026-08-25T04:09:26Z,0,37.9,0.00,78,13.9,0.00,Deactivated,20,18,15,1450,412
2026-08-25T04:09:36Z,0,37.9,0.00,79,13.9,0.00,Deactivated,20,18,15,1450,412
2026-08-25T04:09:44Z,0,37.8,0.00,80,13.9,0.00,Deactivated,20,18,15,1450,412
2026-08-25T04:09:54Z,0,37.8,0.00,82,13.9,0.00,Deactivated,20,18,15,1450,412
2026-08-25T04:10:02Z,0,37.8,0.00,83,14.0,0.00,Deactivated,21,18,15,1450,412
2026-08-25T04:10:10Z,0,37.7,0.00,84,14.0,0.00,Deactivated,21,19,15,1450,412
2026-08-25T04:10:20Z,0,37.7,0.00,86,14.0,0.00,Deactivated,21,19,15,1450,412
2026-08-25T04:10:28Z,0,37.7,0.00,87,14.0,0.00,Deactivated,21,19,15,1450,412
2026-08-25T04:10:36Z,0,37.6,0.00,88,14.0,0.00,Deactivated,21,19,15,1450,412
2026-08-25T04:10:44Z,0,37.6,0.00,89,14.0,0.00,Deactivated,22,19,15,1450,412
2026-08-25T04:10:54Z,0,37.6,0.00,91,14.0,0.00,Deactivated,22,19,15,1450,412
2026-08-25T04:11:04Z,0,37.5,0.00,93,14.0,0.00,Deactivated,22,19,15,1450,412
2026-08-25T04:11:14Z,0,37.5,0.00,94,14.1,0.00,Deactivated,22,19,15,1450,412
2026-08-25T04:11:22Z,0,37.5,0.00,96,14.1,0.00,Deactivated,22,19,15,1450,412
2026-08-25T04:11:32Z,0,37.4,0.00,98,14.1,0.00,Deactivated,23,19,15,1450,412
2026-08-25T04:11:40Z,0,37.4,0.00,100,14.2,0.00,Deactivated,18,20,15,1450,412
2026-08-25T04:11:48Z,0,37.4,0.00,100,14.2,0.00,Deactivated,19,20,15,1450,412
2026-08-25T04:11:56Z,0,37.3,0.00,100,14.2,0.00,Deactivated,19,20,15,1450,412
2026-08-25T04:12:06Z,0,37.3,0.00,100,14.2,0.00,Deactivated,19,20,15,1450,412
2026-08-25T04:12:16Z,0,37.3,0.00,100,14.2,0.00,Deactivated,19,20,15,1450,412
2026-08-25T04:12:26Z,0,37.2,0.00,100,14.2,0.00,Deactivated,19,20,15,1450,412
2026-08-25T04:12:37Z,0,37.2,0.00,100,14.2,0.00,Deactivated,19,20,15,1450,412
2026-08-25T04:12:46Z,0,37.2,0.00,100,14.2,0.00,Deactivated,19,20,15,1450,412
2026-08-25T04:12:54Z,0,37.1,0.00,100,14.2,0.00,Deactivated,19,20,15,1450,412
2026-08-25T04:13:04Z,0,37.1,0.00,100,14.2,0.00,Deactivated,19,21,15,1450,412
2026-08-25T04:13:14Z,0,37.1,0.00,100,14.2,0.00,Deactivated,20,21,15,1450,412
2026-08-25T04:13:24Z,0,37.1,0.00,100,14.2,0.00,Deactivated,20,21,15,1450,412
2026-08-25T04:13:32Z,0,37.0,0.00,100,14.2,0.00,Deactivated,20,21,15,1450,412
2026-08-25T04:13:40Z,0,37.0,0.00,100,14.2,0.00,Deactivated,20,21,15,1450,412
2026-08-25T04:13:48Z,0,37.0,0.00,100,14.2,0.00,Deactivated,20,21,15,1450,412
2026-08-25T04:13:56Z,0,37.0,0.00,100,14.2,0.00,Deactivated,20,21,15,1450,412
2026-08-25T04:14:06Z,0,36.9,0.00,100,14.2,0.00,Deactivated,20,21,15,1450,412
2026-08-25T04:14:14Z,0,36.9,0.00,100,14.2,0.00,Deactivated,20,21,15,1450,412
2026-08-25T04:14:24Z,0,36.9,0.00,100,14.2,0.00,Deactivated,21,22,15,1450,412
2026-08-25T04:14:34Z,0,36.9,0.00,100,14.2,0.00,Deactivated,21,22,15,1450,412
2026-08-25T04:14:42Z,0,36.8,0.00,100,14.2,0.00,Deactivated,21,22,15,1450,412
2026-08-25T04:14:50Z,0,36.8,0.00,100,14.2,0.00,Deactivated,21,22,15,1450,412
2026-08-25T04:15:00Z,0,36.8,0.00,100,14.2,0.00,Deactivated,21,22,15,1450,412
2026-08-25T04:15:10Z,0,36.8,0.00,100,14.2,0.00,Deactivated,21,22,15,1450,412
2026-08-25T04:15:20Z,0,36.8,0.00,100,14.2,0.00,Deactivated,21,22,15,1450,412
2026-08-25T04:15:28Z,0,36.7,0.00,100,14.2,0.00,Deactivated,21,22,15,1450,412
2026-08-25T04:15:36Z,0,36.7,0.00,100,14.2,0.00,Deactivated,21,23,15,1450,412
2026-08-25T04:15:46Z,0,36.7,0.00,100,14.2,0.00,Deactivated,22,23,15,1450,412
2026-08-25T04:15:56Z,0,36.7,0.00,100,14.2,0.00,Deactivated,22,23,15,1450,412
2026-08-25T04:16:06Z,0,36.7,0.00,100,14.2,0.00,Deactivated,22,23,15,1450,412
2026-08-25T04:16:14Z,0,36.7,0.00,100,14.2,0.00,Deactivated,22,23,15,1450,412
2026-08-25T04:16:22Z,0,36.6,0.00,100,14.2,0.00,Deactivated,22,23,15,1450,412
2026-08-25T04:16:32Z,0,36.6,0.00,100,14.2,0.00,Deactivated,22,23,15,1450,412
2026-08-25T04:16:40Z,0,36.6,0.00,100,14.2,0.00,Deactivated,22,23,15,1450,412
2026-08-25T04:16:50Z,0,36.6,0.00,100,14.2,0.00,Deactivated,22,24,15,1450,412
2026-08-25T04:17:00Z,0,36.6,0.00,100,14.2,0.00,Deactivated,23,24,15,1450,412
2026-08-25T04:17:10Z,0,36.6,0.00,100,14.2,0.00,Deactivated,23,24,15,1450,412
2026-08-25T04:17:18Z,0,36.6,0.00,100,14.2,0.00,Deactivated,23,24,15,1450,412
2026-08-25T04:17:26Z,0,36.6,0.00,100,14.2,0.00,Deactivated,23,24,15,1450,412
2026-08-25T04:17:36Z,0,36.6,0.00,100,14.2,0.00,Deactivated,23,24,15,1450,412
2026-08-25T04:17:44Z,0,36.5,0.00,100,14.2,0.00,Deactivated,23,24,15,1450,412
2026-08-25T04:17:54Z,0,36.5,0.00,100,14.2,0.00,Deactivated,23,24,15,1450,412
2026-08-25T04:18:02Z,0,36.5,0.00,100,14.2,0.00,Deactivated,23,24,15,1450,412
2026-08-25T04:18:12Z,0,36.5,0.00,100,14.2,0.00,Deactivated,23,25,15,1450,412
2026-08-25T04:18:20Z,0,36.5,0.00,100,14.2,0.00,Deactivated,24,25,15,1450,412
2026-08-25T04:18:28Z,0,36.5,0.00,100,14.2,0.00,Deactivated,24,25,15,1450,412
2026-08-25T04:18:36Z,0,36.5,0.00,100,14.2,0.00,Deactivated,24,25,15,1450,412
2026-08-25T04:18:44Z,0,36.5,0.00,100,14.2,0.00,Deactivated,24,25,15,1450,412
2026-08-25T04:18:54Z,0,36.5,0.00,100,14.2,0.00,Deactivated,24,25,15,1450,412
2026-08-25T04:19:04Z,0,36.5,0.00,100,14.2,0.00,Deactivated,24,25,15,1450,412
2026-08-25T04:19:14Z,0,36.5,0.00,100,14.2,0.00,Deactivated,24,25,15,1450,412
2026-08-25T04:19:22Z,0,36.5,0.00,100,14.2,0.00,Deactivated,24,25,15,1450,412
2026-08-25T04:19:30Z,0,36.5,0.00,100,14.2,0.00,Deactivated,24,25,15,1450,412
2026-08-25T04:19:40Z,0,36.5,0.00,100,14.2,0.00,Deactivated,24,26,15,1450,412
2026-08-25T04:19:48Z,0,36.5,0.00,100,14.2,0.00,Deactivated,24,26,15,1450,412
2026-08-25T04:19:58Z,0,36.5,0.00,100,14.2,0.00,Deactivated,25,26,15,1450,412
2026-08-25T04:20:06Z,0,36.5,0.00,100,14.2,0.00,Deactivated,25,26,15,1450,412
2026-08-25T04:20:14Z,0,36.5,0.00,100,14.2,0.00,Deactivated,25,26,15,1450,412
2026-08-25T04:20:24Z,0,36.5,0.00,100,14.2,0.00,Deactivated,25,26,15,1450,412
2026-08-25T04:20:34Z,0,36.5,0.00,100,14.2,0.00,Deactivated,25,26,15,1450,412
2026-08-25T04:20:44Z,0,36.5,0.00,100,14.2,0.00,Deactivated,25,26,15,1450,412
2026-08-25T04:20:52Z,0,36.5,0.00,100,14.2,0.00,Deactivated,25,26,15,1450,412
2026-08-25T04:21:00Z,0,36.5,0.00,100,14.2,0.00,Deactivated,25,26,15,1450,412
2026-08-25T04:21:10Z,0,36.5,0.00,100,14.2,0.00,Deactivated,25,26,15,1450,412
2026-08-25T04:21:18Z,0,36.6,0.00,100,14.2,0.00,Deactivated,25,26,15,1450,412
2026-08-25T04:21:28Z,0,36.6,0.00,100,14.2,0.00,Deactivated,25,27,15,1450,412
2026-08-25T04:21:36Z,0,36.6,0.00,100,14.2,0.00,Deactivated,26,27,15,1450,412
2026-08-25T04:21:46Z,0,36.6,0.00,100,14.2,0.00,Deactivated,26,27,15,1450,412
2026-08-25T04:21:56Z,0,36.6,0.00,100,14.2,0.00,Deactivated,26,27,15,1450,412
2026-08-25T04:22:06Z,0,36.6,0.00,100,14.2,0.00,Deactivated,26,27,15,1450,412
2026-08-25T04:22:16Z,0,36.6,0.00,100,14.2,0.00,Deactivated,26,27,15,1450,412
2026-08-25T04:22:26Z,0,36.6,0.00,100,14.2,0.00,Deactivated,26,27,15,1450,412
2026-08-25T04:22:34Z,0,36.6,0.00,100,14.2,0.00,Deactivated,26,27,15,1450,412
2026-08-25T04:22:44Z,0,36.7,0.00,100,14.2,0.00,Deactivated,26,27,15,1450,412
2026-08-25T04:22:54Z,0,36.7,0.00,100,14.2,0.00,Deactivated,26,27,15,1450,412
2026-08-25T04:23:04Z,0,36.7,0.00,100,14.2,0.00,Deactivated,26,27,15,1450,412
2026-08-25T04:23:14Z,0,36.7,0.00,100,14.2,0.00,Deactivated,26,27,15,1450,412
2026-08-25T04:23:24Z,0,36.7,0.00,100,14.2,0.00,Deactivated,26,27,15,1450,412
2026-08-25T04:23:34Z,0,36.8,0.00,100,14.2,0.00,Deactivated,26,27,15,1450,412
2026-08-25T04:23:44Z,0,36.8,0.00,100,14.2,0.00,Deactivated,26,28,15,1450,412
2026-08-25T04:23:54Z,0,36.8,0.00,100,14.2,0.00,Deactivated,26,28,15,1450,412
2026-08-25T04:24:02Z,0,36.8,0.00,100,14.2,0.00,Deactivated,27,28,15,1450,412
2026-08-25T04:24:10Z,0,36.8,0.00,100,14.2,0.00,Deactivated,27,28,15,1450,412
2026-08-25T04:24:20Z,0,36.9,0.00,100,14.2,0.00,Deactivated,27,28,15,1450,412
2026-08-25T04:24:28Z,0,36.9,0.00,100,14.2,0.00,Deactivated,27,28,15,1450,412
2026-08-25T04:24:36Z,0,36.9,0.00,100,14.2,0.00,Deactivated,27,28,15,1450,412
2026-08-25T04:24:46Z,0,36.9,0.00,100,14.2,0.00,Deactivated,27,28,15,1450,412
2026-08-25T04:24:56Z,0,37.0,0.00,100,14.2,0.00,Deactivated,27,28,15,1450,412
2026-08-25T04:25:04Z,0,37.0,0.00,100,14.2,0.00,Deactivated,27,28,15,1450,412
2026-08-25T04:25:14Z,0,37.0,0.00,100,14.2,0.00,Deactivated,27,28,15,1450,412
2026-08-25T04:25:22Z,0,37.0,0.00,100,14.2,0.00,Deactivated,27,28,15,1450,412
2026-08-25T04:25:32Z,0,37.1,0.00,100,14.2,0.00,Deactivated,27,28,15,1450,412
2026-08-25T04:25:40Z,0,37.1,0.00,100,14.2,0.00,Deactivated,27,28,15,1450,412
2026-08-25T04:25:50Z,0,37.1,0.00,100,14.2,0.00,Deactivated,27,28,15,1450,412
2026-08-25T04:26:00Z,0,37.1,0.00,100,14.2,0.00,Deactivated,27,28,15,1450,412
2026-08-25T04:26:08Z,0,37.2,0.00,100,14.2,0.00,Deactivated,27,28,15,1450,412
2026-08-25T04:26:18Z,0,37.2,0.00,100,14.2,0.00,Deactivated,27,28,15,1450,412
2026-08-25T04:26:26Z,0,37.2,0.00,100,14.2,0.00,Deactivated,27,28,15,1450,412
2026-08-25T04:26:36Z,0,37.3,0.00,100,14.2,0.00,Deactivated,27,28,15,1450,412
2026-08-25T04:26:44Z,0,37.3,0.00,100,14.2,0.00,Deactivated,27,28,15,1450,412
2026-08-25T04:26:54Z,0,37.3,0.00,100,14.2,0.00,Deactivated,27,28,15,1450,412
2026-08-25T04:27:02Z,0,37.3,0.00,100,14.2,0.00,Deactivated,27,28,15,1450,412
2026-08-25T04:27:12Z,0,37.4,0.00,100,14.2,0.00,Deactivated,27,28,15,1450,412
2026-08-25T04:27:20Z,0,37.4,0.00,100,14.2,0.00,Deactivated,27,28,15,1450,412
2026-08-25T04:27:30Z,0,37.4,0.00,100,14.2,0.00,Deactivated,27,28,15,1450,412
2026-08-25T04:27:38Z,0,37.5,0.00,100,14.2,0.00,Deactivated,27,28,15,1450,412
2026-08-25T04:27:48Z,0,37.5,0.00,100,14.2,0.00,Deactivated,27,28,15,1450,412
2026-08-25T04:27:59Z,0,37.6,0.00,100,14.2,0.00,Deactivated,27,28,15,1450,412
2026-08-25T04:28:06Z,0,37.6,0.00,100,14.2,0.00,Deactivated,27,28,15,1450,412
2026-08-25T04:28:16Z,0,37.6,0.00,100,14.2,0.00,Deactivated,27,28,15,1450,412
2026-08-25T04:28:24Z,0,37.7,0.00,100,14.2,0.00,Deactivated,27,28,15,1450,412
2026-08-25T04:28:34Z,0,37.7,0.00,100,14.2,0.00,Deactivated,27,28,15,1450,412
2026-08-25T04:28:42Z,0,37.7,0.00,100,14.2,0.00,Deactivated,27,28,15,1450,412
2026-08-25T04:28:52Z,0,37.8,0.00,100,14.2,0.00,Deactivated,27,28,15,1450,412
2026-08-25T04:29:00Z,0,37.8,0.00,100,14.2,0.00,Deactivated,27,28,15,1450,412
2026-08-25T04:29:08Z,0,37.8,0.00,100,14.2,0.00,Deactivated,27,28,15,1450,412
2026-08-25T04:29:18Z,0,37.9,0.00,100,14.2,0.00,Deactivated,27,28,15,1450,412
2026-08-25T04:29:28Z,0,37.9,0.00,100,14.2,0.00,Deactivated,27,28,15,1450,412
2026-08-25T04:29:36Z,0,37.9,0.00,100,14.2,0.00,Deactivated,27,28,15,1450,412
2026-08-25T04:29:44Z,0,38.0,0.00,100,14.2,0.00,Deactivated,27,28,15,1450,412
2026-08-25T04:29:54Z,0,38.0,0.00,100,14.2,0.00,Deactivated,27,28,15,1450,412
2026-08-25T04:30:04Z,0,38.1,0.00,100,14.2,0.00,Deactivated,26,28,15,1450,412
2026-08-25T04:30:14Z,0,38.1,0.00,100,14.2,0.00,Deactivated,26,28,15,1450,412
2026-08-25T04:30:22Z,0,38.1,0.00,100,14.2,0.00,Deactivated,26,27,15,1450,412
2026-08-25T04:30:32Z,0,38.2,0.00,100,14.2,0.00,Deactivated,26,27,15,1450,412
2026-08-25T04:30:40Z,0,38.2,0.00,100,14.2,0.00,Deactivated,26,27,15,1450,412
2026-08-25T04:30:50Z,0,38.3,0.00,100,14.2,0.00,Deactivated,26,27,15,1450,412
2026-08-25T04:30:58Z,0,38.3,0.00,100,14.2,0.00,Deactivated,26,27,20,1450,412
2026-08-25T04:31:08Z,0,38.4,0.00,100,14.2,0.00,Deactivated,26,27,20,1450,412
2026-08-25T04:31:18Z,0,38.4,0.00,100,14.2,0.00,Deactivated,26,27,20,1450,412
2026-08-25T04:31:28Z,0,38.4,0.00,100,14.2,0.00,Deactivated,26,27,20,1450,412
2026-08-25T04:31:36Z,0,38.5,0.00,100,14.2,0.00,Deactivated,26,27,20,1450,412
2026-08-25T04:31:46Z,0,38.5,0.00,100,14.2,0.00,Deactivated,26,27,20,1450,412
2026-08-25T04:31:56Z,0,38.6,0.00,100,14.2,0.00,Deactivated,26,27,20,1450,412
2026-08-25T04:32:04Z,0,38.6,0.00,100,14.2,0.00,Deactivated,26,27,20,1450,412
2026-08-25T04:32:14Z,0,38.7,0.00,100,14.2,0.00,Deactivated,26,27,20,1450,412
2026-08-25T04:32:22Z,0,38.7,0.00,100,14.2,0.00,Deactivated,26,27,20,1450,412
2026-08-25T04:32:32Z,0,38.7,0.00,100,14.2,0.00,Deactivated,25,27,20,1450,412
2026-08-25T04:32:40Z,0,38.8,0.00,100,14.2,0.00,Deactivated,25,26,20,1450,412
2026-08-25T04:32:48Z,0,38.8,0.00,100,14.2,0.00,Deactivated,25,26,20,1450,412
2026-08-25T04:32:58Z,0,38.9,0.00,100,14.2,0.00,Deactivated,25,26,20,1450,412
2026-08-25T04:33:08Z,0,38.9,0.00,100,14.2,0.00,Deactivated,25,26,23,1450,412
2026-08-25T04:33:16Z,0,38.9,0.00,100,14.2,0.00,Deactivated,25,26,28,1450,412
2026-08-25T04:33:26Z,0,39.0,0.00,100,14.2,0.00,Deactivated,25,26,36,1450,412
2026-08-25T04:33:34Z,0,0.2,0.00,100,13.3,0.00,Deactivated,24,26,65,1450,412
2026-08-25T04:33:44Z,0,0.2,0.00,100,13.3,0.00,Deactivated,24,26,65,1450,412
2026-08-25T04:33:52Z,0,0.2,0.00,100,13.3,0.00,Deactivated,24,26,65,1450,412
2026-08-25T04:34:00Z,0,0.2,0.00,100,13.3,0.00,Deactivated,24,26,65,1450,412
2026-08-25T04:34:10Z,0,0.2,0.00,100,13.3,0.00,Deactivated,24,26,65,1450,412
2026-08-25T04:34:18Z,0,0.2,0.00,100,13.3,0.00,Deactivated,23,25,65,1450,412
2026-08-25T04:34:28Z,0,0.2,0.00,100,13.3,0.00,Deactivated,23,25,65,1450,412
2026-08-25T04:34:36Z,0,0.2,0.00,100,13.3,0.00,Deactivated,23,25,65,1450,412
2026-08-25T04:34:46Z,0,0.2,0.00,100,13.3,0.00,Deactivated,23,25,65,1450,412
2026-08-25T04:34:54Z,0,0.2,0.00,100,13.3,0.00,Deactivated,23,25,65,1450,412
2026-08-25T04:35:04Z,0,0.2,0.00,100,13.3,0.00,Deactivated,23,25,65,1450,412
2026-08-25T04:35:12Z,0,0.2,0.00,100,13.3,0.00,Deactivated,23,25,65,1450,412
2026-08-25T04:35:20Z,0,0.2,0.00,100,13.3,0.00,Deactivated,23,25,65,1450,412
2026-08-25T04:35:30Z,0,0.2,0.00,100,13.3,0.00,Deactivated,23,25,65,1450,412
2026-08-25T04:35:40Z,0,0.2,0.00,100,13.3,0.00,Deactivated,23,25,65,1450,412
2026-08-25T04:35:50Z,0,0.2,0.00,100,13.3,0.00,Deactivated,22,24,65,1450,412
2026-08-25T04:35:58Z,0,0.2,0.00,99,13.3,0.00,Deactivated,22,24,65,1450,412
2026-08-25T04:36:08Z,0,0.2,0.00,99,13.3,0.00,Deactivated,22,24,65,1450,412
2026-08-25T04:36:16Z,0,0.2,0.00,99,13.3,0.00,Deactivated,22,24,65,1450,412
2026-08-25T04:36:26Z,0,0.2,0.00,99,13.3,0.00,Deactivated,22,24,65,1450,412
2026-08-25T04:36:34Z,0,0.2,0.00,99,13.3,0.00,Deactivated,22,24,65,1450,412
2026-08-25T04:36:44Z,0,0.2,0.00,99,13.3,0.00,Deactivated,22,24,65,1450,412
2026-08-25T04:36:54Z,0,0.2,0.00,99,13.3,0.00,Deactivated,22,24,65,1450,412
2026-08-25T04:37:04Z,0,0.2,0.00,99,13.3,0.00,Deactivated,22,24,65,1450,412
2026-08-25T04:37:12Z,0,0.2,0.00,99,13.3,0.00,Deactivated,21,23,65,1450,412
2026-08-25T04:37:20Z,0,0.2,0.00,99,13.3,0.00,Deactivated,21,23,65,1450,412
2026-08-25T04:37:30Z,0,0.2,0.00,99,13.3,0.00,Deactivated,21,23,65,1450,412
2026-08-25T04:37:38Z,0,0.2,0.00,99,13.3,0.00,Deactivated,21,23,65,1450,412
2026-08-25T04:37:48Z,0,0.2,0.00,99,13.3,0.00,Deactivated,21,23,65,1450,412
2026-08-25T04:37:56Z,0,0.2,0.00,99,13.3,0.00,Deactivated,21,23,65,1450,412
2026-08-25T04:38:04Z,0,0.2,0.00,99,13.3,0.00,Deactivated,21,23,65,1450,412
2026-08-25T04:38:14Z,0,0.2,0.00,99,13.3,0.00,Deactivated,21,23,65,1450,412
2026-08-25T04:38:24Z,0,0.2,0.00,99,13.3,0.00,Deactivated,20,22,65,1450,412
2026-08-25T04:38:34Z,0,0.2,0.00,99,13.3,0.00,Deactivated,20,22,65,1450,412
2026-08-25T04:38:42Z,0,0.2,0.00,99,13.3,0.00,Deactivated,20,22,65,1450,412
2026-08-25T04:38:50Z,0,0.2,0.00,99,13.3,0.00,Deactivated,20,22,65,1450,412
2026-08-25T04:39:00Z,0,0.2,0.00,99,13.3,0.00,Deactivated,20,22,17,1450,412
2026-08-25T04:39:10Z,0,0.2,0.00,99,13.3,0.00,Deactivated,20,22,17,1450,412
2026-08-25T04:39:20Z,0,0.2,0.00,99,13.3,0.00,Deactivated,20,22,17,1450,412
2026-08-25T04:39:30Z,0,0.2,0.00,99,13.3,0.00,Deactivated,20,22,17,1450,412
2026-08-25T04:39:40Z,0,0.2,0.00,99,13.3,0.00,Deactivated,20,22,17,1450,412
2026-08-25T04:39:48Z,0,0.2,0.00,99,13.3,0.00,Deactivated,19,21,17,1450,412
2026-08-25T04:39:58Z,0,0.2,0.00,99,13.3,0.00,Deactivated,19,21,17,1450,412
2026-08-25T04:40:06Z,0,0.2,0.00,99,13.3,0.00,Deactivated,19,21,17,1450,412
2026-08-25T04:40:16Z,0,0.2,0.00,99,13.3,0.00,Deactivated,19,21,17,1450,412
2026-08-25T04:40:24Z,0,0.2,0.00,99,13.3,0.00,Deactivated,19,21,17,1450,412
2026-08-25T04:40:34Z,0,0.2,0.00,99,13.3,0.00,Deactivated,19,21,17,1450,412
2026-08-25T04:40:42Z,0,0.2,0.00,99,13.3,0.00,Deactivated,19,21,17,1450,412
2026-08-25T04:40:52Z,0,0.2,0.00,99,13.3,0.00,Deactivated,19,21,17,1450,412
2026-08-25T04:41:00Z,0,0.2,0.00,62,13.2,0.00,Deactivated,18,20,17,1450,412
2026-08-25T04:41:10Z,0,0.2,0.00,62,13.2,0.00,Deactivated,18,20,17,1450,412
2026-08-25T04:41:18Z,0,0.2,0.00,62,13.2,0.00,Deactivated,18,20,17,1450,412
2026-08-25T04:41:28Z,0,0.2,0.00,62,13.2,0.00,Deactivated,18,20,17,1450,412
2026-08-25T04:41:36Z,0,0.2,0.00,62,13.2,0.00,Deactivated,18,20,17,1450,412
2026-08-25T04:41:44Z,0,0.2,0.00,62,13.2,0.00,Deactivated,18,20,17,1450,412
2026-08-25T04:41:54Z,0,0.2,0.00,62,13.2,0.00,Deactivated,18,20,17,1450,412
2026-08-25T04:42:04Z,0,0.2,0.00,62,13.2,0.00,Deactivated,18,20,17,1450,412
2026-08-25T04:42:12Z,0,0.2,0.00,62,13.2,0.00,Deactivated,18,20,17,1450,412
2026-08-25T04:42:20Z,0,0.2,0.00,62,13.2,0.00,Deactivated,17,19,17,1450,412
2026-08-25T04:42:30Z,0,0.2,0.00,62,13.2,0.00,Deactivated,17,19,17,1450,412
2026-08-25T04:42:40Z,0,0.2,0.00,62,13.2,0.00,Deactivated,17,19,17,1450,412
2026-08-25T04:42:48Z,0,0.2,0.00,62,13.2,0.00,Deactivated,17,19,17,1450,412
2026-08-25T04:42:58Z,0,0.2,0.00,62,13.2,0.00,Deactivated,17,19,17,1450,412
2026-08-25T04:43:08Z,0,0.2,0.00,62,13.2,0.00,Deactivated,17,19,17,1450,412
2026-08-25T04:43:16Z,0,0.2,0.00,62,13.2,0.00,Deactivated,17,19,17,1450,412
2026-08-25T04:43:26Z,0,0.2,0.00,61,13.2,0.00,Deactivated,17,19,17,1450,412
2026-08-25T04:43:34Z,0,0.2,0.00,61,13.2,0.00,Deactivated,17,19,17,1450,412
2026-08-25T04:43:42Z,0,0.2,0.00,61,13.2,0.00,Deactivated,17,19,17,1450,412
2026-08-25T04:43:52Z,0,0.2,0.00,61,13.2,0.00,Deactivated,16,18,17,1450,412
2026-08-25T04:44:00Z,0,0.2,0.00,61,13.2,0.00,Deactivated,16,18,17,1450,412
2026-08-25T04:44:08Z,0,0.2,0.00,61,13.2,0.00,Deactivated,16,18,17,1450,412
2026-08-25T04:44:16Z,0,0.2,0.00,61,13.2,0.00,Deactivated,16,18,17,1450,412
2026-08-25T04:44:24Z,0,0.2,0.00,61,13.2,0.00,Deactivated,16,18,17,1450,412
2026-08-25T04:44:34Z,0,0.2,0.00,61,13.2,0.00,Deactivated,16,18,17,1450,412
2026-08-25T04:44:44Z,0,0.2,0.00,61,13.2,0.00,Deactivated,16,18,17,1450,412
2026-08-25T04:44:54Z,0,0.2,0.00,61,13.2,0.00,Deactivated,16,18,17,1450,412
2026-08-25T04:45:02Z,0,0.2,0.00,61,13.2,0.00,Deactivated,16,18,17,1450,412
2026-08-25T04:45:12Z,0,0.2,0.00,61,13.2,0.00,Deactivated,16,18,17,1450,412
2026-08-25T04:45:20Z,0,0.2,0.00,61,13.2,0.00,Deactivated,16,18,17,1450,412
2026-08-25T04:45:30Z,0,0.2,0.00,61,13.2,0.00,Deactivated,16,18,17,1450,412
2026-08-25T04:45:38Z,0,0.2,0.00,61,13.2,0.00,Deactivated,15,17,17,1450,412
2026-08-25T04:45:48Z,0,0.2,0.00,61,13.2,0.00,Deactivated,15,17,17,1450,412
2026-08-25T04:45:58Z,0,0.2,0.00,61,13.2,0.00,Deactivated,15,17,17,1450,412
2026-08-25T04:46:06Z,0,0.2,0.00,61,13.2,0.00,Deactivated,15,17,17,1450,412
2026-08-25T04:46:14Z,0,0.2,0.00,61,13.2,0.00,Deactivated,15,17,17,1450,412
2026-08-25T04:46:24Z,0,0.2,0.00,61,13.2,0.00,Deactivated,15,17,17,1450,412
2026-08-25T04:46:34Z,0,0.2,0.00,61,13.2,0.00,Deactivated,15,17,17,1450,412
2026-08-25T04:46:42Z,0,0.2,0.00,61,13.2,0.00,Deactivated,15,17,17,1450,412
2026-08-25T04:46:52Z,0,0.2,0.00,61,13.2,0.00,Deactivated,15,17,17,1450,412
2026-08-25T04:47:00Z,0,0.2,0.00,61,13.2,0.00,Deactivated,15,17,17,1450,412
2026-08-25T04:47:08Z,0,0.2,0.00,61,13.2,0.00,Deactivated,15,17,17,1450,412
2026-08-25T04:47:18Z,0,0.2,0.00,61,13.2,0.00,Deactivated,15,17,17,1450,412
2026-08-25T04:47:28Z,0,0.2,0.00,61,13.2,0.00,Deactivated,15,17,17,1450,412
2026-08-25T04:47:36Z,0,0.2,0.00,61,13.2,0.00,Deactivated,15,17,17,1450,412
2026-08-25T04:47:46Z,0,0.2,0.00,61,13.2,0.00,Deactivated,15,17,17,1450,412
2026-08-25T04:47:54Z,0,0.2,0.00,61,13.2,0.00,Deactivated,15,17,17,1450,412
2026-08-25T04:48:04Z,0,0.2,0.00,61,13.2,0.00,Deactivated,14,16,17,1450,412
2026-08-25T04:48:14Z,0,0.2,0.00,61,13.2,0.00,Deactivated,14,16,17,1450,412
2026-08-25T04:48:22Z,0,0.2,0.00,61,13.2,0.00,Deactivated,14,16,17,1450,412
2026-08-25T04:48:30Z,0,0.2,0.00,60,13.2,0.00,Deactivated,14,16,17,1450,412
2026-08-25T04:48:38Z,0,0.2,0.00,60,13.2,0.00,Deactivated,14,16,17,1450,412
2026-08-25T04:48:48Z,0,0.2,0.00,60,13.2,0.00,Deactivated,14,16,17,1450,412
2026-08-25T04:48:56Z,0,0.2,0.00,60,13.2,0.00,Deactivated,14,16,17,1450,412
2026-08-25T04:49:06Z,0,0.2,0.00,60,13.2,0.00,Deactivated,14,16,17,1450,412
2026-08-25T04:49:16Z,0,0.2,0.00,60,13.2,0.00,Deactivated,14,16,17,1450,412
2026-08-25T04:49:26Z,0,0.2,0.00,60,13.2,0.00,Deactivated,14,16,17,1450,412
2026-08-25T04:49:36Z,0,0.2,0.00,60,13.2,0.00,Deactivated,14,16,17,1450,412
2026-08-25T04:49:44Z,0,0.2,0.00,60,13.2,0.00,Deactivated,14,16,17,1450,412
2026-08-25T04:49:54Z,0,0.2,0.00,60,13.2,0.00,Deactivated,14,16,17,1450,412
2026-08-25T04:50:04Z,0,0.2,0.00,60,13.2,0.00,Deactivated,14,16,17,1450,412
2026-08-25T04:50:14Z,0,0.2,0.00,60,13.2,0.00,Deactivated,14,16,17,1450,412
2026-08-25T04:50:24Z,0,0.2,0.00,60,13.2,0.00,Deactivated,14,16,17,1450,412
2026-08-25T04:50:32Z,0,0.2,0.00,60,13.2,0.00,Deactivated,14,16,17,1450,412
2026-08-25T04:50:40Z,0,0.2,0.00,60,13.2,0.00,Deactivated,14,16,17,1450,412
2026-08-25T04:50:50Z,0,0.2,0.00,60,13.2,0.00,Deactivated,14,16,17,1450,412
2026-08-25T04:50:58Z,0,0.2,0.00,60,13.2,0.00,Deactivated,14,16,17,1450,412
2026-08-25T04:51:08Z,0,0.2,0.00,60,13.2,0.00,Deactivated,14,16,17,1450,412
2026-08-25T04:51:18Z,0,0.2,0.00,60,13.2,0.00,Deactivated,14,16,17,1450,412
2026-08-25T04:51:28Z,0,0.2,0.00,60,13.2,0.00,Deactivated,14,16,17,1450,412
2026-08-25T04:51:38Z,0,0.2,0.00,60,13.2,0.00,Deactivated,14,16,17,1450,412
2026-08-25T04:51:46Z,0,0.2,0.00,60,13.2,0.00,Deactivated,14,16,17,1450,412
2026-08-25T04:51:56Z,0,0.2,0.00,60,13.2,0.00,Deactivated,14,16,17,1450,412
2026-08-25T04:52:06Z,0,0.2,0.00,60,13.2,0.00,Deactivated,14,16,17,1450,412
2026-08-25T04:52:16Z,0,0.2,0.00,60,13.2,0.00,Deactivated,14,16,17,1450,412
2026-08-25T04:52:24Z,0,0.2,0.00,60,13.2,0.00,Deactivated,14,16,17,1450,412
2026-08-25T04:52:34Z,0,0.2,0.00,60,13.2,0.00,Deactivated,14,16,17,1450,412
2026-08-25T04:52:44Z,0,0.2,0.00,60,13.2,0.00,Deactivated,14,16,17,1450,412
2026-08-25T04:52:54Z,0,0.2,0.00,60,13.2,0.00,Deactivated,14,16,17,1450,412
2026-08-25T04:53:02Z,0,0.2,0.00,60,13.2,0.00,Deactivated,14,16,17,1450,412
2026-08-25T04:53:10Z,0,0.2,0.00,60,13.2,0.00,Deactivated,14,16,17,1450,412
2026-08-25T04:53:20Z,0,0.2,0.00,60,13.2,0.00,Deactivated,14,16,17,1450,412
2026-08-25T04:53:30Z,0,39.0,0.00,60,13.8,0.00,Deactivated,15,16,15,1450,412
2026-08-25T04:53:38Z,0,39.0,0.00,60,13.8,0.00,Deactivated,15,16,15,1450,412
2026-08-25T04:53:48Z,0,38.9,0.00,60,13.8,0.00,Deactivated,15,16,15,1450,412
2026-08-25T04:53:56Z,0,38.9,0.00,60,13.8,0.00,Deactivated,15,16,15,1450,412
2026-08-25T04:54:04Z,0,38.8,0.00,61,13.8,0.00,Deactivated,16,17,15,1450,412
2026-08-25T04:54:14Z,0,38.8,0.00,61,13.8,0.00,Deactivated,16,17,15,1450,412
2026-08-25T04:54:22Z,0,38.7,0.00,61,13.8,0.00,Deactivated,16,17,15,1450,412
2026-08-25T04:54:32Z,0,38.7,0.00,62,13.8,0.00,Deactivated,16,17,15,1450,412
2026-08-25T04:54:40Z,0,38.7,0.00,62,13.8,0.00,Deactivated,16,17,15,1450,412
2026-08-25T04:54:50Z,0,38.6,0.00,63,13.8,0.00,Deactivated,17,17,15,1450,412
2026-08-25T04:55:00Z,0,38.6,0.00,63,13.8,0.00,Deactivated,17,17,15,1450,412
2026-08-25T04:55:08Z,0,38.5,0.00,64,13.8,0.00,Deactivated,17,17,15,1450,412
2026-08-25T04:55:18Z,0,38.5,0.00,65,13.8,0.00,Deactivated,17,17,15,1450,412
2026-08-25T04:55:26Z,0,38.5,0.00,65,13.8,0.00,Deactivated,17,17,15,1450,412
2026-08-25T04:55:36Z,0,38.4,0.00,66,13.8,0.00,Deactivated,17,17,15,1450,412
2026-08-25T04:55:44Z,0,38.4,0.00,67,13.8,0.00,Deactivated,18,17,15,1450,412
2026-08-25T04:55:54Z,0,38.3,0.00,68,13.8,0.00,Deactivated,18,17,15,1450,412
2026-08-25T04:56:04Z,0,38.3,0.00,68,13.8,0.00,Deactivated,18,17,15,1450,412
2026-08-25T04:56:14Z,0,38.2,0.00,69,13.8,0.00,Deactivated,18,17,15,1450,412
2026-08-25T04:56:22Z,0,38.2,0.00,70,13.8,0.00,Deactivated,18,17,15,1450,412
2026-08-25T04:56:30Z,0,38.2,0.00,71,13.9,0.00,Deactivated,19,18,15,1450,412
2026-08-25T04:56:38Z,0,38.1,0.00,72,13.9,0.00,Deactivated,19,18,15,1450,412
2026-08-25T04:56:46Z,0,38.1,0.00,73,13.9,0.00,Deactivated,19,18,15,1450,412
2026-08-25T04:56:56Z,0,38.1,0.00,74,13.9,0.00,Deactivated,19,18,15,1450,412
2026-08-25T04:57:06Z,0,38.0,0.00,75,13.9,0.00,Deactivated,19,18,15,1450,412
2026-08-25T04:57:16Z,0,38.0,0.00,76,13.9,0.00,Deactivated,20,18,15,1450,412
2026-08-25T04:57:26Z,0,37.9,0.00,78,13.9,0.00,Deactivated,20,18,15,1450,412
2026-08-25T04:57:36Z,0,37.9,0.00,79,13.9,0.00,Deactivated,20,18,15,1450,412
2026-08-25T04:57:44Z,0,37.8,0.00,80,13.9,0.00,Deactivated,20,18,15,1450,412
2026-08-25T04:57:54Z,0,37.8,0.00,82,13.9,0.00,Deactivated,20,18,15,1450,412
2026-08-25T04:58:04Z,0,37.8,0.00,83,14.0,0.00,Deactivated,21,18,15,1450,412
2026-08-25T04:58:14Z,0,37.7,0.00,85,14.0,0.00,Deactivated,21,19,15,1450,412
2026-08-25T04:58:22Z,0,37.7,0.00,86,14.0,0.00,Deactivated,21,19,15,1450,412
2026-08-25T04:58:32Z,0,37.7,0.00,87,14.0,0.00,Deactivated,21,19,15,1450,412
2026-08-25T04:58:40Z,0,37.6,0.00,89,14.0,0.00,Deactivated,22,19,15,1450,412
2026-08-25T04:58:50Z,0,37.6,0.00,90,14.0,0.00,Deactivated,22,19,15,1450,412
2026-08-25T04:58:58Z,0,37.6,0.00,92,14.0,0.00,Deactivated,22,19,15,1450,412
2026-08-25T04:59:08Z,0,37.5,0.00,93,14.0,0.00,Deactivated,22,19,15,1450,412
2026-08-25T04:59:16Z,0,37.5,0.00,95,14.1,0.00,Deactivated,22,19,15,1450,412
2026-08-25T04:59:24Z,0,37.5,0.00,96,14.1,0.00,Deactivated,23,19,15,1450,412
2026-08-25T04:59:34Z,0,37.4,0.00,98,14.1,0.00,Deactivated,23,19,15,1450,412
2026-08-25T04:59:44Z,0,37.4,0.00,100,14.2,0.00,Deactivated,18,20,15,1450,412
2026-08-25T04:59:52Z,0,37.4,0.00,100,14.2,0.00,Deactivated,19,20,15,1450,412
2026-08-25T05:00:00Z,0,37.3,0.00,100,14.2,0.00,Deactivated,19,20,15,1450,412
2026-08-25T05:00:10Z,0,37.3,0.00,100,14.2,0.00,Deactivated,19,20,15,1450,412
2026-08-25T05:00:18Z,0,37.3,0.00,100,14.2,0.00,Deactivated,19,20,15,1450,412
2026-08-25T05:00:26Z,0,37.2,0.00,100,14.2,0.00,Deactivated,19,20,15,1450,412
2026-08-25T05:00:36Z,0,37.2,0.00,100,14.2,0.00,Deactivated,19,20,15,1450,412
2026-08-25T05:00:44Z,0,37.2,0.00,100,14.2,0.00,Deactivated,19,20,15,1450,412
2026-08-25T05:00:54Z,0,37.1,0.00,100,14.2,0.00,Deactivated,19,20,15,1450,412
2026-08-25T05:01:04Z,0,37.1,0.00,100,14.2,0.00,Deactivated,19,21,15,1450,412
2026-08-25T05:01:14Z,0,37.1,0.00,100,14.2,0.00,Deactivated,20,21,15,1450,412
2026-08-25T05:01:22Z,0,37.1,0.00,100,14.2,0.00,Deactivated,20,21,15,1450,412
2026-08-25T05:01:30Z,0,37.0,0.00,100,14.2,0.00,Deactivated,20,21,15,1450,412
2026-08-25T05:01:40Z,0,37.0,0.00,100,14.2,0.00,Deactivated,20,21,15,1450,412
2026-08-25T05:01:50Z,0,37.0,0.00,100,14.2,0.00,Deactivated,20,21,15,1450,412
2026-08-25T05:01:58Z,0,37.0,0.00,100,14.2,0.00,Deactivated,20,21,15,1450,412
2026-08-25T05:02:06Z,0,36.9,0.00,100,14.2,0.00,Deactivated,20,21,15,1450,412
2026-08-25T05:02:14Z,0,36.9,0.00,100,14.2,0.00,Deactivated,20,21,15,1450,412
2026-08-25T05:02:24Z,0,36.9,0.00,100,14.2,0.00,Deactivated,21,22,15,1450,412
2026-08-25T05:02:34Z,0,36.9,0.00,100,14.2,0.00,Deactivated,21,22,15,1450,412
2026-08-25T05:02:44Z,0,36.8,0.00,100,14.2,0.00,Deactivated,21,22,15,1450,412
2026-08-25T05:02:54Z,0,36.8,0.00,100,14.2,0.00,Deactivated,21,22,15,1450,412
2026-08-25T05:03:02Z,0,36.8,0.00,100,14.2,0.00,Deactivated,21,22,15,1450,412
2026-08-25T05:03:10Z,0,36.8,0.00,100,14.2,0.00,Deactivated,21,22,15,1450,412
2026-08-25T05:03:20Z,0,36.8,0.00,100,14.2,0.00,Deactivated,21,22,15,1450,412
2026-08-25T05:03:28Z,0,36.7,0.00,100,14.2,0.00,Deactivated,21,22,15,1450,412
2026-08-25T05:03:38Z,0,36.7,0.00,100,14.2,0.00,Deactivated,21,23,15,1450,412
2026-08-25T05:03:48Z,0,36.7,0.00,100,14.2,0.00,Deactivated,22,23,15,1450,412
2026-08-25T05:03:56Z,0,36.7,0.00,100,14.2,0.00,Deactivated,22,23,15,1450,412
2026-08-25T05:04:04Z,0,36.7,0.00,100,14.2,0.00,Deactivated,22,23,15,1450,412
2026-08-25T05:04:14Z,0,36.7,0.00,100,14.2,0.00,Deactivated,22,23,15,1450,412
2026-08-25T05:04:24Z,0,36.6,0.00,100,14.2,0.00,Deactivated,22,23,15,1450,412
2026-08-25T05:04:34Z,0,36.6,0.00,100,14.2,0.00,Deactivated,22,23,15,1450,412
2026-08-25T05:04:44Z,0,36.6,0.00,100,14.2,0.00,Deactivated,22,23,15,1450,412
2026-08-25T05:04:54Z,0,36.6,0.00,100,14.2,0.00,Deactivated,22,24,15,1450,412
2026-08-25T05:05:02Z,0,36.6,0.00,100,14.2,0.00,Deactivated,23,24,15,1450,412
2026-08-25T05:05:10Z,0,36.6,0.00,100,14.2,0.00,Deactivated,23,24,15,1450,412
2026-08-25T05:05:18Z,0,36.6,0.00,100,14.2,0.00,Deactivated,23,24,15,1450,412
2026-08-25T05:05:26Z,0,36.6,0.00,100,14.2,0.00,Deactivated,23,24,15,1450,412
2026-08-25T05:05:36Z,0,36.6,0.00,100,14.2,0.00,Deactivated,23,24,15,1450,412
2026-08-25T05:05:46Z,0,36.5,0.00,100,14.2,0.00,Deactivated,23,24,15,1450,412
2026-08-25T05:05:56Z,0,36.5,0.00,100,14.2,0.00,Deactivated,23,24,15,1450,412
2026-08-25T05:06:06Z,0,36.5,0.00,100,14.2,0.00,Deactivated,23,24,15,1450,412
2026-08-25T05:06:16Z,0,36.5,0.00,100,14.2,0.00,Deactivated,23,25,15,1450,412
2026-08-25T05:06:24Z,0,36.5,0.00,100,14.2,0.00,Deactivated,24,25,15,1450,412
2026-08-25T05:06:34Z,0,36.5,0.00,100,14.2,0.00,Deactivated,24,25,15,1450,412
2026-08-25T05:06:42Z,0,36.5,0.00,100,14.2,0.00,Deactivated,24,25,15,1450,412
2026-08-25T05:06:50Z,0,36.5,0.00,100,14.2,0.00,Deactivated,24,25,15,1450,412
2026-08-25T05:07:00Z,0,36.5,0.00,100,14.2,0.00,Deactivated,24,25,15,1450,412
2026-08-25T05:07:08Z,0,36.5,0.00,100,14.2,0.00,Deactivated,24,25,15,1450,412
2026-08-25T05:07:18Z,0,36.5,0.00,100,14.2,0.00,Deactivated,24,25,15,1450,412
2026-08-25T05:07:26Z,0,36.5,0.00,100,14.2,0.00,Deactivated,24,25,15,1450,412
2026-08-25T05:07:36Z,0,36.5,0.00,100,14.2,0.00,Deactivated,24,25,15,1450,412
2026-08-25T05:07:44Z,0,36.5,0.00,100,14.2,0.00,Deactivated,24,26,15,1450,412
2026-08-25T05:07:54Z,0,36.5,0.00,100,14.2,0.00,Deactivated,25,26,15,1450,412
2026-08-25T05:08:04Z,0,36.5,0.00,100,14.2,0.00,Deactivated,25,26,15,1450,412
2026-08-25T05:08:14Z,0,36.5,0.00,100,14.2,0.00,Deactivated,25,26,15,1450,412
2026-08-25T05:08:22Z,0,36.5,0.00,100,14.2,0.00,Deactivated,25,26,15,1450,412
2026-08-25T05:08:30Z,0,36.5,0.00,100,14.2,0.00,Deactivated,25,26,15,1450,412
2026-08-25T05:08:38Z,0,36.5,0.00,100,14.2,0.00,Deactivated,25,26,15,1450,412
2026-08-25T05:08:48Z,0,36.5,0.00,100,14.2,0.00,Deactivated,25,26,15,1450,412
2026-08-25T05:08:56Z,0,36.5,0.00,100,14.2,0.00,Deactivated,25,26,15,1450,412
2026-08-25T05:09:04Z,0,36.5,0.00,100,14.2,0.00,Deactivated,25,26,15,1450,412
2026-08-25T05:09:14Z,0,36.5,0.00,100,14.2,0.00,Deactivated,25,26,15,1450,412
2026-08-25T05:09:24Z,0,36.6,0.00,100,14.2,0.00,Deactivated,25,27,15,1450,412
2026-08-25T05:09:34Z,0,36.6,0.00,100,14.2,0.00,Deactivated,26,27,15,1450,412
2026-08-25T05:09:44Z,0,36.6,0.00,100,14.2,0.00,Deactivated,26,27,15,1450,412
2026-08-25T05:09:52Z,0,36.6,0.00,100,14.2,0.00,Deactivated,26,27,15,1450,412
2026-08-25T05:10:02Z,0,36.6,0.00,100,14.2,0.00,Deactivated,26,27,15,1450,412
2026-08-25T05:10:10Z,0,36.6,0.00,100,14.2,0.00,Deactivated,26,27,15,1450,412
2026-08-25T05:10:18Z,0,36.6,0.00,100,14.2,0.00,Deactivated,26,27,15,1450,412
2026-08-25T05:10:28Z,0,36.6,0.00,100,14.2,0.00,Deactivated,26,27,15,1450,412
2026-08-25T05:10:36Z,0,36.7,0.00,100,14.2,0.00,Deactivated,26,27,15,1450,412
2026-08-25T05:10:44Z,0,36.7,0.00,100,14.2,0.00,Deactivated,26,27,15,1450,412
2026-08-25T05:10:52Z,0,36.7,0.00,100,14.2,0.00,Deactivated,26,27,15,1450,412
2026-08-25T05:11:02Z,0,36.7,0.00,100,14.2,0.00,Deactivated,26,27,15,1450,412
2026-08-25T05:11:10Z,0,36.7,0.00,100,14.2,0.00,Deactivated,26,27,15,1450,412
2026-08-25T05:11:20Z,0,36.7,0.00,100,14.2,0.00,Deactivated,26,27,15,1450,412
2026-08-25T05:11:30Z,0,36.8,0.00,100,14.2,0.00,Deactivated,26,27,15,1450,412
2026-08-25T05:11:38Z,0,36.8,0.00,100,14.2,0.00,Deactivated,26,27,15,1450,412
2026-08-25T05:11:48Z,0,36.8,0.00,100,14.2,0.00,Deactivated,26,28,15,1450,412
2026-08-25T05:11:58Z,0,36.8,0.00,100,14.2,0.00,Deactivated,26,28,15,1450,412
2026-08-25T05:12:08Z,0,36.8,0.00,100,14.2,0.00,Deactivated,27,28,15,1450,412
2026-08-25T05:12:18Z,0,36.9,0.00,100,14.2,0.00,Deactivated,27,28,15,1450,412
2026-08-25T05:12:28Z,0,36.9,0.00,100,14.2,0.00,Deactivated,27,28,15,1450,412
2026-08-25T05:12:36Z,0,36.9,0.00,100,14.2,0.00,Deactivated,27,28,15,1450,412
2026-08-25T05:12:44Z,0,36.9,0.00,100,14.2,0.00,Deactivated,27,28,15,1450,412
2026-08-25T05:12:54Z,0,37.0,0.00,100,14.2,0.00,Deactivated,27,28,15,1450,412
2026-08-25T05:13:04Z,0,37.0,0.00,100,14.2,0.00,Deactivated,27,28,15,1450,412
2026-08-25T05:13:14Z,0,37.0,0.00,100,14.2,0.00,Deactivated,27,28,15,1450,412
2026-08-25T05:13:24Z,0,37.0,0.00,100,14.2,0.00,Deactivated,27,28,15,1450,412
2026-08-25T05:13:34Z,0,37.1,0.00,100,14.2,0.00,Deactivated,27,28,15,1450,412
2026-08-25T05:13:44Z,0,37.1,0.00,100,14.2,0.00,Deactivated,27,28,15,1450,412
2026-08-25T05:13:55Z,0,37.1,0.00,100,14.2,0.00,Deactivated,27,28,15,1450,412
2026-08-25T05:14:04Z,0,37.2,0.00,100,14.2,0.00,Deactivated,27,28,15,1450,412
2026-08-25T05:14:12Z,0,37.2,0.00,100,14.2,0.00,Deactivated,27,28,15,1450,412
2026-08-25T05:14:20Z,0,37.2,0.00,100,14.2,0.00,Deactivated,27,28,15,1450,412
2026-08-25T05:14:28Z,0,37.2,0.00,100,14.2,0.00,Deactivated,27,28,15,1450,412
2026-08-25T05:14:38Z,0,37.3,0.00,100,14.2,0.00,Deactivated,27,28,15,1450,412
2026-08-25T05:14:46Z,0,37.3,0.00,100,14.2,0.00,Deactivated,27,28,15,1450,412
2026-08-25T05:14:54Z,0,37.3,0.00,100,14.2,0.00,Deactivated,27,28,15,1450,412
2026-08-25T05:15:04Z,0,37.4,0.00,100,14.2,0.00,Deactivated,27,28,15,1450,412
2026-08-25T05:15:14Z,0,37.4,0.00,100,14.2,0.00,Deactivated,27,28,15,1450,412
2026-08-25T05:15:24Z,0,37.4,0.00,100,14.2,0.00,Deactivated,27,28,15,1450,412
2026-08-25T05:15:32Z,0,37.5,0.00,100,14.2,0.00,Deactivated,27,28,15,1450,412
2026-08-25T05:15:42Z,0,37.5,0.00,100,14.2,0.00,Deactivated,27,28,15,1450,412
2026-08-25T05:15:50Z,0,37.5,0.00,100,14.2,0.00,Deactivated,27,28,15,1450,412
2026-08-25T05:16:00Z,0,37.6,0.00,100,14.2,0.00,Deactivated,27,28,15,1450,412
2026-08-25T05:16:10Z,0,37.6,0.00,100,14.2,0.00,Deactivated,27,28,15,1450,412
2026-08-25T05:16:18Z,0,37.6,0.00,100,14.2,0.00,Deactivated,27,28,15,1450,412
2026-08-25T05:16:28Z,0,37.7,0.00,100,14.2,0.00,Deactivated,27,28,15,1450,412
2026-08-25T05:16:36Z,0,37.7,0.00,100,14.2,0.00,Deactivated,27,28,15,1450,412
2026-08-25T05:16:46Z,0,37.7,0.00,100,14.2,0.00,Deactivated,27,28,15,1450,412
2026-08-25T05:16:54Z,0,37.8,0.00,100,14.2,0.00,Deactivated,27,28,15,1450,412
2026-08-25T05:17:04Z,0,37.8,0.00,100,14.2,0.00,Deactivated,27,28,15,1450,412
2026-08-25T05:17:14Z,0,37.9,0.00,100,14.2,0.00,Deactivated,27,28,15,1450,412
2026-08-25T05:17:24Z,0,37.9,0.00,100,14.2,0.00,Deactivated,27,28,15,1450,412
2026-08-25T05:17:34Z,0,37.9,0.00,100,14.2,0.00,Deactivated,27,28,15,1450,412
2026-08-25T05:17:42Z,0,38.0,0.00,100,14.2,0.00,Deactivated,27,28,15,1450,412
2026-08-25T05:17:50Z,0,38.0,0.00,100,14.2,0.00,Deactivated,27,28,15,1450,412
2026-08-25T05:17:58Z,0,38.0,0.00,100,14.2,0.00,Deactivated,26,28,15,1450,412
2026-08-25T05:18:08Z,0,38.1,0.00,100,14.2,0.00,Deactivated,26,28,15,1450,412
2026-08-25T05:18:16Z,0,38.1,0.00,100,14.2,0.00,Deactivated,26,27,15,1450,412
2026-08-25T05:18:26Z,0,38.2,0.00,100,14.2,0.00,Deactivated,26,27,15,1450,412
2026-08-25T05:18:34Z,0,38.2,0.00,100,14.2,0.00,Deactivated,26,27,15,1450,412
2026-08-25T05:18:44Z,0,38.2,0.00,100,14.2,0.00,Deactivated,26,27,15,1450,412
2026-08-25T05:18:54Z,0,38.3,0.00,100,14.2,0.00,Deactivated,26,27,15,1450,412
2026-08-25T05:19:02Z,0,38.3,0.00,100,14.2,0.00,Deactivated,26,27,20,1450,412
2026-08-25T05:19:10Z,0,38.4,0.00,100,14.2,0.00,Deactivated,26,27,20,1450,412
2026-08-25T05:19:18Z,0,38.4,0.00,100,14.2,0.00,Deactivated,26,27,20,1450,412
2026-08-25T05:19:28Z,0,38.4,0.00,100,14.2,0.00,Deactivated,26,27,20,1450,412
2026-08-25T05:19:38Z,0,38.5,0.00,100,14.2,0.00,Deactivated,26,27,20,1450,412
2026-08-25T05:19:48Z,0,38.5,0.00,100,14.2,0.00,Deactivated,26,27,20,1450,412
2026-08-25T05:19:56Z,0,38.6,0.00,100,14.2,0.00,Deactivated,26,27,20,1450,412
2026-08-25T05:20:06Z,0,38.6,0.00,100,14.2,0.00,Deactivated,26,27,20,1450,412
2026-08-25T05:20:16Z,0,38.7,0.00,100,14.2,0.00,Deactivated,26,27,20,1450,412
2026-08-25T05:20:24Z,0,38.7,0.00,100,14.2,0.00,Deactivated,25,27,20,1450,412
2026-08-25T05:20:34Z,0,38.7,0.00,100,14.2,0.00,Deactivated,25,27,20,1450,412
2026-08-25T05:20:44Z,0,38.8,0.00,100,14.2,0.00,Deactivated,25,26,20,1450,412
2026-08-25T05:20:54Z,0,38.8,0.00,100,14.2,0.00,Deactivated,25,26,20,1450,412
2026-08-25T05:21:04Z,0,38.9,0.00,100,14.2,0.00,Deactivated,25,26,21,1450,412
2026-08-25T05:21:14Z,0,38.9,0.00,100,14.2,0.00,Deactivated,25,26,27,1450,412
2026-08-25T05:21:24Z,0,39.0,0.00,100,14.2,0.00,Deactivated,25,26,34,1450,412
2026-08-25T05:21:34Z,0,0.2,0.00,100,13.3,0.00,Deactivated,24,26,65,1450,412
2026-08-25T05:21:44Z,0,0.2,0.00,100,13.3,0.00,Deactivated,24,26,65,1450,412
2026-08-25T05:21:54Z,0,0.2,0.00,100,13.3,0.00,Deactivated,24,26,65,1450,412
2026-08-25T05:22:04Z,0,0.2,0.00,100,13.3,0.00,Deactivated,24,26,65,1450,412
2026-08-25T05:22:12Z,0,0.2,0.00,100,13.3,0.00,Deactivated,24,26,65,1450,412
2026-08-25T05:22:22Z,0,0.2,0.00,100,13.3,0.00,Deactivated,23,25,65,1450,412
2026-08-25T05:22:32Z,0,0.2,0.00,100,13.3,0.00,Deactivated,23,25,65,1450,412
2026-08-25T05:22:40Z,0,0.2,0.00,100,13.3,0.00,Deactivated,23,25,65,1450,412
2026-08-25T05:22:48Z,0,0.2,0.00,100,13.3,0.00,Deactivated,23,25,65,1450,412
2026-08-25T05:22:58Z,0,0.2,0.00,100,13.3,0.00,Deactivated,23,25,65,1450,412
2026-08-25T05:23:06Z,0,0.2,0.00,100,13.3,0.00,Deactivated,23,25,65,1450,412
2026-08-25T05:23:16Z,0,0.2,0.00,100,13.3,0.00,Deactivated,23,25,65,1450,412
2026-08-25T05:23:26Z,0,0.2,0.00,100,13.3,0.00,Deactivated,23,25,65,1450,412
2026-08-25T05:23:34Z,0,0.2,0.00,100,13.3,0.00,Deactivated,23,25,65,1450,412
2026-08-25T05:23:44Z,0,0.2,0.00,100,13.3,0.00,Deactivated,23,25,65,1450,412
2026-08-25T05:23:54Z,0,0.2,0.00,100,13.3,0.00,Deactivated,22,24,65,1450,412
2026-08-25T05:24:04Z,0,0.2,0.00,99,13.3,0.00,Deactivated,22,24,65,1450,412
2026-08-25T05:24:12Z,0,0.2,0.00,99,13.3,0.00,Deactivated,22,24,65,1450,412
2026-08-25T05:24:22Z,0,0.2,0.00,99,13.3,0.00,Deactivated,22,24,65,1450,412
2026-08-25T05:24:30Z,0,0.2,0.00,99,13.3,0.00,Deactivated,22,24,65,1450,412
2026-08-25T05:24:40Z,0,0.2,0.00,99,13.3,0.00,Deactivated,22,24,65,1450,412
2026-08-25T05:24:50Z,0,0.2,0.00,99,13.3,0.00,Deactivated,22,24,65,1450,412
2026-08-25T05:24:58Z,0,0.2,0.00,99,13.3,0.00,Deactivated,22,24,65,1450,412
2026-08-25T05:25:08Z,0,0.2,0.00,99,13.3,0.00,Deactivated,21,23,65,1450,412
2026-08-25T05:25:16Z,0,0.2,0.00,99,13.3,0.00,Deactivated,21,23,65,1450,412
2026-08-25T05:25:26Z,0,0.2,0.00,99,13.3,0.00,Deactivated,21,23,65,1450,412
2026-08-25T05:25:36Z,0,0.2,0.00,99,13.3,0.00,Deactivated,21,23,65,1450,412
2026-08-25T05:25:44Z,0,0.2,0.00,99,13.3,0.00,Deactivated,21,23,65,1450,412
2026-08-25T05:25:54Z,0,0.2,0.00,99,13.3,0.00,Deactivated,21,23,65,1450,412
2026-08-25T05:26:02Z,0,0.2,0.00,99,13.3,0.00,Deactivated,21,23,65,1450,412
2026-08-25T05:26:12Z,0,0.2,0.00,99,13.3,0.00,Deactivated,21,23,65,1450,412
2026-08-25T05:26:20Z,0,0.2,0.00,99,13.3,0.00,Deactivated,21,23,65,1450,412
2026-08-25T05:26:30Z,0,0.2,0.00,99,13.3,0.00,Deactivated,20,22,65,1450,412
2026-08-25T05:26:38Z,0,0.2,0.00,99,13.3,0.00,Deactivated,20,22,65,1450,412
2026-08-25T05:26:48Z,0,0.2,0.00,99,13.3,0.00,Deactivated,20,22,65,1450,412
2026-08-25T05:26:56Z,0,0.2,0.00,99,13.3,0.00,Deactivated,20,22,65,1450,412
2026-08-25T05:27:06Z,0,0.2,0.00,99,13.3,0.00,Deactivated,20,22,17,1450,412
2026-08-25T05:27:14Z,0,0.2,0.00,99,13.3,0.00,Deactivated,20,22,17,1450,412
2026-08-25T05:27:24Z,0,0.2,0.00,99,13.3,0.00,Deactivated,20,22,17,1450,412
2026-08-25T05:27:34Z,0,0.2,0.00,99,13.3,0.00,Deactivated,20,22,17,1450,412
2026-08-25T05:27:44Z,0,0.2,0.00,99,13.3,0.00,Deactivated,19,21,17,1450,412
2026-08-25T05:27:54Z,0,0.2,0.00,99,13.3,0.00,Deactivated,19,21,17,1450,412
2026-08-25T05:28:04Z,0,0.2,0.00,99,13.3,0.00,Deactivated,19,21,17,1450,412
2026-08-25T05:28:12Z,0,0.2,0.00,99,13.3,0.00,Deactivated,19,21,17,1450,412
2026-08-25T05:28:20Z,0,0.2,0.00,99,13.3,0.00,Deactivated,19,21,17,1450,412
2026-08-25T05:28:30Z,0,0.2,0.00,99,13.3,0.00,Deactivated,19,21,17,1450,412
2026-08-25T05:28:40Z,0,0.2,0.00,99,13.3,0.00,Deactivated,19,21,17,1450,412
2026-08-25T05:28:48Z,0,0.2,0.00,99,13.3,0.00,Deactivated,19,21,17,1450,412
2026-08-25T05:28:58Z,0,0.2,0.00,62,13.2,0.00,Deactivated,18,20,17,1450,412
2026-08-25T05:29:06Z,0,0.2,0.00,62,13.2,0.00,Deactivated,18,20,17,1450,412
2026-08-25T05:29:16Z,0,0.2,0.00,62,13.2,0.00,Deactivated,18,20,17,1450,412
2026-08-25T05:29:24Z,0,0.2,0.00,62,13.2,0.00,Deactivated,18,20,17,1450,412
2026-08-25T05:29:34Z,0,0.2,0.00,62,13.2,0.00,Deactivated,18,20,17,1450,412
2026-08-25T05:29:42Z,0,0.2,0.00,62,13.2,0.00,Deactivated,18,20,17,1450,412
2026-08-25T05:29:50Z,0,0.2,0.00,62,13.2,0.00,Deactivated,18,20,17,1450,412
2026-08-25T05:29:58Z,0,0.2,0.00,62,13.2,0.00,Deactivated,18,20,17,1450,412
2026-08-25T05:30:06Z,0,0.2,0.00,62,13.2,0.00,Deactivated,18,20,17,1450,412
2026-08-25T05:30:16Z,0,0.2,0.00,62,13.2,0.00,Deactivated,18,20,17,1450,412
2026-08-25T05:30:26Z,0,0.2,0.00,62,13.2,0.00,Deactivated,17,19,17,1450,412
2026-08-25T05:30:34Z,0,0.2,0.00,62,13.2,0.00,Deactivated,17,19,17,1450,412
2026-08-25T05:30:44Z,0,0.2,0.00,62,13.2,0.00,Deactivated,17,19,17,1450,412
2026-08-25T05:30:54Z,0,0.2,0.00,62,13.2,0.00,Deactivated,17,19,17,1450,412
2026-08-25T05:31:02Z,0,0.2,0.00,62,13.2,0.00,Deactivated,17,19,17,1450,412
2026-08-25T05:31:10Z,0,0.2,0.00,62,13.2,0.00,Deactivated,17,19,17,1450,412
2026-08-25T05:31:20Z,0,0.2,0.00,62,13.2,0.00,Deactivated,17,19,17,1450,412
2026-08-25T05:31:30Z,0,0.2,0.00,61,13.2,0.00,Deactivated,17,19,17,1450,412
2026-08-25T05:31:38Z,0,0.2,0.00,61,13.2,0.00,Deactivated,17,19,17,1450,412
2026-08-25T05:31:48Z,0,0.2,0.00,61,13.2,0.00,Deactivated,17,19,17,1450,412
2026-08-25T05:31:58Z,0,0.2,0.00,61,13.2,0.00,Deactivated,16,18,17,1450,412
2026-08-25T05:32:08Z,0,0.2,0.00,61,13.2,0.00,Deactivated,16,18,17,1450,412
2026-08-25T05:32:18Z,0,0.2,0.00,61,13.2,0.00,Deactivated,16,18,17,1450,412
2026-08-25T05:32:26Z,0,0.2,0.00,61,13.2,0.00,Deactivated,16,18,17,1450,412
2026-08-25T05:32:34Z,0,0.2,0.00,61,13.2,0.00,Deactivated,16,18,17,1450,412
2026-08-25T05:32:44Z,0,0.2,0.00,61,13.2,0.00,Deactivated,16,18,17,1450,412
2026-08-25T05:32:54Z,0,0.2,0.00,61,13.2,0.00,Deactivated,16,18,17,1450,412
2026-08-25T05:33:04Z,0,0.2,0.00,61,13.2,0.00,Deactivated,16,18,17,1450,412
2026-08-25T05:33:14Z,0,0.2,0.00,61,13.2,0.00,Deactivated,16,18,17,1450,412
2026-08-25T05:33:24Z,0,0.2,0.00,61,13.2,0.00,Deactivated,16,18,17,1450,412
2026-08-25T05:33:34Z,0,0.2,0.00,61,13.2,0.00,Deactivated,15,17,17,1450,412
2026-08-25T05:33:44Z,0,0.2,0.00,61,13.2,0.00,Deactivated,15,17,17,1450,412
2026-08-25T05:33:54Z,0,0.2,0.00,61,13.2,0.00,Deactivated,15,17,17,1450,412
2026-08-25T05:34:04Z,0,0.2,0.00,61,13.2,0.00,Deactivated,15,17,17,1450,412
2026-08-25T05:34:14Z,0,0.2,0.00,61,13.2,0.00,Deactivated,15,17,17,1450,412
2026-08-25T05:34:24Z,0,0.2,0.00,61,13.2,0.00,Deactivated,15,17,17,1450,412
2026-08-25T05:34:34Z,0,0.2,0.00,61,13.2,0.00,Deactivated,15,17,17,1450,412
2026-08-25T05:34:44Z,0,0.2,0.00,61,13.2,0.00,Deactivated,15,17,17,1450,412
2026-08-25T05:34:54Z,0,0.2,0.00,61,13.2,0.00,Deactivated,15,17,17,1450,412
2026-08-25T05:35:04Z,0,0.2,0.00,61,13.2,0.00,Deactivated,15,17,17,1450,412
2026-08-25T05:35:12Z,0,0.2,0.00,61,13.2,0.00,Deactivated,15,17,17,1450,412
2026-08-25T05:35:22Z,0,0.2,0.00,61,13.2,0.00,Deactivated,15,17,17,1450,412
2026-08-25T05:35:32Z,0,0.2,0.00,61,13.2,0.00,Deactivated,15,17,17,1450,412
2026-08-25T05:35:40Z,0,0.2,0.00,61,13.2,0.00,Deactivated,15,17,17,1450,412
2026-08-25T05:35:48Z,0,0.2,0.00,61,13.2,0.00,Deactivated,15,17,17,1450,412
2026-08-25T05:35:58Z,0,0.2,0.00,61,13.2,0.00,Deactivated,15,17,17,1450,412
2026-08-25T05:36:08Z,0,0.2,0.00,61,13.2,0.00,Deactivated,14,16,17,1450,412
2026-08-25T05:36:18Z,0,0.2,0.00,61,13.2,0.00,Deactivated,14,16,17,1450,412
2026-08-25T05:36:26Z,0,0.2,0.00,60,13.2,0.00,Deactivated,14,16,17,1450,412
2026-08-25T05:36:36Z,0,0.2,0.00,60,13.2,0.00,Deactivated,14,16,17,1450,412
2026-08-25T05:36:46Z,0,0.2,0.00,60,13.2,0.00,Deactivated,14,16,17,1450,412
2026-08-25T05:36:54Z,0,0.2,0.00,60,13.2,0.00,Deactivated,14,16,17,1450,412
2026-08-25T05:37:04Z,0,0.2,0.00,60,13.2,0.00,Deactivated,14,16,17,1450,412
2026-08-25T05:37:14Z,0,0.2,0.00,60,13.2,0.00,Deactivated,14,16,17,1450,412
2026-08-25T05:37:22Z,0,0.2,0.00,60,13.2,0.00,Deactivated,14,16,17,1450,412
2026-08-25T05:37:30Z,0,0.2,0.00,60,13.2,0.00,Deactivated,14,16,17,1450,412
2026-08-25T05:37:38Z,0,0.2,0.00,60,13.2,0.00,Deactivated,14,16,17,1450,412
2026-08-25T05:37:46Z,0,0.2,0.00,60,13.2,0.00,Deactivated,14,16,17,1450,412
2026-08-25T05:37:56Z,0,0.2,0.00,60,13.2,0.00,Deactivated,14,16,17,1450,412
2026-08-25T05:38:04Z,0,0.2,0.00,60,13.2,0.00,Deactivated,14,16,17,1450,412
2026-08-25T05:38:14Z,0,0.2,0.00,60,13.2,0.00,Deactivated,14,16,17,1450,412
2026-08-25T05:38:24Z,0,0.2,0.00,60,13.2,0.00,Deactivated,14,16,17,1450,412
2026-08-25T05:38:34Z,0,0.2,0.00,60,13.2,0.00,Deactivated,14,16,17,1450,412
2026-08-25T05:38:44Z,0,0.2,0.00,60,13.2,0.00,Deactivated,14,16,17,1450,412
2026-08-25T05:38:54Z,0,0.2,0.00,60,13.2,0.00,Deactivated,14,16,17,1450,412
2026-08-25T05:39:04Z,0,0.2,0.00,60,13.2,0.00,Deactivated,14,16,17,1450,412
2026-08-25T05:39:14Z,0,0.2,0.00,60,13.2,0.00,Deactivated,14,16,17,1450,412
2026-08-25T05:39:22Z,0,0.2,0.00,60,13.2,0.00,Deactivated,14,16,17,1450,412
2026-08-25T05:39:30Z,0,0.2,0.00,60,13.2,0.00,Deactivated,14,16,17,1450,412
2026-08-25T05:39:40Z,0,0.2,0.00,60,13.2,0.00,Deactivated,14,16,17,1450,412
2026-08-25T05:39:48Z,0,0.2,0.00,60,13.2,0.00,Deactivated,14,16,17,1450,412
2026-08-25T05:39:58Z,0,0.2,0.00,60,13.2,0.00,Deactivated,14,16,17,1450,412
2026-08-25T05:40:06Z,0,0.2,0.00,60,13.2,0.00,Deactivated,14,16,17,1450,412
2026-08-25T05:40:16Z,0,0.2,0.00,60,13.2,0.00,Deactivated,14,16,17,1450,412
2026-08-25T05:40:24Z,0,0.2,0.00,60,13.2,0.00,Deactivated,14,16,17,1450,412
2026-08-25T05:40:34Z,0,0.2,0.00,60,13.2,0.00,Deactivated,14,16,17,1450,412
2026-08-25T05:40:44Z,0,0.2,0.00,60,13.2,0.00,Deactivated,14,16,17,1450,412
2026-08-25T05:40:54Z,0,0.2,0.00,60,13.2,0.00,Deactivated,14,16,17,1450,412
2026-08-25T05:41:04Z,0,0.2,0.00,60,13.2,0.00,Deactivated,14,16,17,1450,412
2026-08-25T05:41:14Z,0,0.2,0.00,60,13.2,0.00,Deactivated,14,16,17,1450,412
2026-08-25T05:41:24Z,0,0.2,0.00,60,13.2,0.00,Deactivated,14,16,17,1450,412
2026-08-25T05:41:34Z,0,39.0,0.00,60,13.8,0.00,Deactivated,15,16,15,1450,412
2026-08-25T05:41:42Z,0,38.9,0.00,60,13.8,0.00,Deactivated,15,16,15,1450,412
2026-08-25T05:41:50Z,0,38.9,0.00,60,13.8,0.00,Deactivated,15,16,15,1450,412
2026-08-25T05:41:58Z,0,38.9,0.00,60,13.8,0.00,Deactivated,15,17,15,1450,412
2026-08-25T05:42:08Z,0,38.8,0.00,61,13.8,0.00,Deactivated,16,17,15,1450,412
2026-08-25T05:42:18Z,0,38.8,0.00,61,13.8,0.00,Deactivated,16,17,15,1450,412
2026-08-25T05:42:28Z,0,38.7,0.00,62,13.8,0.00,Deactivated,16,17,15,1450,412
2026-08-25T05:42:36Z,0,38.7,0.00,62,13.8,0.00,Deactivated,16,17,15,1450,412
2026-08-25T05:42:46Z,0,38.6,0.00,63,13.8,0.00,Deactivated,16,17,15,1450,412
2026-08-25T05:42:54Z,0,38.6,0.00,63,13.8,0.00,Deactivated,17,17,15,1450,412
2026-08-25T05:43:04Z,0,38.6,0.00,64,13.8,0.00,Deactivated,17,17,15,1450,412
2026-08-25T05:43:12Z,0,38.5,0.00,64,13.8,0.00,Deactivated,17,17,15,1450,412
2026-08-25T05:43:20Z,0,38.5,0.00,65,13.8,0.00,Deactivated,17,17,15,1450,412
2026-08-25T05:43:30Z,0,38.4,0.00,66,13.8,0.00,Deactivated,17,17,15,1450,412
2026-08-25T05:43:38Z,0,38.4,0.00,66,13.8,0.00,Deactivated,17,17,15,1450,412
2026-08-25T05:43:48Z,0,38.4,0.00,67,13.8,0.00,Deactivated,18,17,15,1450,412
2026-08-25T05:43:58Z,0,38.3,0.00,68,13.8,0.00,Deactivated,18,17,15,1450,412
2026-08-25T05:44:06Z,0,38.3,0.00,69,13.8,0.00,Deactivated,18,17,15,1450,412
2026-08-25T05:44:16Z,0,38.2,0.00,70,13.8,0.00,Deactivated,18,17,15,1450,412
2026-08-25T05:44:26Z,0,38.2,0.00,71,13.9,0.00,Deactivated,19,18,15,1450,412
2026-08-25T05:44:34Z,0,38.1,0.00,71,13.9,0.00,Deactivated,19,18,15,1450,412
2026-08-25T05:44:44Z,0,38.1,0.00,73,13.9,0.00,Deactivated,19,18,15,1450,412
2026-08-25T05:44:54Z,0,38.1,0.00,74,13.9,0.00,Deactivated,19,18,15,1450,412
2026-08-25T05:45:04Z,0,38.0,0.00,75,13.9,0.00,Deactivated,19,18,15,1450,412
2026-08-25T05:45:12Z,0,38.0,0.00,76,13.9,0.00,Deactivated,20,18,15,1450,412
2026-08-25T05:45:22Z,0,37.9,0.00,77,13.9,0.00,Deactivated,20,18,15,1450,412
2026-08-25T05:45:30Z,0,37.9,0.00,78,13.9,0.00,Deactivated,20,18,15,1450,412
2026-08-25T05:45:40Z,0,37.9,0.00,80,13.9,0.00,Deactivated,20,18,15,1450,412
2026-08-25T05:45:50Z,0,37.8,0.00,81,13.9,0.00,Deactivated,20,18,15,1450,412
2026-08-25T05:46:00Z,0,37.8,0.00,83,14.0,0.00,Deactivated,21,18,15,1450,412
2026-08-25T05:46:10Z,0,37.7,0.00,84,14.0,0.00,Deactivated,21,19,15,1450,412
2026-08-25T05:46:18Z,0,37.7,0.00,85,14.0,0.00,Deactivated,21,19,15,1450,412
2026-08-25T05:46:26Z,0,37.7,0.00,86,14.0,0.00,Deactivated,21,19,15,1450,412
2026-08-25T05:46:36Z,0,37.6,0.00,88,14.0,0.00,Deactivated,21,19,15,1450,412
2026-08-25T05:46:46Z,0,37.6,0.00,90,14.0,0.00,Deactivated,22,19,15,1450,412
2026-08-25T05:46:56Z,0,37.6,0.00,91,14.0,0.00,Deactivated,22,19,15,1450,412
2026-08-25T05:47:04Z,0,37.5,0.00,93,14.0,0.00,Deactivated,22,19,15,1450,412
2026-08-25T05:47:14Z,0,37.5,0.00,94,14.1,0.00,Deactivated,22,19,15,1450,412
2026-08-25T05:47:22Z,0,37.5,0.00,96,14.1,0.00,Deactivated,22,19,15,1450,412
2026-08-25T05:47:30Z,0,37.4,0.00,97,14.1,0.00,Deactivated,23,19,15,1450,412
2026-08-25T05:47:40Z,0,37.4,0.00,100,14.2,0.00,Deactivated,18,20,15,1450,412
2026-08-25T05:47:48Z,0,37.4,0.00,100,14.2,0.00,Deactivated,19,20,15,1450,412
2026-08-25T05:47:58Z,0,37.3,0.00,100,14.2,0.00,Deactivated,19,20,15,1450,412
2026-08-25T05:48:08Z,0,37.3,0.00,100,14.2,0.00,Deactivated,19,20,15,1450,412
2026-08-25T05:48:16Z,0,37.3,0.00,100,14.2,0.00,Deactivated,19,20,15,1450,412
2026-08-25T05:48:26Z,0,37.2,0.00,100,14.2,0.00,Deactivated,19,20,15,1450,412
2026-08-25T05:48:36Z,0,37.2,0.00,100,14.2,0.00,Deactivated,19,20,15,1450,412
2026-08-25T05:48:44Z,0,37.2,0.00,100,14.2,0.00,Deactivated,19,20,15,1450,412
2026-08-25T05:48:54Z,0,37.1,0.00,100,14.2,0.00,Deactivated,19,20,15,1450,412
2026-08-25T05:49:04Z,0,37.1,0.00,100,14.2,0.00,Deactivated,19,21,15,1450,412
2026-08-25T05:49:14Z,0,37.1,0.00,100,14.2,0.00,Deactivated,20,21,15,1450,412
2026-08-25T05:49:24Z,0,37.1,0.00,100,14.2,0.00,Deactivated,20,21,15,1450,412
2026-08-25T05:49:34Z,0,37.0,0.00,100,14.2,0.00,Deactivated,20,21,15,1450,412
2026-08-25T05:49:44Z,0,37.0,0.00,100,14.2,0.00,Deactivated,20,21,15,1450,412
2026-08-25T05:49:54Z,0,37.0,0.00,100,14.2,0.00,Deactivated,20,21,15,1450,412
2026-08-25T05:50:04Z,0,36.9,0.00,100,14.2,0.00,Deactivated,20,21,15,1450,412
2026-08-25T05:50:14Z,0,36.9,0.00,100,14.2,0.00,Deactivated,20,21,15,1450,412
2026-08-25T05:50:22Z,0,36.9,0.00,100,14.2,0.00,Deactivated,20,22,15,1450,412
2026-08-25T05:50:30Z,0,36.9,0.00,100,14.2,0.00,Deactivated,21,22,15,1450,412
2026-08-25T05:50:38Z,0,36.9,0.00,100,14.2,0.00,Deactivated,21,22,15,1450,412
2026-08-25T05:50:48Z,0,36.8,0.00,100,14.2,0.00,Deactivated,21,22,15,1450,412
2026-08-25T05:50:58Z,0,36.8,0.00,100,14.2,0.00,Deactivated,21,22,15,1450,412
2026-08-25T05:51:08Z,0,36.8,0.00,100,14.2,0.00,Deactivated,21,22,15,1450,412
2026-08-25T05:51:18Z,0,36.8,0.00,100,14.2,0.00,Deactivated,21,22,15,1450,412
2026-08-25T05:51:28Z,0,36.7,0.00,100,14.2,0.00,Deactivated,21,22,15,1450,412
2026-08-25T05:51:36Z,0,36.7,0.00,100,14.2,0.00,Deactivated,21,23,15,1450,412
2026-08-25T05:51:46Z,0,36.7,0.00,100,14.2,0.00,Deactivated,22,23,15,1450,412
2026-08-25T05:51:54Z,0,36.7,0.00,100,14.2,0.00,Deactivated,22,23,15,1450,412
2026-08-25T05:52:04Z,0,36.7,0.00,100,14.2,0.00,Deactivated,22,23,15,1450,412
2026-08-25T05:52:14Z,0,36.7,0.00,100,14.2,0.00,Deactivated,22,23,15,1450,412
2026-08-25T05:52:24Z,0,36.6,0.00,100,14.2,0.00,Deactivated,22,23,15,1450,412
2026-08-25T05:52:34Z,0,36.6,0.00,100,14.2,0.00,Deactivated,22,23,15,1450,412
2026-08-25T05:52:42Z,0,36.6,0.00,100,14.2,0.00,Deactivated,22,23,15,1450,412
2026-08-25T05:52:50Z,0,36.6,0.00,100,14.2,0.00,Deactivated,22,24,15,1450,412
2026-08-25T05:52:58Z,0,36.6,0.00,100,14.2,0.00,Deactivated,23,24,15,1450,412
2026-08-25T05:53:08Z,0,36.6,0.00,100,14.2,0.00,Deactivated,23,24,15,1450,412
2026-08-25T05:53:16Z,0,36.6,0.00,100,14.2,0.00,Deactivated,23,24,15,1450,412
2026-08-25T05:53:26Z,0,36.6,0.00,100,14.2,0.00,Deactivated,23,24,15,1450,412
2026-08-25T05:53:34Z,0,36.6,0.00,100,14.2,0.00,Deactivated,23,24,15,1450,412
2026-08-25T05:53:44Z,0,36.5,0.00,100,14.2,0.00,Deactivated,23,24,15,1450,412
2026-08-25T05:53:54Z,0,36.5,0.00,100,14.2,0.00,Deactivated,23,24,15,1450,412
2026-08-25T05:54:04Z,0,36.5,0.00,100,14.2,0.00,Deactivated,23,24,15,1450,412
2026-08-25T05:54:14Z,0,36.5,0.00,100,14.2,0.00,Deactivated,23,25,15,1450,412
2026-08-25T05:54:22Z,0,36.5,0.00,100,14.2,0.00,Deactivated,24,25,15,1450,412
2026-08-25T05:54:30Z,0,36.5,0.00,100,14.2,0.00,Deactivated,24,25,15,1450,412
2026-08-25T05:54:40Z,0,36.5,0.00,100,14.2,0.00,Deactivated,24,25,15,1450,412
2026-08-25T05:54:48Z,0,36.5,0.00,100,14.2,0.00,Deactivated,24,25,15,1450,412
2026-08-25T05:54:56Z,0,36.5,0.00,100,14.2,0.00,Deactivated,24,25,15,1450,412
2026-08-25T05:55:06Z,0,36.5,0.00,100,14.2,0.00,Deactivated,24,25,15,1450,412
2026-08-25T05:55:16Z,0,36.5,0.00,100,14.2,0.00,Deactivated,24,25,15,1450,412
2026-08-25T05:55:26Z,0,36.5,0.00,100,14.2,0.00,Deactivated,24,25,15,1450,412
2026-08-25T05:55:36Z,0,36.5,0.00,100,14.2,0.00,Deactivated,24,25,15,1450,412
2026-08-25T05:55:46Z,0,36.5,0.00,100,14.2,0.00,Deactivated,24,26,15,1450,412
2026-08-25T05:55:56Z,0,36.5,0.00,100,14.2,0.00,Deactivated,25,26,15,1450,412
2026-08-25T05:56:04Z,0,36.5,0.00,100,14.2,0.00,Deactivated,25,26,15,1450,412
2026-08-25T05:56:14Z,0,36.5,0.00,100,14.2,0.00,Deactivated,25,26,15,1450,412
2026-08-25T05:56:24Z,0,36.5,0.00,100,14.2,0.00,Deactivated,25,26,15,1450,412
2026-08-25T05:56:32Z,0,36.5,0.00,100,14.2,0.00,Deactivated,25,26,15,1450,412
2026-08-25T05:56:40Z,0,36.5,0.00,100,14.2,0.00,Deactivated,25,26,15,1450,412
2026-08-25T05:56:50Z,0,36.5,0.00,100,14.2,0.00,Deactivated,25,26,15,1450,412
2026-08-25T05:57:00Z,0,36.5,0.00,100,14.2,0.00,Deactivated,25,26,15,1450,412
2026-08-25T05:57:08Z,0,36.5,0.00,100,14.2,0.00,Deactivated,25,26,15,1450,412
2026-08-25T05:57:18Z,0,36.6,0.00,100,14.2,0.00,Deactivated,25,26,15,1450,412
2026-08-25T05:57:26Z,0,36.6,0.00,100,14.2,0.00,Deactivated,25,27,15,1450,412
2026-08-25T05:57:36Z,0,36.6,0.00,100,14.2,0.00,Deactivated,26,27,15,1450,412
2026-08-25T05:57:46Z,0,36.6,0.00,100,14.2,0.00,Deactivated,26,27,15,1450,412
2026-08-25T05:57:56Z,0,36.6,0.00,100,14.2,0.00,Deactivated,26,27,15,1450,412
2026-08-25T05:58:06Z,0,36.6,0.00,100,14.2,0.00,Deactivated,26,27,15,1450,412
2026-08-25T05:58:14Z,0,36.6,0.00,100,14.2,0.00,Deactivated,26,27,15,1450,412
2026-08-25T05:58:24Z,0,36.6,0.00,100,14.2,0.00,Deactivated,26,27,15,1450,412
2026-08-25T05:58:34Z,0,36.6,0.00,100,14.2,0.00,Deactivated,26,27,15,1450,412
2026-08-25T05:58:44Z,0,36.7,0.00,100,14.2,0.00,Deactivated,26,27,15,1450,412
2026-08-25T05:58:54Z,0,36.7,0.00,100,14.2,0.00,Deactivated,26,27,15,1450,412
2026-08-25T05:59:04Z,0,36.7,0.00,100,14.2,0.00,Deactivated,26,27,15,1450,412
2026-08-25T05:59:14Z,0,36.7,0.00,100,14.2,0.00,Deactivated,26,27,15,1450,412
2026-08-25T05:59:22Z,0,36.7,0.00,100,14.2,0.00,Deactivated,26,27,15,1450,412
2026-08-25T05:59:30Z,0,36.8,0.00,100,14.2,0.00,Deactivated,26,27,15,1450,412
2026-08-25T05:59:38Z,0,36.8,0.00,100,14.2,0.00,Deactivated,26,27,15,1450,412
2026-08-25T05:59:48Z,0,36.8,0.00,100,14.2,0.00,Deactivated,26,28,15,1450,412
2026-08-25T05:59:58Z,0,36.8,0.00,100,14.2,0.00,Deactivated,26,28,15,1450,412
2026-08-25T06:00:08Z,0,36.8,0.00,100,14.2,0.00,Deactivated,27,28,15,1450,412
2026-08-25T06:00:16Z,0,36.9,0.00,100,14.2,0.00,Deactivated,27,28,15,1450,412
2026-08-25T06:00:26Z,0,36.9,0.00,100,14.2,0.00,Deactivated,27,28,15,1450,412
2026-08-25T06:00:34Z,0,36.9,0.00,100,14.2,0.00,Deactivated,27,28,15,1450,412
2026-08-25T06:00:44Z,0,36.9,0.00,100,14.2,0.00,Deactivated,27,28,15,1450,412
2026-08-25T06:00:54Z,0,37.0,0.00,100,14.2,0.00,Deactivated,27,28,15,1450,412
2026-08-25T06:01:04Z,0,37.0,0.00,100,14.2,0.00,Deactivated,27,28,15,1450,412
2026-08-25T06:01:14Z,0,37.0,0.00,100,14.2,0.00,Deactivated,27,28,15,1450,412
2026-08-25T06:01:24Z,0,37.0,0.00,100,14.2,0.00,Deactivated,27,28,15,1450,412
2026-08-25T06:01:32Z,0,37.1,0.00,100,14.2,0.00,Deactivated,27,28,15,1450,412
2026-08-25T06:01:42Z,0,37.1,0.00,100,14.2,0.00,Deactivated,27,28,15,1450,412
2026-08-25T06:01:50Z,0,37.1,0.00,100,14.2,0.00,Deactivated,27,28,15,1450,412
2026-08-25T06:01:58Z,0,37.1,0.00,100,14.2,0.00,Deactivated,27,28,15,1450,412
2026-08-25T06:02:06Z,0,37.2,0.00,100,14.2,0.00,Deactivated,27,28,15,1450,412
2026-08-25T06:02:16Z,0,37.2,0.00,100,14.2,0.00,Deactivated,27,28,15,1450,412
2026-08-25T06:02:26Z,0,37.2,0.00,100,14.2,0.00,Deactivated,27,28,15,1450,412
2026-08-25T06:02:34Z,0,37.3,0.00,100,14.2,0.00,Deactivated,27,28,15,1450,412
2026-08-25T06:02:44Z,0,37.3,0.00,100,14.2,0.00,Deactivated,27,28,15,1450,412
2026-08-25T06:02:54Z,0,37.3,0.00,100,14.2,0.00,Deactivated,27,28,15,1450,412
2026-08-25T06:03:04Z,0,37.4,0.00,100,14.2,0.00,Deactivated,27,28,15,1450,412
2026-08-25T06:03:14Z,0,37.4,0.00,100,14.2,0.00,Deactivated,27,28,15,1450,412
2026-08-25T06:03:24Z,0,37.4,0.00,100,14.2,0.00,Deactivated,27,28,15,1450,412
2026-08-25T06:03:34Z,0,37.5,0.00,100,14.2,0.00,Deactivated,27,28,15,1450,412
2026-08-25T06:03:42Z,0,37.5,0.00,100,14.2,0.00,Deactivated,27,28,15,1450,412
2026-08-25T06:03:50Z,0,37.5,0.00,100,14.2,0.00,Deactivated,27,28,15,1450,412
2026-08-25T06:04:00Z,0,37.6,0.00,100,14.2,0.00,Deactivated,27,28,15,1450,412
2026-08-25T06:04:08Z,0,37.6,0.00,100,14.2,0.00,Deactivated,27,28,15,1450,412
2026-08-25T06:04:16Z,0,37.6,0.00,100,14.2,0.00,Deactivated,27,28,15,1450,412
2026-08-25T06:04:26Z,0,37.7,0.00,100,14.2,0.00,Deactivated,27,28,15,1450,412
2026-08-25T06:04:36Z,0,37.7,0.00,100,14.2,0.00,Deactivated,27,28,15,1450,412
2026-08-25T06:04:44Z,0,37.7,0.00,100,14.2,0.00,Deactivated,27,28,15,1450,412
2026-08-25T06:04:55Z,0,37.8,0.00,100,14.2,0.00,Deactivated,27,28,15,1450,412
2026-08-25T06:05:04Z,0,37.8,0.00,100,14.2,0.00,Deactivated,27,28,15,1450,412
2026-08-25T06:05:14Z,0,37.9,0.00,100,14.2,0.00,Deactivated,27,28,15,1450,412
2026-08-25T06:05:24Z,0,37.9,0.00,100,14.2,0.00,Deactivated,27,28,15,1450,412
2026-08-25T06:05:34Z,0,37.9,0.00,100,14.2,0.00,Deactivated,27,28,15,1450,412
2026-08-25T06:05:44Z,0,38.0,0.00,100,14.2,0.00,Deactivated,27,28,15,1450,412
2026-08-25T06:05:54Z,0,38.0,0.00,100,14.2,0.00,Deactivated,27,28,15,1450,412
2026-08-25T06:06:04Z,0,38.1,0.00,100,14.2,0.00,Deactivated,26,28,15,1450,412
2026-08-25T06:06:12Z,0,38.1,0.00,100,14.2,0.00,Deactivated,26,28,15,1450,412
2026-08-25T06:06:20Z,0,38.1,0.00,100,14.2,0.00,Deactivated,26,27,15,1450,412
2026-08-25T06:06:28Z,0,38.2,0.00,100,14.2,0.00,Deactivated,26,27,15,1450,412
2026-08-25T06:06:36Z,0,38.2,0.00,100,14.2,0.00,Deactivated,26,27,15,1450,412
2026-08-25T06:06:46Z,0,38.3,0.00,100,14.2,0.00,Deactivated,26,27,15,1450,412
2026-08-25T06:06:56Z,0,38.3,0.00,100,14.2,0.00,Deactivated,26,27,15,1450,412
2026-08-25T06:07:06Z,0,38.3,0.00,100,14.2,0.00,Deactivated,26,27,20,1450,412
2026-08-25T06:07:14Z,0,38.4,0.00,100,14.2,0.00,Deactivated,26,27,20,1450,412
2026-08-25T06:07:24Z,0,38.4,0.00,100,14.2,0.00,Deactivated,26,27,20,1450,412
2026-08-25T06:07:34Z,0,38.5,0.00,100,14.2,0.00,Deactivated,26,27,20,1450,412
2026-08-25T06:07:44Z,0,38.5,0.00,100,14.2,0.00,Deactivated,26,27,20,1450,412
2026-08-25T06:07:54Z,0,38.6,0.00,100,14.2,0.00,Deactivated,26,27,20,1450,412
2026-08-25T06:08:02Z,0,38.6,0.00,100,14.2,0.00,Deactivated,26,27,20,1450,412
2026-08-25T06:08:10Z,0,38.6,0.00,100,14.2,0.00,Deactivated,26,27,20,1450,412
2026-08-25T06:08:20Z,0,38.7,0.00,100,14.2,0.00,Deactivated,26,27,20,1450,412
2026-08-25T06:08:28Z,0,38.7,0.00,100,14.2,0.00,Deactivated,25,27,20,1450,412
2026-08-25T06:08:36Z,0,38.8,0.00,100,14.2,0.00,Deactivated,25,26,20,1450,412
2026-08-25T06:08:46Z,0,38.8,0.00,100,14.2,0.00,Deactivated,25,26,20,1450,412
2026-08-25T06:08:54Z,0,38.8,0.00,100,14.2,0.00,Deactivated,25,26,20,1450,412
2026-08-25T06:09:04Z,0,38.9,0.00,100,14.2,0.00,Deactivated,25,26,21,1450,412
2026-08-25T06:09:14Z,0,38.9,0.00,100,14.2,0.00,Deactivated,25,26,27,1450,412
2026-08-25T06:09:24Z,0,39.0,0.00,100,14.2,0.00,Deactivated,25,26,34,1450,412
2026-08-25T06:09:34Z,0,0.2,0.00,100,13.3,0.00,Deactivated,24,26,65,1450,412
2026-08-25T06:09:44Z,0,0.2,0.00,100,13.3,0.00,Deactivated,24,26,65,1450,412
2026-08-25T06:09:54Z,0,0.2,0.00,100,13.3,0.00,Deactivated,24,26,65,1450,412
2026-08-25T06:10:04Z,0,0.2,0.00,100,13.3,0.00,Deactivated,24,26,65,1450,412
2026-08-25T06:10:14Z,0,0.2,0.00,100,13.3,0.00,Deactivated,24,26,65,1450,412
2026-08-25T06:10:24Z,0,0.2,0.00,100,13.3,0.00,Deactivated,23,25,65,1450,412
2026-08-25T06:10:34Z,0,0.2,0.00,100,13.3,0.00,Deactivated,23,25,65,1450,412
2026-08-25T06:10:42Z,0,0.2,0.00,100,13.3,0.00,Deactivated,23,25,65,1450,412
2026-08-25T06:10:50Z,0,0.2,0.00,100,13.3,0.00,Deactivated,23,25,65,1450,412
2026-08-25T06:10:58Z,0,0.2,0.00,100,13.3,0.00,Deactivated,23,25,65,1450,412
2026-08-25T06:11:08Z,0,0.2,0.00,100,13.3,0.00,Deactivated,23,25,65,1450,412
2026-08-25T06:11:16Z,0,0.2,0.00,100,13.3,0.00,Deactivated,23,25,65,1450,412
2026-08-25T06:11:26Z,0,0.2,0.00,100,13.3,0.00,Deactivated,23,25,65,1450,412
2026-08-25T06:11:36Z,0,0.2,0.00,100,13.3,0.00,Deactivated,23,25,65,1450,412
2026-08-25T06:11:46Z,0,0.2,0.00,100,13.3,0.00,Deactivated,22,24,65,1450,412
2026-08-25T06:11:54Z,0,0.2,0.00,100,13.3,0.00,Deactivated,22,24,65,1450,412
2026-08-25T06:12:04Z,0,0.2,0.00,99,13.3,0.00,Deactivated,22,24,65,1450,412
2026-08-25T06:12:12Z,0,0.2,0.00,99,13.3,0.00,Deactivated,22,24,65,1450,412
2026-08-25T06:12:20Z,0,0.2,0.00,99,13.3,0.00,Deactivated,22,24,65,1450,412
2026-08-25T06:12:30Z,0,0.2,0.00,99,13.3,0.00,Deactivated,22,24,65,1450,412
2026-08-25T06:12:40Z,0,0.2,0.00,99,13.3,0.00,Deactivated,22,24,65,1450,412
2026-08-25T06:12:50Z,0,0.2,0.00,99,13.3,0.00,Deactivated,22,24,65,1450,412
2026-08-25T06:12:58Z,0,0.2,0.00,99,13.3,0.00,Deactivated,22,24,65,1450,412
2026-08-25T06:13:08Z,0,0.2,0.00,99,13.3,0.00,Deactivated,21,23,65,1450,412
2026-08-25T06:13:18Z,0,0.2,0.00,99,13.3,0.00,Deactivated,21,23,65,1450,412
2026-08-25T06:13:28Z,0,0.2,0.00,99,13.3,0.00,Deactivated,21,23,65,1450,412
2026-08-25T06:13:38Z,0,0.2,0.00,99,13.3,0.00,Deactivated,21,23,65,1450,412
2026-08-25T06:13:48Z,0,0.2,0.00,99,13.3,0.00,Deactivated,21,23,65,1450,412
2026-08-25T06:13:58Z,0,0.2,0.00,99,13.3,0.00,Deactivated,21,23,65,1450,412
2026-08-25T06:14:08Z,0,0.2,0.00,99,13.3,0.00,Deactivated,21,23,65,1450,412
2026-08-25T06:14:16Z,0,0.2,0.00,99,13.3,0.00,Deactivated,21,23,65,1450,412
2026-08-25T06:14:24Z,0,0.2,0.00,99,13.3,0.00,Deactivated,20,22,65,1450,412
2026-08-25T06:14:34Z,0,0.2,0.00,99,13.3,0.00,Deactivated,20,22,65,1450,412
2026-08-25T06:14:42Z,0,0.2,0.00,99,13.3,0.00,Deactivated,20,22,65,1450,412
2026-08-25T06:14:50Z,0,0.2,0.00,99,13.3,0.00,Deactivated,20,22,65,1450,412
2026-08-25T06:14:58Z,0,0.2,0.00,99,13.3,0.00,Deactivated,20,22,65,1450,412
2026-08-25T06:15:07Z,0,0.2,0.00,99,13.3,0.00,Deactivated,20,22,17,1450,412
2026-08-25T06:15:16Z,0,0.2,0.00,99,13.3,0.00,Deactivated,20,22,17,1450,412
2026-08-25T06:15:24Z,0,0.2,0.00,99,13.3,0.00,Deactivated,20,22,17,1450,412
2026-08-25T06:15:34Z,0,0.2,0.00,99,13.3,0.00,Deactivated,20,22,17,1450,412
2026-08-25T06:15:42Z,0,0.2,0.00,99,13.3,0.00,Deactivated,19,21,17,1450,412
2026-08-25T06:15:50Z,0,0.2,0.00,99,13.3,0.00,Deactivated,19,21,17,1450,412
2026-08-25T06:16:00Z,0,0.2,0.00,99,13.3,0.00,Deactivated,19,21,17,1450,412
2026-08-25T06:16:10Z,0,0.2,0.00,99,13.3,0.00,Deactivated,19,21,17,1450,412
2026-08-25T06:16:18Z,0,0.2,0.00,99,13.3,0.00,Deactivated,19,21,17,1450,412
2026-08-25T06:16:28Z,0,0.2,0.00,99,13.3,0.00,Deactivated,19,21,17,1450,412
2026-08-25T06:16:36Z,0,0.2,0.00,99,13.3,0.00,Deactivated,19,21,17,1450,412
2026-08-25T06:16:44Z,0,0.2,0.00,99,13.3,0.00,Deactivated,19,21,17,1450,412
2026-08-25T06:16:54Z,0,0.2,0.00,99,13.3,0.00,Deactivated,19,21,17,1450,412
2026-08-25T06:17:04Z,0,0.2,0.00,62,13.2,0.00,Deactivated,18,20,17,1450,412
2026-08-25T06:17:14Z,0,0.2,0.00,62,13.2,0.00,Deactivated,18,20,17,1450,412
2026-08-25T06:17:24Z,0,0.2,0.00,62,13.2,0.00,Deactivated,18,20,17,1450,412
2026-08-25T06:17:34Z,0,0.2,0.00,62,13.2,0.00,Deactivated,18,20,17,1450,412
2026-08-25T06:17:44Z,0,0.2,0.00,62,13.2,0.00,Deactivated,18,20,17,1450,412
2026-08-25T06:17:54Z,0,0.2,0.00,62,13.2,0.00,Deactivated,18,20,17,1450,412
2026-08-25T06:18:04Z,0,0.2,0.00,62,13.2,0.00,Deactivated,18,20,17,1450,412
2026-08-25T06:18:12Z,0,0.2,0.00,62,13.2,0.00,Deactivated,18,20,17,1450,412
2026-08-25T06:18:20Z,0,0.2,0.00,62,13.2,0.00,Deactivated,17,19,17,1450,412
2026-08-25T06:18:30Z,0,0.2,0.00,62,13.2,0.00,Deactivated,17,19,17,1450,412
2026-08-25T06:18:38Z,0,0.2,0.00,62,13.2,0.00,Deactivated,17,19,17,1450,412
2026-08-25T06:18:48Z,0,0.2,0.00,62,13.2,0.00,Deactivated,17,19,17,1450,412
2026-08-25T06:18:56Z,0,0.2,0.00,62,13.2,0.00,Deactivated,17,19,17,1450,412
2026-08-25T06:19:06Z,0,0.2,0.00,62,13.2,0.00,Deactivated,17,19,17,1450,412
2026-08-25T06:19:16Z,0,0.2,0.00,62,13.2,0.00,Deactivated,17,19,17,1450,412
2026-08-25T06:19:26Z,0,0.2,0.00,61,13.2,0.00,Deactivated,17,19,17,1450,412
2026-08-25T06:19:34Z,0,0.2,0.00,61,13.2,0.00,Deactivated,17,19,17,1450,412
2026-08-25T06:19:44Z,0,0.2,0.00,61,13.2,0.00,Deactivated,17,19,17,1450,412
2026-08-25T06:19:54Z,0,0.2,0.00,61,13.2,0.00,Deactivated,16,18,17,1450,412
2026-08-25T06:20:04Z,0,0.2,0.00,61,13.2,0.00,Deactivated,16,18,17,1450,412
2026-08-25T06:20:13Z,0,0.2,0.00,61,13.2,0.00,Deactivated,16,18,17,1450,412
2026-08-25T06:20:20Z,0,0.2,0.00,61,13.2,0.00,Deactivated,16,18,17,1450,412
2026-08-25T06:20:30Z,0,0.2,0.00,61,13.2,0.00,Deactivated,16,18,17,1450,412
2026-08-25T06:20:40Z,0,0.2,0.00,61,13.2,0.00,Deactivated,16,18,17,1450,412
2026-08-25T06:20:50Z,0,0.2,0.00,61,13.2,0.00,Deactivated,16,18,17,1450,412
2026-08-25T06:20:58Z,0,0.2,0.00,61,13.2,0.00,Deactivated,16,18,17,1450,412
2026-08-25T06:21:06Z,0,0.2,0.00,61,13.2,0.00,Deactivated,16,18,17,1450,412
2026-08-25T06:21:14Z,0,0.2,0.00,61,13.2,0.00,Deactivated,16,18,17,1450,412
2026-08-25T06:21:24Z,0,0.2,0.00,61,13.2,0.00,Deactivated,16,18,17,1450,412
2026-08-25T06:21:34Z,0,0.2,0.00,61,13.2,0.00,Deactivated,15,17,17,1450,412
2026-08-25T06:21:44Z,0,0.2,0.00,61,13.2,0.00,Deactivated,15,17,17,1450,412
2026-08-25T06:21:52Z,0,0.2,0.00,61,13.2,0.00,Deactivated,15,17,17,1450,412
2026-08-25T06:22:00Z,0,0.2,0.00,61,13.2,0.00,Deactivated,15,17,17,1450,412
2026-08-25T06:22:10Z,0,0.2,0.00,61,13.2,0.00,Deactivated,15,17,17,1450,412
2026-08-25T06:22:20Z,0,0.2,0.00,61,13.2,0.00,Deactivated,15,17,17,1450,412
2026-08-25T06:22:30Z,0,0.2,0.00,61,13.2,0.00,Deactivated,15,17,17,1450,412
2026-08-25T06:22:38Z,0,0.2,0.00,61,13.2,0.00,Deactivated,15,17,17,1450,412
2026-08-25T06:22:48Z,0,0.2,0.00,61,13.2,0.00,Deactivated,15,17,17,1450,412
2026-08-25T06:22:56Z,0,0.2,0.00,61,13.2,0.00,Deactivated,15,17,17,1450,412
2026-08-25T06:23:06Z,0,0.2,0.00,61,13.2,0.00,Deactivated,15,17,17,1450,412
2026-08-25T06:23:14Z,0,0.2,0.00,61,13.2,0.00,Deactivated,15,17,17,1450,412
2026-08-25T06:23:24Z,0,0.2,0.00,61,13.2,0.00,Deactivated,15,17,17,1450,412
2026-08-25T06:23:34Z,0,0.2,0.00,61,13.2,0.00,Deactivated,15,17,17,1450,412
2026-08-25T06:23:44Z,0,0.2,0.00,61,13.2,0.00,Deactivated,15,17,17,1450,412
2026-08-25T06:23:52Z,0,0.2,0.00,61,13.2,0.00,Deactivated,15,17,17,1450,412
2026-08-25T06:24:02Z,0,0.2,0.00,61,13.2,0.00,Deactivated,14,16,17,1450,412
2026-08-25T06:24:10Z,0,0.2,0.00,61,13.2,0.00,Deactivated,14,16,17,1450,412
2026-08-25T06:24:20Z,0,0.2,0.00,61,13.2,0.00,Deactivated,14,16,17,1450,412
2026-08-25T06:24:28Z,0,0.2,0.00,60,13.2,0.00,Deactivated,14,16,17,1450,412
2026-08-25T06:24:36Z,0,0.2,0.00,60,13.2,0.00,Deactivated,14,16,17,1450,412
2026-08-25T06:24:46Z,0,0.2,0.00,60,13.2,0.00,Deactivated,14,16,17,1450,412
2026-08-25T06:24:54Z,0,0.2,0.00,60,13.2,0.00,Deactivated,14,16,17,1450,412
2026-08-25T06:25:04Z,0,0.2,0.00,60,13.2,0.00,Deactivated,14,16,17,1450,412
2026-08-25T06:25:14Z,0,0.2,0.00,60,13.2,0.00,Deactivated,14,16,17,1450,412
2026-08-25T06:25:24Z,0,0.2,0.00,60,13.2,0.00,Deactivated,14,16,17,1450,412
2026-08-25T06:25:34Z,0,0.2,0.00,60,13.2,0.00,Deactivated,14,16,17,1450,412
2026-08-25T06:25:44Z,0,0.2,0.00,60,13.2,0.00,Deactivated,14,16,17,1450,412
2026-08-25T06:25:54Z,0,0.2,0.00,60,13.2,0.00,Deactivated,14,16,17,1450,412
2026-08-25T06:26:02Z,0,0.2,0.00,60,13.2,0.00,Deactivated,14,16,17,1450,412
2026-08-25T06:26:10Z,0,0.2,0.00,60,13.2,0.00,Deactivated,14,16,17,1450,412
2026-08-25T06:26:18Z,0,0.2,0.00,60,13.2,0.00,Deactivated,14,16,17,1450,412
2026-08-25T06:26:28Z,0,0.2,0.00,60,13.2,0.00,Deactivated,14,16,17,1450,412
2026-08-25T06:26:38Z,0,0.2,0.00,60,13.2,0.00,Deactivated,14,16,17,1450,412
2026-08-25T06:26:46Z,0,0.2,0.00,60,13.2,0.00,Deactivated,14,16,17,1450,412
2026-08-25T06:26:54Z,0,0.2,0.00,60,13.2,0.00,Deactivated,14,16,17,1450,412
2026-08-25T06:27:04Z,0,0.2,0.00,60,13.2,0.00,Deactivated,14,16,17,1450,412
2026-08-25T06:27:14Z,0,0.2,0.00,60,13.2,0.00,Deactivated,14,16,17,1450,412
2026-08-25T06:27:24Z,0,0.2,0.00,60,13.2,0.00,Deactivated,14,16,17,1450,412
2026-08-25T06:27:34Z,0,0.2,0.00,60,13.2,0.00,Deactivated,14,16,17,1450,412
2026-08-25T06:27:44Z,0,0.2,0.00,60,13.2,0.00,Deactivated,14,16,17,1450,412
2026-08-25T06:27:54Z,0,0.2,0.00,60,13.2,0.00,Deactivated,14,16,17,1450,412
2026-08-25T06:28:04Z,0,0.2,0.00,60,13.2,0.00,Deactivated,14,16,17,1450,412
2026-08-25T06:28:14Z,0,0.2,0.00,60,13.2,0.00,Deactivated,14,16,17,1450,412
2026-08-25T06:28:22Z,0,0.2,0.00,60,13.2,0.00,Deactivated,14,16,17,1450,412
2026-08-25T06:28:32Z,0,0.2,0.00,60,13.2,0.00,Deactivated,14,16,17,1450,412
2026-08-25T06:28:42Z,0,0.2,0.00,60,13.2,0.00,Deactivated,14,16,17,1450,412
2026-08-25T06:28:50Z,0,0.2,0.00,60,13.2,0.00,Deactivated,14,16,17,1450,412
2026-08-25T06:29:00Z,0,0.2,0.00,60,13.2,0.00,Deactivated,14,16,17,1450,412
2026-08-25T06:29:10Z,0,0.2,0.00,60,13.2,0.00,Deactivated,14,16,17,1450,412
2026-08-25T06:29:20Z,0,0.2,0.00,60,13.2,0.00,Deactivated,14,16,17,1450,412
2026-08-25T06:29:28Z,0,0.2,0.00,59,13.2,0.00,Deactivated,14,16,17,1450,412
2026-08-25T06:29:36Z,0,39.0,0.00,60,13.8,0.00,Deactivated,15,16,15,1450,412
2026-08-25T06:29:46Z,0,38.9,0.00,60,13.8,0.00,Deactivated,15,16,15,1450,412
2026-08-25T06:29:54Z,0,38.9,0.00,60,13.8,0.00,Deactivated,15,16,15,1450,412
2026-08-25T06:30:04Z,0,38.8,0.00,61,13.8,0.00,Deactivated,16,17,15,1450,412
2026-08-25T06:30:14Z,0,38.8,0.00,61,13.8,0.00,Deactivated,16,17,15,1450,412
2026-08-25T06:30:22Z,0,38.7,0.00,61,13.8,0.00,Deactivated,16,17,15,1450,412
2026-08-25T06:30:30Z,0,38.7,0.00,62,13.8,0.00,Deactivated,16,17,15,1450,412
2026-08-25T06:30:40Z,0,38.7,0.00,62,13.8,0.00,Deactivated,16,17,15,1450,412
2026-08-25T06:30:50Z,0,38.6,0.00,63,13.8,0.00,Deactivated,17,17,15,1450,412
2026-08-25T06:31:00Z,0,38.6,0.00,63,13.8,0.00,Deactivated,17,17,15,1450,412
2026-08-25T06:31:08Z,0,38.5,0.00,64,13.8,0.00,Deactivated,17,17,15,1450,412
2026-08-25T06:31:18Z,0,38.5,0.00,65,13.8,0.00,Deactivated,17,17,15,1450,412
2026-08-25T06:31:26Z,0,38.5,0.00,65,13.8,0.00,Deactivated,17,17,15,1450,412
2026-08-25T06:31:36Z,0,38.4,0.00,66,13.8,0.00,Deactivated,17,17,15,1450,412
2026-08-25T06:31:46Z,0,38.4,0.00,67,13.8,0.00,Deactivated,18,17,15,1450,412
2026-08-25T06:31:54Z,0,38.3,0.00,68,13.8,0.00,Deactivated,18,17,15,1450,412
2026-08-25T06:32:04Z,0,38.3,0.00,68,13.8,0.00,Deactivated,18,17,15,1450,412
2026-08-25T06:32:14Z,0,38.2,0.00,69,13.8,0.00,Deactivated,18,17,15,1450,412
2026-08-25T06:32:22Z,0,38.2,0.00,70,13.8,0.00,Deactivated,18,17,15,1450,412
2026-08-25T06:32:32Z,0,38.2,0.00,71,13.9,0.00,Deactivated,19,18,15,1450,412
2026-08-25T06:32:42Z,0,38.1,0.00,72,13.9,0.00,Deactivated,19,18,15,1450,412
2026-08-25T06:32:50Z,0,38.1,0.00,73,13.9,0.00,Deactivated,19,18,15,1450,412
2026-08-25T06:32:58Z,0,38.0,0.00,74,13.9,0.00,Deactivated,19,18,15,1450,412
2026-08-25T06:33:08Z,0,38.0,0.00,75,13.9,0.00,Deactivated,19,18,15,1450,412
2026-08-25T06:33:16Z,0,38.0,0.00,76,13.9,0.00,Deactivated,20,18,15,1450,412
2026-08-25T06:33:26Z,0,37.9,0.00,78,13.9,0.00,Deactivated,20,18,15,1450,412
2026-08-25T06:33:36Z,0,37.9,0.00,79,13.9,0.00,Deactivated,20,18,15,1450,412
2026-08-25T06:33:46Z,0,37.8,0.00,80,13.9,0.00,Deactivated,20,18,15,1450,412
2026-08-25T06:33:56Z,0,37.8,0.00,82,13.9,0.00,Deactivated,20,18,15,1450,412
2026-08-25T06:34:06Z,0,37.8,0.00,83,14.0,0.00,Deactivated,21,18,15,1450,412
2026-08-25T06:34:14Z,0,37.7,0.00,85,14.0,0.00,Deactivated,21,19,15,1450,412
2026-08-25T06:34:24Z,0,37.7,0.00,86,14.0,0.00,Deactivated,21,19,15,1450,412
2026-08-25T06:34:34Z,0,37.6,0.00,88,14.0,0.00,Deactivated,21,19,15,1450,412
2026-08-25T06:34:44Z,0,37.6,0.00,89,14.0,0.00,Deactivated,22,19,15,1450,412
2026-08-25T06:34:54Z,0,37.6,0.00,91,14.0,0.00,Deactivated,22,19,15,1450,412
2026-08-25T06:35:04Z,0,37.5,0.00,93,14.0,0.00,Deactivated,22,19,15,1450,412
2026-08-25T06:35:14Z,0,37.5,0.00,94,14.1,0.00,Deactivated,22,19,15,1450,412
2026-08-25T06:35:24Z,0,37.5,0.00,96,14.1,0.00,Deactivated,23,19,15,1450,412
2026-08-25T06:35:34Z,0,37.4,0.00,98,14.1,0.00,Deactivated,23,19,15,1450,412
2026-08-25T06:35:44Z,0,37.4,0.00,100,14.2,0.00,Deactivated,18,20,15,1450,412
2026-08-25T06:35:54Z,0,37.3,0.00,100,14.2,0.00,Deactivated,19,20,15,1450,412
2026-08-25T06:36:04Z,0,37.3,0.00,100,14.2,0.00,Deactivated,19,20,15,1450,412
2026-08-25T06:36:12Z,0,37.3,0.00,100,14.2,0.00,Deactivated,19,20,15,1450,412
2026-08-25T06:36:20Z,0,37.3,0.00,100,14.2,0.00,Deactivated,19,20,15,1450,412
2026-08-25T06:36:30Z,0,37.2,0.00,100,14.2,0.00,Deactivated,19,20,15,1450,412
2026-08-25T06:36:40Z,0,37.2,0.00,100,14.2,0.00,Deactivated,19,20,15,1450,412
2026-08-25T06:36:48Z,0,37.2,0.00,100,14.2,0.00,Deactivated,19,20,15,1450,412
2026-08-25T06:36:56Z,0,37.1,0.00,100,14.2,0.00,Deactivated,19,20,15,1450,412
2026-08-25T06:37:06Z,0,37.1,0.00,100,14.2,0.00,Deactivated,19,21,15,1450,412
2026-08-25T06:37:16Z,0,37.1,0.00,100,14.2,0.00,Deactivated,20,21,15,1450,412
2026-08-25T06:37:24Z,0,37.1,0.00,100,14.2,0.00,Deactivated,20,21,15,1450,412
2026-08-25T06:37:34Z,0,37.0,0.00,100,14.2,0.00,Deactivated,20,21,15,1450,412
2026-08-25T06:37:44Z,0,37.0,0.00,100,14.2,0.00,Deactivated,20,21,15,1450,412
2026-08-25T06:37:54Z,0,37.0,0.00,100,14.2,0.00,Deactivated,20,21,15,1450,412
2026-08-25T06:38:04Z,0,36.9,0.00,100,14.2,0.00,Deactivated,20,21,15,1450,412
2026-08-25T06:38:14Z,0,36.9,0.00,100,14.2,0.00,Deactivated,20,21,15,1450,412
2026-08-25T06:38:24Z,0,36.9,0.00,100,14.2,0.00,Deactivated,21,22,15,1450,412
2026-08-25T06:38:32Z,0,36.9,0.00,100,14.2,0.00,Deactivated,21,22,15,1450,412
2026-08-25T06:38:42Z,0,36.8,0.00,100,14.2,0.00,Deactivated,21,22,15,1450,412
2026-08-25T06:38:50Z,0,36.8,0.00,100,14.2,0.00,Deactivated,21,22,15,1450,412
2026-08-25T06:38:58Z,0,36.8,0.00,100,14.2,0.00,Deactivated,21,22,15,1450,412
2026-08-25T06:39:08Z,0,36.8,0.00,100,14.2,0.00,Deactivated,21,22,15,1450,412
2026-08-25T06:39:18Z,0,36.8,0.00,100,14.2,0.00,Deactivated,21,22,15,1450,412
2026-08-25T06:39:26Z,0,36.8,0.00,100,14.2,0.00,Deactivated,21,22,15,1450,412
2026-08-25T06:39:36Z,0,36.7,0.00,100,14.2,0.00,Deactivated,21,23,15,1450,412
2026-08-25T06:39:46Z,0,36.7,0.00,100,14.2,0.00,Deactivated,22,23,15,1450,412
2026-08-25T06:39:54Z,0,36.7,0.00,100,14.2,0.00,Deactivated,22,23,15,1450,412
2026-08-25T06:40:04Z,0,36.7,0.00,100,14.2,0.00,Deactivated,22,23,15,1450,412
2026-08-25T06:40:14Z,0,36.7,0.00,100,14.2,0.00,Deactivated,22,23,15,1450,412
2026-08-25T06:40:24Z,0,36.6,0.00,100,14.2,0.00,Deactivated,22,23,15,1450,412
2026-08-25T06:40:32Z,0,36.6,0.00,100,14.2,0.00,Deactivated,22,23,15,1450,412
2026-08-25T06:40:40Z,0,36.6,0.00,100,14.2,0.00,Deactivated,22,23,15,1450,412
2026-08-25T06:40:50Z,0,36.6,0.00,100,14.2,0.00,Deactivated,22,24,15,1450,412
2026-08-25T06:40:58Z,0,36.6,0.00,100,14.2,0.00,Deactivated,23,24,15,1450,412
2026-08-25T06:41:06Z,0,36.6,0.00,100,14.2,0.00,Deactivated,23,24,15,1450,412
2026-08-25T06:41:16Z,0,36.6,0.00,100,14.2,0.00,Deactivated,23,24,15,1450,412
2026-08-25T06:41:24Z,0,36.6,0.00,100,14.2,0.00,Deactivated,23,24,15,1450,412
2026-08-25T06:41:34Z,0,36.6,0.00,100,14.2,0.00,Deactivated,23,24,15,1450,412
2026-08-25T06:41:44Z,0,36.5,0.00,100,14.2,0.00,Deactivated,23,24,15,1450,412
2026-08-25T06:41:54Z,0,36.5,0.00,100,14.2,0.00,Deactivated,23,24,15,1450,412
2026-08-25T06:42:04Z,0,36.5,0.00,100,14.2,0.00,Deactivated,23,24,15,1450,412
2026-08-25T06:42:12Z,0,36.5,0.00,100,14.2,0.00,Deactivated,23,25,15,1450,412
2026-08-25T06:42:22Z,0,36.5,0.00,100,14.2,0.00,Deactivated,24,25,15,1450,412
2026-08-25T06:42:30Z,0,36.5,0.00,100,14.2,0.00,Deactivated,24,25,15,1450,412
2026-08-25T06:42:40Z,0,36.5,0.00,100,14.2,0.00,Deactivated,24,25,15,1450,412
2026-08-25T06:42:50Z,0,36.5,0.00,100,14.2,0.00,Deactivated,24,25,15,1450,412
2026-08-25T06:42:58Z,0,36.5,0.00,100,14.2,0.00,Deactivated,24,25,15,1450,412
2026-08-25T06:43:08Z,0,36.5,0.00,100,14.2,0.00,Deactivated,24,25,15,1450,412
2026-08-25T06:43:16Z,0,36.5,0.00,100,14.2,0.00,Deactivated,24,25,15,1450,412
2026-08-25T06:43:26Z,0,36.5,0.00,100,14.2,0.00,Deactivated,24,25,15,1450,412
2026-08-25T06:43:36Z,0,36.5,0.00,100,14.2,0.00,Deactivated,24,25,15,1450,412
2026-08-25T06:43:46Z,0,36.5,0.00,100,14.2,0.00,Deactivated,24,26,15,1450,412
2026-08-25T06:43:56Z,0,36.5,0.00,100,14.2,0.00,Deactivated,25,26,15,1450,412
2026-08-25T06:44:06Z,0,36.5,0.00,100,14.2,0.00,Deactivated,25,26,15,1450,412
2026-08-25T06:44:16Z,0,36.5,0.00,100,14.2,0.00,Deactivated,25,26,15,1450,412
2026-08-25T06:44:26Z,0,36.5,0.00,100,14.2,0.00,Deactivated,25,26,15,1450,412
2026-08-25T06:44:36Z,0,36.5,0.00,100,14.2,0.00,Deactivated,25,26,15,1450,412
2026-08-25T06:44:46Z,0,36.5,0.00,100,14.2,0.00,Deactivated,25,26,15,1450,412
2026-08-25T06:44:54Z,0,36.5,0.00,100,14.2,0.00,Deactivated,25,26,15,1450,412
2026-08-25T06:45:04Z,0,36.5,0.00,100,14.2,0.00,Deactivated,25,26,15,1450,412
2026-08-25T06:45:14Z,0,36.5,0.00,100,14.2,0.00,Deactivated,25,26,15,1450,412
2026-08-25T06:45:24Z,0,36.6,0.00,100,14.2,0.00,Deactivated,25,27,15,1450,412
2026-08-25T06:45:35Z,0,36.6,0.00,100,14.2,0.00,Deactivated,26,27,15,1450,412
2026-08-25T06:45:42Z,0,36.6,0.00,100,14.2,0.00,Deactivated,26,27,15,1450,412
2026-08-25T06:45:52Z,0,36.6,0.00,100,14.2,0.00,Deactivated,26,27,15,1450,412
2026-08-25T06:46:00Z,0,36.6,0.00,100,14.2,0.00,Deactivated,26,27,15,1450,412
2026-08-25T06:46:10Z,0,36.6,0.00,100,14.2,0.00,Deactivated,26,27,15,1450,412
2026-08-25T06:46:20Z,0,36.6,0.00,100,14.2,0.00,Deactivated,26,27,15,1450,412
2026-08-25T06:46:28Z,0,36.6,0.00,100,14.2,0.00,Deactivated,26,27,15,1450,412
2026-08-25T06:46:38Z,0,36.7,0.00,100,14.2,0.00,Deactivated,26,27,15,1450,412
2026-08-25T06:46:46Z,0,36.7,0.00,100,14.2,0.00,Deactivated,26,27,15,1450,412
2026-08-25T06:46:56Z,0,36.7,0.00,100,14.2,0.00,Deactivated,26,27,15,1450,412
2026-08-25T06:47:06Z,0,36.7,0.00,100,14.2,0.00,Deactivated,26,27,15,1450,412
2026-08-25T06:47:14Z,0,36.7,0.00,100,14.2,0.00,Deactivated,26,27,15,1450,412
2026-08-25T06:47:24Z,0,36.7,0.00,100,14.2,0.00,Deactivated,26,27,15,1450,412
2026-08-25T06:47:34Z,0,36.8,0.00,100,14.2,0.00,Deactivated,26,27,15,1450,412
2026-08-25T06:47:44Z,0,36.8,0.00,100,14.2,0.00,Deactivated,26,28,15,1450,412
2026-08-25T06:47:54Z,0,36.8,0.00,100,14.2,0.00,Deactivated,26,28,15,1450,412
2026-08-25T06:48:04Z,0,36.8,0.00,100,14.2,0.00,Deactivated,27,28,15,1450,412
2026-08-25T06:48:14Z,0,36.8,0.00,100,14.2,0.00,Deactivated,27,28,15,1450,412
2026-08-25T06:48:24Z,0,36.9,0.00,100,14.2,0.00,Deactivated,27,28,15,1450,412
2026-08-25T06:48:34Z,0,36.9,0.00,100,14.2,0.00,Deactivated,27,28,15,1450,412
2026-08-25T06:48:44Z,0,36.9,0.00,100,14.2,0.00,Deactivated,27,28,15,1450,412
2026-08-25T06:48:54Z,0,37.0,0.00,100,14.2,0.00,Deactivated,27,28,15,1450,412
2026-08-25T06:49:04Z,0,37.0,0.00,100,14.2,0.00,Deactivated,27,28,15,1450,412
2026-08-25T06:49:14Z,0,37.0,0.00,100,14.2,0.00,Deactivated,27,28,15,1450,412
2026-08-25T06:49:24Z,0,37.0,0.00,100,14.2,0.00,Deactivated,27,28,15,1450,412
2026-08-25T06:49:34Z,0,37.1,0.00,100,14.2,0.00,Deactivated,27,28,15,1450,412
2026-08-25T06:49:44Z,0,37.1,0.00,100,14.2,0.00,Deactivated,27,28,15,1450,412
2026-08-25T06:49:52Z,0,37.1,0.00,100,14.2,0.00,Deactivated,27,28,15,1450,412
2026-08-25T06:50:00Z,0,37.1,0.00,100,14.2,0.00,Deactivated,27,28,15,1450,412
2026-08-25T06:50:10Z,0,37.2,0.00,100,14.2,0.00,Deactivated,27,28,15,1450,412
2026-08-25T06:50:20Z,0,37.2,0.00,100,14.2,0.00,Deactivated,27,28,15,1450,412
2026-08-25T06:50:30Z,0,37.2,0.00,100,14.2,0.00,Deactivated,27,28,15,1450,412
2026-08-25T06:50:39Z,0,37.3,0.00,100,14.2,0.00,Deactivated,27,28,15,1450,412
2026-08-25T06:50:48Z,0,37.3,0.00,100,14.2,0.00,Deactivated,27,28,15,1450,412
2026-08-25T06:50:58Z,0,37.3,0.00,100,14.2,0.00,Deactivated,27,28,15,1450,412
2026-08-25T06:51:08Z,0,37.4,0.00,100,14.2,0.00,Deactivated,27,28,15,1450,412
2026-08-25T06:51:16Z,0,37.4,0.00,100,14.2,0.00,Deactivated,27,28,15,1450,412
2026-08-25T06:51:24Z,0,37.4,0.00,100,14.2,0.00,Deactivated,27,28,15,1450,412
2026-08-25T06:51:34Z,0,37.5,0.00,100,14.2,0.00,Deactivated,27,28,15,1450,412
2026-08-25T06:51:44Z,0,37.5,0.00,100,14.2,0.00,Deactivated,27,28,15,1450,412
2026-08-25T06:51:54Z,0,37.5,0.00,100,14.2,0.00,Deactivated,27,28,15,1450,412
2026-08-25T06:52:02Z,0,37.6,0.00,100,14.2,0.00,Deactivated,27,28,15,1450,412
2026-08-25T06:52:12Z,0,37.6,0.00,100,14.2,0.00,Deactivated,27,28,15,1450,412
2026-08-25T06:52:20Z,0,37.6,0.00,100,14.2,0.00,Deactivated,27,28,15,1450,412
2026-08-25T06:52:28Z,0,37.7,0.00,100,14.2,0.00,Deactivated,27,28,15,1450,412
2026-08-25T06:52:38Z,0,37.7,0.00,100,14.2,0.00,Deactivated,27,28,15,1450,412
2026-08-25T06:52:46Z,0,37.7,0.00,100,14.2,0.00,Deactivated,27,28,15,1450,412
2026-08-25T06:52:56Z,0,37.8,0.00,100,14.2,0.00,Deactivated,27,28,15,1450,412
2026-08-25T06:53:04Z,0,37.8,0.00,100,14.2,0.00,Deactivated,27,28,15,1450,412
2026-08-25T06:53:14Z,0,37.9,0.00,100,14.2,0.00,Deactivated,27,28,15,1450,412
2026-08-25T06:53:24Z,0,37.9,0.00,100,14.2,0.00,Deactivated,27,28,15,1450,412
2026-08-25T06:53:34Z,0,37.9,0.00,100,14.2,0.00,Deactivated,27,28,15,1450,412
2026-08-25T06:53:44Z,0,38.0,0.00,100,14.2,0.00,Deactivated,27,28,15,1450,412
2026-08-25T06:53:54Z,0,38.0,0.00,100,14.2,0.00,Deactivated,27,28,15,1450,412
2026-08-25T06:54:04Z,0,38.1,0.00,100,14.2,0.00,Deactivated,26,28,15,1450,412
2026-08-25T06:54:12Z,0,38.1,0.00,100,14.2,0.00,Deactivated,26,28,15,1450,412
2026-08-25T06:54:22Z,0,38.1,0.00,100,14.2,0.00,Deactivated,26,27,15,1450,412
2026-08-25T06:54:30Z,0,38.2,0.00,100,14.2,0.00,Deactivated,26,27,15,1450,412
2026-08-25T06:54:38Z,0,38.2,0.00,100,14.2,0.00,Deactivated,26,27,15,1450,412
2026-08-25T06:54:48Z,0,38.3,0.00,100,14.2,0.00,Deactivated,26,27,15,1450,412
2026-08-25T06:54:56Z,0,38.3,0.00,100,14.2,0.00,Deactivated,26,27,15,1450,412
2026-08-25T06:55:06Z,0,38.3,0.00,100,14.2,0.00,Deactivated,26,27,20,1450,412
2026-08-25T06:55:14Z,0,38.4,0.00,100,14.2,0.00,Deactivated,26,27,20,1450,412
2026-08-25T06:55:24Z,0,38.4,0.00,100,14.2,0.00,Deactivated,26,27,20,1450,412
2026-08-25T06:55:34Z,0,38.5,0.00,100,14.2,0.00,Deactivated,26,27,20,1450,412
2026-08-25T06:55:44Z,0,38.5,0.00,100,14.2,0.00,Deactivated,26,27,20,1450,412
2026-08-25T06:55:54Z,0,38.6,0.00,100,14.2,0.00,Deactivated,26,27,20,1450,412
2026-08-25T06:56:04Z,0,38.6,0.00,100,14.2,0.00,Deactivated,26,27,20,1450,412
2026-08-25T06:56:12Z,0,38.6,0.00,100,14.2,0.00,Deactivated,26,27,20,1450,412
2026-08-25T06:56:22Z,0,38.7,0.00,100,14.2,0.00,Deactivated,26,27,20,1450,412
2026-08-25T06:56:30Z,0,38.7,0.00,100,14.2,0.00,Deactivated,25,27,20,1450,412
2026-08-25T06:56:40Z,0,38.8,0.00,100,14.2,0.00,Deactivated,25,26,20,1450,412
2026-08-25T06:56:50Z,0,38.8,0.00,100,14.2,0.00,Deactivated,25,26,20,1450,412
2026-08-25T06:56:58Z,0,38.9,0.00,100,14.2,0.00,Deactivated,25,26,20,1450,412
2026-08-25T06:57:06Z,0,38.9,0.00,100,14.2,0.00,Deactivated,25,26,22,1450,412
2026-08-25T06:57:14Z,0,38.9,0.00,100,14.2,0.00,Deactivated,25,26,27,1450,412
2026-08-25T06:57:24Z,0,39.0,0.00,100,14.2,0.00,Deactivated,25,26,34,1450,412
2026-08-25T06:57:34Z,0,0.2,0.00,100,13.3,0.00,Deactivated,24,26,65,1450,412
2026-08-25T06:57:44Z,0,0.2,0.00,100,13.3,0.00,Deactivated,24,26,65,1450,412
2026-08-25T06:57:54Z,0,0.2,0.00,100,13.3,0.00,Deactivated,24,26,65,1450,412
2026-08-25T06:58:04Z,0,0.2,0.00,100,13.3,0.00,Deactivated,24,26,65,1450,412
2026-08-25T06:58:14Z,0,0.2,0.00,100,13.3,0.00,Deactivated,24,26,65,1450,412
2026-08-25T06:58:22Z,0,0.2,0.00,100,13.3,0.00,Deactivated,23,25,65,1450,412
2026-08-25T06:58:32Z,0,0.2,0.00,100,13.3,0.00,Deactivated,23,25,65,1450,412
2026-08-25T06:58:42Z,0,0.2,0.00,100,13.3,0.00,Deactivated,23,25,65,1450,412
2026-08-25T06:58:50Z,0,0.2,0.00,100,13.3,0.00,Deactivated,23,25,65,1450,412
2026-08-25T06:59:00Z,0,0.2,0.00,100,13.3,0.00,Deactivated,23,25,65,1450,412
2026-08-25T06:59:10Z,0,0.2,0.00,100,13.3,0.00,Deactivated,23,25,65,1450,412
2026-08-25T06:59:20Z,0,0.2,0.00,100,13.3,0.00,Deactivated,23,25,65,1450,412
2026-08-25T06:59:30Z,0,0.2,0.00,100,13.3,0.00,Deactivated,23,25,65,1450,412
2026-08-25T06:59:40Z,0,0.2,0.00,100,13.3,0.00,Deactivated,23,25,65,1450,412
2026-08-25T06:59:50Z,0,0.2,0.00,100,13.3,0.00,Deactivated,22,24,65,1450,412
2026-08-25T06:59:58Z,0,0.2,0.00,99,13.3,0.00,Deactivated,22,24,65,1450,412
2026-08-25T07:00:06Z,0,0.2,0.00,99,13.3,0.00,Deactivated,22,24,65,1450,412
2026-08-25T07:00:16Z,0,0.2,0.00,99,13.3,0.00,Deactivated,22,24,65,1450,412
2026-08-25T07:00:26Z,0,0.2,0.00,99,13.3,0.00,Deactivated,22,24,65,1450,412
2026-08-25T07:00:34Z,0,0.2,0.00,99,13.3,0.00,Deactivated,22,24,65,1450,412
2026-08-25T07:00:44Z,0,0.2,0.00,99,13.3,0.00,Deactivated,22,24,65,1450,412
2026-08-25T07:00:54Z,0,0.2,0.00,99,13.3,0.00,Deactivated,22,24,65,1450,412
2026-08-25T07:01:04Z,0,0.2,0.00,99,13.3,0.00,Deactivated,22,24,65,1450,412
2026-08-25T07:01:14Z,0,0.2,0.00,99,13.3,0.00,Deactivated,21,23,65,1450,412
2026-08-25T07:01:24Z,0,0.2,0.00,99,13.3,0.00,Deactivated,21,23,65,1450,412
2026-08-25T07:01:32Z,0,0.2,0.00,99,13.3,0.00,Deactivated,21,23,65,1450,412
2026-08-25T07:01:40Z,0,0.2,0.00,99,13.3,0.00,Deactivated,21,23,65,1450,412
2026-08-25T07:01:48Z,0,0.2,0.00,99,13.3,0.00,Deactivated,21,23,65,1450,412
2026-08-25T07:01:56Z,0,0.2,0.00,99,13.3,0.00,Deactivated,21,23,65,1450,412
2026-08-25T07:02:04Z,0,0.2,0.00,99,13.3,0.00,Deactivated,21,23,65,1450,412
2026-08-25T07:02:14Z,0,0.2,0.00,99,13.3,0.00,Deactivated,21,23,65,1450,412
2026-08-25T07:02:22Z,0,0.2,0.00,99,13.3,0.00,Deactivated,21,23,65,1450,412
2026-08-25T07:02:30Z,0,0.2,0.00,99,13.3,0.00,Deactivated,20,22,65,1450,412
2026-08-25T07:02:38Z,0,0.2,0.00,99,13.3,0.00,Deactivated,20,22,65,1450,412
2026-08-25T07:02:48Z,0,0.2,0.00,99,13.3,0.00,Deactivated,20,22,65,1450,412
2026-08-25T07:02:58Z,0,0.2,0.00,99,13.3,0.00,Deactivated,20,22,65,1450,412
2026-08-25T07:03:06Z,0,0.2,0.00,99,13.3,0.00,Deactivated,20,22,17,1450,412
2026-08-25T07:03:14Z,0,0.2,0.00,99,13.3,0.00,Deactivated,20,22,17,1450,412
2026-08-25T07:03:24Z,0,0.2,0.00,99,13.3,0.00,Deactivated,20,22,17,1450,412
2026-08-25T07:03:34Z,0,0.2,0.00,99,13.3,0.00,Deactivated,20,22,17,1450,412
2026-08-25T07:03:44Z,0,0.2,0.00,99,13.3,0.00,Deactivated,19,21,17,1450,412
2026-08-25T07:03:54Z,0,0.2,0.00,99,13.3,0.00,Deactivated,19,21,17,1450,412
2026-08-25T07:04:04Z,0,0.2,0.00,99,13.3,0.00,Deactivated,19,21,17,1450,412
2026-08-25T07:04:14Z,0,0.2,0.00,99,13.3,0.00,Deactivated,19,21,17,1450,412
2026-08-25T07:04:22Z,0,0.2,0.00,99,13.3,0.00,Deactivated,19,21,17,1450,412
2026-08-25T07:04:30Z,0,0.2,0.00,99,13.3,0.00,Deactivated,19,21,17,1450,412
2026-08-25T07:04:40Z,0,0.2,0.00,99,13.3,0.00,Deactivated,19,21,17,1450,412
2026-08-25T07:04:50Z,0,0.2,0.00,99,13.3,0.00,Deactivated,19,21,17,1450,412
2026-08-25T07:04:58Z,0,0.2,0.00,62,13.2,0.00,Deactivated,18,20,17,1450,412
2026-08-25T07:05:06Z,0,0.2,0.00,62,13.2,0.00,Deactivated,18,20,17,1450,412
2026-08-25T07:05:14Z,0,0.2,0.00,62,13.2,0.00,Deactivated,18,20,17,1450,412
2026-08-25T07:05:24Z,0,0.2,0.00,62,13.2,0.00,Deactivated,18,20,17,1450,412
2026-08-25T07:05:34Z,0,0.2,0.00,62,13.2,0.00,Deactivated,18,20,17,1450,412
2026-08-25T07:05:44Z,0,0.2,0.00,62,13.2,0.00,Deactivated,18,20,17,1450,412
2026-08-25T07:05:54Z,0,0.2,0.00,62,13.2,0.00,Deactivated,18,20,17,1450,412
2026-08-25T07:06:04Z,0,0.2,0.00,62,13.2,0.00,Deactivated,18,20,17,1450,412
2026-08-25T07:06:14Z,0,0.2,0.00,62,13.2,0.00,Deactivated,18,20,17,1450,412
2026-08-25T07:06:22Z,0,0.2,0.00,62,13.2,0.00,Deactivated,17,19,17,1450,412
2026-08-25T07:06:30Z,0,0.2,0.00,62,13.2,0.00,Deactivated,17,19,17,1450,412
2026-08-25T07:06:40Z,0,0.2,0.00,62,13.2,0.00,Deactivated,17,19,17,1450,412
2026-08-25T07:06:48Z,0,0.2,0.00,62,13.2,0.00,Deactivated,17,19,17,1450,412
2026-08-25T07:06:58Z,0,0.2,0.00,62,13.2,0.00,Deactivated,17,19,17,1450,412
2026-08-25T07:07:08Z,0,0.2,0.00,62,13.2,0.00,Deactivated,17,19,17,1450,412
2026-08-25T07:07:16Z,0,0.2,0.00,62,13.2,0.00,Deactivated,17,19,17,1450,412
2026-08-25T07:07:24Z,0,0.2,0.00,62,13.2,0.00,Deactivated,17,19,17,1450,412
2026-08-25T07:07:34Z,0,0.2,0.00,61,13.2,0.00,Deactivated,17,19,17,1450,412
2026-08-25T07:07:42Z,0,0.2,0.00,61,13.2,0.00,Deactivated,17,19,17,1450,412
2026-08-25T07:07:50Z,0,0.2,0.00,61,13.2,0.00,Deactivated,16,18,17,1450,412
2026-08-25T07:07:58Z,0,0.2,0.00,61,13.2,0.00,Deactivated,16,18,17,1450,412
2026-08-25T07:08:08Z,0,0.2,0.00,61,13.2,0.00,Deactivated,16,18,17,1450,412
2026-08-25T07:08:16Z,0,0.2,0.00,61,13.2,0.00,Deactivated,16,18,17,1450,412
2026-08-25T07:08:26Z,0,0.2,0.00,61,13.2,0.00,Deactivated,16,18,17,1450,412
2026-08-25T07:08:34Z,0,0.2,0.00,61,13.2,0.00,Deactivated,16,18,17,1450,412
2026-08-25T07:08:44Z,0,0.2,0.00,61,13.2,0.00,Deactivated,16,18,17,1450,412
2026-08-25T07:08:54Z,0,0.2,0.00,61,13.2,0.00,Deactivated,16,18,17,1450,412
2026-08-25T07:09:02Z,0,0.2,0.00,61,13.2,0.00,Deactivated,16,18,17,1450,412
2026-08-25T07:09:10Z,0,0.2,0.00,61,13.2,0.00,Deactivated,16,18,17,1450,412
2026-08-25T07:09:18Z,0,0.2,0.00,61,13.2,0.00,Deactivated,16,18,17,1450,412
2026-08-25T07:09:26Z,0,0.2,0.00,61,13.2,0.00,Deactivated,16,18,17,1450,412
2026-08-25T07:09:36Z,0,0.2,0.00,61,13.2,0.00,Deactivated,15,17,17,1450,412
2026-08-25T07:09:46Z,0,0.2,0.00,61,13.2,0.00,Deactivated,15,17,17,1450,412
2026-08-25T07:09:56Z,0,0.2,0.00,61,13.2,0.00,Deactivated,15,17,17,1450,412
2026-08-25T07:10:06Z,0,0.2,0.00,61,13.2,0.00,Deactivated,15,17,17,1450,412
2026-08-25T07:10:14Z,0,0.2,0.00,61,13.2,0.00,Deactivated,15,17,17,1450,412
2026-08-25T07:10:24Z,0,0.2,0.00,61,13.2,0.00,Deactivated,15,17,17,1450,412
2026-08-25T07:10:34Z,0,0.2,0.00,61,13.2,0.00,Deactivated,15,17,17,1450,412
2026-08-25T07:10:44Z,0,0.2,0.00,61,13.2,0.00,Deactivated,15,17,17,1450,412
2026-08-25T07:10:54Z,0,0.2,0.00,61,13.2,0.00,Deactivated,15,17,17,1450,412
2026-08-25T07:11:02Z,0,0.2,0.00,61,13.2,0.00,Deactivated,15,17,17,1450,412
2026-08-25T07:11:13Z,0,0.2,0.00,61,13.2,0.00,Deactivated,15,17,17,1450,412
2026-08-25T07:11:20Z,0,0.2,0.00,61,13.2,0.00,Deactivated,15,17,17,1450,412
2026-08-25T07:11:30Z,0,0.2,0.00,61,13.2,0.00,Deactivated,15,17,17,1450,412
2026-08-25T07:11:38Z,0,0.2,0.00,61,13.2,0.00,Deactivated,15,17,17,1450,412
2026-08-25T07:11:46Z,0,0.2,0.00,61,13.2,0.00,Deactivated,15,17,17,1450,412
2026-08-25T07:11:56Z,0,0.2,0.00,61,13.2,0.00,Deactivated,15,17,17,1450,412
2026-08-25T07:12:06Z,0,0.2,0.00,61,13.2,0.00,Deactivated,14,16,17,1450,412
2026-08-25T07:12:16Z,0,0.2,0.00,61,13.2,0.00,Deactivated,14,16,17,1450,412
2026-08-25T07:12:26Z,0,0.2,0.00,60,13.2,0.00,Deactivated,14,16,17,1450,412
2026-08-25T07:12:34Z,0,0.2,0.00,60,13.2,0.00,Deactivated,14,16,17,1450,412
2026-08-25T07:12:44Z,0,0.2,0.00,60,13.2,0.00,Deactivated,14,16,17,1450,412
2026-08-25T07:12:54Z,0,0.2,0.00,60,13.2,0.00,Deactivated,14,16,17,1450,412
2026-08-25T07:13:02Z,0,0.2,0.00,60,13.2,0.00,Deactivated,14,16,17,1450,412
2026-08-25T07:13:10Z,0,0.2,0.00,60,13.2,0.00,Deactivated,14,16,17,1450,412
2026-08-25T07:13:20Z,0,0.2,0.00,60,13.2,0.00,Deactivated,14,16,17,1450,412
2026-08-25T07:13:30Z,0,0.2,0.00,60,13.2,0.00,Deactivated,14,16,17,1450,412
2026-08-25T07:13:40Z,0,0.2,0.00,60,13.2,0.00,Deactivated,14,16,17,1450,412
2026-08-25T07:13:48Z,0,0.2,0.00,60,13.2,0.00,Deactivated,14,16,17,1450,412
2026-08-25T07:13:58Z,0,0.2,0.00,60,13.2,0.00,Deactivated,14,16,17,1450,412
2026-08-25T07:14:08Z,0,0.2,0.00,60,13.2,0.00,Deactivated,14,16,17,1450,412
2026-08-25T07:14:18Z,0,0.2,0.00,60,13.2,0.00,Deactivated,14,16,17,1450,412
2026-08-25T07:14:28Z,0,0.2,0.00,60,13.2,0.00,Deactivated,14,16,17,1450,412
2026-08-25T07:14:36Z,0,0.2,0.00,60,13.2,0.00,Deactivated,14,16,17,1450,412
2026-08-25T07:14:46Z,0,0.2,0.00,60,13.2,0.00,Deactivated,14,16,17,1450,412
2026-08-25T07:14:56Z,0,0.2,0.00,60,13.2,0.00,Deactivated,14,16,17,1450,412
2026-08-25T07:15:04Z,0,0.2,0.00,60,13.2,0.00,Deactivated,14,16,17,1450,412
2026-08-25T07:15:14Z,0,0.2,0.00,60,13.2,0.00,Deactivated,14,16,17,1450,412
2026-08-25T07:15:22Z,0,0.2,0.00,60,13.2,0.00,Deactivated,14,16,17,1450,412
2026-08-25T07:15:32Z,0,0.2,0.00,60,13.2,0.00,Deactivated,14,16,17,1450,412
2026-08-25T07:15:40Z,0,0.2,0.00,60,13.2,0.00,Deactivated,14,16,17,1450,412
2026-08-25T07:15:48Z,0,0.2,0.00,60,13.2,0.00,Deactivated,14,16,17,1450,412
2026-08-25T07:15:58Z,0,0.2,0.00,60,13.2,0.00,Deactivated,14,16,17,1450,412
2026-08-25T07:16:08Z,0,0.2,0.00,60,13.2,0.00,Deactivated,14,16,17,1450,412
2026-08-25T07:16:16Z,0,0.2,0.00,60,13.2,0.00,Deactivated,14,16,17,1450,412
2026-08-25T07:16:24Z,0,0.2,0.00,60,13.2,0.00,Deactivated,14,16,17,1450,412
2026-08-25T07:16:34Z,0,0.2,0.00,60,13.2,0.00,Deactivated,14,16,17,1450,412
2026-08-25T07:16:42Z,0,0.2,0.00,60,13.2,0.00,Deactivated,14,16,17,1450,412
2026-08-25T07:16:50Z,0,0.2,0.00,60,13.2,0.00,Deactivated,14,16,17,1450,412
2026-08-25T07:17:00Z,0,0.2,0.00,60,13.2,0.00,Deactivated,14,16,17,1450,412
2026-08-25T07:17:08Z,0,0.2,0.00,60,13.2,0.00,Deactivated,14,16,17,1450,412
2026-08-25T07:17:16Z,0,0.2,0.00,60,13.2,0.00,Deactivated,14,16,17,1450,412
2026-08-25T07:17:26Z,0,0.2,0.00,59,13.2,0.00,Deactivated,14,16,17,1450,412
2026-08-25T07:17:36Z,0,39.0,0.00,60,13.8,0.00,Deactivated,15,16,15,1450,412
2026-08-25T07:17:46Z,0,38.9,0.00,60,13.8,0.00,Deactivated,15,16,15,1450,412
2026-08-25T07:17:56Z,0,38.9,0.00,60,13.8,0.00,Deactivated,15,16,15,1450,412
2026-08-25T07:18:06Z,0,38.8,0.00,61,13.8,0.00,Deactivated,16,17,15,1450,412
2026-08-25T07:18:16Z,0,38.8,0.00,61,13.8,0.00,Deactivated,16,17,15,1450,412
2026-08-25T07:18:26Z,0,38.7,0.00,61,13.8,0.00,Deactivated,16,17,15,1450,412
2026-08-25T07:18:34Z,0,38.7,0.00,62,13.8,0.00,Deactivated,16,17,15,1450,412
2026-08-25T07:18:44Z,0,38.6,0.00,62,13.8,0.00,Deactivated,16,17,15,1450,412
2026-08-25T07:18:52Z,0,38.6,0.00,63,13.8,0.00,Deactivated,17,17,15,1450,412
2026-08-25T07:19:00Z,0,38.6,0.00,63,13.8,0.00,Deactivated,17,17,15,1450,412
2026-08-25T07:19:10Z,0,38.5,0.00,64,13.8,0.00,Deactivated,17,17,15,1450,412
2026-08-25T07:19:18Z,0,38.5,0.00,65,13.8,0.00,Deactivated,17,17,15,1450,412
2026-08-25T07:19:28Z,0,38.4,0.00,65,13.8,0.00,Deactivated,17,17,15,1450,412
2026-08-25T07:19:38Z,0,38.4,0.00,66,13.8,0.00,Deactivated,17,17,15,1450,412
2026-08-25T07:19:46Z,0,38.4,0.00,67,13.8,0.00,Deactivated,18,17,15,1450,412
2026-08-25T07:19:56Z,0,38.3,0.00,68,13.8,0.00,Deactivated,18,17,15,1450,412
2026-08-25T07:20:04Z,0,38.3,0.00,68,13.8,0.00,Deactivated,18,17,15,1450,412
2026-08-25T07:20:14Z,0,38.2,0.00,69,13.8,0.00,Deactivated,18,17,15,1450,412
2026-08-25T07:20:24Z,0,38.2,0.00,70,13.8,0.00,Deactivated,18,18,15,1450,412
2026-08-25T07:20:32Z,0,38.2,0.00,71,13.9,0.00,Deactivated,19,18,15,1450,412
2026-08-25T07:20:42Z,0,38.1,0.00,72,13.9,0.00,Deactivated,19,18,15,1450,412
2026-08-25T07:20:52Z,0,38.1,0.00,74,13.9,0.00,Deactivated,19,18,15,1450,412
2026-08-25T07:21:00Z,0,38.0,0.00,74,13.9,0.00,Deactivated,19,18,15,1450,412
2026-08-25T07:21:10Z,0,38.0,0.00,76,13.9,0.00,Deactivated,19,18,15,1450,412
2026-08-25T07:21:18Z,0,38.0,0.00,77,13.9,0.00,Deactivated,20,18,15,1450,412
2026-08-25T07:21:28Z,0,37.9,0.00,78,13.9,0.00,Deactivated,20,18,15,1450,412
2026-08-25T07:21:38Z,0,37.9,0.00,79,13.9,0.00,Deactivated,20,18,15,1450,412
2026-08-25T07:21:48Z,0,37.8,0.00,81,13.9,0.00,Deactivated,20,18,15,1450,412
2026-08-25T07:21:56Z,0,37.8,0.00,82,13.9,0.00,Deactivated,20,18,15,1450,412
2026-08-25T07:22:06Z,0,37.8,0.00,83,14.0,0.00,Deactivated,21,18,15,1450,412
2026-08-25T07:22:16Z,0,37.7,0.00,85,14.0,0.00,Deactivated,21,19,15,1450,412
2026-08-25T07:22:26Z,0,37.7,0.00,86,14.0,0.00,Deactivated,21,19,15,1450,412
2026-08-25T07:22:34Z,0,37.6,0.00,88,14.0,0.00,Deactivated,21,19,15,1450,412
2026-08-25T07:22:44Z,0,37.6,0.00,89,14.0,0.00,Deactivated,22,19,15,1450,412
2026-08-25T07:22:52Z,0,37.6,0.00,91,14.0,0.00,Deactivated,22,19,15,1450,412
2026-08-25T07:23:02Z,0,37.5,0.00,92,14.0,0.00,Deactivated,22,19,15,1450,412
2026-08-25T07:23:10Z,0,37.5,0.00,94,14.0,0.00,Deactivated,22,19,15,1450,412
2026-08-25T07:23:20Z,0,37.5,0.00,96,14.1,0.00,Deactivated,22,19,15,1450,412
2026-08-25T07:23:30Z,0,37.4,0.00,97,14.1,0.00,Deactivated,23,19,15,1450,412
2026-08-25T07:23:38Z,0,37.4,0.00,100,14.2,0.00,Deactivated,18,20,15,1450,412
2026-08-25T07:23:48Z,0,37.4,0.00,100,14.2,0.00,Deactivated,19,20,15,1450,412
2026-08-25T07:23:58Z,0,37.3,0.00,100,14.2,0.00,Deactivated,19,20,15,1450,412
2026-08-25T07:24:08Z,0,37.3,0.00,100,14.2,0.00,Deactivated,19,20,15,1450,412
2026-08-25T07:24:16Z,0,37.3,0.00,100,14.2,0.00,Deactivated,19,20,15,1450,412
2026-08-25T07:24:24Z,0,37.2,0.00,100,14.2,0.00,Deactivated,19,20,15,1450,412
2026-08-25T07:24:34Z,0,37.2,0.00,100,14.2,0.00,Deactivated,19,20,15,1450,412
2026-08-25T07:24:44Z,0,37.2,0.00,100,14.2,0.00,Deactivated,19,20,15,1450,412
2026-08-25T07:24:54Z,0,37.1,0.00,100,14.2,0.00,Deactivated,19,20,15,1450,412
2026-08-25T07:25:04Z,0,37.1,0.00,100,14.2,0.00,Deactivated,19,21,15,1450,412
2026-08-25T07:25:14Z,0,37.1,0.00,100,14.2,0.00,Deactivated,20,21,15,1450,412
2026-08-25T07:25:24Z,0,37.1,0.00,100,14.2,0.00,Deactivated,20,21,15,1450,412
2026-08-25T07:25:34Z,0,37.0,0.00,100,14.2,0.00,Deactivated,20,21,15,1450,412
2026-08-25T07:25:44Z,0,37.0,0.00,100,14.2,0.00,Deactivated,20,21,15,1450,412
2026-08-25T07:25:54Z,0,37.0,0.00,100,14.2,0.00,Deactivated,20,21,15,1450,412
2026-08-25T07:26:02Z,0,37.0,0.00,100,14.2,0.00,Deactivated,20,21,15,1450,412
2026-08-25T07:26:12Z,0,36.9,0.00,100,14.2,0.00,Deactivated,20,21,15,1450,412
2026-08-25T07:26:20Z,0,36.9,0.00,100,14.2,0.00,Deactivated,20,22,15,1450,412
2026-08-25T07:26:30Z,0,36.9,0.00,100,14.2,0.00,Deactivated,21,22,15,1450,412
2026-08-25T07:26:38Z,0,36.9,0.00,100,14.2,0.00,Deactivated,21,22,15,1450,412
2026-08-25T07:26:46Z,0,36.8,0.00,100,14.2,0.00,Deactivated,21,22,15,1450,412
2026-08-25T07:26:54Z,0,36.8,0.00,100,14.2,0.00,Deactivated,21,22,15,1450,412
2026-08-25T07:27:04Z,0,36.8,0.00,100,14.2,0.00,Deactivated,21,22,15,1450,412
2026-08-25T07:27:14Z,0,36.8,0.00,100,14.2,0.00,Deactivated,21,22,15,1450,412
2026-08-25T07:27:22Z,0,36.8,0.00,100,14.2,0.00,Deactivated,21,22,15,1450,412
2026-08-25T07:27:32Z,0,36.7,0.00,100,14.2,0.00,Deactivated,21,22,15,1450,412
2026-08-25T07:27:42Z,0,36.7,0.00,100,14.2,0.00,Deactivated,22,23,15,1450,412
2026-08-25T07:27:50Z,0,36.7,0.00,100,14.2,0.00,Deactivated,22,23,15,1450,412
2026-08-25T07:27:58Z,0,36.7,0.00,100,14.2,0.00,Deactivated,22,23,15,1450,412
2026-08-25T07:28:08Z,0,36.7,0.00,100,14.2,0.00,Deactivated,22,23,15,1450,412
2026-08-25T07:28:18Z,0,36.7,0.00,100,14.2,0.00,Deactivated,22,23,15,1450,412
2026-08-25T07:28:28Z,0,36.6,0.00,100,14.2,0.00,Deactivated,22,23,15,1450,412
2026-08-25T07:28:38Z,0,36.6,0.00,100,14.2,0.00,Deactivated,22,23,15,1450,412
2026-08-25T07:28:46Z,0,36.6,0.00,100,14.2,0.00,Deactivated,22,23,15,1450,412
2026-08-25T07:28:56Z,0,36.6,0.00,100,14.2,0.00,Deactivated,22,24,15,1450,412
2026-08-25T07:29:04Z,0,36.6,0.00,100,14.2,0.00,Deactivated,23,24,15,1450,412
2026-08-25T07:29:14Z,0,36.6,0.00,100,14.2,0.00,Deactivated,23,24,15,1450,412
2026-08-25T07:29:22Z,0,36.6,0.00,100,14.2,0.00,Deactivated,23,24,15,1450,412
2026-08-25T07:29:30Z,0,36.6,0.00,100,14.2,0.00,Deactivated,23,24,15,1450,412
2026-08-25T07:29:38Z,0,36.6,0.00,100,14.2,0.00,Deactivated,23,24,15,1450,412
2026-08-25T07:29:46Z,0,36.5,0.00,100,14.2,0.00,Deactivated,23,24,15,1450,412
2026-08-25T07:29:54Z,0,36.5,0.00,100,14.2,0.00,Deactivated,23,24,15,1450,412
2026-08-25T07:30:04Z,0,36.5,0.00,100,14.2,0.00,Deactivated,23,24,15,1450,412
2026-08-25T07:30:12Z,0,36.5,0.00,100,14.2,0.00,Deactivated,23,25,15,1450,412
2026-08-25T07:30:22Z,0,36.5,0.00,100,14.2,0.00,Deactivated,24,25,15,1450,412
2026-08-25T07:30:30Z,0,36.5,0.00,100,14.2,0.00,Deactivated,24,25,15,1450,412
2026-08-25T07:30:40Z,0,36.5,0.00,100,14.2,0.00,Deactivated,24,25,15,1450,412
2026-08-25T07:30:50Z,0,36.5,0.00,100,14.2,0.00,Deactivated,24,25,15,1450,412
2026-08-25T07:31:00Z,0,36.5,0.00,100,14.2,0.00,Deactivated,24,25,15,1450,412
2026-08-25T07:31:08Z,0,36.5,0.00,100,14.2,0.00,Deactivated,24,25,15,1450,412
2026-08-25T07:31:18Z,0,36.5,0.00,100,14.2,0.00,Deactivated,24,25,15,1450,412
2026-08-25T07:31:27Z,0,36.5,0.00,100,14.2,0.00,Deactivated,24,25,15,1450,412
2026-08-25T07:31:36Z,0,36.5,0.00,100,14.2,0.00,Deactivated,24,25,15,1450,412
2026-08-25T07:31:44Z,0,36.5,0.00,100,14.2,0.00,Deactivated,24,26,15,1450,412
2026-08-25T07:31:52Z,0,36.5,0.00,100,14.2,0.00,Deactivated,25,26,15,1450,412
2026-08-25T07:32:00Z,0,36.5,0.00,100,14.2,0.00,Deactivated,25,26,15,1450,412
2026-08-25T07:32:10Z,0,36.5,0.00,100,14.2,0.00,Deactivated,25,26,15,1450,412
2026-08-25T07:32:18Z,0,36.5,0.00,100,14.2,0.00,Deactivated,25,26,15,1450,412
2026-08-25T07:32:28Z,0,36.5,0.00,100,14.2,0.00,Deactivated,25,26,15,1450,412
2026-08-25T07:32:36Z,0,36.5,0.00,100,14.2,0.00,Deactivated,25,26,15,1450,412
2026-08-25T07:32:46Z,0,36.5,0.00,100,14.2,0.00,Deactivated,25,26,15,1450,412
2026-08-25T07:32:56Z,0,36.5,0.00,100,14.2,0.00,Deactivated,25,26,15,1450,412
2026-08-25T07:33:06Z,0,36.5,0.00,100,14.2,0.00,Deactivated,25,26,15,1450,412
2026-08-25T07:33:14Z,0,36.5,0.00,100,14.2,0.00,Deactivated,25,26,15,1450,412
2026-08-25T07:33:24Z,0,36.6,0.00,100,14.2,0.00,Deactivated,25,27,15,1450,412
2026-08-25T07:33:34Z,0,36.6,0.00,100,14.2,0.00,Deactivated,26,27,15,1450,412
2026-08-25T07:33:44Z,0,36.6,0.00,100,14.2,0.00,Deactivated,26,27,15,1450,412
2026-08-25T07:33:54Z,0,36.6,0.00,100,14.2,0.00,Deactivated,26,27,15,1450,412
2026-08-25T07:34:04Z,0,36.6,0.00,100,14.2,0.00,Deactivated,26,27,15,1450,412
2026-08-25T07:34:14Z,0,36.6,0.00,100,14.2,0.00,Deactivated,26,27,15,1450,412
2026-08-25T07:34:24Z,0,36.6,0.00,100,14.2,0.00,Deactivated,26,27,15,1450,412
2026-08-25T07:34:34Z,0,36.6,0.00,100,14.2,0.00,Deactivated,26,27,15,1450,412
2026-08-25T07:34:44Z,0,36.7,0.00,100,14.2,0.00,Deactivated,26,27,15,1450,412
2026-08-25T07:34:54Z,0,36.7,0.00,100,14.2,0.00,Deactivated,26,27,15,1450,412
2026-08-25T07:35:02Z,0,36.7,0.00,100,14.2,0.00,Deactivated,26,27,15,1450,412
2026-08-25T07:35:12Z,0,36.7,0.00,100,14.2,0.00,Deactivated,26,27,15,1450,412
2026-08-25T07:35:22Z,0,36.7,0.00,100,14.2,0.00,Deactivated,26,27,15,1450,412
2026-08-25T07:35:32Z,0,36.8,0.00,100,14.2,0.00,Deactivated,26,27,15,1450,412
2026-08-25T07:35:40Z,0,36.8,0.00,100,14.2,0.00,Deactivated,26,27,15,1450,412
2026-08-25T07:35:48Z,0,36.8,0.00,100,14.2,0.00,Deactivated,26,28,15,1450,412
2026-08-25T07:35:56Z,0,36.8,0.00,100,14.2,0.00,Deactivated,26,28,15,1450,412
2026-08-25T07:36:06Z,0,36.8,0.00,100,14.2,0.00,Deactivated,27,28,15,1450,412
2026-08-25T07:36:16Z,0,36.9,0.00,100,14.2,0.00,Deactivated,27,28,15,1450,412
2026-08-25T07:36:24Z,0,36.9,0.00,100,14.2,0.00,Deactivated,27,28,15,1450,412
2026-08-25T07:36:34Z,0,36.9,0.00,100,14.2,0.00,Deactivated,27,28,15,1450,412
2026-08-25T07:36:42Z,0,36.9,0.00,100,14.2,0.00,Deactivated,27,28,15,1450,412
2026-08-25T07:36:50Z,0,36.9,0.00,100,14.2,0.00,Deactivated,27,28,15,1450,412
2026-08-25T07:37:00Z,0,37.0,0.00,100,14.2,0.00,Deactivated,27,28,15,1450,412
2026-08-25T07:37:10Z,0,37.0,0.00,100,14.2,0.00,Deactivated,27,28,15,1450,412
2026-08-25T07:37:20Z,0,37.0,0.00,100,14.2,0.00,Deactivated,27,28,15,1450,412
2026-08-25T07:37:28Z,0,37.0,0.00,100,14.2,0.00,Deactivated,27,28,15,1450,412
2026-08-25T07:37:38Z,0,37.1,0.00,100,14.2,0.00,Deactivated,27,28,15,1450,412
2026-08-25T07:37:46Z,0,37.1,0.00,100,14.2,0.00,Deactivated,27,28,15,1450,412
2026-08-25T07:37:54Z,0,37.1,0.00,100,14.2,0.00,Deactivated,27,28,15,1450,412
2026-08-25T07:38:04Z,0,37.2,0.00,100,14.2,0.00,Deactivated,27,28,15,1450,412
2026-08-25T07:38:14Z,0,37.2,0.00,100,14.2,0.00,Deactivated,27,28,15,1450,412
2026-08-25T07:38:24Z,0,37.2,0.00,100,14.2,0.00,Deactivated,27,28,15,1450,412
2026-08-25T07:38:34Z,0,37.3,0.00,100,14.2,0.00,Deactivated,27,28,15,1450,412
2026-08-25T07:38:44Z,0,37.3,0.00,100,14.2,0.00,Deactivated,27,28,15,1450,412
2026-08-25T07:38:52Z,0,37.3,0.00,100,14.2,0.00,Deactivated,27,28,15,1450,412
2026-08-25T07:39:00Z,0,37.3,0.00,100,14.2,0.00,Deactivated,27,28,15,1450,412
2026-08-25T07:39:08Z,0,37.4,0.00,100,14.2,0.00,Deactivated,27,28,15,1450,412
2026-08-25T07:39:18Z,0,37.4,0.00,100,14.2,0.00,Deactivated,27,28,15,1450,412
2026-08-25T07:39:26Z,0,37.4,0.00,100,14.2,0.00,Deactivated,27,28,15,1450,412
2026-08-25T07:39:36Z,0,37.5,0.00,100,14.2,0.00,Deactivated,27,28,15,1450,412
2026-08-25T07:39:46Z,0,37.5,0.00,100,14.2,0.00,Deactivated,27,28,15,1450,412
2026-08-25T07:39:56Z,0,37.5,0.00,100,14.2,0.00,Deactivated,27,28,15,1450,412
2026-08-25T07:40:04Z,0,37.6,0.00,100,14.2,0.00,Deactivated,27,28,15,1450,412
2026-08-25T07:40:14Z,0,37.6,0.00,100,14.2,0.00,Deactivated,27,28,15,1450,412
2026-08-25T07:40:24Z,0,37.7,0.00,100,14.2,0.00,Deactivated,27,28,15,1450,412
2026-08-25T07:40:34Z,0,37.7,0.00,100,14.2,0.00,Deactivated,27,28,15,1450,412
2026-08-25T07:40:44Z,0,37.7,0.00,100,14.2,0.00,Deactivated,27,28,15,1450,412
2026-08-25T07:40:54Z,0,37.8,0.00,100,14.2,0.00,Deactivated,27,28,15,1450,412
2026-08-25T07:41:02Z,0,37.8,0.00,100,14.2,0.00,Deactivated,27,28,15,1450,412
2026-08-25T07:41:10Z,0,37.8,0.00,100,14.2,0.00,Deactivated,27,28,15,1450,412
2026-08-25T07:41:20Z,0,37.9,0.00,100,14.2,0.00,Deactivated,27,28,15,1450,412
2026-08-25T07:41:28Z,0,37.9,0.00,100,14.2,0.00,Deactivated,27,28,15,1450,412
2026-08-25T07:41:38Z,0,38.0,0.00,100,14.2,0.00,Deactivated,27,28,15,1450,412
2026-08-25T07:41:48Z,0,38.0,0.00,100,14.2,0.00,Deactivated,27,28,15,1450,412
2026-08-25T07:41:58Z,0,38.0,0.00,100,14.2,0.00,Deactivated,26,28,15,1450,412
2026-08-25T07:42:06Z,0,38.1,0.00,100,14.2,0.00,Deactivated,26,28,15,1450,412
2026-08-25T07:42:16Z,0,38.1,0.00,100,14.2,0.00,Deactivated,26,27,15,1450,412
2026-08-25T07:42:26Z,0,38.2,0.00,100,14.2,0.00,Deactivated,26,27,15,1450,412
2026-08-25T07:42:36Z,0,38.2,0.00,100,14.2,0.00,Deactivated,26,27,15,1450,412
2026-08-25T07:42:46Z,0,38.3,0.00,100,14.2,0.00,Deactivated,26,27,15,1450,412
2026-08-25T07:42:56Z,0,38.3,0.00,100,14.2,0.00,Deactivated,26,27,15,1450,412
2026-08-25T07:43:06Z,0,38.3,0.00,100,14.2,0.00,Deactivated,26,27,20,1450,412
2026-08-25T07:43:14Z,0,38.4,0.00,100,14.2,0.00,Deactivated,26,27,20,1450,412
2026-08-25T07:43:24Z,0,38.4,0.00,100,14.2,0.00,Deactivated,26,27,20,1450,412
2026-08-25T07:43:34Z,0,38.5,0.00,100,14.2,0.00,Deactivated,26,27,20,1450,412
2026-08-25T07:43:44Z,0,38.5,0.00,100,14.2,0.00,Deactivated,26,27,20,1450,412
2026-08-25T07:43:54Z,0,38.6,0.00,100,14.2,0.00,Deactivated,26,27,20,1450,412
2026-08-25T07:44:04Z,0,38.6,0.00,100,14.2,0.00,Deactivated,26,27,20,1450,412
2026-08-25T07:44:12Z,0,38.6,0.00,100,14.2,0.00,Deactivated,26,27,20,1450,412
2026-08-25T07:44:20Z,0,38.7,0.00,100,14.2,0.00,Deactivated,26,27,20,1450,412
2026-08-25T07:44:28Z,0,38.7,0.00,100,14.2,0.00,Deactivated,25,27,20,1450,412
2026-08-25T07:44:38Z,0,38.8,0.00,100,14.2,0.00,Deactivated,25,26,20,1450,412
2026-08-25T07:44:46Z,0,38.8,0.00,100,14.2,0.00,Deactivated,25,26,20,1450,412
2026-08-25T07:44:56Z,0,38.9,0.00,100,14.2,0.00,Deactivated,25,26,20,1450,412
2026-08-25T07:45:06Z,0,38.9,0.00,100,14.2,0.00,Deactivated,25,26,22,1450,412
2026-08-25T07:45:16Z,0,38.9,0.00,100,14.2,0.00,Deactivated,25,26,28,1450,412
2026-08-25T07:45:26Z,0,39.0,0.00,100,14.2,0.00,Deactivated,25,26,36,1450,412
2026-08-25T07:45:34Z,0,0.2,0.00,100,13.3,0.00,Deactivated,24,26,65,1450,412
2026-08-25T07:45:42Z,0,0.2,0.00,100,13.3,0.00,Deactivated,24,26,65,1450,412
2026-08-25T07:45:50Z,0,0.2,0.00,100,13.3,0.00,Deactivated,24,26,65,1450,412
2026-08-25T07:46:00Z,0,0.2,0.00,100,13.3,0.00,Deactivated,24,26,65,1450,412
2026-08-25T07:46:08Z,0,0.2,0.00,100,13.3,0.00,Deactivated,24,26,65,1450,412
2026-08-25T07:46:18Z,0,0.2,0.00,100,13.3,0.00,Deactivated,23,25,65,1450,412
2026-08-25T07:46:26Z,0,0.2,0.00,100,13.3,0.00,Deactivated,23,25,65,1450,412
2026-08-25T07:46:36Z,0,0.2,0.00,100,13.3,0.00,Deactivated,23,25,65,1450,412
2026-08-25T07:46:44Z,0,0.2,0.00,100,13.3,0.00,Deactivated,23,25,65,1450,412
2026-08-25T07:46:54Z,0,0.2,0.00,100,13.3,0.00,Deactivated,23,25,65,1450,412
2026-08-25T07:47:04Z,0,0.2,0.00,100,13.3,0.00,Deactivated,23,25,65,1450,412
2026-08-25T07:47:14Z,0,0.2,0.00,100,13.3,0.00,Deactivated,23,25,65,1450,412
2026-08-25T07:47:24Z,0,0.2,0.00,100,13.3,0.00,Deactivated,23,25,65,1450,412
2026-08-25T07:47:34Z,0,0.2,0.00,100,13.3,0.00,Deactivated,23,25,65,1450,412
2026-08-25T07:47:44Z,0,0.2,0.00,100,13.3,0.00,Deactivated,23,25,65,1450,412
2026-08-25T07:47:54Z,0,0.2,0.00,100,13.3,0.00,Deactivated,22,24,65,1450,412
2026-08-25T07:48:04Z,0,0.2,0.00,99,13.3,0.00,Deactivated,22,24,65,1450,412
2026-08-25T07:48:14Z,0,0.2,0.00,99,13.3,0.00,Deactivated,22,24,65,1450,412
2026-08-25T07:48:24Z,0,0.2,0.00,99,13.3,0.00,Deactivated,22,24,65,1450,412
2026-08-25T07:48:32Z,0,0.2,0.00,99,13.3,0.00,Deactivated,22,24,65,1450,412
2026-08-25T07:48:40Z,0,0.2,0.00,99,13.3,0.00,Deactivated,22,24,65,1450,412
2026-08-25T07:48:50Z,0,0.2,0.00,99,13.3,0.00,Deactivated,22,24,65,1450,412
2026-08-25T07:49:00Z,0,0.2,0.00,99,13.3,0.00,Deactivated,22,24,65,1450,412
2026-08-25T07:49:08Z,0,0.2,0.00,99,13.3,0.00,Deactivated,21,23,65,1450,412
2026-08-25T07:49:18Z,0,0.2,0.00,99,13.3,0.00,Deactivated,21,23,65,1450,412
2026-08-25T07:49:26Z,0,0.2,0.00,99,13.3,0.00,Deactivated,21,23,65,1450,412
2026-08-25T07:49:34Z,0,0.2,0.00,99,13.3,0.00,Deactivated,21,23,65,1450,412
2026-08-25T07:49:44Z,0,0.2,0.00,99,13.3,0.00,Deactivated,21,23,65,1450,412
2026-08-25T07:49:54Z,0,0.2,0.00,99,13.3,0.00,Deactivated,21,23,65,1450,412
2026-08-25T07:50:04Z,0,0.2,0.00,99,13.3,0.00,Deactivated,21,23,65,1450,412
2026-08-25T07:50:12Z,0,0.2,0.00,99,13.3,0.00,Deactivated,21,23,65,1450,412
2026-08-25T07:50:20Z,0,0.2,0.00,99,13.3,0.00,Deactivated,21,23,65,1450,412
2026-08-25T07:50:30Z,0,0.2,0.00,99,13.3,0.00,Deactivated,20,22,65,1450,412
2026-08-25T07:50:40Z,0,0.2,0.00,99,13.3,0.00,Deactivated,20,22,65,1450,412
2026-08-25T07:50:50Z,0,0.2,0.00,99,13.3,0.00,Deactivated,20,22,65,1450,412
2026-08-25T07:50:58Z,0,0.2,0.00,99,13.3,0.00,Deactivated,20,22,65,1450,412
2026-08-25T07:51:06Z,0,0.2,0.00,99,13.3,0.00,Deactivated,20,22,17,1450,412
2026-08-25T07:51:14Z,0,0.2,0.00,99,13.3,0.00,Deactivated,20,22,17,1450,412
2026-08-25T07:51:24Z,0,0.2,0.00,99,13.3,0.00,Deactivated,20,22,17,1450,412
2026-08-25T07:51:34Z,0,0.2,0.00,99,13.3,0.00,Deactivated,20,22,17,1450,412
2026-08-25T07:51:42Z,0,0.2,0.00,99,13.3,0.00,Deactivated,19,21,17,1450,412
2026-08-25T07:51:55Z,0,0.2,0.00,99,13.3,0.00,Deactivated,19,21,17,1450,412
2026-08-25T07:52:00Z,0,0.2,0.00,99,13.3,0.00,Deactivated,19,21,17,1450,412
2026-08-25T07:52:08Z,0,0.2,0.00,99,13.3,0.00,Deactivated,19,21,17,1450,412
2026-08-25T07:52:16Z,0,0.2,0.00,99,13.3,0.00,Deactivated,19,21,17,1450,412
2026-08-25T07:52:24Z,0,0.2,0.00,99,13.3,0.00,Deactivated,19,21,17,1450,412
2026-08-25T07:52:34Z,0,0.2,0.00,99,13.3,0.00,Deactivated,19,21,17,1450,412
2026-08-25T07:52:44Z,0,0.2,0.00,99,13.3,0.00,Deactivated,19,21,17,1450,412
2026-08-25T07:52:54Z,0,0.2,0.00,99,13.3,0.00,Deactivated,19,21,17,1450,412
2026-08-25T07:53:02Z,0,0.2,0.00,62,13.2,0.00,Deactivated,18,20,17,1450,412
2026-08-25T07:53:10Z,0,0.2,0.00,62,13.2,0.00,Deactivated,18,20,17,1450,412
2026-08-25T07:53:18Z,0,0.2,0.00,62,13.2,0.00,Deactivated,18,20,17,1450,412
2026-08-25T07:53:28Z,0,0.2,0.00,62,13.2,0.00,Deactivated,18,20,17,1450,412
2026-08-25T07:53:36Z,0,0.2,0.00,62,13.2,0.00,Deactivated,18,20,17,1450,412
2026-08-25T07:53:46Z,0,0.2,0.00,62,13.2,0.00,Deactivated,18,20,17,1450,412
2026-08-25T07:53:56Z,0,0.2,0.00,62,13.2,0.00,Deactivated,18,20,17,1450,412
2026-08-25T07:54:06Z,0,0.2,0.00,62,13.2,0.00,Deactivated,18,20,17,1450,412
2026-08-25T07:54:14Z,0,0.2,0.00,62,13.2,0.00,Deactivated,18,20,17,1450,412
2026-08-25T07:54:24Z,0,0.2,0.00,62,13.2,0.00,Deactivated,17,19,17,1450,412
2026-08-25T07:54:34Z,0,0.2,0.00,62,13.2,0.00,Deactivated,17,19,17,1450,412
2026-08-25T07:54:42Z,0,0.2,0.00,62,13.2,0.00,Deactivated,17,19,17,1450,412
2026-08-25T07:54:50Z,0,0.2,0.00,62,13.2,0.00,Deactivated,17,19,17,1450,412
2026-08-25T07:55:00Z,0,0.2,0.00,62,13.2,0.00,Deactivated,17,19,17,1450,412
2026-08-25T07:55:08Z,0,0.2,0.00,62,13.2,0.00,Deactivated,17,19,17,1450,412
2026-08-25T07:55:16Z,0,0.2,0.00,62,13.2,0.00,Deactivated,17,19,17,1450,412
2026-08-25T07:55:26Z,0,0.2,0.00,62,13.2,0.00,Deactivated,17,19,17,1450,412
2026-08-25T07:55:36Z,0,0.2,0.00,61,13.2,0.00,Deactivated,17,19,17,1450,412
2026-08-25T07:55:46Z,0,0.2,0.00,61,13.2,0.00,Deactivated,17,19,17,1450,412
2026-08-25T07:55:54Z,0,0.2,0.00,61,13.2,0.00,Deactivated,16,18,17,1450,412
2026-08-25T07:56:02Z,0,0.2,0.00,61,13.2,0.00,Deactivated,16,18,17,1450,412
2026-08-25T07:56:12Z,0,0.2,0.00,61,13.2,0.00,Deactivated,16,18,17,1450,412
2026-08-25T07:56:20Z,0,0.2,0.00,61,13.2,0.00,Deactivated,16,18,17,1450,412
2026-08-25T07:56:28Z,0,0.2,0.00,61,13.2,0.00,Deactivated,16,18,17,1450,412
2026-08-25T07:56:38Z,0,0.2,0.00,61,13.2,0.00,Deactivated,16,18,17,1450,412
2026-08-25T07:56:48Z,0,0.2,0.00,61,13.2,0.00,Deactivated,16,18,17,1450,412
2026-08-25T07:56:58Z,0,0.2,0.00,61,13.2,0.00,Deactivated,16,18,17,1450,412
2026-08-25T07:57:06Z,0,0.2,0.00,61,13.2,0.00,Deactivated,16,18,17,1450,412
2026-08-25T07:57:16Z,0,0.2,0.00,61,13.2,0.00,Deactivated,16,18,17,1450,412
2026-08-25T07:57:26Z,0,0.2,0.00,61,13.2,0.00,Deactivated,16,18,17,1450,412
2026-08-25T07:57:34Z,0,0.2,0.00,61,13.2,0.00,Deactivated,16,18,17,1450,412
2026-08-25T07:57:44Z,0,0.2,0.00,61,13.2,0.00,Deactivated,15,17,17,1450,412
2026-08-25T07:57:54Z,0,0.2,0.00,61,13.2,0.00,Deactivated,15,17,17,1450,412
2026-08-25T07:58:04Z,0,0.2,0.00,61,13.2,0.00,Deactivated,15,17,17,1450,412
2026-08-25T07:58:14Z,0,0.2,0.00,61,13.2,0.00,Deactivated,15,17,17,1450,412
2026-08-25T07:58:22Z,0,0.2,0.00,61,13.2,0.00,Deactivated,15,17,17,1450,412
2026-08-25T07:58:30Z,0,0.2,0.00,61,13.2,0.00,Deactivated,15,17,17,1450,412
2026-08-25T07:58:40Z,0,0.2,0.00,61,13.2,0.00,Deactivated,15,17,17,1450,412
2026-08-25T07:58:48Z,0,0.2,0.00,61,13.2,0.00,Deactivated,15,17,17,1450,412
2026-08-25T07:58:56Z,0,0.2,0.00,61,13.2,0.00,Deactivated,15,17,17,1450,412
2026-08-25T07:59:06Z,0,0.2,0.00,61,13.2,0.00,Deactivated,15,17,17,1450,412
2026-08-25T07:59:14Z,0,0.2,0.00,61,13.2,0.00,Deactivated,15,17,17,1450,412
2026-08-25T07:59:24Z,0,0.2,0.00,61,13.2,0.00,Deactivated,15,17,17,1450,412
2026-08-25T07:59:34Z,0,0.2,0.00,61,13.2,0.00,Deactivated,15,17,17,1450,412
2026-08-25T07:59:44Z,0,0.2,0.00,61,13.2,0.00,Deactivated,15,17,17,1450,412
2026-08-25T07:59:54Z,0,0.2,0.00,61,13.2,0.00,Deactivated,15,17,17,1450,412
2026-08-25T08:00:04Z,0,0.2,0.00,61,13.2,0.00,Deactivated,14,16,17,1450,412
2026-08-25T08:00:14Z,0,0.2,0.00,61,13.2,0.00,Deactivated,14,16,17,1450,412
2026-08-25T08:00:22Z,0,0.2,0.00,61,13.2,0.00,Deactivated,14,16,17,1450,412
2026-08-25T08:00:30Z,0,0.2,0.00,60,13.2,0.00,Deactivated,14,16,17,1450,412
2026-08-25T08:00:40Z,0,0.2,0.00,60,13.2,0.00,Deactivated,14,16,17,1450,412
2026-08-25T08:00:50Z,0,0.2,0.00,60,13.2,0.00,Deactivated,14,16,17,1450,412
2026-08-25T08:00:58Z,0,0.2,0.00,60,13.2,0.00,Deactivated,14,16,17,1450,412
2026-08-25T08:01:08Z,0,0.2,0.00,60,13.2,0.00,Deactivated,14,16,17,1450,412
2026-08-25T08:01:18Z,0,0.2,0.00,60,13.2,0.00,Deactivated,14,16,17,1450,412
2026-08-25T08:01:28Z,0,0.2,0.00,60,13.2,0.00,Deactivated,14,16,17,1450,412
2026-08-25T08:01:38Z,0,0.2,0.00,60,13.2,0.00,Deactivated,14,16,17,1450,412
2026-08-25T08:01:48Z,0,0.2,0.00,60,13.2,0.00,Deactivated,14,16,17,1450,412
2026-08-25T08:01:58Z,0,0.2,0.00,60,13.2,0.00,Deactivated,14,16,17,1450,412
2026-08-25T08:02:08Z,0,0.2,0.00,60,13.2,0.00,Deactivated,14,16,17,1450,412
2026-08-25T08:02:16Z,0,0.2,0.00,60,13.2,0.00,Deactivated,14,16,17,1450,412
2026-08-25T08:02:26Z,0,0.2,0.00,60,13.2,0.00,Deactivated,14,16,17,1450,412
2026-08-25T08:02:34Z,0,0.2,0.00,60,13.2,0.00,Deactivated,14,16,17,1450,412
2026-08-25T08:02:44Z,0,0.2,0.00,60,13.2,0.00,Deactivated,14,16,17,1450,412
2026-08-25T08:02:52Z,0,0.2,0.00,60,13.2,0.00,Deactivated,14,16,17,1450,412
2026-08-25T08:03:02Z,0,0.2,0.00,60,13.2,0.00,Deactivated,14,16,17,1450,412
2026-08-25T08:03:10Z,0,0.2,0.00,60,13.2,0.00,Deactivated,14,16,17,1450,412
2026-08-25T08:03:18Z,0,0.2,0.00,60,13.2,0.00,Deactivated,14,16,17,1450,412
2026-08-25T08:03:26Z,0,0.2,0.00,60,13.2,0.00,Deactivated,14,16,17,1450,412
2026-08-25T08:03:36Z,0,0.2,0.00,60,13.2,0.00,Deactivated,14,16,17,1450,412
2026-08-25T08:03:44Z,0,0.2,0.00,60,13.2,0.00,Deactivated,14,16,17,1450,412
2026-08-25T08:03:54Z,0,0.2,0.00,60,13.2,0.00,Deactivated,14,16,17,1450,412
2026-08-25T08:04:04Z,0,0.2,0.00,60,13.2,0.00,Deactivated,14,16,17,1450,412
2026-08-25T08:04:14Z,0,0.2,0.00,60,13.2,0.00,Deactivated,14,16,17,1450,412
2026-08-25T08:04:24Z,0,0.2,0.00,60,13.2,0.00,Deactivated,14,16,17,1450,412
2026-08-25T08:04:34Z,0,0.2,0.00,60,13.2,0.00,Deactivated,14,16,17,1450,412
2026-08-25T08:04:44Z,0,0.2,0.00,60,13.2,0.00,Deactivated,14,16,17,1450,412
2026-08-25T08:04:52Z,0,0.2,0.00,60,13.2,0.00,Deactivated,14,16,17,1450,412
2026-08-25T08:05:00Z,0,0.2,0.00,60,13.2,0.00,Deactivated,14,16,17,1450,412
2026-08-25T08:05:10Z,0,0.2,0.00,60,13.2,0.00,Deactivated,14,16,17,1450,412
2026-08-25T08:05:20Z,0,0.2,0.00,60,13.2,0.00,Deactivated,14,16,17,1450,412
2026-08-25T08:05:28Z,0,0.2,0.00,59,13.2,0.00,Deactivated,14,16,17,1450,412
2026-08-25T08:05:38Z,0,39.0,0.00,60,13.8,0.00,Deactivated,15,16,15,1450,412
2026-08-25T08:05:46Z,0,38.9,0.00,60,13.8,0.00,Deactivated,15,16,15,1450,412
2026-08-25T08:05:56Z,0,38.9,0.00,60,13.8,0.00,Deactivated,15,16,15,1450,412
2026-08-25T08:06:04Z,0,38.8,0.00,60,13.8,0.00,Deactivated,16,17,15,1450,412
2026-08-25T08:06:14Z,0,38.8,0.00,61,13.8,0.00,Deactivated,16,17,15,1450,412
2026-08-25T08:06:24Z,0,38.7,0.00,61,13.8,0.00,Deactivated,16,17,15,1450,412
2026-08-25T08:06:34Z,0,38.7,0.00,62,13.8,0.00,Deactivated,16,17,15,1450,412
2026-08-25T08:06:44Z,0,38.7,0.00,62,13.8,0.00,Deactivated,16,17,15,1450,412
2026-08-25T08:06:52Z,0,38.6,0.00,63,13.8,0.00,Deactivated,17,17,15,1450,412
2026-08-25T08:07:02Z,0,38.6,0.00,63,13.8,0.00,Deactivated,17,17,15,1450,412
2026-08-25T08:07:10Z,0,38.5,0.00,64,13.8,0.00,Deactivated,17,17,15,1450,412
2026-08-25T08:07:18Z,0,38.5,0.00,64,13.8,0.00,Deactivated,17,17,15,1450,412
2026-08-25T08:07:26Z,0,38.5,0.00,65,13.8,0.00,Deactivated,17,17,15,1450,412
2026-08-25T08:07:36Z,0,38.4,0.00,66,13.8,0.00,Deactivated,17,17,15,1450,412
2026-08-25T08:07:46Z,0,38.4,0.00,67,13.8,0.00,Deactivated,18,17,15,1450,412
2026-08-25T08:07:56Z,0,38.3,0.00,68,13.8,0.00,Deactivated,18,17,15,1450,412
2026-08-25T08:08:06Z,0,38.3,0.00,68,13.8,0.00,Deactivated,18,17,15,1450,412
2026-08-25T08:08:14Z,0,38.2,0.00,69,13.8,0.00,Deactivated,18,17,15,1450,412
2026-08-25T08:08:22Z,0,38.2,0.00,70,13.8,0.00,Deactivated,18,17,15,1450,412
2026-08-25T08:08:30Z,0,38.2,0.00,71,13.9,0.00,Deactivated,19,18,15,1450,412
2026-08-25T08:08:38Z,0,38.1,0.00,72,13.9,0.00,Deactivated,19,18,15,1450,412
2026-08-25T08:08:48Z,0,38.1,0.00,73,13.9,0.00,Deactivated,19,18,15,1450,412
2026-08-25T08:08:56Z,0,38.1,0.00,74,13.9,0.00,Deactivated,19,18,15,1450,412
2026-08-25T08:09:06Z,0,38.0,0.00,75,13.9,0.00,Deactivated,19,18,15,1450,412
2026-08-25T08:09:16Z,0,38.0,0.00,76,13.9,0.00,Deactivated,20,18,15,1450,412
2026-08-25T08:09:24Z,0,37.9,0.00,77,13.9,0.00,Deactivated,20,18,15,1450,412
2026-08-25T08:09:34Z,0,37.9,0.00,79,13.9,0.00,Deactivated,20,18,15,1450,412
2026-08-25T08:09:44Z,0,37.9,0.00,80,13.9,0.00,Deactivated,20,18,15,1450,412
2026-08-25T08:09:54Z,0,37.8,0.00,81,13.9,0.00,Deactivated,20,18,15,1450,412
2026-08-25T08:10:04Z,0,37.8,0.00,83,14.0,0.00,Deactivated,21,18,15,1450,412
2026-08-25T08:10:14Z,0,37.7,0.00,84,14.0,0.00,Deactivated,21,19,15,1450,412
2026-08-25T08:10:22Z,0,37.7,0.00,86,14.0,0.00,Deactivated,21,19,15,1450,412
2026-08-25T08:10:30Z,0,37.7,0.00,87,14.0,0.00,Deactivated,21,19,15,1450,412
2026-08-25T08:10:40Z,0,37.6,0.00,88,14.0,0.00,Deactivated,21,19,15,1450,412
2026-08-25T08:10:50Z,0,37.6,0.00,90,14.0,0.00,Deactivated,22,19,15,1450,412
2026-08-25T08:11:00Z,0,37.6,0.00,92,14.0,0.00,Deactivated,22,19,15,1450,412
2026-08-25T08:11:10Z,0,37.5,0.00,93,14.0,0.00,Deactivated,22,19,15,1450,412
2026-08-25T08:11:20Z,0,37.5,0.00,95,14.1,0.00,Deactivated,22,19,15,1450,412
2026-08-25T08:11:30Z,0,37.4,0.00,97,14.1,0.00,Deactivated,23,19,15,1450,412
2026-08-25T08:11:38Z,0,37.4,0.00,100,14.2,0.00,Deactivated,18,19,15,1450,412
2026-08-25T08:11:46Z,0,37.4,0.00,100,14.2,0.00,Deactivated,18,20,15,1450,412
2026-08-25T08:11:56Z,0,37.3,0.00,100,14.2,0.00,Deactivated,19,20,15,1450,412
2026-08-25T08:12:06Z,0,37.3,0.00,100,14.2,0.00,Deactivated,19,20,15,1450,412
2026-08-25T08:12:14Z,0,37.3,0.00,100,14.2,0.00,Deactivated,19,20,15,1450,412
2026-08-25T08:12:24Z,0,37.3,0.00,100,14.2,0.00,Deactivated,19,20,15,1450,412
2026-08-25T08:12:34Z,0,37.2,0.00,100,14.2,0.00,Deactivated,19,20,15,1450,412
2026-08-25T08:12:44Z,0,37.2,0.00,100,14.2,0.00,Deactivated,19,20,15,1450,412
2026-08-25T08:12:52Z,0,37.2,0.00,100,14.2,0.00,Deactivated,19,20,15,1450,412
2026-08-25T08:13:00Z,0,37.1,0.00,100,14.2,0.00,Deactivated,19,20,15,1450,412
2026-08-25T08:13:08Z,0,37.1,0.00,100,14.2,0.00,Deactivated,19,21,15,1450,412
2026-08-25T08:13:18Z,0,37.1,0.00,100,14.2,0.00,Deactivated,20,21,15,1450,412
2026-08-25T08:13:28Z,0,37.1,0.00,100,14.2,0.00,Deactivated,20,21,15,1450,412
2026-08-25T08:13:36Z,0,37.0,0.00,100,14.2,0.00,Deactivated,20,21,15,1450,412
2026-08-25T08:13:46Z,0,37.0,0.00,100,14.2,0.00,Deactivated,20,21,15,1450,412
2026-08-25T08:13:56Z,0,37.0,0.00,100,14.2,0.00,Deactivated,20,21,15,1450,412
2026-08-25T08:14:06Z,0,36.9,0.00,100,14.2,0.00,Deactivated,20,21,15,1450,412
2026-08-25T08:14:16Z,0,36.9,0.00,100,14.2,0.00,Deactivated,20,21,15,1450,412
2026-08-25T08:14:24Z,0,36.9,0.00,100,14.2,0.00,Deactivated,20,22,15,1450,412
2026-08-25T08:14:34Z,0,36.9,0.00,100,14.2,0.00,Deactivated,21,22,15,1450,412
2026-08-25T08:14:42Z,0,36.9,0.00,100,14.2,0.00,Deactivated,21,22,15,1450,412
2026-08-25T08:14:50Z,0,36.8,0.00,100,14.2,0.00,Deactivated,21,22,15,1450,412
2026-08-25T08:15:00Z,0,36.8,0.00,100,14.2,0.00,Deactivated,21,22,15,1450,412
2026-08-25T08:15:08Z,0,36.8,0.00,100,14.2,0.00,Deactivated,21,22,15,1450,412
2026-08-25T08:15:18Z,0,36.8,0.00,100,14.2,0.00,Deactivated,21,22,15,1450,412
2026-08-25T08:15:26Z,0,36.8,0.00,100,14.2,0.00,Deactivated,21,22,15,1450,412
2026-08-25T08:15:36Z,0,36.7,0.00,100,14.2,0.00,Deactivated,21,23,15,1450,412
2026-08-25T08:15:44Z,0,36.7,0.00,100,14.2,0.00,Deactivated,22,23,15,1450,412
2026-08-25T08:15:54Z,0,36.7,0.00,100,14.2,0.00,Deactivated,22,23,15,1450,412
2026-08-25T08:16:04Z,0,36.7,0.00,100,14.2,0.00,Deactivated,22,23,15,1450,412
2026-08-25T08:16:14Z,0,36.7,0.00,100,14.2,0.00,Deactivated,22,23,15,1450,412
2026-08-25T08:16:24Z,0,36.6,0.00,100,14.2,0.00,Deactivated,22,23,15,1450,412
2026-08-25T08:16:32Z,0,36.6,0.00,100,14.2,0.00,Deactivated,22,23,15,1450,412
2026-08-25T08:16:40Z,0,36.6,0.00,100,14.2,0.00,Deactivated,22,23,15,1450,412
2026-08-25T08:16:50Z,0,36.6,0.00,100,14.2,0.00,Deactivated,22,23,15,1450,412
2026-08-25T08:16:58Z,0,36.6,0.00,100,14.2,0.00,Deactivated,22,24,15,1450,412
2026-08-25T08:17:08Z,0,36.6,0.00,100,14.2,0.00,Deactivated,23,24,15,1450,412
2026-08-25T08:17:18Z,0,36.6,0.00,100,14.2,0.00,Deactivated,23,24,15,1450,412
2026-08-25T08:17:28Z,0,36.6,0.00,100,14.2,0.00,Deactivated,23,24,15,1450,412
2026-08-25T08:17:36Z,0,36.6,0.00,100,14.2,0.00,Deactivated,23,24,15,1450,412
2026-08-25T08:17:44Z,0,36.5,0.00,100,14.2,0.00,Deactivated,23,24,15,1450,412
2026-08-25T08:17:54Z,0,36.5,0.00,100,14.2,0.00,Deactivated,23,24,15,1450,412
2026-08-25T08:18:04Z,0,36.5,0.00,100,14.2,0.00,Deactivated,23,24,15,1450,412
2026-08-25T08:18:14Z,0,36.5,0.00,100,14.2,0.00,Deactivated,23,25,15,1450,412
2026-08-25T08:18:24Z,0,36.5,0.00,100,14.2,0.00,Deactivated,24,25,15,1450,412
2026-08-25T08:18:34Z,0,36.5,0.00,100,14.2,0.00,Deactivated,24,25,15,1450,412
2026-08-25T08:18:44Z,0,36.5,0.00,100,14.2,0.00,Deactivated,24,25,15,1450,412
2026-08-25T08:18:52Z,0,36.5,0.00,100,14.2,0.00,Deactivated,24,25,15,1450,412
2026-08-25T08:19:00Z,0,36.5,0.00,100,14.2,0.00,Deactivated,24,25,15,1450,412
2026-08-25T08:19:08Z,0,36.5,0.00,100,14.2,0.00,Deactivated,24,25,15,1450,412
2026-08-25T08:19:16Z,0,36.5,0.00,100,14.2,0.00,Deactivated,24,25,15,1450,412
2026-08-25T08:19:24Z,0,36.5,0.00,100,14.2,0.00,Deactivated,24,25,15,1450,412
2026-08-25T08:19:34Z,0,36.5,0.00,100,14.2,0.00,Deactivated,24,25,15,1450,412
2026-08-25T08:19:44Z,0,36.5,0.00,100,14.2,0.00,Deactivated,24,26,15,1450,412
2026-08-25T08:19:52Z,0,36.5,0.00,100,14.2,0.00,Deactivated,25,26,15,1450,412
2026-08-25T08:20:02Z,0,36.5,0.00,100,14.2,0.00,Deactivated,25,26,15,1450,412
2026-08-25T08:20:12Z,0,36.5,0.00,100,14.2,0.00,Deactivated,25,26,15,1450,412
2026-08-25T08:20:20Z,0,36.5,0.00,100,14.2,0.00,Deactivated,25,26,15,1450,412
2026-08-25T08:20:28Z,0,36.5,0.00,100,14.2,0.00,Deactivated,25,26,15,1450,412
2026-08-25T08:20:38Z,0,36.5,0.00,100,14.2,0.00,Deactivated,25,26,15,1450,412
2026-08-25T08:20:48Z,0,36.5,0.00,100,14.2,0.00,Deactivated,25,26,15,1450,412
2026-08-25T08:20:56Z,0,36.5,0.00,100,14.2,0.00,Deactivated,25,26,15,1450,412
2026-08-25T08:21:06Z,0,36.5,0.00,100,14.2,0.00,Deactivated,25,26,15,1450,412
2026-08-25T08:21:16Z,0,36.5,0.00,100,14.2,0.00,Deactivated,25,26,15,1450,412
2026-08-25T08:21:26Z,0,36.6,0.00,100,14.2,0.00,Deactivated,25,27,15,1450,412
2026-08-25T08:21:36Z,0,36.6,0.00,100,14.2,0.00,Deactivated,26,27,15,1450,412
2026-08-25T08:21:44Z,0,36.6,0.00,100,14.2,0.00,Deactivated,26,27,15,1450,412
2026-08-25T08:21:54Z,0,36.6,0.00,100,14.2,0.00,Deactivated,26,27,15,1450,412
2026-08-25T08:22:04Z,0,36.6,0.00,100,14.2,0.00,Deactivated,26,27,15,1450,412
2026-08-25T08:22:14Z,0,36.6,0.00,100,14.2,0.00,Deactivated,26,27,15,1450,412
2026-08-25T08:22:24Z,0,36.6,0.00,100,14.2,0.00,Deactivated,26,27,15,1450,412
2026-08-25T08:22:32Z,0,36.6,0.00,100,14.2,0.00,Deactivated,26,27,15,1450,412
2026-08-25T08:22:42Z,0,36.7,0.00,100,14.2,0.00,Deactivated,26,27,15,1450,412
2026-08-25T08:22:50Z,0,36.7,0.00,100,14.2,0.00,Deactivated,26,27,15,1450,412
2026-08-25T08:23:01Z,0,36.7,0.00,100,14.2,0.00,Deactivated,26,27,15,1450,412
2026-08-25T08:23:10Z,0,36.7,0.00,100,14.2,0.00,Deactivated,26,27,15,1450,412
2026-08-25T08:23:18Z,0,36.7,0.00,100,14.2,0.00,Deactivated,26,27,15,1450,412
2026-08-25T08:23:26Z,0,36.7,0.00,100,14.2,0.00,Deactivated,26,27,15,1450,412
2026-08-25T08:23:36Z,0,36.8,0.00,100,14.2,0.00,Deactivated,26,27,15,1450,412
2026-08-25T08:23:44Z,0,36.8,0.00,100,14.2,0.00,Deactivated,26,28,15,1450,412
2026-08-25T08:23:52Z,0,36.8,0.00,100,14.2,0.00,Deactivated,26,28,15,1450,412
2026-08-25T08:24:00Z,0,36.8,0.00,100,14.2,0.00,Deactivated,26,28,15,1450,412
2026-08-25T08:24:08Z,0,36.8,0.00,100,14.2,0.00,Deactivated,27,28,15,1450,412
2026-08-25T08:24:18Z,0,36.9,0.00,100,14.2,0.00,Deactivated,27,28,15,1450,412
2026-08-25T08:24:28Z,0,36.9,0.00,100,14.2,0.00,Deactivated,27,28,15,1450,412
2026-08-25T08:24:36Z,0,36.9,0.00,100,14.2,0.00,Deactivated,27,28,15,1450,412
2026-08-25T08:24:46Z,0,36.9,0.00,100,14.2,0.00,Deactivated,27,28,15,1450,412
2026-08-25T08:24:54Z,0,36.9,0.00,100,14.2,0.00,Deactivated,27,28,15,1450,412
2026-08-25T08:25:04Z,0,37.0,0.00,100,14.2,0.00,Deactivated,27,28,15,1450,412
2026-08-25T08:25:14Z,0,37.0,0.00,100,14.2,0.00,Deactivated,27,28,15,1450,412
2026-08-25T08:25:24Z,0,37.0,0.00,100,14.2,0.00,Deactivated,27,28,15,1450,412
2026-08-25T08:25:34Z,0,37.1,0.00,100,14.2,0.00,Deactivated,27,28,15,1450,412
2026-08-25T08:25:44Z,0,37.1,0.00,100,14.2,0.00,Deactivated,27,28,15,1450,412
2026-08-25T08:25:52Z,0,37.1,0.00,100,14.2,0.00,Deactivated,27,28,15,1450,412
2026-08-25T08:26:00Z,0,37.1,0.00,100,14.2,0.00,Deactivated,27,28,15,1450,412
2026-08-25T08:26:10Z,0,37.2,0.00,100,14.2,0.00,Deactivated,27,28,15,1450,412
2026-08-25T08:26:20Z,0,37.2,0.00,100,14.2,0.00,Deactivated,27,28,15,1450,412
2026-08-25T08:26:28Z,0,37.2,0.00,100,14.2,0.00,Deactivated,27,28,15,1450,412
2026-08-25T08:26:38Z,0,37.3,0.00,100,14.2,0.00,Deactivated,27,28,15,1450,412
2026-08-25T08:26:48Z,0,37.3,0.00,100,14.2,0.00,Deactivated,27,28,15,1450,412
2026-08-25T08:26:56Z,0,37.3,0.00,100,14.2,0.00,Deactivated,27,28,15,1450,412
2026-08-25T08:27:06Z,0,37.4,0.00,100,14.2,0.00,Deactivated,27,28,15,1450,412
2026-08-25T08:27:14Z,0,37.4,0.00,100,14.2,0.00,Deactivated,27,28,15,1450,412
2026-08-25T08:27:24Z,0,37.4,0.00,100,14.2,0.00,Deactivated,27,28,15,1450,412
2026-08-25T08:27:34Z,0,37.5,0.00,100,14.2,0.00,Deactivated,27,28,15,1450,412
2026-08-25T08:27:44Z,0,37.5,0.00,100,14.2,0.00,Deactivated,27,28,15,1450,412
2026-08-25T08:27:52Z,0,37.5,0.00,100,14.2,0.00,Deactivated,27,28,15,1450,412
2026-08-25T08:28:00Z,0,37.6,0.00,100,14.2,0.00,Deactivated,27,28,15,1450,412
2026-08-25T08:28:10Z,0,37.6,0.00,100,14.2,0.00,Deactivated,27,28,15,1450,412
2026-08-25T08:28:20Z,0,37.6,0.00,100,14.2,0.00,Deactivated,27,28,15,1450,412
2026-08-25T08:28:28Z,0,37.7,0.00,100,14.2,0.00,Deactivated,27,28,15,1450,412
2026-08-25T08:28:36Z,0,37.7,0.00,100,14.2,0.00,Deactivated,27,28,15,1450,412
2026-08-25T08:28:44Z,0,37.7,0.00,100,14.2,0.00,Deactivated,27,28,15,1450,412
2026-08-25T08:28:54Z,0,37.8,0.00,100,14.2,0.00,Deactivated,27,28,15,1450,412
2026-08-25T08:29:04Z,0,37.8,0.00,100,14.2,0.00,Deactivated,27,28,15,1450,412
2026-08-25T08:29:12Z,0,37.8,0.00,100,14.2,0.00,Deactivated,27,28,15,1450,412
2026-08-25T08:29:22Z,0,37.9,0.00,100,14.2,0.00,Deactivated,27,28,15,1450,412
2026-08-25T08:29:30Z,0,37.9,0.00,100,14.2,0.00,Deactivated,27,28,15,1450,412
2026-08-25T08:29:40Z,0,38.0,0.00,100,14.2,0.00,Deactivated,27,28,15,1450,412
2026-08-25T08:29:48Z,0,38.0,0.00,100,14.2,0.00,Deactivated,27,28,15,1450,412
2026-08-25T08:29:58Z,0,38.0,0.00,100,14.2,0.00,Deactivated,27,28,15,1450,412
2026-08-25T08:30:08Z,0,38.1,0.00,100,14.2,0.00,Deactivated,26,28,15,1450,412
2026-08-25T08:30:16Z,0,38.1,0.00,100,14.2,0.00,Deactivated,26,28,15,1450,412
2026-08-25T08:30:26Z,0,38.2,0.00,100,14.2,0.00,Deactivated,26,27,15,1450,412
2026-08-25T08:30:34Z,0,38.2,0.00,100,14.2,0.00,Deactivated,26,27,15,1450,412
2026-08-25T08:30:44Z,0,38.2,0.00,100,14.2,0.00,Deactivated,26,27,15,1450,412
2026-08-25T08:30:54Z,0,38.3,0.00,100,14.2,0.00,Deactivated,26,27,15,1450,412
2026-08-25T08:31:04Z,0,38.3,0.00,100,14.2,0.00,Deactivated,26,27,20,1450,412
2026-08-25T08:31:12Z,0,38.4,0.00,100,14.2,0.00,Deactivated,26,27,20,1450,412
2026-08-25T08:31:22Z,0,38.4,0.00,100,14.2,0.00,Deactivated,26,27,20,1450,412
2026-08-25T08:31:30Z,0,38.4,0.00,100,14.2,0.00,Deactivated,26,27,20,1450,412
2026-08-25T08:31:40Z,0,38.5,0.00,100,14.2,0.00,Deactivated,26,27,20,1450,412
2026-08-25T08:31:50Z,0,38.5,0.00,100,14.2,0.00,Deactivated,26,27,20,1450,412
2026-08-25T08:31:58Z,0,38.6,0.00,100,14.2,0.00,Deactivated,26,27,20,1450,412
2026-08-25T08:32:08Z,0,38.6,0.00,100,14.2,0.00,Deactivated,26,27,20,1450,412
2026-08-25T08:32:18Z,0,38.7,0.00,100,14.2,0.00,Deactivated,26,27,20,1450,412
2026-08-25T08:32:26Z,0,38.7,0.00,100,14.2,0.00,Deactivated,25,27,20,1450,412
2026-08-25T08:32:36Z,0,38.7,0.00,100,14.2,0.00,Deactivated,25,27,20,1450,412
2026-08-25T08:32:44Z,0,38.8,0.00,100,14.2,0.00,Deactivated,25,26,20,1450,412
2026-08-25T08:32:54Z,0,38.8,0.00,100,14.2,0.00,Deactivated,25,26,20,1450,412
2026-08-25T08:33:04Z,0,38.9,0.00,100,14.2,0.00,Deactivated,25,26,20,1450,412
2026-08-25T08:33:14Z,0,38.9,0.00,100,14.2,0.00,Deactivated,25,26,25,1450,412
2026-08-25T08:33:24Z,0,39.0,0.00,100,14.2,0.00,Deactivated,25,26,32,1450,412
2026-08-25T08:33:34Z,0,0.2,0.00,100,13.3,0.00,Deactivated,24,26,65,1450,412
2026-08-25T08:33:44Z,0,0.2,0.00,100,13.3,0.00,Deactivated,24,26,65,1450,412
2026-08-25T08:33:54Z,0,0.2,0.00,100,13.3,0.00,Deactivated,24,26,65,1450,412
2026-08-25T08:34:04Z,0,0.2,0.00,100,13.3,0.00,Deactivated,24,26,65,1450,412
2026-08-25T08:34:12Z,0,0.2,0.00,100,13.3,0.00,Deactivated,24,26,65,1450,412
2026-08-25T08:34:20Z,0,0.2,0.00,100,13.3,0.00,Deactivated,23,25,65,1450,412
2026-08-25T08:34:30Z,0,0.2,0.00,100,13.3,0.00,Deactivated,23,25,65,1450,412
2026-08-25T08:34:38Z,0,0.2,0.00,100,13.3,0.00,Deactivated,23,25,65,1450,412
2026-08-25T08:34:46Z,0,0.2,0.00,100,13.3,0.00,Deactivated,23,25,65,1450,412
2026-08-25T08:34:56Z,0,0.2,0.00,100,13.3,0.00,Deactivated,23,25,65,1450,412
2026-08-25T08:35:04Z,0,0.2,0.00,100,13.3,0.00,Deactivated,23,25,65,1450,412
2026-08-25T08:35:14Z,0,0.2,0.00,100,13.3,0.00,Deactivated,23,25,65,1450,412
2026-08-25T08:35:24Z,0,0.2,0.00,100,13.3,0.00,Deactivated,23,25,65,1450,412
2026-08-25T08:35:34Z,0,0.2,0.00,100,13.3,0.00,Deactivated,23,25,65,1450,412
2026-08-25T08:35:42Z,0,0.2,0.00,100,13.3,0.00,Deactivated,23,25,65,1450,412
2026-08-25T08:35:50Z,0,0.2,0.00,100,13.3,0.00,Deactivated,22,24,65,1450,412
2026-08-25T08:35:58Z,0,0.2,0.00,100,13.3,0.00,Deactivated,22,24,65,1450,412
2026-08-25T08:36:08Z,0,0.2,0.00,99,13.3,0.00,Deactivated,22,24,65,1450,412
2026-08-25T08:36:18Z,0,0.2,0.00,99,13.3,0.00,Deactivated,22,24,65,1450,412
2026-08-25T08:36:26Z,0,0.2,0.00,99,13.3,0.00,Deactivated,22,24,65,1450,412
2026-08-25T08:36:36Z,0,0.2,0.00,99,13.3,0.00,Deactivated,22,24,65,1450,412
2026-08-25T08:36:44Z,0,0.2,0.00,99,13.3,0.00,Deactivated,22,24,65,1450,412
2026-08-25T08:36:54Z,0,0.2,0.00,99,13.3,0.00,Deactivated,22,24,65,1450,412
2026-08-25T08:37:04Z,0,0.2,0.00,99,13.3,0.00,Deactivated,22,24,65,1450,412
2026-08-25T08:37:14Z,0,0.2,0.00,99,13.3,0.00,Deactivated,21,23,65,1450,412
2026-08-25T08:37:22Z,0,0.2,0.00,99,13.3,0.00,Deactivated,21,23,65,1450,412
2026-08-25T08:37:30Z,0,0.2,0.00,99,13.3,0.00,Deactivated,21,23,65,1450,412
2026-08-25T08:37:40Z,0,0.2,0.00,99,13.3,0.00,Deactivated,21,23,65,1450,412
2026-08-25T08:37:50Z,0,0.2,0.00,99,13.3,0.00,Deactivated,21,23,65,1450,412
2026-08-25T08:37:58Z,0,0.2,0.00,99,13.3,0.00,Deactivated,21,23,65,1450,412
2026-08-25T08:38:08Z,0,0.2,0.00,99,13.3,0.00,Deactivated,21,23,65,1450,412
2026-08-25T08:38:16Z,0,0.2,0.00,99,13.3,0.00,Deactivated,21,23,65,1450,412
2026-08-25T08:38:26Z,0,0.2,0.00,99,13.3,0.00,Deactivated,20,22,65,1450,412
2026-08-25T08:38:36Z,0,0.2,0.00,99,13.3,0.00,Deactivated,20,22,65,1450,412
2026-08-25T08:38:46Z,0,0.2,0.00,99,13.3,0.00,Deactivated,20,22,65,1450,412
2026-08-25T08:38:54Z,0,0.2,0.00,99,13.3,0.00,Deactivated,20,22,65,1450,412
2026-08-25T08:39:04Z,0,0.2,0.00,99,13.3,0.00,Deactivated,20,22,17,1450,412
2026-08-25T08:39:14Z,0,0.2,0.00,99,13.3,0.00,Deactivated,20,22,17,1450,412
2026-08-25T08:39:24Z,0,0.2,0.00,99,13.3,0.00,Deactivated,20,22,17,1450,412
2026-08-25T08:39:34Z,0,0.2,0.00,99,13.3,0.00,Deactivated,20,22,17,1450,412
2026-08-25T08:39:44Z,0,0.2,0.00,99,13.3,0.00,Deactivated,19,21,17,1450,412
2026-08-25T08:39:52Z,0,0.2,0.00,99,13.3,0.00,Deactivated,19,21,17,1450,412
2026-08-25T08:40:02Z,0,0.2,0.00,99,13.3,0.00,Deactivated,19,21,17,1450,412
2026-08-25T08:40:12Z,0,0.2,0.00,99,13.3,0.00,Deactivated,19,21,17,1450,412
2026-08-25T08:40:20Z,0,0.2,0.00,99,13.3,0.00,Deactivated,19,21,17,1450,412
2026-08-25T08:40:28Z,0,0.2,0.00,99,13.3,0.00,Deactivated,19,21,17,1450,412
2026-08-25T08:40:38Z,0,0.2,0.00,99,13.3,0.00,Deactivated,19,21,17,1450,412
2026-08-25T08:40:46Z,0,0.2,0.00,99,13.3,0.00,Deactivated,19,21,17,1450,412
2026-08-25T08:40:56Z,0,0.2,0.00,99,13.3,0.00,Deactivated,19,21,17,1450,412
2026-08-25T08:41:04Z,0,0.2,0.00,62,13.2,0.00,Deactivated,18,20,17,1450,412
2026-08-25T08:41:14Z,0,0.2,0.00,62,13.2,0.00,Deactivated,18,20,17,1450,412
2026-08-25T08:41:24Z,0,0.2,0.00,62,13.2,0.00,Deactivated,18,20,17,1450,412
2026-08-25T08:41:34Z,0,0.2,0.00,62,13.2,0.00,Deactivated,18,20,17,1450,412
2026-08-25T08:41:44Z,0,0.2,0.00,62,13.2,0.00,Deactivated,18,20,17,1450,412
2026-08-25T08:41:54Z,0,0.2,0.00,62,13.2,0.00,Deactivated,18,20,17,1450,412
2026-08-25T08:42:04Z,0,0.2,0.00,62,13.2,0.00,Deactivated,18,20,17,1450,412
2026-08-25T08:42:14Z,0,0.2,0.00,62,13.2,0.00,Deactivated,18,20,17,1450,412
2026-08-25T08:42:24Z,0,0.2,0.00,62,13.2,0.00,Deactivated,17,19,17,1450,412
2026-08-25T08:42:34Z,0,0.2,0.00,62,13.2,0.00,Deactivated,17,19,17,1450,412
2026-08-25T08:42:42Z,0,0.2,0.00,62,13.2,0.00,Deactivated,17,19,17,1450,412
2026-08-25T08:42:50Z,0,0.2,0.00,62,13.2,0.00,Deactivated,17,19,17,1450,412
2026-08-25T08:43:00Z,0,0.2,0.00,62,13.2,0.00,Deactivated,17,19,17,1450,412
2026-08-25T08:43:10Z,0,0.2,0.00,62,13.2,0.00,Deactivated,17,19,17,1450,412
2026-08-25T08:43:18Z,0,0.2,0.00,62,13.2,0.00,Deactivated,17,19,17,1450,412
2026-08-25T08:43:28Z,0,0.2,0.00,61,13.2,0.00,Deactivated,17,19,17,1450,412
2026-08-25T08:43:36Z,0,0.2,0.00,61,13.2,0.00,Deactivated,17,19,17,1450,412
2026-08-25T08:43:44Z,0,0.2,0.00,61,13.2,0.00,Deactivated,17,19,17,1450,412
2026-08-25T08:43:54Z,0,0.2,0.00,61,13.2,0.00,Deactivated,16,18,17,1450,412
2026-08-25T08:44:04Z,0,0.2,0.00,61,13.2,0.00,Deactivated,16,18,17,1450,412
2026-08-25T08:44:12Z,0,0.2,0.00,61,13.2,0.00,Deactivated,16,18,17,1450,412
2026-08-25T08:44:20Z,0,0.2,0.00,61,13.2,0.00,Deactivated,16,18,17,1450,412
2026-08-25T08:44:30Z,0,0.2,0.00,61,13.2,0.00,Deactivated,16,18,17,1450,412
2026-08-25T08:44:40Z,0,0.2,0.00,61,13.2,0.00,Deactivated,16,18,17,1450,412
2026-08-25T08:44:48Z,0,0.2,0.00,61,13.2,0.00,Deactivated,16,18,17,1450,412
2026-08-25T08:44:56Z,0,0.2,0.00,61,13.2,0.00,Deactivated,16,18,17,1450,412
2026-08-25T08:45:06Z,0,0.2,0.00,61,13.2,0.00,Deactivated,16,18,17,1450,412
2026-08-25T08:45:16Z,0,0.2,0.00,61,13.2,0.00,Deactivated,16,18,17,1450,412
2026-08-25T08:45:26Z,0,0.2,0.00,61,13.2,0.00,Deactivated,16,18,17,1450,412
2026-08-25T08:45:36Z,0,0.2,0.00,61,13.2,0.00,Deactivated,15,17,17,1450,412
2026-08-25T08:45:46Z,0,0.2,0.00,61,13.2,0.00,Deactivated,15,17,17,1450,412
2026-08-25T08:45:56Z,0,0.2,0.00,61,13.2,0.00,Deactivated,15,17,17,1450,412
2026-08-25T08:46:06Z,0,0.2,0.00,61,13.2,0.00,Deactivated,15,17,17,1450,412
2026-08-25T08:46:16Z,0,0.2,0.00,61,13.2,0.00,Deactivated,15,17,17,1450,412
2026-08-25T08:46:26Z,0,0.2,0.00,61,13.2,0.00,Deactivated,15,17,17,1450,412
2026-08-25T08:46:36Z,0,0.2,0.00,61,13.2,0.00,Deactivated,15,17,17,1450,412
2026-08-25T08:46:46Z,0,0.2,0.00,61,13.2,0.00,Deactivated,15,17,17,1450,412
2026-08-25T08:46:54Z,0,0.2,0.00,61,13.2,0.00,Deactivated,15,17,17,1450,412
2026-08-25T08:47:04Z,0,0.2,0.00,61,13.2,0.00,Deactivated,15,17,17,1450,412
2026-08-25T08:47:14Z,0,0.2,0.00,61,13.2,0.00,Deactivated,15,17,17,1450,412
2026-08-25T08:47:24Z,0,0.2,0.00,61,13.2,0.00,Deactivated,15,17,17,1450,412
2026-08-25T08:47:34Z,0,0.2,0.00,61,13.2,0.00,Deactivated,15,17,17,1450,412
2026-08-25T08:47:44Z,0,0.2,0.00,61,13.2,0.00,Deactivated,15,17,17,1450,412
2026-08-25T08:47:54Z,0,0.2,0.00,61,13.2,0.00,Deactivated,15,17,17,1450,412
2026-08-25T08:48:04Z,0,0.2,0.00,61,13.2,0.00,Deactivated,14,16,17,1450,412
2026-08-25T08:48:14Z,0,0.2,0.00,61,13.2,0.00,Deactivated,14,16,17,1450,412
2026-08-25T08:48:22Z,0,0.2,0.00,61,13.2,0.00,Deactivated,14,16,17,1450,412
2026-08-25T08:48:32Z,0,0.2,0.00,60,13.2,0.00,Deactivated,14,16,17,1450,412
2026-08-25T08:48:42Z,0,0.2,0.00,60,13.2,0.00,Deactivated,14,16,17,1450,412
2026-08-25T08:48:52Z,0,0.2,0.00,60,13.2,0.00,Deactivated,14,16,17,1450,412
2026-08-25T08:49:00Z,0,0.2,0.00,60,13.2,0.00,Deactivated,14,16,17,1450,412
2026-08-25T08:49:08Z,0,0.2,0.00,60,13.2,0.00,Deactivated,14,16,17,1450,412
2026-08-25T08:49:18Z,0,0.2,0.00,60,13.2,0.00,Deactivated,14,16,17,1450,412
2026-08-25T08:49:26Z,0,0.2,0.00,60,13.2,0.00,Deactivated,14,16,17,1450,412
2026-08-25T08:49:36Z,0,0.2,0.00,60,13.2,0.00,Deactivated,14,16,17,1450,412
2026-08-25T08:49:44Z,0,0.2,0.00,60,13.2,0.00,Deactivated,14,16,17,1450,412
2026-08-25T08:49:54Z,0,0.2,0.00,60,13.2,0.00,Deactivated,14,16,17,1450,412
2026-08-25T08:50:04Z,0,0.2,0.00,60,13.2,0.00,Deactivated,14,16,17,1450,412
2026-08-25T08:50:12Z,0,0.2,0.00,60,13.2,0.00,Deactivated,14,16,17,1450,412
2026-08-25T08:50:20Z,0,0.2,0.00,60,13.2,0.00,Deactivated,14,16,17,1450,412
2026-08-25T08:50:30Z,0,0.2,0.00,60,13.2,0.00,Deactivated,14,16,17,1450,412
2026-08-25T08:50:38Z,0,0.2,0.00,60,13.2,0.00,Deactivated,14,16,17,1450,412
2026-08-25T08:50:48Z,0,0.2,0.00,60,13.2,0.00,Deactivated,14,16,17,1450,412
2026-08-25T08:50:56Z,0,0.2,0.00,60,13.2,0.00,Deactivated,14,16,17,1450,412
2026-08-25T08:51:06Z,0,0.2,0.00,60,13.2,0.00,Deactivated,14,16,17,1450,412
2026-08-25T08:51:16Z,0,0.2,0.00,60,13.2,0.00,Deactivated,14,16,17,1450,412
2026-08-25T08:51:24Z,0,0.2,0.00,60,13.2,0.00,Deactivated,14,16,17,1450,412
2026-08-25T08:51:34Z,0,0.2,0.00,60,13.2,0.00,Deactivated,14,16,17,1450,412
2026-08-25T08:51:44Z,0,0.2,0.00,60,13.2,0.00,Deactivated,14,16,17,1450,412
2026-08-25T08:51:54Z,0,0.2,0.00,60,13.2,0.00,Deactivated,14,16,17,1450,412
2026-08-25T08:52:04Z,0,0.2,0.00,60,13.2,0.00,Deactivated,14,16,17,1450,412
2026-08-25T08:52:14Z,0,0.2,0.00,60,13.2,0.00,Deactivated,14,16,17,1450,412
2026-08-25T08:52:22Z,0,0.2,0.00,60,13.2,0.00,Deactivated,14,16,17,1450,412
2026-08-25T08:52:32Z,0,0.2,0.00,60,13.2,0.00,Deactivated,14,16,17,1450,412
2026-08-25T08:52:40Z,0,0.2,0.00,60,13.2,0.00,Deactivated,14,16,17,1450,412
2026-08-25T08:52:50Z,0,0.2,0.00,60,13.2,0.00,Deactivated,14,16,17,1450,412
2026-08-25T08:52:58Z,0,0.2,0.00,60,13.2,0.00,Deactivated,14,16,17,1450,412
2026-08-25T08:53:06Z,0,0.2,0.00,60,13.2,0.00,Deactivated,14,16,17,1450,412
2026-08-25T08:53:16Z,0,0.2,0.00,60,13.2,0.00,Deactivated,14,16,17,1450,412
2026-08-25T08:53:26Z,0,0.2,0.00,60,13.2,0.00,Deactivated,14,16,17,1450,412
2026-08-25T08:53:34Z,0,39.0,0.00,60,13.8,0.00,Deactivated,15,16,15,1450,412
2026-08-25T08:53:42Z,0,38.9,0.00,60,13.8,0.00,Deactivated,15,16,15,1450,412
2026-08-25T08:53:50Z,0,38.9,0.00,60,13.8,0.00,Deactivated,15,16,15,1450,412
2026-08-25T08:54:00Z,0,38.9,0.00,60,13.8,0.00,Deactivated,15,17,15,1450,412
2026-08-25T08:54:10Z,0,38.8,0.00,61,13.8,0.00,Deactivated,16,17,15,1450,412
2026-08-25T08:54:18Z,0,38.8,0.00,61,13.8,0.00,Deactivated,16,17,15,1450,412
2026-08-25T08:54:28Z,0,38.7,0.00,61,13.8,0.00,Deactivated,16,17,15,1450,412
2026-08-25T08:54:38Z,0,38.7,0.00,62,13.8,0.00,Deactivated,16,17,15,1450,412
2026-08-25T08:54:48Z,0,38.6,0.00,63,13.8,0.00,Deactivated,16,17,15,1450,412
2026-08-25T08:54:58Z,0,38.6,0.00,63,13.8,0.00,Deactivated,17,17,15,1450,412
2026-08-25T08:55:06Z,0,38.6,0.00,64,13.8,0.00,Deactivated,17,17,15,1450,412
2026-08-25T08:55:14Z,0,38.5,0.00,64,13.8,0.00,Deactivated,17,17,15,1450,412
2026-08-25T08:55:24Z,0,38.5,0.00,65,13.8,0.00,Deactivated,17,17,15,1450,412
2026-08-25T08:55:34Z,0,38.4,0.00,66,13.8,0.00,Deactivated,17,17,15,1450,412
2026-08-25T08:55:44Z,0,38.4,0.00,66,13.8,0.00,Deactivated,18,17,15,1450,412
2026-08-25T08:55:54Z,0,38.3,0.00,67,13.8,0.00,Deactivated,18,17,15,1450,412
2026-08-25T08:56:04Z,0,38.3,0.00,68,13.8,0.00,Deactivated,18,17,15,1450,412
2026-08-25T08:56:12Z,0,38.3,0.00,69,13.8,0.00,Deactivated,18,17,15,1450,412
2026-08-25T08:56:22Z,0,38.2,0.00,70,13.8,0.00,Deactivated,18,17,15,1450,412
2026-08-25T08:56:32Z,0,38.2,0.00,71,13.9,0.00,Deactivated,19,18,15,1450,412
2026-08-25T08:56:40Z,0,38.1,0.00,72,13.9,0.00,Deactivated,19,18,15,1450,412
2026-08-25T08:56:50Z,0,38.1,0.00,73,13.9,0.00,Deactivated,19,18,15,1450,412
2026-08-25T08:56:58Z,0,38.1,0.00,74,13.9,0.00,Deactivated,19,18,15,1450,412
2026-08-25T08:57:08Z,0,38.0,0.00,75,13.9,0.00,Deactivated,19,18,15,1450,412
2026-08-25T08:57:16Z,0,38.0,0.00,76,13.9,0.00,Deactivated,20,18,15,1450,412
2026-08-25T08:57:24Z,0,37.9,0.00,77,13.9,0.00,Deactivated,20,18,15,1450,412
2026-08-25T08:57:34Z,0,37.9,0.00,79,13.9,0.00,Deactivated,20,18,15,1450,412
2026-08-25T08:57:44Z,0,37.9,0.00,80,13.9,0.00,Deactivated,20,18,15,1450,412
2026-08-25T08:57:54Z,0,37.8,0.00,81,13.9,0.00,Deactivated,20,18,15,1450,412
2026-08-25T08:58:04Z,0,37.8,0.00,83,14.0,0.00,Deactivated,21,18,15,1450,412
2026-08-25T08:58:12Z,0,37.7,0.00,84,14.0,0.00,Deactivated,21,19,15,1450,412
2026-08-25T08:58:22Z,0,37.7,0.00,86,14.0,0.00,Deactivated,21,19,15,1450,412
2026-08-25T08:58:32Z,0,37.7,0.00,87,14.0,0.00,Deactivated,21,19,15,1450,412
2026-08-25T08:58:40Z,0,37.6,0.00,88,14.0,0.00,Deactivated,21,19,15,1450,412
2026-08-25T08:58:50Z,0,37.6,0.00,90,14.0,0.00,Deactivated,22,19,15,1450,412
2026-08-25T08:59:00Z,0,37.6,0.00,92,14.0,0.00,Deactivated,22,19,15,1450,412
2026-08-25T08:59:10Z,0,37.5,0.00,93,14.0,0.00,Deactivated,22,19,15,1450,412
2026-08-25T08:59:18Z,0,37.5,0.00,95,14.1,0.00,Deactivated,22,19,15,1450,412
2026-08-25T08:59:28Z,0,37.4,0.00,97,14.1,0.00,Deactivated,23,19,15,1450,412
2026-08-25T08:59:38Z,0,37.4,0.00,100,14.2,0.00,Deactivated,18,19,15,1450,412
2026-08-25T08:59:48Z,0,37.4,0.00,100,14.2,0.00,Deactivated,19,20,15,1450,412
2026-08-25T08:59:56Z,0,37.3,0.00,100,14.2,0.00,Deactivated,19,20,15,1450,412
2026-08-25T09:00:04Z,0,37.3,0.00,100,14.2,0.00,Deactivated,19,20,15,1450,412
2026-08-25T09:00:14Z,0,37.3,0.00,100,14.2,0.00,Deactivated,19,20,15,1450,412
2026-08-25T09:00:24Z,0,37.3,0.00,100,14.2,0.00,Deactivated,19,20,15,1450,412
2026-08-25T09:00:34Z,0,37.2,0.00,100,14.2,0.00,Deactivated,19,20,15,1450,412
2026-08-25T09:00:42Z,0,37.2,0.00,100,14.2,0.00,Deactivated,19,20,15,1450,412
2026-08-25T09:00:50Z,0,37.2,0.00,100,14.2,0.00,Deactivated,19,20,15,1450,412
2026-08-25T09:00:58Z,0,37.1,0.00,100,14.2,0.00,Deactivated,19,20,15,1450,412
2026-08-25T09:01:08Z,0,37.1,0.00,100,14.2,0.00,Deactivated,19,21,15,1450,412
2026-08-25T09:01:18Z,0,37.1,0.00,100,14.2,0.00,Deactivated,20,21,15,1450,412
2026-08-25T09:01:28Z,0,37.1,0.00,100,14.2,0.00,Deactivated,20,21,15,1450,412
2026-08-25T09:01:36Z,0,37.0,0.00,100,14.2,0.00,Deactivated,20,21,15,1450,412
2026-08-25T09:01:46Z,0,37.0,0.00,100,14.2,0.00,Deactivated,20,21,15,1450,412
2026-08-25T09:01:56Z,0,37.0,0.00,100,14.2,0.00,Deactivated,20,21,15,1450,412
2026-08-25T09:02:06Z,0,36.9,0.00,100,14.2,0.00,Deactivated,20,21,15,1450,412
2026-08-25T09:02:14Z,0,36.9,0.00,100,14.2,0.00,Deactivated,20,21,15,1450,412
2026-08-25T09:02:24Z,0,36.9,0.00,100,14.2,0.00,Deactivated,20,22,15,1450,412
2026-08-25T09:02:34Z,0,36.9,0.00,100,14.2,0.00,Deactivated,21,22,15,1450,412
2026-08-25T09:02:44Z,0,36.8,0.00,100,14.2,0.00,Deactivated,21,22,15,1450,412
2026-08-25T09:02:54Z,0,36.8,0.00,100,14.2,0.00,Deactivated,21,22,15,1450,412
2026-08-25T09:03:04Z,0,36.8,0.00,100,14.2,0.00,Deactivated,21,22,15,1450,412
2026-08-25T09:03:14Z,0,36.8,0.00,100,14.2,0.00,Deactivated,21,22,15,1450,412
2026-08-25T09:03:24Z,0,36.8,0.00,100,14.2,0.00,Deactivated,21,22,15,1450,412
2026-08-25T09:03:34Z,0,36.7,0.00,100,14.2,0.00,Deactivated,21,22,15,1450,412
2026-08-25T09:03:44Z,0,36.7,0.00,100,14.2,0.00,Deactivated,22,23,15,1450,412
2026-08-25T09:03:54Z,0,36.7,0.00,100,14.2,0.00,Deactivated,22,23,15,1450,412
2026-08-25T09:04:04Z,0,36.7,0.00,100,14.2,0.00,Deactivated,22,23,15,1450,412
2026-08-25T09:04:14Z,0,36.7,0.00,100,14.2,0.00,Deactivated,22,23,15,1450,412
2026-08-25T09:04:24Z,0,36.6,0.00,100,14.2,0.00,Deactivated,22,23,15,1450,412
2026-08-25T09:04:32Z,0,36.6,0.00,100,14.2,0.00,Deactivated,22,23,15,1450,412
2026-08-25T09:04:40Z,0,36.6,0.00,100,14.2,0.00,Deactivated,22,23,15,1450,412
2026-08-25T09:04:50Z,0,36.6,0.00,100,14.2,0.00,Deactivated,22,23,15,1450,412
2026-08-25T09:04:58Z,0,36.6,0.00,100,14.2,0.00,Deactivated,22,24,15,1450,412
2026-08-25T09:05:06Z,0,36.6,0.00,100,14.2,0.00,Deactivated,23,24,15,1450,412
2026-08-25T09:05:14Z,0,36.6,0.00,100,14.2,0.00,Deactivated,23,24,15,1450,412
2026-08-25T09:05:24Z,0,36.6,0.00,100,14.2,0.00,Deactivated,23,24,15,1450,412
2026-08-25T09:05:34Z,0,36.6,0.00,100,14.2,0.00,Deactivated,23,24,15,1450,412
2026-08-25T09:05:44Z,0,36.5,0.00,100,14.2,0.00,Deactivated,23,24,15,1450,412
2026-08-25T09:05:54Z,0,36.5,0.00,100,14.2,0.00,Deactivated,23,24,15,1450,412
2026-08-25T09:06:04Z,0,36.5,0.00,100,14.2,0.00,Deactivated,23,24,15,1450,412
2026-08-25T09:06:12Z,0,36.5,0.00,100,14.2,0.00,Deactivated,23,24,15,1450,412
2026-08-25T09:06:20Z,0,36.5,0.00,100,14.2,0.00,Deactivated,23,25,15,1450,412
2026-08-25T09:06:28Z,0,36.5,0.00,100,14.2,0.00,Deactivated,24,25,15,1450,412
2026-08-25T09:06:38Z,0,36.5,0.00,100,14.2,0.00,Deactivated,24,25,15,1450,412
2026-08-25T09:06:48Z,0,36.5,0.00,100,14.2,0.00,Deactivated,24,25,15,1450,412
2026-08-25T09:06:56Z,0,36.5,0.00,100,14.2,0.00,Deactivated,24,25,15,1450,412
2026-08-25T09:07:04Z,0,36.5,0.00,100,14.2,0.00,Deactivated,24,25,15,1450,412
2026-08-25T09:07:14Z,0,36.5,0.00,100,14.2,0.00,Deactivated,24,25,15,1450,412
2026-08-25T09:07:24Z,0,36.5,0.00,100,14.2,0.00,Deactivated,24,25,15,1450,412
2026-08-25T09:07:34Z,0,36.5,0.00,100,14.2,0.00,Deactivated,24,25,15,1450,412
2026-08-25T09:07:42Z,0,36.5,0.00,100,14.2,0.00,Deactivated,24,26,15,1450,412
2026-08-25T09:07:50Z,0,36.5,0.00,100,14.2,0.00,Deactivated,24,26,15,1450,412
2026-08-25T09:07:58Z,0,36.5,0.00,100,14.2,0.00,Deactivated,25,26,15,1450,412
2026-08-25T09:08:08Z,0,36.5,0.00,100,14.2,0.00,Deactivated,25,26,15,1450,412
2026-08-25T09:08:16Z,0,36.5,0.00,100,14.2,0.00,Deactivated,25,26,15,1450,412
2026-08-25T09:08:26Z,0,36.5,0.00,100,14.2,0.00,Deactivated,25,26,15,1450,412
2026-08-25T09:08:36Z,0,36.5,0.00,100,14.2,0.00,Deactivated,25,26,15,1450,412
2026-08-25T09:08:44Z,0,36.5,0.00,100,14.2,0.00,Deactivated,25,26,15,1450,412
2026-08-25T09:08:54Z,0,36.5,0.00,100,14.2,0.00,Deactivated,25,26,15,1450,412
2026-08-25T09:09:04Z,0,36.5,0.00,100,14.2,0.00,Deactivated,25,26,15,1450,412
2026-08-25T09:09:14Z,0,36.5,0.00,100,14.2,0.00,Deactivated,25,26,15,1450,412
2026-08-25T09:09:24Z,0,36.6,0.00,100,14.2,0.00,Deactivated,25,27,15,1450,412
2026-08-25T09:09:34Z,0,36.6,0.00,100,14.2,0.00,Deactivated,25,27,15,1450,412
2026-08-25T09:09:44Z,0,36.6,0.00,100,14.2,0.00,Deactivated,26,27,15,1450,412
2026-08-25T09:09:52Z,0,36.6,0.00,100,14.2,0.00,Deactivated,26,27,15,1450,412
2026-08-25T09:10:00Z,0,36.6,0.00,100,14.2,0.00,Deactivated,26,27,15,1450,412
2026-08-25T09:10:08Z,0,36.6,0.00,100,14.2,0.00,Deactivated,26,27,15,1450,412
2026-08-25T09:10:18Z,0,36.6,0.00,100,14.2,0.00,Deactivated,26,27,15,1450,412
2026-08-25T09:10:26Z,0,36.6,0.00,100,14.2,0.00,Deactivated,26,27,15,1450,412
2026-08-25T09:10:36Z,0,36.6,0.00,100,14.2,0.00,Deactivated,26,27,15,1450,412
2026-08-25T09:10:46Z,0,36.7,0.00,100,14.2,0.00,Deactivated,26,27,15,1450,412
2026-08-25T09:10:56Z,0,36.7,0.00,100,14.2,0.00,Deactivated,26,27,15,1450,412
2026-08-25T09:11:04Z,0,36.7,0.00,100,14.2,0.00,Deactivated,26,27,15,1450,412
2026-08-25T09:11:14Z,0,36.7,0.00,100,14.2,0.00,Deactivated,26,27,15,1450,412
2026-08-25T09:11:24Z,0,36.7,0.00,100,14.2,0.00,Deactivated,26,27,15,1450,412
2026-08-25T09:11:34Z,0,36.8,0.00,100,14.2,0.00,Deactivated,26,27,15,1450,412
2026-08-25T09:11:44Z,0,36.8,0.00,100,14.2,0.00,Deactivated,26,28,15,1450,412
2026-08-25T09:11:54Z,0,36.8,0.00,100,14.2,0.00,Deactivated,26,28,15,1450,412
2026-08-25T09:12:02Z,0,36.8,0.00,100,14.2,0.00,Deactivated,27,28,15,1450,412
2026-08-25T09:12:10Z,0,36.8,0.00,100,14.2,0.00,Deactivated,27,28,15,1450,412
2026-08-25T09:12:18Z,0,36.9,0.00,100,14.2,0.00,Deactivated,27,28,15,1450,412
2026-08-25T09:12:28Z,0,36.9,0.00,100,14.2,0.00,Deactivated,27,28,15,1450,412
2026-08-25T09:12:36Z,0,36.9,0.00,100,14.2,0.00,Deactivated,27,28,15,1450,412
2026-08-25T09:12:46Z,0,36.9,0.00,100,14.2,0.00,Deactivated,27,28,15,1450,412
2026-08-25T09:12:56Z,0,37.0,0.00,100,14.2,0.00,Deactivated,27,28,15,1450,412
2026-08-25T09:13:06Z,0,37.0,0.00,100,14.2,0.00,Deactivated,27,28,15,1450,412
2026-08-25T09:13:16Z,0,37.0,0.00,100,14.2,0.00,Deactivated,27,28,15,1450,412
2026-08-25T09:13:24Z,0,37.0,0.00,100,14.2,0.00,Deactivated,27,28,15,1450,412
2026-08-25T09:13:34Z,0,37.1,0.00,100,14.2,0.00,Deactivated,27,28,15,1450,412
2026-08-25T09:13:44Z,0,37.1,0.00,100,14.2,0.00,Deactivated,27,28,15,1450,412
2026-08-25T09:13:54Z,0,37.1,0.00,100,14.2,0.00,Deactivated,27,28,15,1450,412
2026-08-25T09:14:04Z,0,37.1,0.00,100,14.2,0.00,Deactivated,27,28,15,1450,412
2026-08-25T09:14:14Z,0,37.2,0.00,100,14.2,0.00,Deactivated,27,28,15,1450,412
2026-08-25T09:14:24Z,0,37.2,0.00,100,14.2,0.00,Deactivated,27,28,15,1450,412
2026-08-25T09:14:34Z,0,37.2,0.00,100,14.2,0.00,Deactivated,27,28,15,1450,412
2026-08-25T09:14:44Z,0,37.3,0.00,100,14.2,0.00,Deactivated,27,28,15,1450,412
2026-08-25T09:14:52Z,0,37.3,0.00,100,14.2,0.00,Deactivated,27,28,15,1450,412
2026-08-25T09:15:02Z,0,37.3,0.00,100,14.2,0.00,Deactivated,27,28,15,1450,412
2026-08-25T09:15:10Z,0,37.4,0.00,100,14.2,0.00,Deactivated,27,28,15,1450,412
2026-08-25T09:15:20Z,0,37.4,0.00,100,14.2,0.00,Deactivated,27,28,15,1450,412
2026-08-25T09:15:28Z,0,37.4,0.00,100,14.2,0.00,Deactivated,27,28,15,1450,412
2026-08-25T09:15:36Z,0,37.5,0.00,100,14.2,0.00,Deactivated,27,28,15,1450,412
2026-08-25T09:15:46Z,0,37.5,0.00,100,14.2,0.00,Deactivated,27,28,15,1450,412
2026-08-25T09:15:56Z,0,37.5,0.00,100,14.2,0.00,Deactivated,27,28,15,1450,412
2026-08-25T09:16:06Z,0,37.6,0.00,100,14.2,0.00,Deactivated,27,28,15,1450,412
2026-08-25T09:16:14Z,0,37.6,0.00,100,14.2,0.00,Deactivated,27,28,15,1450,412
2026-08-25T09:16:24Z,0,37.6,0.00,100,14.2,0.00,Deactivated,27,28,15,1450,412
2026-08-25T09:16:34Z,0,37.7,0.00,100,14.2,0.00,Deactivated,27,28,15,1450,412
2026-08-25T09:16:42Z,0,37.7,0.00,100,14.2,0.00,Deactivated,27,28,15,1450,412
2026-08-25T09:16:50Z,0,37.8,0.00,100,14.2,0.00,Deactivated,27,28,15,1450,412
2026-08-25T09:16:58Z,0,37.8,0.00,100,14.2,0.00,Deactivated,27,28,15,1450,412
2026-08-25T09:17:08Z,0,37.8,0.00,100,14.2,0.00,Deactivated,27,28,15,1450,412
2026-08-25T09:17:18Z,0,37.9,0.00,100,14.2,0.00,Deactivated,27,28,15,1450,412
2026-08-25T09:17:26Z,0,37.9,0.00,100,14.2,0.00,Deactivated,27,28,15,1450,412
2026-08-25T09:17:36Z,0,37.9,0.00,100,14.2,0.00,Deactivated,27,28,15,1450,412
2026-08-25T09:17:46Z,0,38.0,0.00,100,14.2,0.00,Deactivated,27,28,15,1450,412
2026-08-25T09:17:56Z,0,38.0,0.00,100,14.2,0.00,Deactivated,27,28,15,1450,412
2026-08-25T09:18:04Z,0,38.1,0.00,100,14.2,0.00,Deactivated,26,28,15,1450,412
2026-08-25T09:18:14Z,0,38.1,0.00,100,14.2,0.00,Deactivated,26,28,15,1450,412
2026-08-25T09:18:24Z,0,38.1,0.00,100,14.2,0.00,Deactivated,26,27,15,1450,412
2026-08-25T09:18:34Z,0,38.2,0.00,100,14.2,0.00,Deactivated,26,27,15,1450,412
2026-08-25T09:18:42Z,0,38.2,0.00,100,14.2,0.00,Deactivated,26,27,15,1450,412
2026-08-25T09:18:50Z,0,38.3,0.00,100,14.2,0.00,Deactivated,26,27,15,1450,412
2026-08-25T09:19:00Z,0,38.3,0.00,100,14.2,0.00,Deactivated,26,27,20,1450,412
2026-08-25T09:19:10Z,0,38.4,0.00,100,14.2,0.00,Deactivated,26,27,20,1450,412
2026-08-25T09:19:18Z,0,38.4,0.00,100,14.2,0.00,Deactivated,26,27,20,1450,412
2026-08-25T09:19:26Z,0,38.4,0.00,100,14.2,0.00,Deactivated,26,27,20,1450,412
2026-08-25T09:19:36Z,0,38.5,0.00,100,14.2,0.00,Deactivated,26,27,20,1450,412
2026-08-25T09:19:46Z,0,38.5,0.00,100,14.2,0.00,Deactivated,26,27,20,1450,412
2026-08-25T09:19:56Z,0,38.6,0.00,100,14.2,0.00,Deactivated,26,27,20,1450,412
2026-08-25T09:20:04Z,0,38.6,0.00,100,14.2,0.00,Deactivated,26,27,20,1450,412
2026-08-25T09:20:14Z,0,38.6,0.00,100,14.2,0.00,Deactivated,26,27,20,1450,412
2026-08-25T09:20:22Z,0,38.7,0.00,100,14.2,0.00,Deactivated,26,27,20,1450,412
2026-08-25T09:20:30Z,0,38.7,0.00,100,14.2,0.00,Deactivated,25,27,20,1450,412
2026-08-25T09:20:40Z,0,38.8,0.00,100,14.2,0.00,Deactivated,25,26,20,1450,412
2026-08-25T09:20:50Z,0,38.8,0.00,100,14.2,0.00,Deactivated,25,26,20,1450,412
2026-08-25T09:21:00Z,0,38.9,0.00,100,14.2,0.00,Deactivated,25,26,20,1450,412
2026-08-25T09:21:10Z,0,38.9,0.00,100,14.2,0.00,Deactivated,25,26,23,1450,412
2026-08-25T09:21:20Z,0,39.0,0.00,100,14.2,0.00,Deactivated,25,26,30,1450,412
2026-08-25T09:21:30Z,0,0.2,0.00,100,13.3,0.00,Deactivated,24,26,65,1450,412
2026-08-25T09:21:40Z,0,0.2,0.00,100,13.3,0.00,Deactivated,24,26,65,1450,412
2026-08-25T09:21:48Z,0,0.2,0.00,100,13.3,0.00,Deactivated,24,26,65,1450,412
2026-08-25T09:21:58Z,0,0.2,0.00,100,13.3,0.00,Deactivated,24,26,65,1450,412
2026-08-25T09:22:08Z,0,0.2,0.00,100,13.3,0.00,Deactivated,24,26,65,1450,412
2026-08-25T09:22:16Z,0,0.2,0.00,100,13.3,0.00,Deactivated,24,26,65,1450,412
2026-08-25T09:22:24Z,0,0.2,0.00,100,13.3,0.00,Deactivated,23,25,65,1450,412
2026-08-25T09:22:34Z,0,0.2,0.00,100,13.3,0.00,Deactivated,23,25,65,1450,412
2026-08-25T09:22:44Z,0,0.2,0.00,100,13.3,0.00,Deactivated,23,25,65,1450,412
2026-08-25T09:22:54Z,0,0.2,0.00,100,13.3,0.00,Deactivated,23,25,65,1450,412
2026-08-25T09:23:04Z,0,0.2,0.00,100,13.3,0.00,Deactivated,23,25,65,1450,412
2026-08-25T09:23:14Z,0,0.2,0.00,100,13.3,0.00,Deactivated,23,25,65,1450,412
2026-08-25T09:23:24Z,0,0.2,0.00,100,13.3,0.00,Deactivated,23,25,65,1450,412
2026-08-25T09:23:34Z,0,0.2,0.00,100,13.3,0.00,Deactivated,23,25,65,1450,412
2026-08-25T09:23:44Z,0,0.2,0.00,100,13.3,0.00,Deactivated,23,25,65,1450,412
2026-08-25T09:23:54Z,0,0.2,0.00,100,13.3,0.00,Deactivated,22,24,65,1450,412
2026-08-25T09:24:04Z,0,0.2,0.00,99,13.3,0.00,Deactivated,22,24,65,1450,412
2026-08-25T09:24:12Z,0,0.2,0.00,99,13.3,0.00,Deactivated,22,24,65,1450,412
2026-08-25T09:24:20Z,0,0.2,0.00,99,13.3,0.00,Deactivated,22,24,65,1450,412
2026-08-25T09:24:28Z,0,0.2,0.00,99,13.3,0.00,Deactivated,22,24,65,1450,412
2026-08-25T09:24:38Z,0,0.2,0.00,99,13.3,0.00,Deactivated,22,24,65,1450,412
2026-08-25T09:24:48Z,0,0.2,0.00,99,13.3,0.00,Deactivated,22,24,65,1450,412
2026-08-25T09:24:56Z,0,0.2,0.00,99,13.3,0.00,Deactivated,22,24,65,1450,412
2026-08-25T09:25:04Z,0,0.2,0.00,99,13.3,0.00,Deactivated,22,24,65,1450,412
2026-08-25T09:25:14Z,0,0.2,0.00,99,13.3,0.00,Deactivated,21,23,65,1450,412
2026-08-25T09:25:24Z,0,0.2,0.00,99,13.3,0.00,Deactivated,21,23,65,1450,412
2026-08-25T09:25:34Z,0,0.2,0.00,99,13.3,0.00,Deactivated,21,23,65,1450,412
2026-08-25T09:25:42Z,0,0.2,0.00,99,13.3,0.00,Deactivated,21,23,65,1450,412
2026-08-25T09:25:50Z,0,0.2,0.00,99,13.3,0.00,Deactivated,21,23,65,1450,412
2026-08-25T09:25:58Z,0,0.2,0.00,99,13.3,0.00,Deactivated,21,23,65,1450,412
2026-08-25T09:26:08Z,0,0.2,0.00,99,13.3,0.00,Deactivated,21,23,65,1450,412
2026-08-25T09:26:18Z,0,0.2,0.00,99,13.3,0.00,Deactivated,21,23,65,1450,412
2026-08-25T09:26:28Z,0,0.2,0.00,99,13.3,0.00,Deactivated,20,22,65,1450,412
2026-08-25T09:26:38Z,0,0.2,0.00,99,13.3,0.00,Deactivated,20,22,65,1450,412
2026-08-25T09:26:48Z,0,0.2,0.00,99,13.3,0.00,Deactivated,20,22,65,1450,412
2026-08-25T09:26:56Z,0,0.2,0.00,99,13.3,0.00,Deactivated,20,22,65,1450,412
2026-08-25T09:27:04Z,0,0.2,0.00,99,13.3,0.00,Deactivated,20,22,17,1450,412
2026-08-25T09:27:14Z,0,0.2,0.00,99,13.3,0.00,Deactivated,20,22,17,1450,412
2026-08-25T09:27:24Z,0,0.2,0.00,99,13.3,0.00,Deactivated,20,22,17,1450,412
2026-08-25T09:27:34Z,0,0.2,0.00,99,13.3,0.00,Deactivated,20,22,17,1450,412
2026-08-25T09:27:44Z,0,0.2,0.00,99,13.3,0.00,Deactivated,19,21,17,1450,412
2026-08-25T09:27:54Z,0,0.2,0.00,99,13.3,0.00,Deactivated,19,21,17,1450,412
2026-08-25T09:28:04Z,0,0.2,0.00,99,13.3,0.00,Deactivated,19,21,17,1450,412
2026-08-25T09:28:14Z,0,0.2,0.00,99,13.3,0.00,Deactivated,19,21,17,1450,412
2026-08-25T09:28:24Z,0,0.2,0.00,99,13.3,0.00,Deactivated,19,21,17,1450,412
2026-08-25T09:28:34Z,0,0.2,0.00,99,13.3,0.00,Deactivated,19,21,17,1450,412
2026-08-25T09:28:42Z,0,0.2,0.00,99,13.3,0.00,Deactivated,19,21,17,1450,412
2026-08-25T09:28:50Z,0,0.2,0.00,99,13.3,0.00,Deactivated,19,21,17,1450,412
2026-08-25T09:28:59Z,0,0.2,0.00,99,13.3,0.00,Deactivated,19,21,17,1450,412
2026-08-25T09:29:06Z,0,0.2,0.00,62,13.2,0.00,Deactivated,18,20,17,1450,412
2026-08-25T09:29:16Z,0,0.2,0.00,62,13.2,0.00,Deactivated,18,20,17,1450,412
2026-08-25T09:29:26Z,0,0.2,0.00,62,13.2,0.00,Deactivated,18,20,17,1450,412
2026-08-25T09:29:36Z,0,0.2,0.00,62,13.2,0.00,Deactivated,18,20,17,1450,412
2026-08-25T09:29:46Z,0,0.2,0.00,62,13.2,0.00,Deactivated,18,20,17,1450,412
2026-08-25T09:29:56Z,0,0.2,0.00,62,13.2,0.00,Deactivated,18,20,17,1450,412
2026-08-25T09:30:04Z,0,0.2,0.00,62,13.2,0.00,Deactivated,18,20,17,1450,412
2026-08-25T09:30:14Z,0,0.2,0.00,62,13.2,0.00,Deactivated,18,20,17,1450,412
2026-08-25T09:30:22Z,0,0.2,0.00,62,13.2,0.00,Deactivated,17,19,17,1450,412
2026-08-25T09:30:30Z,0,0.2,0.00,62,13.2,0.00,Deactivated,17,19,17,1450,412
2026-08-25T09:30:40Z,0,0.2,0.00,62,13.2,0.00,Deactivated,17,19,17,1450,412
2026-08-25T09:30:48Z,0,0.2,0.00,62,13.2,0.00,Deactivated,17,19,17,1450,412
2026-08-25T09:30:58Z,0,0.2,0.00,62,13.2,0.00,Deactivated,17,19,17,1450,412
2026-08-25T09:31:08Z,0,0.2,0.00,62,13.2,0.00,Deactivated,17,19,17,1450,412
2026-08-25T09:31:16Z,0,0.2,0.00,62,13.2,0.00,Deactivated,17,19,17,1450,412
2026-08-25T09:31:26Z,0,0.2,0.00,62,13.2,0.00,Deactivated,17,19,17,1450,412
2026-08-25T09:31:34Z,0,0.2,0.00,61,13.2,0.00,Deactivated,17,19,17,1450,412
2026-08-25T09:31:44Z,0,0.2,0.00,61,13.2,0.00,Deactivated,17,19,17,1450,412
2026-08-25T09:31:54Z,0,0.2,0.00,61,13.2,0.00,Deactivated,16,18,17,1450,412
2026-08-25T09:32:04Z,0,0.2,0.00,61,13.2,0.00,Deactivated,16,18,17,1450,412
2026-08-25T09:32:12Z,0,0.2,0.00,61,13.2,0.00,Deactivated,16,18,17,1450,412
2026-08-25T09:32:22Z,0,0.2,0.00,61,13.2,0.00,Deactivated,16,18,17,1450,412
2026-08-25T09:32:30Z,0,0.2,0.00,61,13.2,0.00,Deactivated,16,18,17,1450,412
2026-08-25T09:32:40Z,0,0.2,0.00,61,13.2,0.00,Deactivated,16,18,17,1450,412
2026-08-25T09:32:48Z,0,0.2,0.00,61,13.2,0.00,Deactivated,16,18,17,1450,412
2026-08-25T09:32:58Z,0,0.2,0.00,61,13.2,0.00,Deactivated,16,18,17,1450,412
2026-08-25T09:33:08Z,0,0.2,0.00,61,13.2,0.00,Deactivated,16,18,17,1450,412
2026-08-25T09:33:18Z,0,0.2,0.00,61,13.2,0.00,Deactivated,16,18,17,1450,412
2026-08-25T09:33:28Z,0,0.2,0.00,61,13.2,0.00,Deactivated,16,18,17,1450,412
2026-08-25T09:33:36Z,0,0.2,0.00,61,13.2,0.00,Deactivated,15,17,17,1450,412
2026-08-25T09:33:46Z,0,0.2,0.00,61,13.2,0.00,Deactivated,15,17,17,1450,412
2026-08-25T09:33:54Z,0,0.2,0.00,61,13.2,0.00,Deactivated,15,17,17,1450,412
2026-08-25T09:34:05Z,0,0.2,0.00,61,13.2,0.00,Deactivated,15,17,17,1450,412
2026-08-25T09:34:12Z,0,0.2,0.00,61,13.2,0.00,Deactivated,15,17,17,1450,412
2026-08-25T09:34:20Z,0,0.2,0.00,61,13.2,0.00,Deactivated,15,17,17,1450,412
2026-08-25T09:34:30Z,0,0.2,0.00,61,13.2,0.00,Deactivated,15,17,17,1450,412
2026-08-25T09:34:38Z,0,0.2,0.00,61,13.2,0.00,Deactivated,15,17,17,1450,412
2026-08-25T09:34:48Z,0,0.2,0.00,61,13.2,0.00,Deactivated,15,17,17,1450,412
2026-08-25T09:34:56Z,0,0.2,0.00,61,13.2,0.00,Deactivated,15,17,17,1450,412
2026-08-25T09:35:04Z,0,0.2,0.00,61,13.2,0.00,Deactivated,15,17,17,1450,412
2026-08-25T09:35:14Z,0,0.2,0.00,61,13.2,0.00,Deactivated,15,17,17,1450,412
2026-08-25T09:35:24Z,0,0.2,0.00,61,13.2,0.00,Deactivated,15,17,17,1450,412
2026-08-25T09:35:34Z,0,0.2,0.00,61,13.2,0.00,Deactivated,15,17,17,1450,412
2026-08-25T09:35:44Z,0,0.2,0.00,61,13.2,0.00,Deactivated,15,17,17,1450,412
2026-08-25T09:35:54Z,0,0.2,0.00,61,13.2,0.00,Deactivated,15,17,17,1450,412
2026-08-25T09:36:04Z,0,0.2,0.00,61,13.2,0.00,Deactivated,14,16,17,1450,412
2026-08-25T09:36:14Z,0,0.2,0.00,61,13.2,0.00,Deactivated,14,16,17,1450,412
2026-08-25T09:36:22Z,0,0.2,0.00,61,13.2,0.00,Deactivated,14,16,17,1450,412
2026-08-25T09:36:32Z,0,0.2,0.00,60,13.2,0.00,Deactivated,14,16,17,1450,412
2026-08-25T09:36:40Z,0,0.2,0.00,60,13.2,0.00,Deactivated,14,16,17,1450,412
2026-08-25T09:36:48Z,0,0.2,0.00,60,13.2,0.00,Deactivated,14,16,17,1450,412
2026-08-25T09:36:58Z,0,0.2,0.00,60,13.2,0.00,Deactivated,14,16,17,1450,412
2026-08-25T09:37:06Z,0,0.2,0.00,60,13.2,0.00,Deactivated,14,16,17,1450,412
2026-08-25T09:37:16Z,0,0.2,0.00,60,13.2,0.00,Deactivated,14,16,17,1450,412
2026-08-25T09:37:26Z,0,0.2,0.00,60,13.2,0.00,Deactivated,14,16,17,1450,412
2026-08-25T09:37:36Z,0,0.2,0.00,60,13.2,0.00,Deactivated,14,16,17,1450,412
2026-08-25T09:37:46Z,0,0.2,0.00,60,13.2,0.00,Deactivated,14,16,17,1450,412
2026-08-25T09:37:54Z,0,0.2,0.00,60,13.2,0.00,Deactivated,14,16,17,1450,412
2026-08-25T09:38:04Z,0,0.2,0.00,60,13.2,0.00,Deactivated,14,16,17,1450,412
2026-08-25T09:38:12Z,0,0.2,0.00,60,13.2,0.00,Deactivated,14,16,17,1450,412
2026-08-25T09:38:20Z,0,0.2,0.00,60,13.2,0.00,Deactivated,14,16,17,1450,412
2026-08-25T09:38:30Z,0,0.2,0.00,60,13.2,0.00,Deactivated,14,16,17,1450,412
2026-08-25T09:38:40Z,0,0.2,0.00,60,13.2,0.00,Deactivated,14,16,17,1450,412
2026-08-25T09:38:48Z,0,0.2,0.00,60,13.2,0.00,Deactivated,14,16,17,1450,412
2026-08-25T09:38:58Z,0,0.2,0.00,60,13.2,0.00,Deactivated,14,16,17,1450,412
2026-08-25T09:39:09Z,0,0.2,0.00,60,13.2,0.00,Deactivated,14,16,17,1450,412
2026-08-25T09:39:16Z,0,0.2,0.00,60,13.2,0.00,Deactivated,14,16,17,1450,412
2026-08-25T09:39:24Z,0,0.2,0.00,60,13.2,0.00,Deactivated,14,16,17,1450,412
2026-08-25T09:39:34Z,0,0.2,0.00,60,13.2,0.00,Deactivated,14,16,17,1450,412
2026-08-25T09:39:42Z,0,0.2,0.00,60,13.2,0.00,Deactivated,14,16,17,1450,412
2026-08-25T09:39:50Z,0,0.2,0.00,60,13.2,0.00,Deactivated,14,16,17,1450,412
2026-08-25T09:39:58Z,0,0.2,0.00,60,13.2,0.00,Deactivated,14,16,17,1450,412
2026-08-25T09:40:08Z,0,0.2,0.00,60,13.2,0.00,Deactivated,14,16,17,1450,412
2026-08-25T09:40:18Z,0,0.2,0.00,60,13.2,0.00,Deactivated,14,16,17,1450,412
2026-08-25T09:40:26Z,0,0.2,0.00,60,13.2,0.00,Deactivated,14,16,17,1450,412
2026-08-25T09:40:34Z,0,0.2,0.00,60,13.2,0.00,Deactivated,14,16,17,1450,412
2026-08-25T09:40:44Z,0,0.2,0.00,60,13.2,0.00,Deactivated,14,16,17,1450,412
2026-08-25T09:40:54Z,0,0.2,0.00,60,13.2,0.00,Deactivated,14,16,17,1450,412
2026-08-25T09:41:04Z,0,0.2,0.00,60,13.2,0.00,Deactivated,14,16,17,1450,412
2026-08-25T09:41:14Z,0,0.2,0.00,60,13.2,0.00,Deactivated,14,16,17,1450,412
2026-08-25T09:41:24Z,0,0.2,0.00,60,13.2,0.00,Deactivated,14,16,17,1450,412
2026-08-25T09:41:34Z,0,39.0,0.00,60,13.8,0.00,Deactivated,15,16,15,1450,412
2026-08-25T09:41:44Z,0,38.9,0.00,60,13.8,0.00,Deactivated,15,16,15,1450,412
2026-08-25T09:41:54Z,0,38.9,0.00,60,13.8,0.00,Deactivated,15,16,15,1450,412
2026-08-25T09:42:02Z,0,38.9,0.00,60,13.8,0.00,Deactivated,16,17,15,1450,412
2026-08-25T09:42:10Z,0,38.8,0.00,61,13.8,0.00,Deactivated,16,17,15,1450,412
2026-08-25T09:42:20Z,0,38.8,0.00,61,13.8,0.00,Deactivated,16,17,15,1450,412
2026-08-25T09:42:30Z,0,38.7,0.00,62,13.8,0.00,Deactivated,16,17,15,1450,412
2026-08-25T09:42:38Z,0,38.7,0.00,62,13.8,0.00,Deactivated,16,17,15,1450,412
2026-08-25T09:42:48Z,0,38.6,0.00,63,13.8,0.00,Deactivated,16,17,15,1450,412
2026-08-25T09:42:56Z,0,38.6,0.00,63,13.8,0.00,Deactivated,17,17,15,1450,412
2026-08-25T09:43:04Z,0,38.6,0.00,63,13.8,0.00,Deactivated,17,17,15,1450,412
2026-08-25T09:43:14Z,0,38.5,0.00,64,13.8,0.00,Deactivated,17,17,15,1450,412
2026-08-25T09:43:24Z,0,38.5,0.00,65,13.8,0.00,Deactivated,17,17,15,1450,412
2026-08-25T09:43:32Z,0,38.4,0.00,66,13.8,0.00,Deactivated,17,17,15,1450,412
2026-08-25T09:43:42Z,0,38.4,0.00,66,13.8,0.00,Deactivated,17,17,15,1450,412
2026-08-25T09:43:50Z,0,38.4,0.00,67,13.8,0.00,Deactivated,18,17,15,1450,412
2026-08-25T09:44:00Z,0,38.3,0.00,68,13.8,0.00,Deactivated,18,17,15,1450,412
2026-08-25T09:44:08Z,0,38.3,0.00,69,13.8,0.00,Deactivated,18,17,15,1450,412
2026-08-25T09:44:16Z,0,38.2,0.00,69,13.8,0.00,Deactivated,18,17,15,1450,412
2026-08-25T09:44:26Z,0,38.2,0.00,70,13.8,0.00,Deactivated,18,18,15,1450,412
2026-08-25T09:44:36Z,0,38.1,0.00,71,13.9,0.00,Deactivated,19,18,15,1450,412
2026-08-25T09:44:44Z,0,38.1,0.00,72,13.9,0.00,Deactivated,19,18,15,1450,412
2026-08-25T09:44:54Z,0,38.1,0.00,74,13.9,0.00,Deactivated,19,18,15,1450,412
2026-08-25T09:45:02Z,0,38.0,0.00,74,13.9,0.00,Deactivated,19,18,15,1450,412
2026-08-25T09:45:10Z,0,38.0,0.00,75,13.9,0.00,Deactivated,19,18,15,1450,412
2026-08-25T09:45:18Z,0,38.0,0.00,76,13.9,0.00,Deactivated,20,18,15,1450,412
2026-08-25T09:45:26Z,0,37.9,0.00,77,13.9,0.00,Deactivated,20,18,15,1450,412
2026-08-25T09:45:36Z,0,37.9,0.00,79,13.9,0.00,Deactivated,20,18,15,1450,412
2026-08-25T09:45:46Z,0,37.8,0.00,80,13.9,0.00,Deactivated,20,18,15,1450,412
2026-08-25T09:45:56Z,0,37.8,0.00,82,13.9,0.00,Deactivated,20,18,15,1450,412
2026-08-25T09:46:06Z,0,37.8,0.00,83,14.0,0.00,Deactivated,21,18,15,1450,412
2026-08-25T09:46:14Z,0,37.7,0.00,84,14.0,0.00,Deactivated,21,19,15,1450,412
2026-08-25T09:46:24Z,0,37.7,0.00,86,14.0,0.00,Deactivated,21,19,15,1450,412
2026-08-25T09:46:32Z,0,37.7,0.00,87,14.0,0.00,Deactivated,21,19,15,1450,412
2026-08-25T09:46:42Z,0,37.6,0.00,89,14.0,0.00,Deactivated,22,19,15,1450,412
2026-08-25T09:46:52Z,0,37.6,0.00,90,14.0,0.00,Deactivated,22,19,15,1450,412
2026-08-25T09:47:00Z,0,37.6,0.00,92,14.0,0.00,Deactivated,22,19,15,1450,412
2026-08-25T09:47:10Z,0,37.5,0.00,93,14.0,0.00,Deactivated,22,19,15,1450,412
2026-08-25T09:47:20Z,0,37.5,0.00,95,14.1,0.00,Deactivated,22,19,15,1450,412
2026-08-25T09:47:28Z,0,37.4,0.00,97,14.1,0.00,Deactivated,23,19,15,1450,412
2026-08-25T09:47:36Z,0,37.4,0.00,98,14.1,0.00,Deactivated,23,19,15,1450,412
2026-08-25T09:47:46Z,0,37.4,0.00,100,14.2,0.00,Deactivated,18,20,15,1450,412
2026-08-25T09:47:54Z,0,37.4,0.00,100,14.2,0.00,Deactivated,19,20,15,1450,412
2026-08-25T09:48:04Z,0,37.3,0.00,100,14.2,0.00,Deactivated,19,20,15,1450,412
2026-08-25T09:48:12Z,0,37.3,0.00,100,14.2,0.00,Deactivated,19,20,15,1450,412
2026-08-25T09:48:20Z,0,37.3,0.00,100,14.2,0.00,Deactivated,19,20,15,1450,412
2026-08-25T09:48:30Z,0,37.2,0.00,100,14.2,0.00,Deactivated,19,20,15,1450,412
2026-08-25T09:48:38Z,0,37.2,0.00,100,14.2,0.00,Deactivated,19,20,15,1450,412
2026-08-25T09:48:46Z,0,37.2,0.00,100,14.2,0.00,Deactivated,19,20,15,1450,412
2026-08-25T09:48:56Z,0,37.1,0.00,100,14.2,0.00,Deactivated,19,20,15,1450,412
2026-08-25T09:49:04Z,0,37.1,0.00,100,14.2,0.00,Deactivated,19,21,15,1450,412
2026-08-25T09:49:14Z,0,37.1,0.00,100,14.2,0.00,Deactivated,20,21,15,1450,412
2026-08-25T09:49:24Z,0,37.1,0.00,100,14.2,0.00,Deactivated,20,21,15,1450,412
2026-08-25T09:49:32Z,0,37.0,0.00,100,14.2,0.00,Deactivated,20,21,15,1450,412
2026-08-25T09:49:42Z,0,37.0,0.00,100,14.2,0.00,Deactivated,20,21,15,1450,412
2026-08-25T09:49:50Z,0,37.0,0.00,100,14.2,0.00,Deactivated,20,21,15,1450,412
2026-08-25T09:50:00Z,0,37.0,0.00,100,14.2,0.00,Deactivated,20,21,15,1450,412
2026-08-25T09:50:10Z,0,36.9,0.00,100,14.2,0.00,Deactivated,20,21,15,1450,412
2026-08-25T09:50:18Z,0,36.9,0.00,100,14.2,0.00,Deactivated,20,22,15,1450,412
2026-08-25T09:50:26Z,0,36.9,0.00,100,14.2,0.00,Deactivated,21,22,15,1450,412
2026-08-25T09:50:36Z,0,36.9,0.00,100,14.2,0.00,Deactivated,21,22,15,1450,412
2026-08-25T09:50:46Z,0,36.8,0.00,100,14.2,0.00,Deactivated,21,22,15,1450,412
2026-08-25T09:50:56Z,0,36.8,0.00,100,14.2,0.00,Deactivated,21,22,15,1450,412
2026-08-25T09:51:04Z,0,36.8,0.00,100,14.2,0.00,Deactivated,21,22,15,1450,412
2026-08-25T09:51:14Z,0,36.8,0.00,100,14.2,0.00,Deactivated,21,22,15,1450,412
2026-08-25T09:51:24Z,0,36.8,0.00,100,14.2,0.00,Deactivated,21,22,15,1450,412
2026-08-25T09:51:32Z,0,36.7,0.00,100,14.2,0.00,Deactivated,21,22,15,1450,412
2026-08-25T09:51:40Z,0,36.7,0.00,100,14.2,0.00,Deactivated,21,23,15,1450,412
2026-08-25T09:51:50Z,0,36.7,0.00,100,14.2,0.00,Deactivated,22,23,15,1450,412
2026-08-25T09:52:00Z,0,36.7,0.00,100,14.2,0.00,Deactivated,22,23,15,1450,412
2026-08-25T09:52:08Z,0,36.7,0.00,100,14.2,0.00,Deactivated,22,23,15,1450,412
2026-08-25T09:52:16Z,0,36.7,0.00,100,14.2,0.00,Deactivated,22,23,15,1450,412
2026-08-25T09:52:26Z,0,36.6,0.00,100,14.2,0.00,Deactivated,22,23,15,1450,412
2026-08-25T09:52:36Z,0,36.6,0.00,100,14.2,0.00,Deactivated,22,23,15,1450,412
2026-08-25T09:52:44Z,0,36.6,0.00,100,14.2,0.00,Deactivated,22,23,15,1450,412
2026-08-25T09:52:54Z,0,36.6,0.00,100,14.2,0.00,Deactivated,22,24,15,1450,412
2026-08-25T09:53:04Z,0,36.6,0.00,100,14.2,0.00,Deactivated,23,24,15,1450,412
2026-08-25T09:53:12Z,0,36.6,0.00,100,14.2,0.00,Deactivated,23,24,15,1450,412
2026-08-25T09:53:20Z,0,36.6,0.00,100,14.2,0.00,Deactivated,23,24,15,1450,412
2026-08-25T09:53:30Z,0,36.6,0.00,100,14.2,0.00,Deactivated,23,24,15,1450,412
2026-08-25T09:53:38Z,0,36.6,0.00,100,14.2,0.00,Deactivated,23,24,15,1450,412
2026-08-25T09:53:46Z,0,36.5,0.00,100,14.2,0.00,Deactivated,23,24,15,1450,412
2026-08-25T09:53:56Z,0,36.5,0.00,100,14.2,0.00,Deactivated,23,24,15,1450,412
2026-08-25T09:54:04Z,0,36.5,0.00,100,14.2,0.00,Deactivated,23,24,15,1450,412
2026-08-25T09:54:14Z,0,36.5,0.00,100,14.2,0.00,Deactivated,23,25,15,1450,412
2026-08-25T09:54:24Z,0,36.5,0.00,100,14.2,0.00,Deactivated,24,25,15,1450,412
2026-08-25T09:54:34Z,0,36.5,0.00,100,14.2,0.00,Deactivated,24,25,15,1450,412
2026-08-25T09:54:44Z,0,36.5,0.00,100,14.2,0.00,Deactivated,24,25,15,1450,412
2026-08-25T09:54:52Z,0,36.5,0.00,100,14.2,0.00,Deactivated,24,25,15,1450,412
2026-08-25T09:55:02Z,0,36.5,0.00,100,14.2,0.00,Deactivated,24,25,15,1450,412
2026-08-25T09:55:12Z,0,36.5,0.00,100,14.2,0.00,Deactivated,24,25,15,1450,412
2026-08-25T09:55:22Z,0,36.5,0.00,100,14.2,0.00,Deactivated,24,25,15,1450,412
2026-08-25T09:55:30Z,0,36.5,0.00,100,14.2,0.00,Deactivated,24,25,15,1450,412
2026-08-25T09:55:38Z,0,36.5,0.00,100,14.2,0.00,Deactivated,24,25,15,1450,412
2026-08-25T09:55:46Z,0,36.5,0.00,100,14.2,0.00,Deactivated,24,26,15,1450,412
2026-08-25T09:55:56Z,0,36.5,0.00,100,14.2,0.00,Deactivated,25,26,15,1450,412
2026-08-25T09:56:04Z,0,36.5,0.00,100,14.2,0.00,Deactivated,25,26,15,1450,412
2026-08-25T09:56:14Z,0,36.5,0.00,100,14.2,0.00,Deactivated,25,26,15,1450,412
2026-08-25T09:56:24Z,0,36.5,0.00,100,14.2,0.00,Deactivated,25,26,15,1450,412
2026-08-25T09:56:32Z,0,36.5,0.00,100,14.2,0.00,Deactivated,25,26,15,1450,412
2026-08-25T09:56:42Z,0,36.5,0.00,100,14.2,0.00,Deactivated,25,26,15,1450,412
2026-08-25T09:56:50Z,0,36.5,0.00,100,14.2,0.00,Deactivated,25,26,15,1450,412
2026-08-25T09:57:00Z,0,36.5,0.00,100,14.2,0.00,Deactivated,25,26,15,1450,412
2026-08-25T09:57:08Z,0,36.5,0.00,100,14.2,0.00,Deactivated,25,26,15,1450,412
2026-08-25T09:57:18Z,0,36.6,0.00,100,14.2,0.00,Deactivated,25,26,15,1450,412
2026-08-25T09:57:26Z,0,36.6,0.00,100,14.2,0.00,Deactivated,25,27,15,1450,412
2026-08-25T09:57:34Z,0,36.6,0.00,100,14.2,0.00,Deactivated,25,27,15,1450,412
2026-08-25T09:57:44Z,0,36.6,0.00,100,14.2,0.00,Deactivated,26,27,15,1450,412
2026-08-25T09:57:54Z,0,36.6,0.00,100,14.2,0.00,Deactivated,26,27,15,1450,412
2026-08-25T09:58:04Z,0,36.6,0.00,100,14.2,0.00,Deactivated,26,27,15,1450,412
2026-08-25T09:58:14Z,0,36.6,0.00,100,14.2,0.00,Deactivated,26,27,15,1450,412
2026-08-25T09:58:24Z,0,36.6,0.00,100,14.2,0.00,Deactivated,26,27,15,1450,412
2026-08-25T09:58:34Z,0,36.6,0.00,100,14.2,0.00,Deactivated,26,27,15,1450,412
2026-08-25T09:58:44Z,0,36.7,0.00,100,14.2,0.00,Deactivated,26,27,15,1450,412
2026-08-25T09:58:54Z,0,36.7,0.00,100,14.2,0.00,Deactivated,26,27,15,1450,412
2026-08-25T09:59:04Z,0,36.7,0.00,100,14.2,0.00,Deactivated,26,27,15,1450,412
2026-08-25T09:59:14Z,0,36.7,0.00,100,14.2,0.00,Deactivated,26,27,15,1450,412
2026-08-25T09:59:24Z,0,36.7,0.00,100,14.2,0.00,Deactivated,26,27,15,1450,412
2026-08-25T09:59:34Z,0,36.8,0.00,100,14.2,0.00,Deactivated,26,27,15,1450,412
2026-08-25T09:59:44Z,0,36.8,0.00,100,14.2,0.00,Deactivated,26,28,15,1450,412
2026-08-25T09:59:52Z,0,36.8,0.00,100,14.2,0.00,Deactivated,26,28,15,1450,412
2026-08-25T10:00:00Z,0,36.8,0.00,100,14.2,0.00,Deactivated,26,28,15,1450,412
2026-08-25T10:00:08Z,0,36.8,0.00,100,14.2,0.00,Deactivated,27,28,15,1450,412
2026-08-25T10:00:18Z,0,36.9,0.00,100,14.2,0.00,Deactivated,27,28,15,1450,412
2026-08-25T10:00:26Z,0,36.9,0.00,100,14.2,0.00,Deactivated,27,28,15,1450,412
2026-08-25T10:00:34Z,0,36.9,0.00,100,14.2,0.00,Deactivated,27,28,15,1450,412
2026-08-25T10:00:44Z,0,36.9,0.00,100,14.2,0.00,Deactivated,27,28,15,1450,412
2026-08-25T10:00:54Z,0,36.9,0.00,100,14.2,0.00,Deactivated,27,28,15,1450,412
2026-08-25T10:01:04Z,0,37.0,0.00,100,14.2,0.00,Deactivated,27,28,15,1450,412
2026-08-25T10:01:14Z,0,37.0,0.00,100,14.2,0.00,Deactivated,27,28,15,1450,412
2026-08-25T10:01:22Z,0,37.0,0.00,100,14.2,0.00,Deactivated,27,28,15,1450,412
2026-08-25T10:01:32Z,0,37.1,0.00,100,14.2,0.00,Deactivated,27,28,15,1450,412
2026-08-25T10:01:42Z,0,37.1,0.00,100,14.2,0.00,Deactivated,27,28,15,1450,412
2026-08-25T10:01:50Z,0,37.1,0.00,100,14.2,0.00,Deactivated,27,28,15,1450,412
2026-08-25T10:02:00Z,0,37.1,0.00,100,14.2,0.00,Deactivated,27,28,15,1450,412
2026-08-25T10:02:10Z,0,37.2,0.00,100,14.2,0.00,Deactivated,27,28,15,1450,412
2026-08-25T10:02:20Z,0,37.2,0.00,100,14.2,0.00,Deactivated,27,28,15,1450,412
2026-08-25T10:02:28Z,0,37.2,0.00,100,14.2,0.00,Deactivated,27,28,15,1450,412
2026-08-25T10:02:36Z,0,37.3,0.00,100,14.2,0.00,Deactivated,27,28,15,1450,412
2026-08-25T10:02:46Z,0,37.3,0.00,100,14.2,0.00,Deactivated,27,28,15,1450,412
2026-08-25T10:02:54Z,0,37.3,0.00,100,14.2,0.00,Deactivated,27,28,15,1450,412
2026-08-25T10:03:04Z,0,37.3,0.00,100,14.2,0.00,Deactivated,27,28,15,1450,412
2026-08-25T10:03:14Z,0,37.4,0.00,100,14.2,0.00,Deactivated,27,28,15,1450,412
2026-08-25T10:03:24Z,0,37.4,0.00,100,14.2,0.00,Deactivated,27,28,15,1450,412
2026-08-25T10:03:34Z,0,37.5,0.00,100,14.2,0.00,Deactivated,27,28,15,1450,412
2026-08-25T10:03:44Z,0,37.5,0.00,100,14.2,0.00,Deactivated,27,28,15,1450,412
2026-08-25T10:03:54Z,0,37.5,0.00,100,14.2,0.00,Deactivated,27,28,15,1450,412
2026-08-25T10:04:04Z,0,37.6,0.00,100,14.2,0.00,Deactivated,27,28,15,1450,412
2026-08-25T10:04:14Z,0,37.6,0.00,100,14.2,0.00,Deactivated,27,28,15,1450,412
2026-08-25T10:04:24Z,0,37.6,0.00,100,14.2,0.00,Deactivated,27,28,15,1450,412
2026-08-25T10:04:34Z,0,37.7,0.00,100,14.2,0.00,Deactivated,27,28,15,1450,412
2026-08-25T10:04:42Z,0,37.7,0.00,100,14.2,0.00,Deactivated,27,28,15,1450,412
2026-08-25T10:04:53Z,0,37.8,0.00,100,14.2,0.00,Deactivated,27,28,15,1450,412
2026-08-25T10:05:00Z,0,37.8,0.00,100,14.2,0.00,Deactivated,27,28,15,1450,412
2026-08-25T10:05:08Z,0,37.8,0.00,100,14.2,0.00,Deactivated,27,28,15,1450,412
2026-08-25T10:05:18Z,0,37.9,0.00,100,14.2,0.00,Deactivated,27,28,15,1450,412
2026-08-25T10:05:28Z,0,37.9,0.00,100,14.2,0.00,Deactivated,27,28,15,1450,412
2026-08-25T10:05:36Z,0,37.9,0.00,100,14.2,0.00,Deactivated,27,28,15,1450,412
2026-08-25T10:05:44Z,0,38.0,0.00,100,14.2,0.00,Deactivated,27,28,15,1450,412
2026-08-25T10:05:54Z,0,38.0,0.00,100,14.2,0.00,Deactivated,27,28,15,1450,412
2026-08-25T10:06:04Z,0,38.1,0.00,100,14.2,0.00,Deactivated,26,28,15,1450,412
2026-08-25T10:06:12Z,0,38.1,0.00,100,14.2,0.00,Deactivated,26,28,15,1450,412
2026-08-25T10:06:22Z,0,38.1,0.00,100,14.2,0.00,Deactivated,26,27,15,1450,412
2026-08-25T10:06:30Z,0,38.2,0.00,100,14.2,0.00,Deactivated,26,27,15,1450,412
2026-08-25T10:06:40Z,0,38.2,0.00,100,14.2,0.00,Deactivated,26,27,15,1450,412
2026-08-25T10:06:50Z,0,38.3,0.00,100,14.2,0.00,Deactivated,26,27,15,1450,412
2026-08-25T10:06:58Z,0,38.3,0.00,100,14.2,0.00,Deactivated,26,27,15,1450,412
2026-08-25T10:07:06Z,0,38.3,0.00,100,14.2,0.00,Deactivated,26,27,20,1450,412
2026-08-25T10:07:16Z,0,38.4,0.00,100,14.2,0.00,Deactivated,26,27,20,1450,412
2026-08-25T10:07:26Z,0,38.4,0.00,100,14.2,0.00,Deactivated,26,27,20,1450,412
2026-08-25T10:07:36Z,0,38.5,0.00,100,14.2,0.00,Deactivated,26,27,20,1450,412
2026-08-25T10:07:44Z,0,38.5,0.00,100,14.2,0.00,Deactivated,26,27,20,1450,412
2026-08-25T10:07:54Z,0,38.6,0.00,100,14.2,0.00,Deactivated,26,27,20,1450,412
2026-08-25T10:08:04Z,0,38.6,0.00,100,14.2,0.00,Deactivated,26,27,20,1450,412
2026-08-25T10:08:12Z,0,38.6,0.00,100,14.2,0.00,Deactivated,26,27,20,1450,412
2026-08-25T10:08:22Z,0,38.7,0.00,100,14.2,0.00,Deactivated,26,27,20,1450,412
2026-08-25T10:08:30Z,0,38.7,0.00,100,14.2,0.00,Deactivated,25,27,20,1450,412
2026-08-25T10:08:40Z,0,38.8,0.00,100,14.2,0.00,Deactivated,25,26,20,1450,412
2026-08-25T10:08:50Z,0,38.8,0.00,100,14.2,0.00,Deactivated,25,26,20,1450,412
2026-08-25T10:08:58Z,0,38.9,0.00,100,14.2,0.00,Deactivated,25,26,20,1450,412
2026-08-25T10:09:06Z,0,38.9,0.00,100,14.2,0.00,Deactivated,25,26,21,1450,412
2026-08-25T10:09:16Z,0,38.9,0.00,100,14.2,0.00,Deactivated,25,26,27,1450,412
2026-08-25T10:09:26Z,0,39.0,0.00,100,14.2,0.00,Deactivated,25,26,34,1450,412
2026-08-25T10:09:34Z,0,0.2,0.00,100,13.3,0.00,Deactivated,24,26,65,1450,412
2026-08-25T10:09:44Z,0,0.2,0.00,100,13.3,0.00,Deactivated,24,26,65,1450,412
2026-08-25T10:09:52Z,0,0.2,0.00,100,13.3,0.00,Deactivated,24,26,65,1450,412
2026-08-25T10:10:01Z,0,0.2,0.00,100,13.3,0.00,Deactivated,24,26,65,1450,412
2026-08-25T10:10:10Z,0,0.2,0.00,100,13.3,0.00,Deactivated,24,26,65,1450,412
2026-08-25T10:10:18Z,0,0.2,0.00,100,13.3,0.00,Deactivated,24,26,65,1450,412
2026-08-25T10:10:26Z,0,0.2,0.00,100,13.3,0.00,Deactivated,23,25,65,1450,412
2026-08-25T10:10:34Z,0,0.2,0.00,100,13.3,0.00,Deactivated,23,25,65,1450,412
2026-08-25T10:10:44Z,0,0.2,0.00,100,13.3,0.00,Deactivated,23,25,65,1450,412
2026-08-25T10:10:54Z,0,0.2,0.00,100,13.3,0.00,Deactivated,23,25,65,1450,412
2026-08-25T10:11:04Z,0,0.2,0.00,100,13.3,0.00,Deactivated,23,25,65,1450,412
2026-08-25T10:11:14Z,0,0.2,0.00,100,13.3,0.00,Deactivated,23,25,65,1450,412
2026-08-25T10:11:24Z,0,0.2,0.00,100,13.3,0.00,Deactivated,23,25,65,1450,412
2026-08-25T10:11:34Z,0,0.2,0.00,100,13.3,0.00,Deactivated,23,25,65,1450,412
2026-08-25T10:11:44Z,0,0.2,0.00,100,13.3,0.00,Deactivated,23,25,65,1450,412
2026-08-25T10:11:54Z,0,0.2,0.00,100,13.3,0.00,Deactivated,22,24,65,1450,412
2026-08-25T10:12:02Z,0,0.2,0.00,99,13.3,0.00,Deactivated,22,24,65,1450,412
2026-08-25T10:12:10Z,0,0.2,0.00,99,13.3,0.00,Deactivated,22,24,65,1450,412
2026-08-25T10:12:20Z,0,0.2,0.00,99,13.3,0.00,Deactivated,22,24,65,1450,412
2026-08-25T10:12:30Z,0,0.2,0.00,99,13.3,0.00,Deactivated,22,24,65,1450,412
2026-08-25T10:12:40Z,0,0.2,0.00,99,13.3,0.00,Deactivated,22,24,65,1450,412
2026-08-25T10:12:50Z,0,0.2,0.00,99,13.3,0.00,Deactivated,22,24,65,1450,412
2026-08-25T10:13:00Z,0,0.2,0.00,99,13.3,0.00,Deactivated,22,24,65,1450,412
2026-08-25T10:13:08Z,0,0.2,0.00,99,13.3,0.00,Deactivated,22,24,65,1450,412
2026-08-25T10:13:18Z,0,0.2,0.00,99,13.3,0.00,Deactivated,21,23,65,1450,412
2026-08-25T10:13:26Z,0,0.2,0.00,99,13.3,0.00,Deactivated,21,23,65,1450,412
2026-08-25T10:13:36Z,0,0.2,0.00,99,13.3,0.00,Deactivated,21,23,65,1450,412
2026-08-25T10:13:46Z,0,0.2,0.00,99,13.3,0.00,Deactivated,21,23,65,1450,412
2026-08-25T10:13:56Z,0,0.2,0.00,99,13.3,0.00,Deactivated,21,23,65,1450,412
2026-08-25T10:14:06Z,0,0.2,0.00,99,13.3,0.00,Deactivated,21,23,65,1450,412
2026-08-25T10:14:14Z,0,0.2,0.00,99,13.3,0.00,Deactivated,21,23,65,1450,412
2026-08-25T10:14:24Z,0,0.2,0.00,99,13.3,0.00,Deactivated,21,23,65,1450,412
2026-08-25T10:14:34Z,0,0.2,0.00,99,13.3,0.00,Deactivated,20,22,65,1450,412
2026-08-25T10:14:44Z,0,0.2,0.00,99,13.3,0.00,Deactivated,20,22,65,1450,412
2026-08-25T10:14:52Z,0,0.2,0.00,99,13.3,0.00,Deactivated,20,22,65,1450,412
2026-08-25T10:15:00Z,0,0.2,0.00,99,13.3,0.00,Deactivated,20,22,65,1450,412
2026-08-25T10:15:08Z,0,0.2,0.00,99,13.3,0.00,Deactivated,20,22,17,1450,412
2026-08-25T10:15:18Z,0,0.2,0.00,99,13.3,0.00,Deactivated,20,22,17,1450,412
2026-08-25T10:15:26Z,0,0.2,0.00,99,13.3,0.00,Deactivated,20,22,17,1450,412
2026-08-25T10:15:34Z,0,0.2,0.00,99,13.3,0.00,Deactivated,20,22,17,1450,412
2026-08-25T10:15:44Z,0,0.2,0.00,99,13.3,0.00,Deactivated,19,21,17,1450,412
2026-08-25T10:15:54Z,0,0.2,0.00,99,13.3,0.00,Deactivated,19,21,17,1450,412
2026-08-25T10:16:04Z,0,0.2,0.00,99,13.3,0.00,Deactivated,19,21,17,1450,412
2026-08-25T10:16:14Z,0,0.2,0.00,99,13.3,0.00,Deactivated,19,21,17,1450,412
2026-08-25T10:16:24Z,0,0.2,0.00,99,13.3,0.00,Deactivated,19,21,17,1450,412
2026-08-25T10:16:34Z,0,0.2,0.00,99,13.3,0.00,Deactivated,19,21,17,1450,412
2026-08-25T10:16:44Z,0,0.2,0.00,99,13.3,0.00,Deactivated,19,21,17,1450,412
2026-08-25T10:16:54Z,0,0.2,0.00,99,13.3,0.00,Deactivated,19,21,17,1450,412
2026-08-25T10:17:04Z,0,0.2,0.00,62,13.2,0.00,Deactivated,18,20,17,1450,412
2026-08-25T10:17:14Z,0,0.2,0.00,62,13.2,0.00,Deactivated,18,20,17,1450,412
2026-08-25T10:17:24Z,0,0.2,0.00,62,13.2,0.00,Deactivated,18,20,17,1450,412
2026-08-25T10:17:34Z,0,0.2,0.00,62,13.2,0.00,Deactivated,18,20,17,1450,412
2026-08-25T10:17:42Z,0,0.2,0.00,62,13.2,0.00,Deactivated,18,20,17,1450,412
2026-08-25T10:17:50Z,0,0.2,0.00,62,13.2,0.00,Deactivated,18,20,17,1450,412
2026-08-25T10:17:58Z,0,0.2,0.00,62,13.2,0.00,Deactivated,18,20,17,1450,412
2026-08-25T10:18:08Z,0,0.2,0.00,62,13.2,0.00,Deactivated,18,20,17,1450,412
2026-08-25T10:18:18Z,0,0.2,0.00,62,13.2,0.00,Deactivated,18,20,17,1450,412
2026-08-25T10:18:28Z,0,0.2,0.00,62,13.2,0.00,Deactivated,17,19,17,1450,412
2026-08-25T10:18:38Z,0,0.2,0.00,62,13.2,0.00,Deactivated,17,19,17,1450,412
2026-08-25T10:18:48Z,0,0.2,0.00,62,13.2,0.00,Deactivated,17,19,17,1450,412
2026-08-25T10:18:56Z,0,0.2,0.00,62,13.2,0.00,Deactivated,17,19,17,1450,412
2026-08-25T10:19:06Z,0,0.2,0.00,62,13.2,0.00,Deactivated,17,19,17,1450,412
2026-08-25T10:19:14Z,0,0.2,0.00,62,13.2,0.00,Deactivated,17,19,17,1450,412
2026-08-25T10:19:24Z,0,0.2,0.00,62,13.2,0.00,Deactivated,17,19,17,1450,412
2026-08-25T10:19:34Z,0,0.2,0.00,61,13.2,0.00,Deactivated,17,19,17,1450,412
2026-08-25T10:19:44Z,0,0.2,0.00,61,13.2,0.00,Deactivated,17,19,17,1450,412
2026-08-25T10:19:54Z,0,0.2,0.00,61,13.2,0.00,Deactivated,16,18,17,1450,412
2026-08-25T10:20:04Z,0,0.2,0.0,61,13.2,0.00,Deactivated,16,18,17,1450,412
2026-08-25T10:20:12Z,0,0.2,0.0,61,13.2,0.00,Deactivated,16,18,17,1450,412
2026-08-25T10:20:22Z,0,0.2,0.0,61,13.2,0.00,Deactivated,16,18,17,1450,412
2026-08-25T10:20:32Z,0,0.2,0.0,61,13.2,0.00,Deactivated,16,18,17,1450,412
2026-08-25T10:20:42Z,0,0.2,0.0,61,13.2,0.00,Deactivated,16,18,17,1450,412
2026-08-25T10:20:50Z,0,0.2,0.0,61,13.2,0.00,Deactivated,16,18,17,1450,412
2026-08-25T10:21:00Z,0,0.2,0.0,61,13.2,0.00,Deactivated,16,18,17,1450,412
2026-08-25T10:21:10Z,0,0.2,0.0,61,13.2,0.00,Deactivated,16,18,17,1450,412
2026-08-25T10:21:20Z,0,0.2,0.0,61,13.2,0.00,Deactivated,16,18,17,1450,412
2026-08-25T10:21:30Z,0,0.2,0.0,61,13.2,0.00,Deactivated,16,18,17,1450,412
2026-08-25T10:21:38Z,0,0.2,0.0,61,13.2,0.00,Deactivated,15,17,17,1450,412
2026-08-25T10:21:46Z,0,0.2,0.0,61,13.2,0.00,Deactivated,15,17,17,1450,412
2026-08-25T10:21:56Z,0,0.2,0.0,61,13.2,0.00,Deactivated,15,17,17,1450,412
2026-08-25T10:22:06Z,0,0.2,0.0,61,13.2,0.00,Deactivated,15,17,17,1450,412
2026-08-25T10:22:16Z,0,0.2,0.0,61,13.2,0.00,Deactivated,15,17,17,1450,412
2026-08-25T10:22:26Z,0,0.2,0.0,61,13.2,0.00,Deactivated,15,17,17,1450,412
2026-08-25T10:22:34Z,0,0.2,0.0,61,13.2,0.00,Deactivated,15,17,17,1450,412
2026-08-25T10:22:44Z,0,0.2,0.0,61,13.2,0.00,Deactivated,15,17,17,1450,412
2026-08-25T10:22:52Z,0,0.2,0.0,61,13.2,0.00,Deactivated,15,17,17,1450,412
2026-08-25T10:23:00Z,0,0.2,0.0,61,13.2,0.00,Deactivated,15,17,17,1450,412
2026-08-25T10:23:10Z,0,0.2,0.0,61,13.2,0.00,Deactivated,15,17,17,1450,412
2026-08-25T10:23:18Z,0,0.2,0.0,61,13.2,0.00,Deactivated,15,17,17,1450,412
2026-08-25T10:23:28Z,0,0.2,0.0,61,13.2,0.00,Deactivated,15,17,17,1450,412
2026-08-25T10:23:36Z,0,0.2,0.0,61,13.2,0.00,Deactivated,15,17,17,1450,412
2026-08-25T10:23:46Z,0,0.2,0.0,61,13.2,0.00,Deactivated,15,17,17,1450,412
2026-08-25T10:23:54Z,0,0.2,0.0,61,13.2,0.00,Deactivated,15,17,17,1450,412
2026-08-25T10:24:04Z,0,0.2,0.0,61,13.2,0.00,Deactivated,14,16,17,1450,412
2026-08-25T10:24:12Z,0,0.2,0.0,61,13.2,0.00,Deactivated,14,16,17,1450,412
2026-08-25T10:24:20Z,0,0.2,0.0,61,13.2,0.00,Deactivated,14,16,17,1450,412
2026-08-25T10:24:30Z,0,0.2,0.0,60,13.2,0.00,Deactivated,14,16,17,1450,412
2026-08-25T10:24:40Z,0,0.2,0.0,60,13.2,0.00,Deactivated,14,16,17,1450,412
2026-08-25T10:24:48Z,0,0.2,0.0,60,13.2,0.00,Deactivated,14,16,17,1450,412
2026-08-25T10:24:58Z,0,0.2,0.0,60,13.2,0.00,Deactivated,14,16,17,1450,412
2026-08-25T10:25:06Z,0,0.2,0.0,60,13.2,0.00,Deactivated,14,16,17,1450,412
2026-08-25T10:25:17Z,0,0.2,0.0,60,13.2,0.00,Deactivated,14,16,17,1450,412
2026-08-25T10:25:26Z,0,0.2,0.0,60,13.2,0.00,Deactivated,14,16,17,1450,412
2026-08-25T10:25:36Z,0,0.2,0.0,60,13.2,0.00,Deactivated,14,16,17,1450,412
2026-08-25T10:25:44Z,0,0.2,0.0,60,13.2,0.00,Deactivated,14,16,17,1450,412
2026-08-25T10:25:52Z,0,0.2,0.0,60,13.2,0.00,Deactivated,14,16,17,1450,412
2026-08-25T10:26:00Z,0,0.2,0.0,60,13.2,0.00,Deactivated,14,16,17,1450,412
2026-08-25T10:26:08Z,0,0.2,0.0,60,13.2,0.00,Deactivated,14,16,17,1450,412
2026-08-25T10:26:18Z,0,0.2,0.0,60,13.2,0.00,Deactivated,14,16,17,1450,412
2026-08-25T10:26:28Z,0,0.2,0.0,60,13.2,0.00,Deactivated,14,16,17,1450,412
2026-08-25T10:26:38Z,0,0.2,0.0,60,13.2,0.00,Deactivated,14,16,17,1450,412
2026-08-25T10:26:48Z,0,0.2,0.0,60,13.2,0.00,Deactivated,14,16,17,1450,412
2026-08-25T10:26:58Z,0,0.2,0.0,60,13.2,0.00,Deactivated,14,16,17,1450,412
2026-08-25T10:27:08Z,0,0.2,0.0,60,13.2,0.00,Deactivated,14,16,17,1450,412
2026-08-25T10:27:16Z,0,0.2,0.0,60,13.2,0.00,Deactivated,14,16,17,1450,412
2026-08-25T10:27:24Z,0,0.2,0.0,60,13.2,0.00,Deactivated,14,16,17,1450,412
2026-08-25T10:27:34Z,0,0.2,0.0,60,13.2,0.00,Deactivated,14,16,17,1450,412
2026-08-25T10:27:44Z,0,0.2,0.0,60,13.2,0.00,Deactivated,14,16,17,1450,412
2026-08-25T10:27:54Z,0,0.2,0.0,60,13.2,0.00,Deactivated,14,16,17,1450,412
2026-08-25T10:28:04Z,0,0.2,0.0,60,13.2,0.00,Deactivated,14,16,17,1450,412
2026-08-25T10:28:14Z,0,0.2,0.0,60,13.2,0.00,Deactivated,14,16,17,1450,412
2026-08-25T10:28:24Z,0,0.2,0.0,60,13.2,0.00,Deactivated,14,16,17,1450,412
2026-08-25T10:28:34Z,0,0.2,0.0,60,13.2,0.00,Deactivated,14,16,17,1450,412
2026-08-25T10:28:44Z,0,0.2,0.0,60,13.2,0.00,Deactivated,14,16,17,1450,412
2026-08-25T10:28:54Z,0,0.2,0.0,60,13.2,0.00,Deactivated,14,16,17,1450,412
2026-08-25T10:29:04Z,0,0.2,0.0,60,13.2,0.00,Deactivated,14,16,17,1450,412
2026-08-25T10:29:14Z,0,0.2,0.0,60,13.2,0.00,Deactivated,14,16,17,1450,412
2026-08-25T10:29:24Z,0,0.2,0.0,60,13.2,0.00,Deactivated,14,16,17,1450,412
2026-08-25T10:29:34Z,2,39.0,0.05,60,13.8,0.87,MPPT Charging,15,16,15,1450,412
2026-08-25T10:29:44Z,2,38.9,0.05,60,13.8,1.38,MPPT Charging,15,16,15,1450,412
2026-08-25T10:29:52Z,2,38.9,0.05,60,13.8,1.81,MPPT Charging,15,16,15,1450,412
2026-08-25T10:30:00Z,3,38.9,0.08,60,13.8,2.25,MPPT Charging,15,17,15,1450,412
2026-08-25T10:30:10Z,3,38.8,0.08,61,13.8,2.75,MPPT Charging,16,17,15,1450,412
2026-08-25T10:30:18Z,3,38.8,0.08,61,13.8,3.12,MPPT Charging,16,17,15,1450,412
2026-08-25T10:30:26Z,3,38.7,0.08,61,13.8,3.55,MPPT Charging,16,17,15,1450,412
2026-08-25T10:30:36Z,3,38.7,0.08,62,13.8,4.05,MPPT Charging,16,17,15,1450,412
2026-08-25T10:30:46Z,3,38.6,0.08,62,13.8,4.57,MPPT Charging,16,17,15,1450,412
2026-08-25T10:30:56Z,3,38.6,0.08,63,13.8,5.07,MPPT Charging,17,17,15,1450,412
2026-08-25T10:31:06Z,3,38.6,0.08,64,13.8,5.58,MPPT Charging,17,17,15,1450,412
2026-08-25T10:31:16Z,3,38.5,0.08,64,13.8,6.09,MPPT Charging,17,17,15,1450,412
2026-08-25T10:31:24Z,3,38.5,0.08,65,13.8,6.45,MPPT Charging,17,17,15,1450,412
2026-08-25T10:31:34Z,3,38.4,0.08,66,13.8,6.96,MPPT Charging,17,17,15,1450,412
2026-08-25T10:31:44Z,3,38.4,0.08,66,13.8,7.46,MPPT Charging,18,17,15,1450,412
2026-08-25T10:31:54Z,3,38.3,0.08,67,13.8,7.97,MPPT Charging,18,17,15,1450,412
2026-08-25T10:32:04Z,3,38.3,0.08,68,13.8,8.41,MPPT Charging,18,17,15,1450,412
2026-08-25T10:32:14Z,3,38.2,0.08,69,13.8,8.91,MPPT Charging,18,17,15,1450,412
2026-08-25T10:32:24Z,3,38.2,0.08,70,13.8,9.42,MPPT Charging,18,17,15,1450,412
2026-08-25T10:32:34Z,3,38.2,0.08,71,13.9,9.77,MPPT Charging,19,18,15,1450,412
2026-08-25T10:32:42Z,3,38.1,0.08,72,13.9,10.22,MPPT Charging,19,18,15,1450,412
2026-08-25T10:32:50Z,3,38.1,0.08,73,13.9,10.58,MPPT Charging,19,18,15,1450,412
2026-08-25T10:32:58Z,3,38.1,0.08,74,13.9,10.94,MPPT Charging,19,18,15,1450,412
2026-08-25T10:33:08Z,4,38.0,0.11,75,13.9,11.44,MPPT Charging,19,18,15,1450,412
2026-08-25T10:33:16Z,4,38.0,0.11,76,13.9,11.80,MPPT Charging,20,18,15,1450,412
2026-08-25T10:33:26Z,4,37.9,0.11,77,13.9,12.23,MPPT Charging,20,18,15,1450,412
2026-08-25T10:33:34Z,4,37.9,0.11,79,13.9,12.59,MPPT Charging,20,18,15,1450,412
2026-08-25T10:33:44Z,4,37.9,0.11,80,13.9,13.09,MPPT Charging,20,18,15,1450,412
2026-08-25T10:33:54Z,4,37.8,0.11,81,13.9,13.53,MPPT Charging,20,18,15,1450,412
2026-08-25T10:34:04Z,4,37.8,0.11,83,14.0,13.86,MPPT Charging,21,18,15,1450,412
2026-08-25T10:34:14Z,4,37.7,0.11,84,14.0,14.29,MPPT Charging,21,19,15,1450,412
2026-08-25T10:34:24Z,4,37.7,0.11,86,14.0,14.71,MPPT Charging,21,19,15,1450,412
2026-08-25T10:34:34Z,4,37.7,0.11,87,14.0,15.14,MPPT Charging,21,19,15,1450,412
2026-08-25T10:34:44Z,4,37.6,0.11,89,14.0,15.57,MPPT Charging,22,19,15,1450,412
2026-08-25T10:34:54Z,4,37.6,0.11,91,14.0,16.00,MPPT Charging,22,19,15,1450,412
2026-08-25T10:35:04Z,4,37.5,0.11,92,14.0,16.43,MPPT Charging,22,19,15,1450,412
2026-08-25T10:35:14Z,4,37.5,0.11,94,14.1,16.67,MPPT Charging,22,19,15,1450,412
2026-08-25T10:35:24Z,4,37.5,0.11,96,14.1,17.09,MPPT Charging,22,19,15,1450,412
2026-08-25T10:35:34Z,4,37.4,0.11,98,14.1,17.45,MPPT Charging,23,19,15,1450,412
2026-08-25T10:35:44Z,4,37.4,0.11,100,14.2,1.90,MPPT Charging,18,20,15,1450,412
2026-08-25T10:35:54Z,4,37.4,0.11,100,14.2,1.90,MPPT Charging,19,20,15,1450,412
2026-08-25T10:36:04Z,4,37.3,0.11,100,14.2,1.90,MPPT Charging,19,20,15,1450,412
2026-08-25T10:36:12Z,4,37.3,0.11,100,14.2,1.90,MPPT Charging,19,20,15,1450,412
2026-08-25T10:36:20Z,4,37.3,0.11,100,14.2,1.90,MPPT Charging,19,20,15,1450,412
2026-08-25T10:36:30Z,4,37.2,0.11,100,14.2,1.90,MPPT Charging,19,20,15,1450,412
2026-08-25T10:36:40Z,4,37.2,0.11,100,14.2,1.90,MPPT Charging,19,20,15,1450,412
2026-08-25T10:36:50Z,4,37.2,0.11,100,14.2,1.90,MPPT Charging,19,20,15,1450,412
2026-08-25T10:37:00Z,5,37.1,0.13,100,14.2,1.90,MPPT Charging,19,20,15,1450,412
2026-08-25T10:37:10Z,5,37.1,0.13,100,14.2,1.90,MPPT Charging,20,21,15,1450,412
2026-08-25T10:37:18Z,5,37.1,0.13,100,14.2,1.90,MPPT Charging,20,21,15,1450,412
2026-08-25T10:37:26Z,5,37.1,0.13,100,14.2,1.90,MPPT Charging,20,21,15,1450,412
2026-08-25T10:37:36Z,5,37.0,0.14,100,14.2,1.90,MPPT Charging,20,21,15,1450,412
2026-08-25T10:37:46Z,5,37.0,0.14,100,14.2,1.90,MPPT Charging,20,21,15,1450,412
2026-08-25T10:37:56Z,5,37.0,0.14,100,14.2,1.90,MPPT Charging,20,21,15,1450,412
2026-08-25T10:38:04Z,5,37.0,0.14,100,14.2,1.90,MPPT Charging,20,21,15,1450,412
2026-08-25T10:38:14Z,5,36.9,0.14,100,14.2,1.90,MPPT Charging,20,21,15,1450,412
2026-08-25T10:38:22Z,5,36.9,0.14,100,14.2,1.90,MPPT Charging,20,22,15,1450,412
2026-08-25T10:38:30Z,5,36.9,0.14,100,14.2,1.90,MPPT Charging,21,22,15,1450,412
2026-08-25T10:38:38Z,5,36.9,0.14,100,14.2,1.90,MPPT Charging,21,22,15,1450,412
2026-08-25T10:38:48Z,5,36.8,0.14,100,14.2,1.90,MPPT Charging,21,22,15,1450,412
2026-08-25T10:38:58Z,5,36.8,0.14,100,14.2,1.90,MPPT Charging,21,22,15,1450,412
2026-08-25T10:39:06Z,5,36.8,0.14,100,14.2,1.90,MPPT Charging,21,22,15,1450,412
2026-08-25T10:39:16Z,5,36.8,0.14,100,14.2,1.90,MPPT Charging,21,22,15,1450,412
2026-08-25T10:39:24Z,5,36.8,0.14,100,14.2,1.90,MPPT Charging,21,22,15,1450,412
2026-08-25T10:39:34Z,5,36.7,0.14,100,14.2,1.90,MPPT Charging,21,22,15,1450,412
2026-08-25T10:39:44Z,5,36.7,0.14,100,14.2,1.90,MPPT Charging,22,23,15,1450,412
2026-08-25T10:39:54Z,5,36.7,0.14,100,14.2,1.90,MPPT Charging,22,23,15,1450,412
2026-08-25T10:40:02Z,5,36.7,0.14,100,14.2,1.90,MPPT Charging,22,23,15,1450,412
2026-08-25T10:40:12Z,5,36.7,0.14,100,14.2,1.90,MPPT Charging,22,23,15,1450,412
2026-08-25T10:40:20Z,5,36.7,0.14,100,14.2,1.90,MPPT Charging,22,23,15,1450,412
2026-08-25T10:40:30Z,5,36.6,0.14,100,14.2,1.90,MPPT Charging,22,23,15,1450,412
2026-08-25T10:40:38Z,5,36.6,0.14,100,14.2,1.90,MPPT Charging,22,23,15,1450,412
2026-08-25T10:40:46Z,5,36.6,0.14,100,14.2,1.90,MPPT Charging,22,23,15,1450,412
2026-08-25T10:40:56Z,5,36.6,0.14,100,14.2,1.90,MPPT Charging,22,24,15,1450,412
2026-08-25T10:41:04Z,6,36.6,0.16,100,14.2,1.90,MPPT Charging,23,24,15,1450,412
2026-08-25T10:41:14Z,6,36.6,0.16,100,14.2,1.90,MPPT Charging,23,24,15,1450,412
2026-08-25T10:41:24Z,6,36.6,0.16,100,14.2,1.90,MPPT Charging,23,24,15,1450,412
2026-08-25T10:41:34Z,6,36.6,0.16,100,14.2,1.90,MPPT Charging,23,24,15,1450,412
2026-08-25T10:41:44Z,6,36.5,0.16,100,14.2,1.90,MPPT Charging,23,24,15,1450,412
2026-08-25T10:41:54Z,6,36.5,0.16,100,14.2,1.90,MPPT Charging,23,24,15,1450,412
2026-08-25T10:42:04Z,6,36.5,0.16,100,14.2,1.90,MPPT Charging,23,24,15,1450,412
2026-08-25T10:42:12Z,6,36.5,0.16,100,14.2,1.90,MPPT Charging,23,24,15,1450,412
2026-08-25T10:42:22Z,6,36.5,0.16,100,14.2,1.90,MPPT Charging,24,25,15,1450,412
2026-08-25T10:42:30Z,6,36.5,0.16,100,14.2,1.90,MPPT Charging,24,25,15,1450,412
2026-08-25T10:42:38Z,6,36.5,0.16,100,14.2,1.90,MPPT Charging,24,25,15,1450,412
2026-08-25T10:42:48Z,6,36.5,0.16,100,14.2,1.90,MPPT Charging,24,25,15,1450,412
2026-08-25T10:42:56Z,6,36.5,0.16,100,14.2,1.90,MPPT Charging,24,25,15,1450,412
2026-08-25T10:43:06Z,6,36.5,0.16,100,14.2,1.90,MPPT Charging,24,25,15,1450,412
2026-08-25T10:43:16Z,6,36.5,0.16,100,14.2,1.90,MPPT Charging,24,25,15,1450,412
2026-08-25T10:43:24Z,6,36.5,0.16,100,14.2,1.90,MPPT Charging,24,25,15,1450,412
2026-08-25T10:43:34Z,6,36.5,0.16,100,14.2,1.90,MPPT Charging,24,25,15,1450,412
2026-08-25T10:43:44Z,6,36.5,0.16,100,14.2,1.90,MPPT Charging,24,26,15,1450,412
2026-08-25T10:43:54Z,6,36.5,0.16,100,14.2,1.90,MPPT Charging,25,26,15,1450,412
2026-08-25T10:44:02Z,6,36.5,0.16,100,14.2,1.90,MPPT Charging,25,26,15,1450,412
2026-08-25T10:44:12Z,6,36.5,0.16,100,14.2,1.90,MPPT Charging,25,26,15,1450,412
2026-08-25T10:44:20Z,6,36.5,0.16,100,14.2,1.90,MPPT Charging,25,26,15,1450,412
2026-08-25T10:44:30Z,6,36.5,0.16,100,14.2,1.90,MPPT Charging,25,26,15,1450,412
2026-08-25T10:44:40Z,6,36.5,0.16,100,14.2,1.90,MPPT Charging,25,26,15,1450,412
2026-08-25T10:44:48Z,6,36.5,0.16,100,14.2,1.90,MPPT Charging,25,26,15,1450,412
2026-08-25T10:44:58Z,6,36.5,0.16,100,14.2,1.90,MPPT Charging,25,26,15,1450,412
2026-08-25T10:45:06Z,7,36.5,0.19,100,14.2,1.90,MPPT Charging,25,26,15,1450,412
2026-08-25T10:45:14Z,7,36.5,0.19,100,14.2,1.90,MPPT Charging,25,26,15,1450,412
2026-08-25T10:45:24Z,7,36.6,0.19,100,14.2,1.90,MPPT Charging,25,27,15,1450,412
2026-08-25T10:45:35Z,7,36.6,0.19,100,14.2,1.90,MPPT Charging,25,27,15,1450,412
2026-08-25T10:45:44Z,7,36.6,0.19,100,14.2,1.90,MPPT Charging,26,27,15,1450,412
2026-08-25T10:45:54Z,7,36.6,0.19,100,14.2,1.90,MPPT Charging,26,27,15,1450,412
2026-08-25T10:46:04Z,7,36.6,0.19,100,14.2,1.90,MPPT Charging,26,27,15,1450,412
2026-08-25T10:46:14Z,7,36.6,0.19,100,14.2,1.90,MPPT Charging,26,27,15,1450,412
2026-08-25T10:46:24Z,7,36.6,0.19,100,14.2,1.90,MPPT Charging,26,27,15,1450,412
2026-08-25T10:46:34Z,7,36.6,0.19,100,14.2,1.90,MPPT Charging,26,27,15,1450,412
2026-08-25T10:46:44Z,7,36.7,0.19,100,14.2,1.90,MPPT Charging,26,27,15,1450,412
2026-08-25T10:46:54Z,7,36.7,0.19,100,14.2,1.90,MPPT Charging,26,27,15,1450,412
2026-08-25T10:47:04Z,7,36.7,0.19,100,14.2,1.90,MPPT Charging,26,27,15,1450,412
2026-08-25T10:47:14Z,7,36.7,0.19,100,14.2,1.90,MPPT Charging,26,27,15,1450,412
2026-08-25T10:47:22Z,7,36.7,0.19,100,14.2,1.90,MPPT Charging,26,27,15,1450,412
2026-08-25T10:47:32Z,7,36.8,0.19,100,14.2,1.90,MPPT Charging,26,27,15,1450,412
2026-08-25T10:47:40Z,7,36.8,0.19,100,14.2,1.90,MPPT Charging,26,27,15,1450,412
2026-08-25T10:47:48Z,7,36.8,0.19,100,14.2,1.90,MPPT Charging,26,28,15,1450,412
2026-08-25T10:47:58Z,7,36.8,0.19,100,14.2,1.90,MPPT Charging,26,28,15,1450,412
2026-08-25T10:48:06Z,8,36.8,0.22,100,14.2,1.90,MPPT Charging,27,28,15,1450,412
2026-08-25T10:48:16Z,8,36.8,0.22,100,14.2,1.90,MPPT Charging,27,28,15,1450,412
2026-08-25T10:48:26Z,8,36.9,0.22,100,14.2,1.90,MPPT Charging,27,28,15,1450,412
2026-08-25T10:48:36Z,8,36.9,0.22,100,14.2,1.90,MPPT Charging,27,28,15,1450,412
2026-08-25T10:48:44Z,8,36.9,0.22,100,14.2,1.90,MPPT Charging,27,28,15,1450,412
2026-08-25T10:48:54Z,8,36.9,0.22,100,14.2,1.90,MPPT Charging,27,28,15,1450,412
2026-08-25T10:49:04Z,8,37.0,0.22,100,14.2,1.90,MPPT Charging,27,28,15,1450,412
2026-08-25T10:49:14Z,8,37.0,0.22,100,14.2,1.90,MPPT Charging,27,28,15,1450,412
2026-08-25T10:49:24Z,8,37.0,0.22,100,14.2,1.90,MPPT Charging,27,28,15,1450,412
2026-08-25T10:49:34Z,8,37.1,0.22,100,14.2,1.90,MPPT Charging,27,28,15,1450,412
2026-08-25T10:49:44Z,8,37.1,0.22,100,14.2,1.90,MPPT Charging,27,28,15,1450,412
2026-08-25T10:49:54Z,8,37.1,0.22,100,14.2,1.90,MPPT Charging,27,28,15,1450,412
2026-08-25T10:50:04Z,8,37.1,0.22,100,14.2,1.90,MPPT Charging,27,28,15,1450,412
2026-08-25T10:50:14Z,8,37.2,0.22,100,14.2,1.90,MPPT Charging,27,28,15,1450,412
2026-08-25T10:50:24Z,8,37.2,0.22,100,14.2,1.90,MPPT Charging,27,28,15,1450,412
2026-08-25T10:50:34Z,8,37.2,0.22,100,14.2,1.90,MPPT Charging,27,28,15,1450,412
2026-08-25T10:50:45Z,8,37.3,0.21,100,14.2,1.90,MPPT Charging,27,28,15,1450,412
2026-08-25T10:50:54Z,8,37.3,0.21,100,14.2,1.90,MPPT Charging,27,28,15,1450,412
2026-08-25T10:51:04Z,8,37.3,0.21,100,14.2,1.90,MPPT Charging,27,28,15,1450,412
2026-08-25T10:51:14Z,8,37.4,0.21,100,14.2,1.90,MPPT Charging,27,28,15,1450,412
2026-08-25T10:51:24Z,8,37.4,0.21,100,14.2,1.90,MPPT Charging,27,28,15,1450,412
2026-08-25T10:51:34Z,8,37.5,0.21,100,14.2,1.90,MPPT Charging,27,28,15,1450,412
2026-08-25T10:51:44Z,8,37.5,0.21,100,14.2,1.90,MPPT Charging,27,28,15,1450,412
2026-08-25T10:51:54Z,8,37.5,0.21,100,14.2,1.90,MPPT Charging,27,28,15,1450,412
2026-08-25T10:52:04Z,9,37.6,0.24,100,14.2,1.90,MPPT Charging,27,28,15,1450,412
2026-08-25T10:52:14Z,9,37.6,0.24,100,14.2,1.90,MPPT Charging,27,28,15,1450,412
2026-08-25T10:52:22Z,9,37.6,0.24,100,14.2,1.90,MPPT Charging,27,28,15,1450,412
2026-08-25T10:52:30Z,9,37.7,0.24,100,14.2,1.90,MPPT Charging,27,28,15,1450,412
2026-08-25T10:52:40Z,9,37.7,0.24,100,14.2,1.90,MPPT Charging,27,28,15,1450,412
2026-08-25T10:52:48Z,9,37.7,0.24,100,14.2,1.90,MPPT Charging,27,28,15,1450,412
2026-08-25T10:52:58Z,9,37.8,0.24,100,14.2,1.90,MPPT Charging,27,28,15,1450,412
2026-08-25T10:53:06Z,9,37.8,0.24,100,14.2,1.90,MPPT Charging,27,28,15,1450,412
2026-08-25T10:53:14Z,9,37.8,0.24,100,14.2,1.90,MPPT Charging,27,28,15,1450,412
2026-08-25T10:53:24Z,9,37.9,0.24,100,14.2,1.90,MPPT Charging,27,28,15,1450,412
2026-08-25T10:53:34Z,9,37.9,0.24,100,14.2,1.90,MPPT Charging,27,28,15,1450,412
2026-08-25T10:53:44Z,9,38.0,0.24,100,14.2,1.90,MPPT Charging,27,28,15,1450,412
2026-08-25T10:53:54Z,9,38.0,0.24,100,14.2,1.90,MPPT Charging,27,28,15,1450,412
2026-08-25T10:54:04Z,9,38.1,0.24,100,14.2,1.90,MPPT Charging,26,28,15,1450,412
2026-08-25T10:54:12Z,9,38.1,0.24,100,14.2,1.90,MPPT Charging,26,28,15,1450,412
2026-08-25T10:54:22Z,9,38.1,0.24,100,14.2,1.90,MPPT Charging,26,27,15,1450,412
2026-08-25T10:54:30Z,9,38.2,0.24,100,14.2,1.90,MPPT Charging,26,27,15,1450,412
2026-08-25T10:54:40Z,9,38.2,0.24,100,14.2,1.90,MPPT Charging,26,27,15,1450,412
2026-08-25T10:54:50Z,9,38.3,0.23,100,14.2,1.90,MPPT Charging,26,27,15,1450,412
2026-08-25T10:54:58Z,9,38.3,0.23,100,14.2,1.90,MPPT Charging,26,27,15,1450,412
2026-08-25T10:55:08Z,9,38.3,0.23,100,14.2,0.00,MPPT Charging,26,27,20,1450,412
2026-08-25T10:55:18Z,9,38.4,0.23,100,14.2,0.00,MPPT Charging,26,27,20,1450,412
2026-08-25T10:55:26Z,9,38.4,0.23,100,14.2,0.00,MPPT Charging,26,27,20,1450,412
2026-08-25T10:55:34Z,9,38.5,0.23,100,14.2,0.00,MPPT Charging,26,27,20,1450,412
2026-08-25T10:55:44Z,9,38.5,0.23,100,14.2,0.00,MPPT Charging,26,27,20,1450,412
2026-08-25T10:55:55Z,9,38.6,0.23,100,14.2,0.00,MPPT Charging,26,27,20,1450,412
2026-08-25T10:56:04Z,10,38.6,0.26,100,14.2,0.00,MPPT Charging,26,27,20,1450,412
2026-08-25T10:56:14Z,10,38.6,0.26,100,14.2,0.00,MPPT Charging,26,27,20,1450,412
2026-08-25T10:56:22Z,10,38.7,0.26,100,14.2,0.00,MPPT Charging,26,27,20,1450,412
2026-08-25T10:56:30Z,10,38.7,0.26,100,14.2,0.00,MPPT Charging,25,27,20,1450,412
2026-08-25T10:56:38Z,10,38.8,0.26,100,14.2,0.00,MPPT Charging,25,26,20,1450,412
2026-08-25T10:56:46Z,10,38.8,0.26,100,14.2,0.00,MPPT Charging,25,26,20,1450,412
2026-08-25T10:56:54Z,10,38.8,0.26,100,14.2,0.00,MPPT Charging,25,26,20,1450,412
2026-08-25T10:57:04Z,10,38.9,0.26,100,14.2,0.00,MPPT Charging,25,26,20,1450,412
2026-08-25T10:57:14Z,10,38.9,0.26,100,14.2,0.00,MPPT Charging,25,26,25,1450,412
2026-08-25T10:57:24Z,10,39.0,0.26,100,14.2,0.00,MPPT Charging,25,26,32,1450,412
2026-08-25T10:57:34Z,0,0.2,0.0,100,13.3,0.00,Deactivated,24,26,65,1450,412
2026-08-25T10:57:44Z,0,0.2,0.0,100,13.3,0.00,Deactivated,24,26,65,1450,412
2026-08-25T10:57:52Z,0,0.2,0.0,100,13.3,0.00,Deactivated,24,26,65,1450,412
2026-08-25T10:58:00Z,0,0.2,0.0,100,13.3,0.00,Deactivated,24,26,65,1450,412
2026-08-25T10:58:10Z,0,0.2,0.0,100,13.3,0.00,Deactivated,24,26,65,1450,412
2026-08-25T10:58:18Z,0,0.2,0.0,100,13.3,0.00,Deactivated,24,26,65,1450,412
2026-08-25T10:58:26Z,0,0.2,0.0,100,13.3,0.00,Deactivated,23,25,65,1450,412
2026-08-25T10:58:34Z,0,0.2,0.0,100,13.3,0.00,Deactivated,23,25,65,1450,412
2026-08-25T10:58:42Z,0,0.2,0.0,100,13.3,0.00,Deactivated,23,25,65,1450,412
2026-08-25T10:58:50Z,0,0.2,0.0,100,13.3,0.00,Deactivated,23,25,65,1450,412
2026-08-25T10:58:58Z,0,0.2,0.0,100,13.3,0.00,Deactivated,23,25,65,1450,412
2026-08-25T10:59:08Z,0,0.2,0.0,100,13.3,0.00,Deactivated,23,25,65,1450,412
2026-08-25T10:59:16Z,0,0.2,0.0,100,13.3,0.00,Deactivated,23,25,65,1450,412
2026-08-25T10:59:26Z,0,0.2,0.0,100,13.3,0.00,Deactivated,23,25,65,1450,412
2026-08-25T10:59:36Z,0,0.2,0.0,100,13.3,0.00,Deactivated,23,25,65,1450,412
2026-08-25T10:59:44Z,0,0.2,0.0,100,13.3,0.00,Deactivated,23,25,65,1450,412
2026-08-25T10:59:54Z,0,0.2,0.0,100,13.3,0.00,Deactivated,22,24,65,1450,412
2026-08-25T11:00:04Z,0,0.2,0.0,99,13.3,0.00,Deactivated,22,24,65,1450,412
2026-08-25T11:00:14Z,0,0.2,0.0,99,13.3,0.00,Deactivated,22,24,65,1450,412
2026-08-25T11:00:22Z,0,0.2,0.0,99,13.3,0.00,Deactivated,22,24,65,1450,412
2026-08-25T11:00:32Z,0,0.2,0.0,99,13.3,0.00,Deactivated,22,24,65,1450,412
2026-08-25T11:00:40Z,0,0.2,0.0,99,13.3,0.00,Deactivated,22,24,65,1450,412
2026-08-25T11:00:50Z,0,0.2,0.0,99,13.3,0.00,Deactivated,22,24,65,1450,412
2026-08-25T11:01:00Z,0,0.2,0.0,99,13.3,0.00,Deactivated,22,24,65,1450,412
2026-08-25T11:01:10Z,0,0.2,0.0,99,13.3,0.00,Deactivated,21,23,65,1450,412
2026-08-25T11:01:18Z,0,0.2,0.0,99,13.3,0.00,Deactivated,21,23,65,1450,412
2026-08-25T11:01:28Z,0,0.2,0.0,99,13.3,0.00,Deactivated,21,23,65,1450,412
2026-08-25T11:01:38Z,0,0.2,0.0,99,13.3,0.00,Deactivated,21,23,65,1450,412
2026-08-25T11:01:48Z,0,0.2,0.0,99,13.3,0.00,Deactivated,21,23,65,1450,412
2026-08-25T11:01:58Z,0,0.2,0.0,99,13.3,0.00,Deactivated,21,23,65,1450,412
2026-08-25T11:02:06Z,0,0.2,0.0,99,13.3,0.00,Deactivated,21,23,65,1450,412
2026-08-25T11:02:16Z,0,0.2,0.0,99,13.3,0.00,Deactivated,21,23,65,1450,412
2026-08-25T11:02:26Z,0,0.2,0.0,99,13.3,0.00,Deactivated,20,22,65,1450,412
2026-08-25T11:02:36Z,0,0.2,0.0,99,13.3,0.00,Deactivated,20,22,65,1450,412
2026-08-25T11:02:46Z,0,0.2,0.0,99,13.3,0.00,Deactivated,20,22,65,1450,412
2026-08-25T11:02:56Z,0,0.2,0.0,99,13.3,0.00,Deactivated,20,22,65,1450,412
2026-08-25T11:03:06Z,0,0.2,0.0,99,13.3,0.00,Deactivated,20,22,17,1450,412
2026-08-25T11:03:14Z,0,0.2,0.0,99,13.3,0.00,Deactivated,20,22,17,1450,412
2026-08-25T11:03:24Z,0,0.2,0.0,99,13.3,0.00,Deactivated,20,22,17,1450,412
2026-08-25T11:03:32Z,0,0.2,0.0,99,13.3,0.00,Deactivated,20,22,17,1450,412
2026-08-25T11:03:40Z,0,0.2,0.0,99,13.3,0.00,Deactivated,20,22,17,1450,412
2026-08-25T11:03:50Z,0,0.2,0.0,99,13.3,0.00,Deactivated,19,21,17,1450,412
2026-08-25T11:04:00Z,0,0.2,0.0,99,13.3,0.00,Deactivated,19,21,17,1450,412
2026-08-25T11:04:08Z,0,0.2,0.0,99,13.3,0.00,Deactivated,19,21,17,1450,412
2026-08-25T11:04:18Z,0,0.2,0.0,99,13.3,0.00,Deactivated,19,21,17,1450,412
2026-08-25T11:04:26Z,0,0.2,0.0,99,13.3,0.00,Deactivated,19,21,17,1450,412
2026-08-25T11:04:36Z,0,0.2,0.0,99,13.3,0.00,Deactivated,19,21,17,1450,412
2026-08-25T11:04:46Z,0,0.2,0.0,99,13.3,0.00,Deactivated,19,21,17,1450,412
2026-08-25T11:04:54Z,0,0.2,0.0,99,13.3,0.00,Deactivated,19,21,17,1450,412
2026-08-25T11:05:04Z,0,0.2,0.0,62,13.2,0.00,Deactivated,18,20,17,1450,412
2026-08-25T11:05:14Z,0,0.2,0.0,62,13.2,0.00,Deactivated,18,20,17,1450,412
2026-08-25T11:05:22Z,0,0.2,0.0,62,13.2,0.00,Deactivated,18,20,17,1450,412
2026-08-25T11:05:30Z,0,0.2,0.0,62,13.2,0.00,Deactivated,18,20,17,1450,412
2026-08-25T11:05:38Z,0,0.2,0.0,62,13.2,0.00,Deactivated,18,20,17,1450,412
2026-08-25T11:05:48Z,0,0.2,0.0,62,13.2,0.00,Deactivated,18,20,17,1450,412
2026-08-25T11:05:56Z,0,0.2,0.0,62,13.2,0.00,Deactivated,18,20,17,1450,412
2026-08-25T11:06:06Z,0,0.2,0.0,62,13.2,0.00,Deactivated,18,20,17,1450,412
2026-08-25T11:06:16Z,0,0.2,0.0,62,13.2,0.00,Deactivated,18,20,17,1450,412
2026-08-25T11:06:24Z,0,0.2,0.0,62,13.2,0.00,Deactivated,17,19,17,1450,412
2026-08-25T11:06:34Z,0,0.2,0.0,62,13.2,0.00,Deactivated,17,19,17,1450,412
2026-08-25T11:06:44Z,0,0.2,0.0,62,13.2,0.00,Deactivated,17,19,17,1450,412
2026-08-25T11:06:52Z,0,0.2,0.0,62,13.2,0.00,Deactivated,17,19,17,1450,412
2026-08-25T11:07:00Z,0,0.2,0.0,62,13.2,0.00,Deactivated,17,19,17,1450,412
2026-08-25T11:07:10Z,0,0.2,0.0,62,13.2,0.00,Deactivated,17,19,17,1450,412
2026-08-25T11:07:20Z,0,0.2,0.0,62,13.2,0.00,Deactivated,17,19,17,1450,412
2026-08-25T11:07:28Z,0,0.2,0.0,61,13.2,0.00,Deactivated,17,19,17,1450,412
2026-08-25T11:07:38Z,0,0.2,0.0,61,13.2,0.00,Deactivated,17,19,17,1450,412
2026-08-25T11:07:48Z,0,0.2,0.0,61,13.2,0.00,Deactivated,17,19,17,1450,412
2026-08-25T11:07:56Z,0,0.2,0.0,61,13.2,0.00,Deactivated,16,18,17,1450,412
2026-08-25T11:08:06Z,0,0.2,0.0,61,13.2,0.00,Deactivated,16,18,17,1450,412
2026-08-25T11:08:14Z,0,0.2,0.0,61,13.2,0.00,Deactivated,16,18,17,1450,412
2026-08-25T11:08:24Z,0,0.2,0.0,61,13.2,0.00,Deactivated,16,18,17,1450,412
2026-08-25T11:08:34Z,0,0.2,0.0,61,13.2,0.00,Deactivated,16,18,17,1450,412
2026-08-25T11:08:44Z,0,0.2,0.0,61,13.2,0.00,Deactivated,16,18,17,1450,412
2026-08-25T11:08:54Z,0,0.2,0.0,61,13.2,0.00,Deactivated,16,18,17,1450,412
2026-08-25T11:09:02Z,0,0.2,0.0,61,13.2,0.00,Deactivated,16,18,17,1450,412
2026-08-25T11:09:10Z,0,0.2,0.0,61,13.2,0.00,Deactivated,16,18,17,1450,412
2026-08-25T11:09:20Z,0,0.2,0.0,61,13.2,0.00,Deactivated,16,18,17,1450,412
2026-08-25T11:09:30Z,0,0.2,0.0,61,13.2,0.00,Deactivated,16,18,17,1450,412
2026-08-25T11:09:40Z,0,0.2,0.0,61,13.2,0.00,Deactivated,15,17,17,1450,412
2026-08-25T11:09:50Z,0,0.2,0.0,61,13.2,0.00,Deactivated,15,17,17,1450,412
2026-08-25T11:10:00Z,0,0.2,0.0,61,13.2,0.00,Deactivated,15,17,17,1450,412
2026-08-25T11:10:08Z,0,0.2,0.0,61,13.2,0.00,Deactivated,15,17,17,1450,412
2026-08-25T11:10:18Z,0,0.2,0.0,61,13.2,0.00,Deactivated,15,17,17,1450,412
2026-08-25T11:10:28Z,0,0.2,0.0,61,13.2,0.00,Deactivated,15,17,17,1450,412
2026-08-25T11:10:36Z,0,0.2,0.0,61,13.2,0.00,Deactivated,15,17,17,1450,412
2026-08-25T11:10:46Z,0,0.2,0.0,61,13.2,0.00,Deactivated,15,17,17,1450,412
2026-08-25T11:10:56Z,0,0.2,0.0,61,13.2,0.00,Deactivated,15,17,17,1450,412
2026-08-25T11:11:04Z,0,0.2,0.0,61,13.2,0.00,Deactivated,15,17,17,1450,412
2026-08-25T11:11:14Z,0,0.2,0.0,61,13.2,0.00,Deactivated,15,17,17,1450,412
2026-08-25T11:11:22Z,0,0.2,0.0,61,13.2,0.00,Deactivated,15,17,17,1450,412
2026-08-25T11:11:30Z,0,0.2,0.0,61,13.2,0.00,Deactivated,15,17,17,1450,412
2026-08-25T11:11:40Z,0,0.2,0.0,61,13.2,0.00,Deactivated,15,17,17,1450,412
2026-08-25T11:11:48Z,0,0.2,0.0,61,13.2,0.00,Deactivated,15,17,17,1450,412
2026-08-25T11:11:58Z,0,0.2,0.0,61,13.2,0.00,Deactivated,15,17,17,1450,412
2026-08-25T11:12:06Z,0,0.2,0.0,61,13.2,0.00,Deactivated,14,16,17,1450,412
2026-08-25T11:12:16Z,0,0.2,0.0,61,13.2,0.00,Deactivated,14,16,17,1450,412
2026-08-25T11:12:24Z,0,0.2,0.0,61,13.2,0.00,Deactivated,14,16,17,1450,412
2026-08-25T11:12:34Z,0,0.2,0.0,60,13.2,0.00,Deactivated,14,16,17,1450,412
2026-08-25T11:12:44Z,0,0.2,0.0,60,13.2,0.00,Deactivated,14,16,17,1450,412
2026-08-25T11:12:52Z,0,0.2,0.0,60,13.2,0.00,Deactivated,14,16,17,1450,412
2026-08-25T11:13:00Z,0,0.2,0.0,60,13.2,0.00,Deactivated,14,16,17,1450,412
2026-08-25T11:13:08Z,0,0.2,0.0,60,13.2,0.00,Deactivated,14,16,17,1450,412
2026-08-25T11:13:16Z,0,0.2,0.0,60,13.2,0.00,Deactivated,14,16,17,1450,412
2026-08-25T11:13:24Z,0,0.2,0.0,60,13.2,0.00,Deactivated,14,16,17,1450,412
2026-08-25T11:13:34Z,0,0.2,0.0,60,13.2,0.00,Deactivated,14,16,17,1450,412
2026-08-25T11:13:44Z,0,0.2,0.0,60,13.2,0.00,Deactivated,14,16,17,1450,412
2026-08-25T11:13:54Z,0,0.2,0.0,60,13.2,0.00,Deactivated,14,16,17,1450,412
2026-08-25T11:14:04Z,0,0.2,0.0,60,13.2,0.00,Deactivated,14,16,17,1450,412
2026-08-25T11:14:12Z,0,0.2,0.0,60,13.2,0.00,Deactivated,14,16,17,1450,412
2026-08-25T11:14:22Z,0,0.2,0.0,60,13.2,0.00,Deactivated,14,16,17,1450,412
2026-08-25T11:14:30Z,0,0.2,0.0,60,13.2,0.00,Deactivated,14,16,17,1450,412
2026-08-25T11:14:38Z,0,0.2,0.0,60,13.2,0.00,Deactivated,14,16,17,1450,412
2026-08-25T11:14:48Z,0,0.2,0.0,60,13.2,0.00,Deactivated,14,16,17,1450,412
2026-08-25T11:14:56Z,0,0.2,0.0,60,13.2,0.00,Deactivated,14,16,17,1450,412
2026-08-25T11:15:04Z,0,0.2,0.0,60,13.2,0.00,Deactivated,14,16,17,1450,412
2026-08-25T11:15:14Z,0,0.2,0.0,60,13.2,0.00,Deactivated,14,16,17,1450,412
2026-08-25T11:15:22Z,0,0.2,0.0,60,13.2,0.00,Deactivated,14,16,17,1450,412
2026-08-25T11:15:30Z,0,0.2,0.0,60,13.2,0.00,Deactivated,14,16,17,1450,412
2026-08-25T11:15:40Z,0,0.2,0.0,60,13.2,0.00,Deactivated,14,16,17,1450,412
2026-08-25T11:15:50Z,0,0.2,0.0,60,13.2,0.00,Deactivated,14,16,17,1450,412
2026-08-25T11:16:00Z,0,0.2,0.0,60,13.2,0.00,Deactivated,14,16,17,1450,412
2026-08-25T11:16:10Z,0,0.2,0.0,60,13.2,0.00,Deactivated,14,16,17,1450,412
2026-08-25T11:16:20Z,0,0.2,0.0,60,13.2,0.00,Deactivated,14,16,17,1450,412
2026-08-25T11:16:30Z,0,0.2,0.0,60,13.2,0.00,Deactivated,14,16,17,1450,412
2026-08-25T11:16:38Z,0,0.2,0.0,60,13.2,0.00,Deactivated,14,16,17,1450,412
2026-08-25T11:16:48Z,0,0.2,0.0,60,13.2,0.00,Deactivated,14,16,17,1450,412
2026-08-25T11:16:58Z,0,0.2,0.0,60,13.2,0.00,Deactivated,14,16,17,1450,412
2026-08-25T11:17:08Z,0,0.2,0.0,60,13.2,0.00,Deactivated,14,16,17,1450,412
2026-08-25T11:17:16Z,0,0.2,0.0,60,13.2,0.00,Deactivated,14,16,17,1450,412
2026-08-25T11:17:26Z,0,0.2,0.0,60,13.2,0.00,Deactivated,14,16,17,1450,412
2026-08-25T11:17:34Z,15,39.0,0.38,60,13.8,0.87,MPPT Charging,15,16,15,1450,412
2026-08-25T11:17:44Z,15,38.9,0.39,60,13.8,1.38,MPPT Charging,15,16,15,1450,412
2026-08-25T11:17:54Z,15,38.9,0.39,60,13.8,1.88,MPPT Charging,15,16,15,1450,412
2026-08-25T11:18:04Z,16,38.8,0.41,60,13.8,2.39,MPPT Charging,16,17,15,1450,412
2026-08-25T11:18:14Z,16,38.8,0.41,61,13.8,2.90,MPPT Charging,16,17,15,1450,412
2026-08-25T11:18:24Z,16,38.7,0.41,61,13.8,3.41,MPPT Charging,16,17,15,1450,412
2026-08-25T11:18:34Z,16,38.7,0.41,62,13.8,3.91,MPPT Charging,16,17,15,1450,412
2026-08-25T11:18:44Z,16,38.7,0.41,62,13.8,4.42,MPPT Charging,16,17,15,1450,412
2026-08-25T11:18:54Z,16,38.6,0.41,63,13.8,4.93,MPPT Charging,17,17,15,1450,412
2026-08-25T11:19:04Z,16,38.6,0.41,63,13.8,5.43,MPPT Charging,17,17,15,1450,412
2026-08-25T11:19:14Z,16,38.5,0.42,64,13.8,5.94,MPPT Charging,17,17,15,1450,412
2026-08-25T11:19:22Z,16,38.5,0.42,65,13.8,6.38,MPPT Charging,17,17,15,1450,412
2026-08-25T11:19:30Z,16,38.4,0.42,65,13.8,6.74,MPPT Charging,17,17,15,1450,412
2026-08-25T11:19:38Z,16,38.4,0.42,66,13.8,7.17,MPPT Charging,17,17,15,1450,412
2026-08-25T11:19:46Z,16,38.4,0.42,67,13.8,7.54,MPPT Charging,18,17,15,1450,412
2026-08-25T11:19:56Z,16,38.3,0.42,68,13.8,8.03,MPPT Charging,18,17,15,1450,412
2026-08-25T11:20:06Z,16,38.3,0.42,68,13.8,8.55,MPPT Charging,18,17,15,1450,412
2026-08-25T11:20:14Z,16,38.2,0.42,69,13.8,8.91,MPPT Charging,18,17,15,1450,412
2026-08-25T11:20:24Z,16,38.2,0.42,70,13.8,9.42,MPPT Charging,18,17,15,1450,412
2026-08-25T11:20:34Z,16,38.2,0.42,71,13.9,9.77,MPPT Charging,19,18,15,1450,412
2026-08-25T11:20:42Z,16,38.1,0.42,72,13.9,10.22,MPPT Charging,19,18,15,1450,412
2026-08-25T11:20:52Z,16,38.1,0.42,73,13.9,10.65,MPPT Charging,19,18,15,1450,412
2026-08-25T11:21:00Z,16,38.0,0.42,74,13.9,11.01,MPPT Charging,19,18,15,1450,412
2026-08-25T11:21:08Z,16,38.0,0.42,75,13.9,11.44,MPPT Charging,19,18,15,1450,412
2026-08-25T11:21:18Z,16,38.0,0.42,76,13.9,11.87,MPPT Charging,20,18,15,1450,412
2026-08-25T11:21:27Z,16,37.9,0.42,77,13.9,12.23,MPPT Charging,20,18,15,1450,412
2026-08-25T11:21:36Z,16,37.9,0.42,79,13.9,12.73,MPPT Charging,20,18,15,1450,412
2026-08-25T11:21:46Z,16,37.8,0.42,80,13.9,13.17,MPPT Charging,20,18,15,1450,412
2026-08-25T11:21:54Z,16,37.8,0.42,81,13.9,13.53,MPPT Charging,20,18,15,1450,412
2026-08-25T11:22:04Z,17,37.8,0.45,83,14.0,13.86,MPPT Charging,21,18,15,1450,412
2026-08-25T11:22:12Z,17,37.7,0.45,84,14.0,14.21,MPPT Charging,21,19,15,1450,412
2026-08-25T11:22:20Z,17,37.7,0.45,85,14.0,14.57,MPPT Charging,21,19,15,1450,412
2026-08-25T11:22:28Z,17,37.7,0.45,86,14.0,14.93,MPPT Charging,21,19,15,1450,412
2026-08-25T11:22:36Z,17,37.6,0.45,88,14.0,15.21,MPPT Charging,21,19,15,1450,412
2026-08-25T11:22:46Z,17,37.6,0.45,89,14.0,15.64,MPPT Charging,22,19,15,1450,412
2026-08-25T11:22:54Z,17,37.6,0.45,91,14.0,16.00,MPPT Charging,22,19,15,1450,412
2026-08-25T11:23:04Z,17,37.5,0.45,92,14.0,16.43,MPPT Charging,22,19,15,1450,412
2026-08-25T11:23:14Z,17,37.5,0.45,94,14.1,16.67,MPPT Charging,22,19,15,1450,412
2026-08-25T11:23:24Z,17,37.5,0.45,96,14.1,17.09,MPPT Charging,22,19,15,1450,412
2026-08-25T11:23:32Z,17,37.4,0.45,97,14.1,17.38,MPPT Charging,23,19,15,1450,412
2026-08-25T11:23:40Z,17,37.4,0.45,100,14.2,1.90,MPPT Charging,18,20,15,1450,412
2026-08-25T11:23:48Z,17,37.4,0.45,100,14.2,1.90,MPPT Charging,19,20,15,1450,412
2026-08-25T11:23:56Z,17,37.3,0.46,100,14.2,1.90,MPPT Charging,19,20,15,1450,412
2026-08-25T11:24:06Z,17,37.3,0.46,100,14.2,1.90,MPPT Charging,19,20,15,1450,412
2026-08-25T11:24:16Z,17,37.3,0.46,100,14.2,1.90,MPPT Charging,19,20,15,1450,412
2026-08-25T11:24:26Z,17,37.2,0.46,100,14.2,1.90,MPPT Charging,19,20,15,1450,412
2026-08-25T11:24:34Z,17,37.2,0.46,100,14.2,1.90,MPPT Charging,19,20,15,1450,412
2026-08-25T11:24:44Z,17,37.2,0.46,100,14.2,1.90,MPPT Charging,19,20,15,1450,412
2026-08-25T11:24:52Z,17,37.2,0.46,100,14.2,1.90,MPPT Charging,19,20,15,1450,412
2026-08-25T11:25:00Z,18,37.1,0.49,100,14.2,1.90,MPPT Charging,19,20,15,1450,412
2026-08-25T11:25:10Z,18,37.1,0.49,100,14.2,1.90,MPPT Charging,20,21,15,1450,412
2026-08-25T11:25:20Z,18,37.1,0.49,100,14.2,1.90,MPPT Charging,20,21,15,1450,412
2026-08-25T11:25:28Z,18,37.1,0.49,100,14.2,1.90,MPPT Charging,20,21,15,1450,412
2026-08-25T11:25:38Z,18,37.0,0.49,100,14.2,1.90,MPPT Charging,20,21,15,1450,412
2026-08-25T11:25:46Z,18,37.0,0.49,100,14.2,1.90,MPPT Charging,20,21,15,1450,412
2026-08-25T11:25:56Z,18,37.0,0.49,100,14.2,1.90,MPPT Charging,20,21,15,1450,412
2026-08-25T11:26:06Z,18,36.9,0.49,100,14.2,1.90,MPPT Charging,20,21,15,1450,412
2026-08-25T11:26:16Z,18,36.9,0.49,100,14.2,1.90,MPPT Charging,20,21,15,1450,412
2026-08-25T11:26:24Z,18,36.9,0.49,100,14.2,1.90,MPPT Charging,20,22,15,1450,412
2026-08-25T11:26:34Z,18,36.9,0.49,100,14.2,1.90,MPPT Charging,21,22,15,1450,412
2026-08-25T11:26:44Z,18,36.8,0.49,100,14.2,1.90,MPPT Charging,21,22,15,1450,412
2026-08-25T11:26:54Z,18,36.8,0.49,100,14.2,1.90,MPPT Charging,21,22,15,1450,412
2026-08-25T11:27:04Z,18,36.8,0.49,100,14.2,1.90,MPPT Charging,21,22,15,1450,412
2026-08-25T11:27:12Z,18,36.8,0.49,100,14.2,1.90,MPPT Charging,21,22,15,1450,412
2026-08-25T11:27:22Z,18,36.8,0.49,100,14.2,1.90,MPPT Charging,21,22,15,1450,412
2026-08-25T11:27:30Z,18,36.7,0.49,100,14.2,1.90,MPPT Charging,21,22,15,1450,412
2026-08-25T11:27:40Z,18,36.7,0.49,100,14.2,1.90,MPPT Charging,21,23,15,1450,412
2026-08-25T11:27:50Z,18,36.7,0.49,100,14.2,1.90,MPPT Charging,22,23,15,1450,412
2026-08-25T11:28:00Z,18,36.7,0.49,100,14.2,1.90,MPPT Charging,22,23,15,1450,412
2026-08-25T11:28:10Z,18,36.7,0.49,100,14.2,1.90,MPPT Charging,22,23,15,1450,412
2026-08-25T11:28:20Z,18,36.7,0.49,100,14.2,1.90,MPPT Charging,22,23,15,1450,412
2026-08-25T11:28:28Z,18,36.6,0.49,100,14.2,1.90,MPPT Charging,22,23,15,1450,412
2026-08-25T11:28:36Z,18,36.6,0.49,100,14.2,1.90,MPPT Charging,22,23,15,1450,412
2026-08-25T11:28:46Z,18,36.6,0.49,100,14.2,1.90,MPPT Charging,22,23,15,1450,412
2026-08-25T11:28:56Z,18,36.6,0.49,100,14.2,1.90,MPPT Charging,22,24,15,1450,412
2026-08-25T11:29:04Z,19,36.6,0.52,100,14.2,1.90,MPPT Charging,23,24,15,1450,412
2026-08-25T11:29:14Z,19,36.6,0.52,100,14.2,1.90,MPPT Charging,23,24,15,1450,412
2026-08-25T11:29:24Z,19,36.6,0.52,100,14.2,1.90,MPPT Charging,23,24,15,1450,412
2026-08-25T11:29:32Z,19,36.6,0.52,100,14.2,1.90,MPPT Charging,23,24,15,1450,412
2026-08-25T11:29:40Z,19,36.6,0.52,100,14.2,1.90,MPPT Charging,23,24,15,1450,412
2026-08-25T11:29:50Z,19,36.5,0.52,100,14.2,1.90,MPPT Charging,23,24,15,1450,412
2026-08-25T11:30:00Z,19,36.5,0.52,100,14.2,1.90,MPPT Charging,23,24,15,1450,412
2026-08-25T11:30:10Z,19,36.5,0.52,100,14.2,1.90,MPPT Charging,23,24,15,1450,412
2026-08-25T11:30:20Z,19,36.5,0.52,100,14.2,1.90,MPPT Charging,23,25,15,1450,412
2026-08-25T11:30:28Z,19,36.5,0.52,100,14.2,1.90,MPPT Charging,24,25,15,1450,412
2026-08-25T11:30:38Z,19,36.5,0.52,100,14.2,1.90,MPPT Charging,24,25,15,1450,412
2026-08-25T11:30:46Z,19,36.5,0.52,100,14.2,1.90,MPPT Charging,24,25,15,1450,412
2026-08-25T11:30:56Z,19,36.5,0.52,100,14.2,1.90,MPPT Charging,24,25,15,1450,412
2026-08-25T11:31:06Z,19,36.5,0.52,100,14.2,1.90,MPPT Charging,24,25,15,1450,412
2026-08-25T11:31:16Z,19,36.5,0.52,100,14.2,1.90,MPPT Charging,24,25,15,1450,412
2026-08-25T11:31:26Z,19,36.5,0.52,100,14.2,1.90,MPPT Charging,24,25,15,1450,412
2026-08-25T11:31:36Z,19,36.5,0.52,100,14.2,1.90,MPPT Charging,24,25,15,1450,412
2026-08-25T11:31:46Z,19,36.5,0.52,100,14.2,1.90,MPPT Charging,24,26,15,1450,412
2026-08-25T11:31:56Z,19,36.5,0.52,100,14.2,1.90,MPPT Charging,25,26,15,1450,412
2026-08-25T11:32:06Z,19,36.5,0.52,100,14.2,1.90,MPPT Charging,25,26,15,1450,412
2026-08-25T11:32:16Z,19,36.5,0.52,100,14.2,1.90,MPPT Charging,25,26,15,1450,412
2026-08-25T11:32:24Z,19,36.5,0.52,100,14.2,1.90,MPPT Charging,25,26,15,1450,412
2026-08-25T11:32:34Z,19,36.5,0.52,100,14.2,1.90,MPPT Charging,25,26,15,1450,412
2026-08-25T11:32:44Z,19,36.5,0.52,100,14.2,1.90,MPPT Charging,25,26,15,1450,412
2026-08-25T11:32:54Z,19,36.5,0.52,100,14.2,1.90,MPPT Charging,25,26,15,1450,412
2026-08-25T11:33:04Z,20,36.5,0.55,100,14.2,1.90,MPPT Charging,25,26,15,1450,412
2026-08-25T11:33:14Z,20,36.5,0.55,100,14.2,1.90,MPPT Charging,25,26,15,1450,412
2026-08-25T11:33:24Z,20,36.6,0.55,100,14.2,1.90,MPPT Charging,25,27,15,1450,412
2026-08-25T11:33:34Z,20,36.6,0.55,100,14.2,1.90,MPPT Charging,25,27,15,1450,412
2026-08-25T11:33:44Z,20,36.6,0.55,100,14.2,1.90,MPPT Charging,26,27,15,1450,412
2026-08-25T11:33:54Z,20,36.6,0.55,100,14.2,1.90,MPPT Charging,26,27,15,1450,412
2026-08-25T11:34:04Z,20,36.6,0.55,100,14.2,1.90,MPPT Charging,26,27,15,1450,412
2026-08-25T11:34:12Z,20,36.6,0.55,100,14.2,1.90,MPPT Charging,26,27,15,1450,412
2026-08-25T11:34:20Z,20,36.6,0.55,100,14.2,1.90,MPPT Charging,26,27,15,1450,412
2026-08-25T11:34:30Z,20,36.6,0.55,100,14.2,1.90,MPPT Charging,26,27,15,1450,412
2026-08-25T11:34:40Z,20,36.7,0.54,100,14.2,1.90,MPPT Charging,26,27,15,1450,412
2026-08-25T11:34:48Z,20,36.7,0.54,100,14.2,1.90,MPPT Charging,26,27,15,1450,412
2026-08-25T11:34:56Z,20,36.7,0.54,100,14.2,1.90,MPPT Charging,26,27,15,1450,412
2026-08-25T11:35:06Z,20,36.7,0.54,100,14.2,1.90,MPPT Charging,26,27,15,1450,412
2026-08-25T11:35:16Z,20,36.7,0.54,100,14.2,1.90,MPPT Charging,26,27,15,1450,412
2026-08-25T11:35:24Z,20,36.7,0.54,100,14.2,1.90,MPPT Charging,26,27,15,1450,412
2026-08-25T11:35:34Z,20,36.8,0.54,100,14.2,1.90,MPPT Charging,26,27,15,1450,412
2026-08-25T11:35:44Z,20,36.8,0.54,100,14.2,1.90,MPPT Charging,26,28,15,1450,412
2026-08-25T11:35:54Z,20,36.8,0.54,100,14.2,1.90,MPPT Charging,26,28,15,1450,412
2026-08-25T11:36:04Z,20,36.8,0.54,100,14.2,1.90,MPPT Charging,27,28,15,1450,412
2026-08-25T11:36:12Z,20,36.8,0.54,100,14.2,1.90,MPPT Charging,27,28,15,1450,412
2026-08-25T11:36:20Z,20,36.9,0.54,100,14.2,1.90,MPPT Charging,27,28,15,1450,412
2026-08-25T11:36:30Z,20,36.9,0.54,100,14.2,1.90,MPPT Charging,27,28,15,1450,412
2026-08-25T11:36:40Z,20,36.9,0.54,100,14.2,1.90,MPPT Charging,27,28,15,1450,412
2026-08-25T11:36:50Z,20,36.9,0.54,100,14.2,1.90,MPPT Charging,27,28,15,1450,412
2026-08-25T11:37:00Z,21,37.0,0.57,100,14.2,1.90,MPPT Charging,27,28,15,1450,412
2026-08-25T11:37:08Z,21,37.0,0.57,100,14.2,1.90,MPPT Charging,27,28,15,1450,412
2026-08-25T11:37:16Z,21,37.0,0.57,100,14.2,1.90,MPPT Charging,27,28,15,1450,412
2026-08-25T11:37:24Z,21,37.0,0.57,100,14.2,1.90,MPPT Charging,27,28,15,1450,412
2026-08-25T11:37:34Z,21,37.1,0.57,100,14.2,1.90,MPPT Charging,27,28,15,1450,412
2026-08-25T11:37:42Z,21,37.1,0.57,100,14.2,1.90,MPPT Charging,27,28,15,1450,412
2026-08-25T11:37:50Z,21,37.1,0.57,100,14.2,1.90,MPPT Charging,27,28,15,1450,412
2026-08-25T11:37:58Z,21,37.1,0.57,100,14.2,1.90,MPPT Charging,27,28,15,1450,412
2026-08-25T11:38:06Z,21,37.2,0.56,100,14.2,1.90,MPPT Charging,27,28,15,1450,412
2026-08-25T11:38:16Z,21,37.2,0.56,100,14.2,1.90,MPPT Charging,27,28,15,1450,412
2026-08-25T11:38:26Z,21,37.2,0.56,100,14.2,1.90,MPPT Charging,27,28,15,1450,412
2026-08-25T11:38:36Z,21,37.3,0.56,100,14.2,1.90,MPPT Charging,27,28,15,1450,412
2026-08-25T11:38:46Z,21,37.3,0.56,100,14.2,1.90,MPPT Charging,27,28,15,1450,412
2026-08-25T11:38:54Z,21,37.3,0.56,100,14.2,1.90,MPPT Charging,27,28,15,1450,412
2026-08-25T11:39:04Z,21,37.3,0.56,100,14.2,1.90,MPPT Charging,27,28,15,1450,412
2026-08-25T11:39:14Z,21,37.4,0.56,100,14.2,1.90,MPPT Charging,27,28,15,1450,412
2026-08-25T11:39:24Z,21,37.4,0.56,100,14.2,1.90,MPPT Charging,27,28,15,1450,412
2026-08-25T11:39:34Z,21,37.5,0.56,100,14.2,1.90,MPPT Charging,27,28,15,1450,412
2026-08-25T11:39:44Z,21,37.5,0.56,100,14.2,1.90,MPPT Charging,27,28,15,1450,412
2026-08-25T11:39:54Z,21,37.5,0.56,100,14.2,1.90,MPPT Charging,27,28,15,1450,412
2026-08-25T11:40:04Z,22,37.6,0.59,100,14.2,1.90,MPPT Charging,27,28,15,1450,412
2026-08-25T11:40:14Z,22,37.6,0.59,100,14.2,1.90,MPPT Charging,27,28,15,1450,412
2026-08-25T11:40:22Z,22,37.6,0.59,100,14.2,1.90,MPPT Charging,27,28,15,1450,412
2026-08-25T11:40:32Z,22,37.7,0.58,100,14.2,1.90,MPPT Charging,27,28,15,1450,412
2026-08-25T11:40:40Z,22,37.7,0.58,100,14.2,1.90,MPPT Charging,27,28,15,1450,412
2026-08-25T11:40:50Z,22,37.8,0.58,100,14.2,1.90,MPPT Charging,27,28,15,1450,412
2026-08-25T11:41:00Z,22,37.8,0.58,100,14.2,1.90,MPPT Charging,27,28,15,1450,412
2026-08-25T11:41:10Z,22,37.8,0.58,100,14.2,1.90,MPPT Charging,27,28,15,1450,412
2026-08-25T11:41:18Z,22,37.9,0.58,100,14.2,1.90,MPPT Charging,27,28,15,1450,412
2026-08-25T11:41:28Z,22,37.9,0.58,100,14.2,1.90,MPPT Charging,27,28,15,1450,412
2026-08-25T11:41:36Z,22,37.9,0.58,100,14.2,1.90,MPPT Charging,27,28,15,1450,412
2026-08-25T11:41:46Z,22,38.0,0.58,100,14.2,1.90,MPPT Charging,27,28,15,1450,412
2026-08-25T11:41:56Z,22,38.0,0.58,100,14.2,1.90,MPPT Charging,27,28,15,1450,412
2026-08-25T11:42:06Z,22,38.1,0.58,100,14.2,1.90,MPPT Charging,26,28,15,1450,412
2026-08-25T11:42:14Z,22,38.1,0.58,100,14.2,1.90,MPPT Charging,26,28,15,1450,412
2026-08-25T11:42:22Z,22,38.1,0.58,100,14.2,1.90,MPPT Charging,26,27,15,1450,412
2026-08-25T11:42:30Z,22,38.2,0.58,100,14.2,1.90,MPPT Charging,26,27,15,1450,412
2026-08-25T11:42:40Z,22,38.2,0.58,100,14.2,1.90,MPPT Charging,26,27,15,1450,412
2026-08-25T11:42:50Z,22,38.3,0.57,100,14.2,1.90,MPPT Charging,26,27,15,1450,412
2026-08-25T11:43:00Z,22,38.3,0.57,100,14.2,0.00,MPPT Charging,26,27,20,1450,412
2026-08-25T11:43:10Z,22,38.4,0.57,100,14.2,0.00,MPPT Charging,26,27,20,1450,412
2026-08-25T11:43:18Z,22,38.4,0.57,100,14.2,0.00,MPPT Charging,26,27,20,1450,412
2026-08-25T11:43:28Z,22,38.4,0.57,100,14.2,0.00,MPPT Charging,26,27,20,1450,412
2026-08-25T11:43:36Z,22,38.5,0.57,100,14.2,0.00,MPPT Charging,26,27,20,1450,412
2026-08-25T11:43:44Z,22,38.5,0.57,100,14.2,0.00,MPPT Charging,26,27,20,1450,412
2026-08-25T11:43:54Z,22,38.6,0.57,100,14.2,0.00,MPPT Charging,26,27,20,1450,412
2026-08-25T11:44:04Z,23,38.6,0.6,100,14.2,0.00,MPPT Charging,26,27,20,1450,412
2026-08-25T11:44:12Z,23,38.6,0.6,100,14.2,0.00,MPPT Charging,26,27,20,1450,412
2026-08-25T11:44:20Z,23,38.7,0.59,100,14.2,0.00,MPPT Charging,26,27,20,1450,412
2026-08-25T11:44:28Z,23,38.7,0.59,100,14.2,0.00,MPPT Charging,25,27,20,1450,412
2026-08-25T11:44:38Z,23,38.8,0.59,100,14.2,0.00,MPPT Charging,25,26,20,1450,412
2026-08-25T11:44:48Z,23,38.8,0.59,100,14.2,0.00,MPPT Charging,25,26,20,1450,412
2026-08-25T11:44:56Z,23,38.8,0.59,100,14.2,0.00,MPPT Charging,25,26,20,1450,412
2026-08-25T11:45:06Z,23,38.9,0.59,100,14.2,0.00,MPPT Charging,25,26,21,1450,412
2026-08-25T11:45:14Z,23,38.9,0.59,100,14.2,0.00,MPPT Charging,25,26,25,1450,412
2026-08-25T11:45:24Z,23,39.0,0.59,100,14.2,0.00,MPPT Charging,25,26,32,1450,412
2026-08-25T11:45:32Z,0,0.2,0.0,100,13.3,0.00,Deactivated,24,26,65,1450,412
2026-08-25T11:45:42Z,0,0.2,0.0,100,13.3,0.00,Deactivated,24,26,65,1450,412
2026-08-25T11:45:50Z,0,0.2,0.0,100,13.3,0.00,Deactivated,24,26,65,1450,412
2026-08-25T11:46:00Z,0,0.2,0.0,100,13.3,0.00,Deactivated,24,26,65,1450,412
2026-08-25T11:46:08Z,0,0.2,0.0,100,13.3,0.00,Deactivated,24,26,65,1450,412
2026-08-25T11:46:16Z,0,0.2,0.0,100,13.3,0.00,Deactivated,24,26,65,1450,412
2026-08-25T11:46:24Z,0,0.2,0.0,100,13.3,0.00,Deactivated,23,25,65,1450,412
2026-08-25T11:46:34Z,0,0.2,0.0,100,13.3,0.00,Deactivated,23,25,65,1450,412
2026-08-25T11:46:42Z,0,0.2,0.0,100,13.3,0.00,Deactivated,23,25,65,1450,412
2026-08-25T11:46:50Z,0,0.2,0.0,100,13.3,0.00,Deactivated,23,25,65,1450,412
2026-08-25T11:46:58Z,0,0.2,0.0,100,13.3,0.00,Deactivated,23,25,65,1450,412
2026-08-25T11:47:06Z,0,0.2,0.0,100,13.3,0.00,Deactivated,23,25,65,1450,412
2026-08-25T11:47:16Z,0,0.2,0.0,100,13.3,0.00,Deactivated,23,25,65,1450,412
2026-08-25T11:47:24Z,0,0.2,0.0,100,13.3,0.00,Deactivated,23,25,65,1450,412
2026-08-25T11:47:34Z,0,0.2,0.0,100,13.3,0.00,Deactivated,23,25,65,1450,412
2026-08-25T11:47:44Z,0,0.2,0.0,100,13.3,0.00,Deactivated,23,25,65,1450,412
2026-08-25T11:47:54Z,0,0.2,0.0,100,13.3,0.00,Deactivated,22,24,65,1450,412
2026-08-25T11:48:04Z,0,0.2,0.0,99,13.3,0.00,Deactivated,22,24,65,1450,412
2026-08-25T11:48:14Z,0,0.2,0.0,99,13.3,0.00,Deactivated,22,24,65,1450,412
2026-08-25T11:48:22Z,0,0.2,0.0,99,13.3,0.00,Deactivated,22,24,65,1450,412
2026-08-25T11:48:30Z,0,0.2,0.0,99,13.3,0.00,Deactivated,22,24,65,1450,412
2026-08-25T11:48:40Z,0,0.2,0.0,99,13.3,0.00,Deactivated,22,24,65,1450,412
2026-08-25T11:48:50Z,0,0.2,0.0,99,13.3,0.00,Deactivated,22,24,65,1450,412
2026-08-25T11:48:58Z,0,0.2,0.0,99,13.3,0.00,Deactivated,22,24,65,1450,412
2026-08-25T11:49:08Z,0,0.2,0.0,99,13.3,0.00,Deactivated,22,24,65,1450,412
2026-08-25T11:49:16Z,0,0.2,0.0,99,13.3,0.00,Deactivated,21,23,65,1450,412
2026-08-25T11:49:24Z,0,0.2,0.0,99,13.3,0.00,Deactivated,21,23,65,1450,412
2026-08-25T11:49:34Z,0,0.2,0.0,99,13.3,0.00,Deactivated,21,23,65,1450,412
2026-08-25T11:49:44Z,0,0.2,0.0,99,13.3,0.00,Deactivated,21,23,65,1450,412
2026-08-25T11:49:52Z,0,0.2,0.0,99,13.3,0.00,Deactivated,21,23,65,1450,412
2026-08-25T11:50:00Z,0,0.2,0.0,99,13.3,0.00,Deactivated,21,23,65,1450,412
2026-08-25T11:50:10Z,0,0.2,0.0,99,13.3,0.00,Deactivated,21,23,65,1450,412
2026-08-25T11:50:18Z,0,0.2,0.0,99,13.3,0.00,Deactivated,21,23,65,1450,412
2026-08-25T11:50:28Z,0,0.2,0.0,99,13.3,0.00,Deactivated,20,22,65,1450,412
2026-08-25T11:50:38Z,0,0.2,0.0,99,13.3,0.00,Deactivated,20,22,65,1450,412
2026-08-25T11:50:48Z,0,0.2,0.0,99,13.3,0.00,Deactivated,20,22,65,1450,412
2026-08-25T11:50:56Z,0,0.2,0.0,99,13.3,0.00,Deactivated,20,22,65,1450,412
2026-08-25T11:51:06Z,0,0.2,0.0,99,13.3,0.00,Deactivated,20,22,17,1450,412
2026-08-25T11:51:14Z,0,0.2,0.0,99,13.3,0.00,Deactivated,20,22,17,1450,412
2026-08-25T11:51:22Z,0,0.2,0.0,99,13.3,0.00,Deactivated,20,22,17,1450,412
2026-08-25T11:51:30Z,0,0.2,0.0,99,13.3,0.00,Deactivated,20,22,17,1450,412
2026-08-25T11:51:38Z,0,0.2,0.0,99,13.3,0.00,Deactivated,20,22,17,1450,412
2026-08-25T11:51:48Z,0,0.2,0.0,99,13.3,0.00,Deactivated,19,21,17,1450,412
2026-08-25T11:51:57Z,0,0.2,0.0,99,13.3,0.00,Deactivated,19,21,17,1450,412
2026-08-25T11:52:06Z,0,0.2,0.0,99,13.3,0.00,Deactivated,19,21,17,1450,412
2026-08-25T11:52:14Z,0,0.2,0.0,99,13.3,0.00,Deactivated,19,21,17,1450,412
2026-08-25T11:52:24Z,0,0.2,0.0,99,13.3,0.00,Deactivated,19,21,17,1450,412
2026-08-25T11:52:32Z,0,0.2,0.0,99,13.3,0.00,Deactivated,19,21,17,1450,412
2026-08-25T11:52:40Z,0,0.2,0.0,99,13.3,0.00,Deactivated,19,21,17,1450,412
2026-08-25T11:52:48Z,0,0.2,0.0,99,13.3,0.00,Deactivated,19,21,17,1450,412
2026-08-25T11:52:58Z,0,0.2,0.0,99,13.3,0.00,Deactivated,19,21,17,1450,412
2026-08-25T11:53:08Z,0,0.2,0.0,62,13.2,0.00,Deactivated,18,20,17,1450,412
2026-08-25T11:53:16Z,0,0.2,0.0,62,13.2,0.00,Deactivated,18,20,17,1450,412
2026-08-25T11:53:26Z,0,0.2,0.0,62,13.2,0.00,Deactivated,18,20,17,1450,412
2026-08-25T11:53:36Z,0,0.2,0.0,62,13.2,0.00,Deactivated,18,20,17,1450,412
2026-08-25T11:53:46Z,0,0.2,0.0,62,13.2,0.00,Deactivated,18,20,17,1450,412
2026-08-25T11:53:56Z,0,0.2,0.0,62,13.2,0.00,Deactivated,18,20,17,1450,412
2026-08-25T11:54:06Z,0,0.2,0.0,62,13.2,0.00,Deactivated,18,20,17,1450,412
2026-08-25T11:54:14Z,0,0.2,0.0,62,13.2,0.00,Deactivated,18,20,17,1450,412
2026-08-25T11:54:24Z,0,0.2,0.0,62,13.2,0.00,Deactivated,17,19,17,1450,412
2026-08-25T11:54:34Z,0,0.2,0.0,62,13.2,0.00,Deactivated,17,19,17,1450,412
2026-08-25T11:54:44Z,0,0.2,0.0,62,13.2,0.00,Deactivated,17,19,17,1450,412
2026-08-25T11:54:54Z,0,0.2,0.0,62,13.2,0.00,Deactivated,17,19,17,1450,412
2026-08-25T11:55:04Z,0,0.2,0.0,62,13.2,0.00,Deactivated,17,19,17,1450,412
2026-08-25T11:55:12Z,0,0.2,0.0,62,13.2,0.00,Deactivated,17,19,17,1450,412
2026-08-25T11:55:22Z,0,0.2,0.0,62,13.2,0.00,Deactivated,17,19,17,1450,412
2026-08-25T11:55:30Z,0,0.2,0.0,61,13.2,0.00,Deactivated,17,19,17,1450,412
2026-08-25T11:55:40Z,0,0.2,0.0,61,13.2,0.00,Deactivated,17,19,17,1450,412
2026-08-25T11:55:48Z,0,0.2,0.0,61,13.2,0.00,Deactivated,17,19,17,1450,412
2026-08-25T11:55:56Z,0,0.2,0.0,61,13.2,0.00,Deactivated,16,18,17,1450,412
2026-08-25T11:56:06Z,0,0.2,0.0,61,13.2,0.00,Deactivated,16,18,17,1450,412
2026-08-25T11:56:14Z,0,0.2,0.0,61,13.2,0.00,Deactivated,16,18,17,1450,412
2026-08-25T11:56:24Z,0,0.2,0.0,61,13.2,0.00,Deactivated,16,18,17,1450,412
2026-08-25T11:56:34Z,0,0.2,0.0,61,13.2,0.00,Deactivated,16,18,17,1450,412
2026-08-25T11:56:44Z,0,0.2,0.0,61,13.2,0.00,Deactivated,16,18,17,1450,412
2026-08-25T11:56:54Z,0,0.2,0.0,61,13.2,0.00,Deactivated,16,18,17,1450,412
2026-08-25T11:57:04Z,0,0.2,0.0,61,13.2,0.00,Deactivated,16,18,17,1450,412
2026-08-25T11:57:12Z,0,0.2,0.0,61,13.2,0.00,Deactivated,16,18,17,1450,412
2026-08-25T11:57:20Z,0,0.2,0.0,61,13.2,0.00,Deactivated,16,18,17,1450,412
2026-08-25T11:57:30Z,0,0.2,0.0,61,13.2,0.00,Deactivated,16,18,17,1450,412
2026-08-25T11:57:38Z,0,0.2,0.0,61,13.2,0.00,Deactivated,15,17,17,1450,412
2026-08-25T11:57:48Z,0,0.2,0.0,61,13.2,0.00,Deactivated,15,17,17,1450,412
2026-08-25T11:57:56Z,0,0.2,0.0,61,13.2,0.00,Deactivated,15,17,17,1450,412
2026-08-25T11:58:06Z,0,0.2,0.0,61,13.2,0.00,Deactivated,15,17,17,1450,412
2026-08-25T11:58:16Z,0,0.2,0.0,61,13.2,0.00,Deactivated,15,17,17,1450,412
2026-08-25T11:58:26Z,0,0.2,0.0,61,13.2,0.00,Deactivated,15,17,17,1450,412
2026-08-25T11:58:34Z,0,0.2,0.0,61,13.2,0.00,Deactivated,15,17,17,1450,412
2026-08-25T11:58:44Z,0,0.2,0.0,61,13.2,0.00,Deactivated,15,17,17,1450,412
2026-08-25T11:58:54Z,0,0.2,0.0,61,13.2,0.00,Deactivated,15,17,17,1450,412
2026-08-25T11:59:04Z,0,0.2,0.0,61,13.2,0.00,Deactivated,15,17,17,1450,412
2026-08-25T11:59:14Z,0,0.2,0.0,61,13.2,0.00,Deactivated,15,17,17,1450,412
2026-08-25T11:59:22Z,0,0.2,0.0,61,13.2,0.00,Deactivated,15,17,17,1450,412
2026-08-25T11:59:30Z,0,0.2,0.0,61,13.2,0.00,Deactivated,15,17,17,1450,412
2026-08-25T11:59:38Z,0,0.2,0.0,61,13.2,0.00,Deactivated,15,17,17,1450,412
2026-08-25T11:59:48Z,0,0.2,0.0,61,13.2,0.00,Deactivated,15,17,17,1450,412
2026-08-25T11:59:56Z,0,0.2,0.0,61,13.2,0.00,Deactivated,15,17,17,1450,412
2026-08-25T12:00:06Z,0,0.2,0.0,61,13.2,0.00,Deactivated,14,16,17,1450,412
2026-08-25T12:00:14Z,0,0.2,0.0,61,13.2,0.00,Deactivated,14,16,17,1450,412
2026-08-25T12:00:24Z,0,0.2,0.0,61,13.2,0.00,Deactivated,14,16,17,1450,412
2026-08-25T12:00:34Z,0,0.2,0.0,60,13.2,0.00,Deactivated,14,16,17,1450,412
2026-08-25T12:00:44Z,0,0.2,0.0,60,13.2,0.00,Deactivated,14,16,17,1450,412
2026-08-25T12:00:54Z,0,0.2,0.0,60,13.2,0.00,Deactivated,14,16,17,1450,412
2026-08-25T12:01:04Z,0,0.2,0.0,60,13.2,0.00,Deactivated,14,16,17,1450,412
2026-08-25T12:01:12Z,0,0.2,0.0,60,13.2,0.00,Deactivated,14,16,17,1450,412
2026-08-25T12:01:22Z,0,0.2,0.0,60,13.2,0.00,Deactivated,14,16,17,1450,412
2026-08-25T12:01:30Z,0,0.2,0.0,60,13.2,0.00,Deactivated,14,16,17,1450,412
2026-08-25T12:01:40Z,0,0.2,0.0,60,13.2,0.00,Deactivated,14,16,17,1450,412
2026-08-25T12:01:50Z,0,0.2,0.0,60,13.2,0.00,Deactivated,14,16,17,1450,412
2026-08-25T12:01:58Z,0,0.2,0.0,60,13.2,0.00,Deactivated,14,16,17,1450,412
2026-08-25T12:02:06Z,0,0.2,0.0,60,13.2,0.00,Deactivated,14,16,17,1450,412
2026-08-25T12:02:16Z,0,0.2,0.0,60,13.2,0.00,Deactivated,14,16,17,1450,412
2026-08-25T12:02:24Z,0,0.2,0.0,60,13.2,0.00,Deactivated,14,16,17,1450,412
2026-08-25T12:02:32Z,0,0.2,0.0,60,13.2,0.00,Deactivated,14,16,17,1450,412
2026-08-25T12:02:40Z,0,0.2,0.0,60,13.2,0.00,Deactivated,14,16,17,1450,412
2026-08-25T12:02:48Z,0,0.2,0.0,60,13.2,0.00,Deactivated,14,16,17,1450,412
2026-08-25T12:02:58Z,0,0.2,0.0,60,13.2,0.00,Deactivated,14,16,17,1450,412
2026-08-25T12:03:08Z,0,0.2,0.0,60,13.2,0.00,Deactivated,14,16,17,1450,412
2026-08-25T12:03:18Z,0,0.2,0.0,60,13.2,0.00,Deactivated,14,16,17,1450,412
2026-08-25T12:03:28Z,0,0.2,0.0,60,13.2,0.00,Deactivated,14,16,17,1450,412
2026-08-25T12:03:38Z,0,0.2,0.0,60,13.2,0.00,Deactivated,14,16,17,1450,412
2026-08-25T12:03:46Z,0,0.2,0.0,60,13.2,0.00,Deactivated,14,16,17,1450,412
2026-08-25T12:03:56Z,0,0.2,0.0,60,13.2,0.00,Deactivated,14,16,17,1450,412
2026-08-25T12:04:04Z,0,0.2,0.0,60,13.2,0.00,Deactivated,14,16,17,1450,412
2026-08-25T12:04:14Z,0,0.2,0.0,60,13.2,0.00,Deactivated,14,16,17,1450,412
2026-08-25T12:04:22Z,0,0.2,0.0,60,13.2,0.00,Deactivated,14,16,17,1450,412
2026-08-25T12:04:32Z,0,0.2,0.0,60,13.2,0.00,Deactivated,14,16,17,1450,412
2026-08-25T12:04:40Z,0,0.2,0.0,60,13.2,0.00,Deactivated,14,16,17,1450,412
2026-08-25T12:04:48Z,0,0.2,0.0,60,13.2,0.00,Deactivated,14,16,17,1450,412
2026-08-25T12:04:58Z,0,0.2,0.0,60,13.2,0.00,Deactivated,14,16,17,1450,412
2026-08-25T12:05:08Z,0,0.2,0.0,60,13.2,0.00,Deactivated,14,16,17,1450,412
2026-08-25T12:05:18Z,0,0.2,0.0,60,13.2,0.00,Deactivated,14,16,17,1450,412
2026-08-25T12:05:28Z,0,0.2,0.0,59,13.2,0.00,Deactivated,14,16,17,1450,412
2026-08-25T12:05:38Z,28,39.0,0.72,60,13.8,1.09,MPPT Charging,15,16,15,1450,412
2026-08-25T12:05:46Z,28,38.9,0.72,60,13.8,1.52,MPPT Charging,15,16,15,1450,412
2026-08-25T12:05:56Z,28,38.9,0.72,60,13.8,2.02,MPPT Charging,15,16,15,1450,412
2026-08-25T12:06:04Z,29,38.8,0.75,60,13.8,2.39,MPPT Charging,16,17,15,1450,412
2026-08-25T12:06:12Z,29,38.8,0.75,61,13.8,2.83,MPPT Charging,16,17,15,1450,412
2026-08-25T12:06:22Z,29,38.8,0.75,61,13.8,3.33,MPPT Charging,16,17,15,1450,412
2026-08-25T12:06:30Z,29,38.7,0.75,62,13.8,3.77,MPPT Charging,16,17,15,1450,412
2026-08-25T12:06:38Z,29,38.7,0.75,62,13.8,4.13,MPPT Charging,16,17,15,1450,412
2026-08-25T12:06:48Z,29,38.6,0.75,63,13.8,4.63,MPPT Charging,16,17,15,1450,412
2026-08-25T12:06:56Z,29,38.6,0.75,63,13.8,5.07,MPPT Charging,17,17,15,1450,412
2026-08-25T12:07:04Z,29,38.6,0.75,63,13.8,5.43,MPPT Charging,17,17,15,1450,412
2026-08-25T12:07:14Z,29,38.5,0.75,64,13.8,5.94,MPPT Charging,17,17,15,1450,412
2026-08-25T12:07:24Z,29,38.5,0.75,65,13.8,6.45,MPPT Charging,17,17,15,1450,412
2026-08-25T12:07:32Z,29,38.4,0.76,66,13.8,6.88,MPPT Charging,17,17,15,1450,412
2026-08-25T12:07:42Z,29,38.4,0.76,66,13.8,7.32,MPPT Charging,17,17,15,1450,412
2026-08-25T12:07:52Z,29,38.3,0.76,67,13.8,7.83,MPPT Charging,18,17,15,1450,412
2026-08-25T12:08:00Z,29,38.3,0.76,68,13.8,8.26,MPPT Charging,18,17,15,1450,412
2026-08-25T12:08:08Z,29,38.3,0.76,69,13.8,8.61,MPPT Charging,18,17,15,1450,412
2026-08-25T12:08:18Z,29,38.2,0.76,70,13.8,9.13,MPPT Charging,18,17,15,1450,412
2026-08-25T12:08:28Z,29,38.2,0.76,71,13.9,9.50,MPPT Charging,19,18,15,1450,412
2026-08-25T12:08:36Z,29,38.1,0.76,71,13.9,9.93,MPPT Charging,19,18,15,1450,412
2026-08-25T12:08:44Z,29,38.1,0.76,72,13.9,10.29,MPPT Charging,19,18,15,1450,412
2026-08-25T12:08:54Z,29,38.1,0.76,74,13.9,10.79,MPPT Charging,19,18,15,1450,412
2026-08-25T12:09:04Z,29,38.0,0.76,75,13.9,11.22,MPPT Charging,19,18,15,1450,412
2026-08-25T12:09:12Z,29,38.0,0.76,76,13.9,11.58,MPPT Charging,19,18,15,1450,412
2026-08-25T12:09:20Z,29,38.0,0.76,77,13.9,11.94,MPPT Charging,20,18,15,1450,412
2026-08-25T12:09:30Z,29,37.9,0.77,78,13.9,12.45,MPPT Charging,20,18,15,1450,412
2026-08-25T12:09:38Z,29,37.9,0.77,79,13.9,12.81,MPPT Charging,20,18,15,1450,412
2026-08-25T12:09:46Z,29,37.8,0.77,80,13.9,13.17,MPPT Charging,20,18,15,1450,412
2026-08-25T12:09:56Z,29,37.8,0.77,82,13.9,13.60,MPPT Charging,20,18,15,1450,412
2026-08-25T12:10:06Z,30,37.8,0.79,83,14.0,13.93,MPPT Charging,21,18,15,1450,412
2026-08-25T12:10:14Z,30,37.7,0.8,84,14.0,14.29,MPPT Charging,21,19,15,1450,412
2026-08-25T12:10:24Z,30,37.7,0.8,86,14.0,14.71,MPPT Charging,21,19,15,1450,412
2026-08-25T12:10:32Z,30,37.7,0.8,87,14.0,15.07,MPPT Charging,21,19,15,1450,412
2026-08-25T12:10:40Z,30,37.6,0.8,88,14.0,15.43,MPPT Charging,21,19,15,1450,412
2026-08-25T12:10:50Z,30,37.6,0.8,90,14.0,15.79,MPPT Charging,22,19,15,1450,412
2026-08-25T12:11:00Z,30,37.6,0.8,92,14.0,16.21,MPPT Charging,22,19,15,1450,412
2026-08-25T12:11:10Z,30,37.5,0.8,93,14.0,16.64,MPPT Charging,22,19,15,1450,412
2026-08-25T12:11:18Z,30,37.5,0.8,95,14.1,16.80,MPPT Charging,22,19,15,1450,412
2026-08-25T12:11:28Z,30,37.4,0.8,97,14.1,17.23,MPPT Charging,23,19,15,1450,412
2026-08-25T12:11:36Z,30,37.4,0.8,98,14.1,17.52,MPPT Charging,23,19,15,1450,412
2026-08-25T12:11:46Z,30,37.4,0.8,100,14.2,1.90,MPPT Charging,18,20,15,1450,412
2026-08-25T12:11:56Z,30,37.3,0.8,100,14.2,1.90,MPPT Charging,19,20,15,1450,412
2026-08-25T12:12:06Z,30,37.3,0.8,100,14.2,1.90,MPPT Charging,19,20,15,1450,412
2026-08-25T12:12:16Z,30,37.3,0.8,100,14.2,1.90,MPPT Charging,19,20,15,1450,412
2026-08-25T12:12:24Z,30,37.3,0.8,100,14.2,1.90,MPPT Charging,19,20,15,1450,412
2026-08-25T12:12:32Z,30,37.2,0.81,100,14.2,1.90,MPPT Charging,19,20,15,1450,412
2026-08-25T12:12:40Z,30,37.2,0.81,100,14.2,1.90,MPPT Charging,19,20,15,1450,412
2026-08-25T12:12:50Z,30,37.2,0.81,100,14.2,1.90,MPPT Charging,19,20,15,1450,412
2026-08-25T12:12:58Z,30,37.1,0.81,100,14.2,1.90,MPPT Charging,19,20,15,1450,412
2026-08-25T12:13:08Z,30,37.1,0.81,100,14.2,1.90,MPPT Charging,19,21,15,1450,412
2026-08-25T12:13:16Z,30,37.1,0.81,100,14.2,1.90,MPPT Charging,20,21,15,1450,412
2026-08-25T12:13:24Z,30,37.1,0.81,100,14.2,1.90,MPPT Charging,20,21,15,1450,412
2026-08-25T12:13:33Z,0,11.8,0.0,16,11.4,0.00,Deactivated,30,32,0,0,8363
2026-08-25T12:13:42Z,30,37.0,0.81,100,14.2,1.90,MPPT Charging,20,21,15,1450,412
2026-08-25T12:13:52Z,30,37.0,0.81,100,14.2,1.90,MPPT Charging,20,21,15,1450,412
2026-08-25T12:14:02Z,31,37.0,0.84,100,14.2,1.90,MPPT Charging,20,21,15,1450,412
2026-08-25T12:14:10Z,31,36.9,0.84,100,14.2,1.90,MPPT Charging,20,21,15,1450,412
2026-08-25T12:14:18Z,31,36.9,0.84,100,14.2,1.90,MPPT Charging,20,22,15,1450,412
2026-08-25T12:14:26Z,31,36.9,0.84,100,14.2,1.90,MPPT Charging,21,22,15,1450,412
2026-08-25T12:14:36Z,31,36.9,0.84,100,14.2,1.90,MPPT Charging,21,22,15,1450,412
2026-08-25T12:14:46Z,31,36.8,0.84,100,14.2,1.90,MPPT Charging,21,22,15,1450,412
2026-08-25T12:14:56Z,31,36.8,0.84,100,14.2,1.90,MPPT Charging,21,22,15,1450,412
2026-08-25T12:15:04Z,31,36.8,0.84,100,14.2,1.90,MPPT Charging,21,22,15,1450,412
2026-08-25T12:15:13Z,0,11.8,0.0,16,11.4,0.00,Deactivated,30,32,0,0,8363
2026-08-25T12:15:22Z,31,36.8,0.84,100,14.2,1.90,MPPT Charging,21,22,15,1450,412
2026-08-25T12:15:30Z,31,36.7,0.84,100,14.2,1.90,MPPT Charging,21,22,15,1450,412
2026-08-25T12:15:40Z,31,36.7,0.84,100,14.2,1.90,MPPT Charging,21,23,15,1450,412
2026-08-25T12:15:50Z,31,36.7,0.84,100,14.2,1.90,MPPT Charging,22,23,15,1450,412
2026-08-25T12:16:00Z,31,36.7,0.84,100,14.2,1.90,MPPT Charging,22,23,15,1450,412
2026-08-25T12:16:08Z,31,36.7,0.84,100,14.2,1.90,MPPT Charging,22,23,15,1450,412
2026-08-25T12:16:16Z,31,36.7,0.84,100,14.2,1.90,MPPT Charging,22,23,15,1450,412
2026-08-25T12:16:26Z,31,36.6,0.85,100,14.2,1.90,MPPT Charging,22,23,15,1450,412
2026-08-25T12:16:36Z,31,36.6,0.85,100,14.2,1.90,MPPT Charging,22,23,15,1450,412
2026-08-25T12:16:44Z,31,36.6,0.85,100,14.2,1.90,MPPT Charging,22,23,15,1450,412
2026-08-25T12:16:53Z,0,11.8,0.0,16,11.4,0.00,Deactivated,30,32,0,0,8363
2026-08-25T12:17:02Z,32,36.6,0.87,100,14.2,1.90,MPPT Charging,23,24,15,1450,412
2026-08-25T12:17:10Z,32,36.6,0.87,100,14.2,1.90,MPPT Charging,23,24,15,1450,412
2026-08-25T12:17:20Z,32,36.6,0.87,100,14.2,1.90,MPPT Charging,23,24,15,1450,412
2026-08-25T12:17:28Z,32,36.6,0.87,100,14.2,1.90,MPPT Charging,23,24,15,1450,412
2026-08-25T12:17:36Z,32,36.6,0.87,100,14.2,1.90,MPPT Charging,23,24,15,1450,412
2026-08-25T12:17:46Z,32,36.5,0.88,100,14.2,1.90,MPPT Charging,23,24,15,1450,412
2026-08-25T12:17:56Z,32,36.5,0.88,100,14.2,1.90,MPPT Charging,23,24,15,1450,412
2026-08-25T12:18:04Z,32,36.5,0.88,100,14.2,1.90,MPPT Charging,23,24,15,1450,412
2026-08-25T12:18:13Z,0,34.5,0.0,16,11.4,0.00,Deactivated,30,32,0,0,8363
2026-08-25T12:18:22Z,32,36.5,0.88,100,14.2,1.90,MPPT Charging,24,25,15,1450,412
2026-08-25T12:18:30Z,32,36.5,0.88,100,14.2,1.90,MPPT Charging,24,25,15,1450,412
2026-08-25T12:18:40Z,32,36.5,0.88,100,14.2,1.90,MPPT Charging,24,25,15,1450,412
2026-08-25T12:18:48Z,32,36.5,0.88,100,14.2,1.90,MPPT Charging,24,25,15,1450,412
2026-08-25T12:18:58Z,32,36.5,0.88,100,14.2,1.90,MPPT Charging,24,25,15,1450,412
2026-08-25T12:19:06Z,32,36.5,0.88,100,14.2,1.90,MPPT Charging,24,25,15,1450,412
2026-08-25T12:19:16Z,32,36.5,0.88,100,14.2,1.90,MPPT Charging,24,25,15,1450,412
2026-08-25T12:19:26Z,32,36.5,0.88,100,14.2,1.90,MPPT Charging,24,25,15,1450,412
2026-08-25T12:19:34Z,32,36.5,0.88,100,14.2,1.90,MPPT Charging,24,25,15,1450,412
2026-08-25T12:19:44Z,0,30.6,0.0,16,11.4,0.00,Deactivated,30,32,0,0,8363
2026-08-25T12:19:52Z,32,36.5,0.88,100,14.2,1.90,MPPT Charging,25,26,15,1450,412
2026-08-25T12:20:00Z,32,36.5,0.88,100,14.2,1.90,MPPT Charging,25,26,15,1450,412
2026-08-25T12:20:10Z,32,36.5,0.88,100,14.2,1.90,MPPT Charging,25,26,15,1450,412
2026-08-25T12:20:18Z,32,36.5,0.88,100,14.2,1.90,MPPT Charging,25,26,15,1450,412
2026-08-25T12:20:28Z,32,36.5,0.88,100,14.2,1.90,MPPT Charging,25,26,15,1450,412
2026-08-25T12:20:36Z,32,36.5,0.88,100,14.2,1.90,MPPT Charging,25,26,15,1450,412
2026-08-25T12:20:46Z,32,36.5,0.88,100,14.2,1.90,MPPT Charging,25,26,15,1450,412
2026-08-25T12:20:56Z,32,36.5,0.88,100,14.2,1.90,MPPT Charging,25,26,15,1450,412
2026-08-25T12:21:04Z,33,36.5,0.9,100,14.2,1.90,MPPT Charging,25,26,15,1450,412
2026-08-25T12:21:13Z,0,20.8,0.0,16,11.4,0.00,Deactivated,30,32,0,0,8363
2026-08-25T12:21:22Z,33,36.6,0.9,100,14.2,1.90,MPPT Charging,25,26,15,1450,412
2026-08-25T12:21:30Z,33,36.6,0.9,100,14.2,1.90,MPPT Charging,25,27,15,1450,412
2026-08-25T12:21:38Z,33,36.6,0.9,100,14.2,1.90,MPPT Charging,26,27,15,1450,412
2026-08-25T12:21:48Z,33,36.6,0.9,100,14.2,1.90,MPPT Charging,26,27,15,1450,412
2026-08-25T12:21:56Z,33,36.6,0.9,100,14.2,1.90,MPPT Charging,26,27,15,1450,412
2026-08-25T12:22:06Z,33,36.6,0.9,100,14.2,1.90,MPPT Charging,26,27,15,1450,412
2026-08-25T12:22:16Z,33,36.6,0.9,100,14.2,1.90,MPPT Charging,26,27,15,1450,412
2026-08-25T12:34:54Z,0,30.2,0.00,17,11.4,0.00,MPPT Charging,31,32,0,0,8363
2026-08-25T12:35:03Z,0,34.0,0.00,18,11.4,0.00,MPPT Charging,31,32,0,0,8363
2026-08-25T12:35:14Z,0,37.5,0.00,18,11.4,0.00,MPPT Charging,31,32,0,0,8363
2026-08-25T12:35:23Z,0,30.4,0.00,18,11.4,0.00,MPPT Charging,31,32,0,0,8363
2026-08-25T12:35:34Z,0,25.6,0.00,18,11.4,0.00,MPPT Charging,31,32,0,0,8363
2026-08-25T12:35:44Z,0,31.7,0.00,18,11.4,0.00,MPPT Charging,31,32,0,0,8363
2026-08-25T12:35:54Z,0,36.1,0.00,18,11.4,0.00,MPPT Charging,31,32,0,0,8363
2026-08-25T12:36:04Z,0,33.4,0.00,18,11.4,0.00,MPPT Charging,31,32,0,0,8363
2026-08-25T12:36:13Z,0,33.6,0.00,18,11.4,0.00,MPPT Charging,31,32,0,0,8363
2026-08-25T12:36:23Z,0,32.3,0.00,18,11.4,0.00,MPPT Charging,31,32,0,0,8363
2026-08-25T12:36:33Z,0,25.4,0.00,17,11.4,0.00,MPPT Charging,31,32,0,0,8363
2026-08-25T12:36:44Z,0,21.6,0.00,17,11.4,0.00,MPPT Charging,31,32,0,0,8363
2026-08-25T12:36:53Z,0,20.4,0.00,17,11.4,0.00,MPPT Charging,31,32,0,0,8363
2026-08-25T12:37:03Z,0,20.1,0.00,17,11.4,0.00,MPPT Charging,31,32,0,0,8363
2026-08-25T12:37:14Z,0,20.0,0.00,17,11.4,0.00,MPPT Charging,31,32,0,0,8363
2026-08-25T12:37:23Z,0,19.6,0.00,17,11.4,0.00,MPPT Charging,31,32,0,0,8363
2026-08-25T12:37:34Z,0,20.2,0.00,16,11.4,0.00,MPPT Charging,31,32,0,0,8363
2026-08-25T12:37:44Z,0,25.4,0.00,17,11.4,0.00,MPPT Charging,31,32,0,0,8363
2026-08-25T12:37:54Z,0,27.4,0.00,16,11.4,0.00,MPPT Charging,31,32,0,0,8363
2026-08-25T12:38:07Z,0,28.4,0.00,17,11.4,0.00,MPPT Charging,31,32,0,0,8363
2026-08-25T12:38:14Z,0,29.6,0.00,17,11.4,0.00,MPPT Charging,31,32,0,0,8363
2026-08-25T12:38:23Z,0,26.8,0.00,16,11.4,0.00,MPPT Charging,31,32,0,0,8363
2026-08-25T12:38:33Z,0,25.5,0.00,16,11.4,0.00,MPPT Charging,31,32,0,0,8363
2026-08-25T12:38:43Z,0,30.3,0.00,16,11.4,0.00,MPPT Charging,31,32,0,0,8363
2026-08-25T12:38:53Z,0,11.7,0.00,16,11.4,0.00,MPPT Charging,31,32,0,0,8363
2026-08-25T12:39:03Z,0,26.6,0.00,17,11.4,0.00,MPPT Charging,31,32,0,0,8363
2026-08-25T12:39:13Z,0,29.7,0.00,19,11.4,0.00,MPPT Charging,31,32,0,0,8363
2026-08-25T12:39:23Z,0,29.5,0.00,17,11.4,0.00,MPPT Charging,31,32,0,0,8363
2026-08-25T12:39:34Z,0,30.3,0.00,16,11.4,0.00,MPPT Charging,31,32,0,0,8363
2026-08-25T12:39:43Z,0,30.5,0.00,16,11.4,0.00,MPPT Charging,31,32,0,0,8363
2026-08-25T12:39:53Z,0,25.6,0.00,16,11.4,0.00,MPPT Charging,31,32,0,0,8363
2026-08-25T12:40:04Z,0,27.7,0.00,17,11.4,0.00,MPPT Charging,31,32,0,0,8363
2026-08-25T12:40:14Z,0,28.8,0.00,16,11.4,0.00,MPPT Charging,31,32,0,0,8363
2026-08-25T12:40:23Z,0,26.4,0.00,16,11.4,0.00,MPPT Charging,31,32,0,0,8363
2026-08-25T12:40:33Z,0,29.9,0.00,16,11.4,0.00,MPPT Charging,30,32,0,0,8363
2026-08-25T12:40:43Z,0,28.4,0.00,16,11.4,0.00,MPPT Charging,31,32,0,0,8363
2026-08-25T12:40:53Z,0,31.5,0.00,17,11.4,0.00,MPPT Charging,31,32,0,0,8363
2026-08-25T12:41:03Z,0,31.0,0.00,16,11.4,0.00,MPPT Charging,31,32,0,0,8363
2026-08-25T12:41:14Z,0,32.2,0.00,16,11.4,0.00,MPPT Charging,31,32,0,0,8363
2026-08-25T12:41:23Z,0,30.2,0.00,17,11.4,0.00,MPPT Charging,31,32,0,0,8363
2026-08-25T12:41:34Z,0,32.0,0.00,17,11.4,0.00,MPPT Charging,31,32,0,0,8363
2026-08-25T12:41:43Z,0,33.1,0.00,16,11.4,0.00,MPPT Charging,31,33,0,0,8363
2026-08-25T12:41:53Z,0,28.9,0.00,16,11.4,0.00,MPPT Charging,31,32,0,0,8363
2026-08-25T12:42:03Z,0,27.9,0.00,16,11.4,0.00,MPPT Charging,31,32,0,0,8363
2026-08-25T12:42:14Z,0,30.9,0.00,16,11.4,0.00,MPPT Charging,31,32,0,0,8363
2026-08-25T12:42:23Z,0,24.1,0.00,16,11.4,0.00,MPPT Charging,31,32,0,0,8363
2026-08-25T12:42:33Z,0,20.4,0.00,16,11.4,0.00,MPPT Charging,31,32,0,0,8363
2026-08-25T12:42:44Z,0,23.1,0.00,16,11.4,0.00,MPPT Charging,31,32,0,0,8363
2026-08-25T12:42:53Z,0,31.2,0.00,16,11.4,0.00,MPPT Charging,31,32,0,0,8363
2026-08-25T12:43:03Z,0,29.6,0.00,16,11.4,0.00,MPPT Charging,31,32,0,0,8363
2026-08-25T12:43:13Z,0,29.6,0.00,16,11.4,0.00,MPPT Charging,31,32,0,0,8363
2026-08-25T12:43:23Z,0,28.2,0.00,16,11.4,0.00,MPPT Charging,31,32,0,0,8363
2026-08-25T12:43:33Z,0,30.2,0.00,16,11.4,0.00,MPPT Charging,31,32,0,0,8363
2026-08-25T12:43:44Z,0,30.3,0.00,16,11.4,0.00,MPPT Charging,31,32,0,0,8363
2026-08-25T12:43:55Z,0,32.9,0.00,17,11.4,0.00,MPPT Charging,31,32,0,0,8363
2026-08-25T12:44:05Z,0,14.8,0.00,16,11.4,0.00,MPPT Charging,31,32,0,0,8363
2026-08-25T13:04:17Z,0,20.0,0.00,16,11.4,0.00,MPPT Charging,31,32,0,0,8363
2026-08-25T13:04:27Z,0,21.9,0.00,16,11.4,0.00,MPPT Charging,31,32,0,0,8363
2026-08-25T13:04:37Z,0,15.6,0.00,16,11.4,0.00,MPPT Charging,31,32,0,0,8363
2026-08-25T13:04:47Z,0,37.4,0.00,18,11.4,0.00,MPPT Charging,31,32,0,0,8363
2026-08-25T13:04:57Z,0,35.4,0.00,18,11.4,0.00,MPPT Charging,31,32,0,0,8363
2026-08-25T13:05:07Z,0,31.6,0.00,17,11.4,0.00,MPPT Charging,31,32,0,0,8363
2026-08-25T13:05:18Z,0,38.3,0.00,18,11.4,0.00,MPPT Charging,31,32,0,0,8363
2026-08-25T13:05:27Z,0,35.6,0.00,18,11.4,0.00,MPPT Charging,31,32,0,0,8363
2026-08-25T13:05:37Z,0,33.1,0.00,18,11.4,0.00,MPPT Charging,31,32,0,0,8363
2026-08-25T13:05:43Z,0,28.2,0.00,17,11.4,0.00,MPPT Charging,31,32,0,0,8363
2026-08-25T13:05:54Z,0,22.0,0.00,17,11.4,0.00,MPPT Charging,31,32,0,0,8363
2026-08-25T13:06:04Z,0,27.1,0.00,17,11.4,0.00,MPPT Charging,31,32,0,0,8363
2026-08-25T13:06:14Z,0,35.1,0.00,17,11.4,0.00,MPPT Charging,31,32,0,0,8363
2026-08-25T13:06:25Z,0,35.6,0.00,18,11.4,0.00,MPPT Charging,31,32,0,0,8363
2026-08-25T13:06:34Z,0,38.5,0.00,18,11.4,0.00,MPPT Charging,31,32,0,0,8363
2026-08-25T13:06:44Z,0,37.6,0.00,18,11.4,0.00,MPPT Charging,31,32,0,0,8363
2026-08-25T13:06:54Z,1,37.2,0.02,18,11.4,0.09,MPPT Charging,31,32,0,0,8363
2026-08-25T13:07:04Z,2,38.2,0.05,18,11.4,0.19,MPPT Charging,31,32,0,0,8363
2026-08-25T13:07:14Z,3,37.8,0.07,19,11.5,0.29,MPPT Charging,31,32,0,0,8363
2026-08-25T13:07:24Z,3,37.5,0.08,19,11.4,0.29,MPPT Charging,31,32,0,0,8363
2026-08-25T13:07:34Z,0,37.1,0.00,18,11.4,0.00,MPPT Charging,31,32,0,0,8363
2026-08-25T13:07:45Z,0,33.1,0.00,18,11.4,0.00,MPPT Charging,31,32,0,0,8363
2026-08-25T13:07:55Z,0,31.0,0.00,17,11.4,0.00,MPPT Charging,31,32,0,0,8363
2026-08-25T13:08:04Z,0,36.3,0.00,18,11.4,0.00,MPPT Charging,31,32,0,0,8363
2026-08-25T13:08:14Z,0,34.5,0.00,18,11.4,0.04,MPPT Charging,31,32,0,0,8363
2026-08-25T13:08:24Z,2,33.5,0.05,19,11.4,0.17,MPPT Charging,31,32,0,0,8363
2026-08-25T13:08:34Z,4,37.6,0.10,19,11.5,0.37,MPPT Charging,31,32,0,0,8363
2026-08-25T13:08:44Z,3,37.5,0.08,19,11.5,0.27,MPPT Charging,31,32,0,0,8363
2026-08-25T13:08:54Z,0,36.9,0.00,19,11.4,0.02,MPPT Charging,31,32,0,0,8363
2026-08-25T13:09:04Z,0,39.0,0.00,18,11.4,0.00,MPPT Charging,31,32,0,0,8363
2026-08-25T13:09:14Z,0,23.5,0.00,17,11.4,0.00,MPPT Charging,31,32,0,0,8363
2026-08-25T13:09:24Z,0,24.9,0.00,17,11.4,0.00,MPPT Charging,31,32,0,0,8363
2026-08-25T13:09:34Z,0,27.2,0.00,18,11.4,0.00,MPPT Charging,31,32,0,0,8363
2026-08-25T13:09:44Z,0,25.8,0.00,18,11.4,0.00,MPPT Charging,31,32,0,0,8363
2026-08-25T13:09:54Z,0,29.8,0.00,18,11.4,0.00,MPPT Charging,31,32,0,0,8363
2026-08-25T13:10:04Z,0,22.5,0.00,17,11.4,0.00,MPPT Charging,31,32,0,0,8363
2026-08-25T13:10:14Z,0,20.9,0.00,16,11.4,0.00,MPPT Charging,31,32,0,0,8363
2026-08-25T13:10:24Z,0,22.6,0.00,16,11.4,0.00,MPPT Charging,31,32,0,0,8363
2026-08-25T13:10:34Z,0,19.3,0.00,17,11.4,0.00,MPPT Charging,31,32,0,0,8363
2026-08-25T13:10:44Z,1,36.0,0.02,18,11.5,0.12,MPPT Charging,31,32,0,0,8363
2026-08-25T13:10:54Z,3,38.2,0.07,20,11.4,0.24,MPPT Charging,31,32,0,0,8363
2026-08-25T13:11:04Z,2,37.8,0.05,20,11.5,0.17,MPPT Charging,31,32,0,0,8363
2026-08-25T13:11:14Z,1,37.1,0.02,18,11.5,0.07,MPPT Charging,31,32,0,0,8363
2026-08-25T13:11:24Z,0,37.2,0.00,19,11.4,0.00,MPPT Charging,31,32,0,0,8363
2026-08-25T13:11:34Z,0,38.3,0.00,18,11.4,0.00,MPPT Charging,31,32,0,0,8363
2026-08-25T13:11:44Z,0,37.1,0.00,18,11.4,0.00,MPPT Charging,31,32,0,0,8363
2026-08-25T13:11:54Z,0,37.7,0.00,19,11.4,0.00,MPPT Charging,31,32,0,0,8363
2026-08-25T13:12:04Z,0,37.3,0.00,18,11.4,0.00,MPPT Charging,31,32,0,0,8363
2026-08-25T13:12:14Z,0,37.2,0.00,18,11.4,0.00,MPPT Charging,31,32,0,0,8363
2026-08-25T13:12:24Z,0,34.0,0.00,21,11.4,0.00,MPPT Charging,31,32,0,0,8363
2026-08-25T13:12:43Z,0,38.3,0.00,19,11.4,0.00,MPPT Charging,31,32,0,0,8363
2026-08-25T13:12:53Z,0,37.4,0.00,19,11.4,0.00,MPPT Charging,31,32,0,0,8363
2026-08-25T13:13:04Z,0,35.3,0.00,18,11.4,0.00,MPPT Charging,31,32,0,0,8363
2026-08-25T13:13:13Z,0,28.3,0.00,18,11.4,0.00,MPPT Charging,31,32,0,0,8363
2026-08-25T13:13:23Z,0,39.3,0.00,19,11.4,0.00,MPPT Charging,31,32,0,0,8363
2026-08-25T13:13:33Z,7,37.0,0.18,20,11.5,0.56,MPPT Charging,31,32,0,0,8363
2026-08-25T13:13:43Z,4,37.9,0.10,20,11.5,0.37,MPPT Charging,31,32,0,0,8363
2026-08-25T13:13:53Z,4,35.4,0.11,20,11.5,0.32,MPPT Charging,31,32,0,0,8363
2026-08-25T13:14:03Z,0,29.6,0.00,18,11.4,0.00,MPPT Charging,31,32,0,0,8363
2026-08-25T13:14:13Z,0,27.9,0.00,18,11.4,0.00,MPPT Charging,31,32,0,0,8363
2026-08-25T13:14:23Z,0,33.6,0.00,18,11.4,0.00,MPPT Charging,32,32,0,0,8363
2026-08-25T13:14:33Z,0,40.6,0.00,18,11.4,0.00,MPPT Charging,31,32,0,0,8363
2026-08-25T13:14:43Z,7,38.1,0.18,21,11.5,0.56,MPPT Charging,31,32,0,0,8363
2026-08-25T13:14:53Z,3,23.6,0.12,19,11.4,0.22,MPPT Charging,31,32,0,0,8363
2026-08-25T13:15:03Z,3,39.6,0.07,21,11.5,0.24,MPPT Charging,31,32,0,0,8363
2026-08-25T13:15:13Z,7,35.4,0.19,21,11.5,0.56,MPPT Charging,31,32,0,0,8363
2026-08-25T13:15:23Z,0,34.1,0.00,20,11.5,0.00,MPPT Charging,31,32,0,0,8363
2026-08-25T13:15:33Z,2,32.2,0.06,20,11.5,0.17,MPPT Charging,32,32,0,0,8363
2026-08-25T13:15:44Z,0,34.3,0.00,19,11.5,0.00,MPPT Charging,31,32,0,0,8363
2026-08-25T13:15:53Z,0,31.2,0.00,19,11.5,0.04,MPPT Charging,32,32,0,0,8363
2026-08-25T13:16:03Z,2,35.0,0.05,21,11.5,0.19,MPPT Charging,31,32,0,0,8363
2026-08-25T13:16:13Z,9,38.4,0.23,21,11.5,0.79,MPPT Charging,32,32,0,0,8363
2026-08-25T13:16:24Z,9,38.7,0.23,21,11.5,0.71,MPPT Charging,32,32,0,0,8363
2026-08-25T13:16:33Z,7,38.2,0.18,21,11.5,0.59,MPPT Charging,32,32,0,0,8363
2026-08-25T13:16:43Z,4,38.7,0.10,21,11.5,0.34,MPPT Charging,32,32,0,0,8363
2026-08-25T13:16:53Z,6,35.2,0.17,21,11.5,0.51,MPPT Charging,32,32,0,0,8363
2026-08-25T13:17:03Z,6,36.7,0.16,21,11.5,0.49,MPPT Charging,32,32,0,0,8363
2026-08-25T13:17:13Z,8,37.5,0.21,21,11.5,0.66,MPPT Charging,32,32,0,0,8363
2026-08-25T13:17:23Z,0,38.7,0.00,21,11.5,0.00,MPPT Charging,32,32,0,0,8363
2026-08-25T13:17:33Z,0,33.5,0.00,19,11.5,0.00,MPPT Charging,32,32,0,0,8363
2026-08-25T13:17:43Z,3,39.5,0.07,21,11.5,0.24,MPPT Charging,32,33,0,0,8363
2026-08-25T13:17:53Z,12,39.8,0.30,22,11.5,0.96,MPPT Charging,32,32,0,0,8363
2026-08-25T13:18:03Z,12,39.8,0.30,22,11.5,0.98,MPPT Charging,32,32,0,0,8363
2026-08-25T13:18:14Z,0,34.5,0.00,19,11.4,0.00,MPPT Charging,32,32,0,0,8363
2026-08-25T13:18:23Z,0,33.7,0.00,19,11.5,0.00,MPPT Charging,32,32,0,0,8363
2026-08-25T13:18:33Z,0,40.0,0.00,20,11.5,0.02,MPPT Charging,32,33,0,0,8363
2026-08-25T13:18:43Z,1,36.2,0.02,21,11.5,0.07,MPPT Charging,32,32,0,0,8363
2026-08-25T13:18:53Z,0,32.1,0.00,19,11.5,0.00,MPPT Charging,32,32,0,0,8363
2026-08-25T13:19:03Z,0,26.2,0.00,19,11.5,0.00,MPPT Charging,32,32,0,0,8363
2026-08-25T13:19:13Z,0,30.9,0.00,21,11.5,0.00,MPPT Charging,32,32,0,0,8363
2026-08-25T13:19:23Z,0,23.0,0.00,18,11.4,0.00,MPPT Charging,32,32,0,0,8363
2026-08-25T13:19:34Z,0,22.4,0.00,18,11.4,0.00,MPPT Charging,32,32,0,0,8363
2026-08-25T13:19:44Z,0,20.7,0.00,18,11.4,0.00,MPPT Charging,32,32,0,0,8363
2026-08-25T13:19:54Z,0,22.1,0.00,18,11.4,0.00,MPPT Charging,32,32,0,0,8363
2026-08-25T13:20:04Z,0,18.9,0.00,18,11.4,0.00,MPPT Charging,32,33,0,0,8363
2026-08-25T13:20:14Z,0,36.4,0.00,19,11.5,0.00,MPPT Charging,32,33,0,0,8363
2026-08-25T13:20:24Z,0,34.3,0.00,19,11.5,0.00,MPPT Charging,32,32,0,0,8363
2026-08-25T13:20:34Z,0,41.2,0.00,19,11.5,0.00,MPPT Charging,32,32,0,0,8363
2026-08-25T13:20:44Z,4,40.4,0.09,21,11.5,0.32,MPPT Charging,32,32,0,0,8363
2026-08-25T13:20:54Z,2,36.6,0.05,21,11.5,0.19,MPPT Charging,32,32,0,0,8363
2026-08-25T13:21:04Z,5,40.1,0.12,21,11.5,0.41,MPPT Charging,32,32,0,0,8363
2026-08-25T13:21:14Z,0,30.1,0.00,19,11.5,0.00,MPPT Charging,32,32,0,0,8363
2026-08-25T13:21:24Z,0,36.0,0.00,19,11.5,0.00,MPPT Charging,32,32,0,0,8363
2026-08-25T13:21:34Z,0,34.8,0.00,20,11.5,0.00,MPPT Charging,32,32,0,0,8363
2026-08-25T13:21:44Z,0,35.4,0.00,19,11.5,0.00,MPPT Charging,32,32,0,0,8363
2026-08-25T13:21:54Z,0,34.6,0.00,19,11.4,0.00,MPPT Charging,32,32,0,0,8363
2026-08-25T13:22:04Z,0,35.3,0.00,18,11.5,0.00,MPPT Charging,32,32,0,0,8363
2026-08-25T13:22:14Z,0,34.6,0.00,19,11.5,0.00,MPPT Charging,32,32,0,0,8363
2026-08-25T13:22:24Z,0,33.8,0.00,19,11.4,0.00,MPPT Charging,32,32,0,0,8363
2026-08-25T13:22:34Z,0,35.3,0.00,19,11.4,0.00,MPPT Charging,32,32,0,0,8363
2026-08-25T13:22:44Z,0,35.4,0.00,19,11.5,0.00,MPPT Charging,32,32,0,0,8363
2026-08-25T13:22:54Z,0,34.4,0.00,19,11.5,0.00,MPPT Charging,32,32,0,0,8363
2026-08-25T13:23:04Z,0,33.8,0.00,20,11.5,0.00,MPPT Charging,32,32,0,0,8363
2026-08-25T13:23:15Z,0,36.5,0.00,19,11.5,0.00,MPPT Charging,32,32,0,0,8363
2026-08-25T13:23:24Z,0,36.3,0.00,20,11.5,0.00,MPPT Charging,32,32,0,0,8363
2026-08-25T13:23:34Z,0,37.5,0.00,20,11.5,0.00,MPPT Charging,32,32,0,0,8363
2026-08-25T13:23:44Z,0,34.0,0.00,20,11.5,0.00,MPPT Charging,32,32,0,0,8363
2026-08-25T13:23:54Z,0,37.4,0.00,18,11.5,0.00,MPPT Charging,32,32,0,0,8363
2026-08-25T13:24:04Z,1,35.9,0.02,21,11.5,0.09,MPPT Charging,32,32,0,0,8363
2026-08-25T13:24:14Z,3,34.0,0.08,22,11.5,0.27,MPPT Charging,32,32,0,0,8363
2026-08-25T13:24:24Z,0,35.3,0.00,21,11.5,0.02,MPPT Charging,32,32,0,0,8363
2026-08-25T13:24:34Z,12,34.8,0.34,24,11.5,0.96,MPPT Charging,32,32,0,0,8363
2026-08-25T13:24:44Z,16,32.0,0.50,24,11.5,1.33,MPPT Charging,32,32,0,0,8363
2026-08-25T13:24:54Z,22,30.7,0.71,24,11.6,1.82,MPPT Charging,32,32,0,0,8363
2026-08-25T13:25:04Z,21,32.5,0.64,24,11.6,1.75,MPPT Charging,32,33,0,0,8363
2026-08-25T13:25:14Z,12,30.0,0.40,24,11.5,0.96,MPPT Charging,32,32,0,0,8363
2026-08-25T13:25:24Z,11,38.9,0.28,23,11.5,0.93,MPPT Charging,32,32,0,0,8363
2026-08-25T13:25:34Z,4,37.2,0.10,22,11.5,0.32,MPPT Charging,32,32,0,0,8363
2026-08-25T13:25:44Z,3,37.9,0.07,22,11.5,0.24,MPPT Charging,32,32,0,0,8363
2026-08-25T13:25:54Z,0,34.2,0.00,21,11.5,0.00,MPPT Charging,32,32,0,0,8363
2026-08-25T13:26:04Z,0,36.9,0.00,21,11.5,0.00,MPPT Charging,32,32,0,0,8363
2026-08-25T13:26:14Z,0,35.0,0.00,21,11.5,0.00,MPPT Charging,32,32,0,0,8363
2026-08-25T13:26:24Z,0,34.4,0.00,22,11.5,0.00,MPPT Charging,32,32,0,0,8363
2026-08-25T13:26:34Z,20,30.3,0.66,24,11.6,1.65,MPPT Charging,32,32,0,0,8363
2026-08-25T13:26:44Z,21,30.9,0.67,24,11.6,1.70,MPPT Charging,32,32,0,0,8363
2026-08-25T13:26:54Z,21,30.9,0.67,25,11.6,1.70,MPPT Charging,32,32,0,0,8363
2026-08-25T13:27:04Z,18,31.4,0.57,24,11.6,1.45,MPPT Charging,32,32,0,0,8363
2026-08-25T13:27:14Z,20,34.2,0.58,25,11.6,1.65,MPPT Charging,32,32,0,0,8363
2026-08-25T13:27:24Z,22,33.2,0.66,26,11.6,1.82,MPPT Charging,32,32,0,0,8363
2026-08-25T13:27:34Z,11,31.5,0.34,25,11.5,0.88,MPPT Charging,32,32,0,0,8363
2026-08-25T13:27:44Z,0,30.3,0.00,23,11.5,0.00,MPPT Charging,32,32,0,0,8363
2026-08-25T13:27:54Z,0,27.2,0.00,21,11.5,0.00,MPPT Charging,32,32,0,0,8363
2026-08-25T13:28:04Z,2,33.8,0.05,23,11.5,0.17,MPPT Charging,32,32,0,0,8363
2026-08-25T13:28:14Z,27,36.7,0.73,25,11.6,2.22,MPPT Charging,32,32,0,0,8363
2026-08-25T13:28:25Z,35,35.6,0.98,30,11.6,2.93,MPPT Charging,32,32,0,0,8363
2026-08-25T13:28:34Z,33,34.5,0.95,27,11.6,2.76,MPPT Charging,32,32,0,0,8363
2026-08-25T13:28:44Z,37,34.8,1.06,29,11.6,3.08,MPPT Charging,32,32,0,0,8363
2026-08-25T13:28:54Z,38,35.9,1.05,28,11.7,3.11,MPPT Charging,32,32,0,0,8363
2026-08-25T13:29:04Z,41,37.3,1.09,30,11.7,3.33,MPPT Charging,32,32,0,0,8363
2026-08-25T13:29:14Z,43,39.0,1.10,30,11.7,3.50,MPPT Charging,32,32,0,0,8363
2026-08-25T13:29:24Z,44,39.3,1.11,30,11.7,3.62,MPPT Charging,32,33,0,0,8363
2026-08-25T13:29:34Z,46,39.8,1.15,32,11.7,3.77,MPPT Charging,32,32,0,0,8363
2026-08-25T13:29:44Z,54,38.7,1.39,33,11.7,4.39,MPPT Charging,32,32,0,0,8363
2026-08-25T13:29:54Z,32,38.2,0.83,30,11.6,2.61,MPPT Charging,32,32,0,0,8363
2026-08-25T13:30:04Z,32,36.8,0.86,30,11.7,2.59,MPPT Charging,32,32,0,0,8363
2026-08-25T13:30:14Z,24,37.8,0.63,31,11.6,1.97,MPPT Charging,33,33,0,0,8363
2026-08-25T13:30:24Z,41,39.4,1.04,33,11.7,3.33,MPPT Charging,32,32,0,0,8363
2026-08-25T13:30:34Z,58,39.8,1.45,28,11.8,4.74,MPPT Charging,32,32,0,0,8363
2026-08-25T13:30:44Z,48,38.5,1.24,35,11.7,3.95,MPPT Charging,33,32,0,0,8363
2026-08-25T13:30:54Z,56,39.2,1.42,32,11.8,4.59,MPPT Charging,32,32,0,0,8363
2026-08-25T13:31:04Z,49,38.6,1.26,36,11.7,4.04,MPPT Charging,33,32,0,0,8363
2026-08-25T13:31:14Z,43,38.2,1.12,33,11.7,3.50,MPPT Charging,33,33,0,0,8363
2026-08-25T13:31:24Z,6,37.7,0.15,28,11.6,0.49,MPPT Charging,33,32,0,0,8363
2026-08-25T13:31:34Z,5,35.2,0.14,27,11.6,0.39,MPPT Charging,32,32,0,0,8363
2026-08-25T13:31:44Z,7,33.1,0.21,28,11.6,0.59,MPPT Charging,33,32,0,0,8363
2026-08-25T13:31:54Z,8,34.6,0.23,28,11.6,0.64,MPPT Charging,33,32,0,0,8363
2026-08-25T13:32:04Z,5,33.6,0.14,27,11.6,0.41,MPPT Charging,33,32,0,0,8363
2026-08-25T13:32:14Z,1,34.3,0.02,27,11.6,0.12,MPPT Charging,33,32,0,0,8363
2026-08-25T13:32:24Z,6,35.1,0.17,27,11.6,0.46,MPPT Charging,33,32,0,0,8363
2026-08-25T13:32:34Z,7,31.3,0.22,28,11.6,0.61,MPPT Charging,33,32,0,0,8363
2026-08-25T13:32:44Z,13,34.9,0.37,28,11.6,1.08,MPPT Charging,33,32,0,0,8363
2026-08-25T13:32:54Z,14,39.5,0.35,29,11.6,1.18,MPPT Charging,33,32,0,0,8363
2026-08-25T13:33:04Z,21,35.7,0.58,29,11.7,1.70,MPPT Charging,33,32,0,0,8363
2026-08-25T13:33:14Z,26,32.1,0.80,32,11.7,2.17,MPPT Charging,33,32,0,0,8363
2026-08-25T13:33:24Z,25,32.2,0.77,31,11.7,2.07,MPPT Charging,33,32,0,0,8363
2026-08-25T13:33:35Z,19,32.1,0.59,31,11.7,1.53,MPPT Charging,33,32,0,0,8363
2026-08-25T13:33:44Z,9,31.9,0.28,29,11.6,0.74,MPPT Charging,33,32,0,0,8363
2026-08-25T13:33:54Z,4,31.9,0.12,28,11.6,0.34,MPPT Charging,33,32,0,0,8363
2026-08-25T13:34:04Z,4,33.9,0.11,28,11.6,0.29,MPPT Charging,33,32,0,0,8363
2026-08-25T13:34:14Z,4,33.6,0.11,28,11.6,0.29,MPPT Charging,33,32,0,0,8363
2026-08-25T13:34:24Z,3,33.7,0.08,29,11.6,0.27,MPPT Charging,33,32,0,0,8363
2026-08-25T13:34:34Z,3,33.5,0.08,28,11.6,0.22,MPPT Charging,33,32,0,0,8363
2026-08-25T13:34:44Z,0,33.5,0.00,27,11.6,0.04,MPPT Charging,33,32,0,0,8363
2026-08-25T13:34:54Z,0,33.4,0.00,27,11.6,0.00,MPPT Charging,33,32,0,0,8363
2026-08-25T13:35:04Z,0,33.4,0.00,27,11.6,0.00,MPPT Charging,33,32,0,0,8363
2026-08-25T13:35:14Z,0,32.7,0.00,27,11.6,0.00,MPPT Charging,33,32,0,0,8363
2026-08-25T13:35:24Z,0,32.1,0.00,27,11.6,0.00,MPPT Charging,33,32,0,0,8363
2026-08-25T13:35:34Z,0,32.6,0.00,27,11.6,0.00,MPPT Charging,33,32,0,0,8363
2026-08-25T13:35:44Z,0,30.2,0.00,27,11.6,0.00,MPPT Charging,33,32,0,0,8363
2026-08-25T13:35:54Z,0,30.3,0.00,27,11.6,0.00,MPPT Charging,33,32,0,0,8363
2026-08-25T13:36:04Z,0,31.5,0.00,29,11.6,0.00,MPPT Charging,33,32,0,0,8363
2026-08-25T13:36:14Z,0,32.7,0.00,27,11.6,0.00,MPPT Charging,33,33,0,0,8363
2026-08-25T13:36:24Z,0,23.2,0.00,26,11.6,0.00,MPPT Charging,33,32,0,0,8363
2026-08-25T13:36:34Z,0,30.2,0.00,26,11.6,0.00,MPPT Charging,33,32,0,0,8363
2026-08-25T13:36:44Z,0,28.9,0.00,27,11.6,0.00,MPPT Charging,33,32,0,0,8363
2026-08-25T13:36:54Z,0,28.5,0.00,26,11.6,0.00,MPPT Charging,33,33,0,0,8363
2026-08-25T13:37:04Z,0,30.3,0.00,27,11.6,0.00,MPPT Charging,33,32,0,0,8363
2026-08-25T13:37:14Z,0,31.8,0.00,26,11.6,0.00,MPPT Charging,33,32,0,0,8363
2026-08-25T13:37:24Z,0,32.0,0.00,26,11.6,0.00,MPPT Charging,33,32,0,0,8363
2026-08-25T13:37:34Z,0,30.1,0.00,26,11.6,0.00,MPPT Charging,33,32,0,0,8363
2026-08-25T13:37:44Z,0,29.9,0.00,26,11.6,0.00,MPPT Charging,33,32,0,0,8363
2026-08-25T13:37:54Z,0,32.0,0.00,26,11.6,0.00,MPPT Charging,33,33,0,0,8363
2026-08-25T13:38:04Z,0,30.3,0.00,26,11.6,0.00,MPPT Charging,33,32,0,0,8363
2026-08-25T13:38:14Z,0,32.7,0.00,25,11.6,0.00,MPPT Charging,33,32,0,0,8363
2026-08-25T13:38:24Z,0,32.9,0.00,26,11.6,0.00,MPPT Charging,32,32,0,0,8363
2026-08-25T13:38:34Z,0,30.9,0.00,26,11.6,0.00,MPPT Charging,32,32,0,0,8363
2026-08-25T13:38:45Z,0,33.3,0.00,26,11.6,0.00,MPPT Charging,33,32,0,0,8363
2026-08-25T13:38:54Z,0,33.4,0.00,27,11.6,0.00,MPPT Charging,32,33,0,0,8363
2026-08-25T13:39:04Z,0,31.7,0.00,27,11.6,0.00,MPPT Charging,32,33,0,0,8363
2026-08-25T13:39:14Z,0,28.8,0.00,27,11.6,0.00,MPPT Charging,33,33,0,0,8363
2026-08-25T13:39:24Z,0,24.9,0.00,27,11.6,0.00,MPPT Charging,32,33,0,0,8363
2026-08-25T13:39:34Z,10,24.4,0.40,27,11.6,0.83,MPPT Charging,32,32,0,0,8363
2026-08-25T13:39:44Z,19,25.7,0.73,32,11.7,1.58,MPPT Charging,32,32,0,0,8363
2026-08-25T13:39:54Z,10,25.9,0.38,29,11.6,0.79,MPPT Charging,32,32,0,0,8363
2026-08-25T13:40:04Z,16,29.0,0.55,30,11.7,1.35,MPPT Charging,33,32,0,0,8363
2026-08-25T13:40:14Z,15,30.7,0.48,30,11.7,1.20,MPPT Charging,33,33,0,0,8363
2026-08-25T13:40:24Z,13,32.1,0.40,29,11.7,1.06,MPPT Charging,33,32,0,0,8363
2026-08-25T13:40:34Z,10,33.3,0.30,30,11.7,0.81,MPPT Charging,33,32,0,0,8363
2026-08-25T13:40:44Z,6,33.2,0.18,29,11.6,0.46,MPPT Charging,33,32,0,0,8363
2026-08-25T13:40:54Z,2,33.1,0.06,28,11.6,0.17,MPPT Charging,33,32,0,0,8363
2026-08-25T13:41:04Z,0,33.0,0.00,28,11.6,0.00,MPPT Charging,33,32,0,0,8363
2026-08-25T13:41:14Z,0,32.9,0.00,27,11.6,0.00,MPPT Charging,33,32,0,0,8363
2026-08-25T13:41:24Z,0,32.6,0.00,27,11.6,0.00,MPPT Charging,33,32,0,0,8363
2026-08-25T13:41:34Z,0,17.3,0.00,27,11.6,0.00,MPPT Charging,33,32,0,0,8363
2026-08-25T13:41:44Z,0,32.5,0.00,27,11.6,0.00,MPPT Charging,33,33,0,0,8363
2026-08-25T13:41:54Z,0,31.2,0.00,27,11.6,0.00,MPPT Charging,33,32,0,0,8363
2026-08-25T13:42:04Z,0,32.7,0.00,25,11.6,0.00,MPPT Charging,33,33,0,0,8363
2026-08-25T13:42:14Z,0,30.9,0.00,27,11.6,0.00,MPPT Charging,33,33,0,0,8363
2026-08-25T13:42:24Z,0,33.3,0.00,27,11.6,0.00,MPPT Charging,33,33,0,0,8363
2026-08-25T13:42:34Z,0,31.6,0.00,27,11.6,0.00,MPPT Charging,33,32,0,0,8363
2026-08-25T13:42:44Z,0,32.8,0.00,27,11.6,0.00,MPPT Charging,33,32,0,0,8363
2026-08-25T13:42:54Z,0,32.0,0.00,27,11.6,0.00,MPPT Charging,33,32,0,0,8363
2026-08-25T13:43:04Z,0,33.9,0.00,27,11.6,0.00,MPPT Charging,33,32,0,0,8363
2026-08-25T13:43:14Z,0,33.4,0.00,27,11.6,0.00,MPPT Charging,33,33,0,0,8363
2026-08-25T13:43:24Z,0,30.8,0.00,28,11.6,0.00,MPPT Charging,33,33,0,0,8363
2026-08-25T13:43:34Z,0,31.7,0.00,27,11.6,0.00,MPPT Charging,33,32,0,0,8363
2026-08-25T13:43:44Z,0,29.7,0.00,27,11.6,0.00,MPPT Charging,33,32,0,0,8363
2026-08-25T13:43:55Z,0,30.7,0.00,27,11.6,0.00,MPPT Charging,33,32,0,0,8363
2026-08-25T13:44:04Z,0,30.7,0.00,27,11.6,0.00,MPPT Charging,33,33,0,0,8363
2026-08-25T13:44:14Z,0,33.0,0.00,27,11.6,0.00,MPPT Charging,33,32,0,0,8363
2026-08-25T13:44:24Z,0,32.4,0.00,27,11.6,0.00,MPPT Charging,33,33,0,0,8363
2026-08-25T13:44:34Z,0,32.4,0.00,27,11.6,0.00,MPPT Charging,33,33,0,0,8363
2026-08-25T13:44:44Z,0,33.3,0.00,27,11.6,0.00,MPPT Charging,33,32,0,0,8363
2026-08-25T13:44:54Z,0,34.0,0.00,27,11.6,0.00,MPPT Charging,32,33,0,0,8363
2026-08-25T13:45:04Z,0,34.2,0.00,27,11.6,0.00,MPPT Charging,33,33,0,0,8363
2026-08-25T13:45:14Z,0,34.2,0.00,28,11.6,0.00,MPPT Charging,33,33,0,0,8363
2026-08-25T13:45:24Z,0,36.8,0.00,29,11.6,0.02,MPPT Charging,32,33,0,0,8363
2026-08-25T13:45:34Z,0,34.7,0.00,30,11.6,0.00,MPPT Charging,32,33,0,0,8363
2026-08-25T13:45:44Z,0,33.5,0.00,28,11.6,0.00,MPPT Charging,32,33,0,0,8363
2026-08-25T13:45:54Z,0,33.5,0.00,28,11.6,0.00,MPPT Charging,32,32,0,0,8363
2026-08-25T13:46:04Z,0,31.1,0.00,27,11.6,0.00,MPPT Charging,33,32,0,0,8363
2026-08-25T13:46:14Z,0,29.3,0.00,27,11.6,0.00,MPPT Charging,33,32,0,0,8363
2026-08-25T13:46:24Z,0,29.0,0.00,27,11.6,0.00,MPPT Charging,33,33,0,0,8363
2026-08-25T13:46:34Z,0,25.5,0.00,27,11.6,0.00,MPPT Charging,32,33,0,0,8363
2026-08-25T13:46:44Z,0,17.5,0.00,26,11.6,0.00,MPPT Charging,33,33,0,0,8363
2026-08-25T13:46:54Z,0,31.9,0.00,27,11.6,0.00,MPPT Charging,32,33,0,0,8363
2026-08-25T13:47:04Z,0,30.3,0.00,27,11.6,0.00,MPPT Charging,32,33,0,0,8363
2026-08-25T13:47:14Z,0,28.2,0.00,26,11.6,0.00,MPPT Charging,33,33,0,0,8363
2026-08-25T13:47:24Z,0,29.3,0.00,26,11.6,0.00,MPPT Charging,32,32,0,0,8363
2026-08-25T13:47:34Z,0,31.1,0.00,27,11.6,0.00,MPPT Charging,32,32,0,0,8363
2026-08-25T13:47:44Z,0,30.0,0.00,27,11.6,0.00,MPPT Charging,32,32,0,0,8363
2026-08-25T13:47:54Z,0,31.5,0.00,27,11.6,0.00,MPPT Charging,33,33,0,0,8363
2026-08-25T13:48:04Z,0,30.6,0.00,27,11.6,0.00,MPPT Charging,32,32,0,0,8363
2026-08-25T13:48:14Z,0,30.0,0.00,27,11.6,0.00,MPPT Charging,32,33,0,0,8363
2026-08-25T13:48:24Z,0,32.6,0.00,27,11.6,0.00,MPPT Charging,32,33,0,0,8363
2026-08-25T13:48:34Z,0,32.2,0.00,27,11.6,0.00,MPPT Charging,33,33,0,0,8363
2026-08-25T13:48:44Z,0,30.1,0.00,27,11.6,0.00,MPPT Charging,32,33,0,0,8363
2026-08-25T13:48:54Z,0,33.3,0.00,27,11.6,0.00,MPPT Charging,32,33,0,0,8363
2026-08-25T13:49:05Z,0,32.1,0.00,27,11.6,0.00,MPPT Charging,32,33,0,0,8363
2026-08-25T13:49:14Z,0,30.7,0.00,27,11.6,0.00,MPPT Charging,32,33,0,0,8363
2026-08-25T13:49:24Z,0,33.0,0.00,27,11.6,0.00,MPPT Charging,32,33,0,0,8363
2026-08-25T13:49:34Z,0,34.1,0.00,27,11.6,0.00,MPPT Charging,32,33,0,0,8363
2026-08-25T13:49:44Z,0,32.5,0.00,27,11.6,0.00,MPPT Charging,32,33,0,0,8363
2026-08-25T13:49:54Z,0,33.6,0.00,27,11.6,0.00,MPPT Charging,32,33,0,0,8363
2026-08-25T13:50:04Z,0,32.7,0.00,27,11.6,0.00,MPPT Charging,32,33,0,0,8363
2026-08-25T13:50:14Z,0,29.3,0.00,27,11.6,0.00,MPPT Charging,32,32,0,0,8363
2026-08-25T13:50:24Z,0,29.4,0.00,27,11.6,0.00,MPPT Charging,32,33,0,0,8363
2026-08-25T13:50:34Z,0,31.4,0.00,27,11.6,0.00,MPPT Charging,32,33,0,0,8363
2026-08-25T13:50:44Z,0,30.9,0.00,27,11.6,0.00,MPPT Charging,32,33,0,0,8363
2026-08-25T13:50:54Z,0,28.7,0.00,26,11.6,0.00,MPPT Charging,32,33,0,0,8363
2026-08-25T13:51:04Z,0,28.0,0.00,27,11.6,0.00,MPPT Charging,32,33,0,0,8363
2026-08-25T13:51:14Z,0,31.9,0.00,26,11.6,0.00,MPPT Charging,32,33,0,0,8363
2026-08-25T13:51:24Z,0,31.5,0.00,27,11.6,0.00,MPPT Charging,32,33,0,0,8363
2026-08-25T13:51:34Z,0,32.0,0.00,27,11.6,0.00,MPPT Charging,32,33,0,0,8363
2026-08-25T13:51:44Z,0,31.3,0.00,27,11.6,0.00,MPPT Charging,32,32,0,0,8363
2026-08-25T13:51:54Z,0,23.1,0.00,27,11.6,0.00,MPPT Charging,32,33,0,0,8363
2026-08-25T13:52:04Z,0,30.3,0.00,26,11.6,0.00,MPPT Charging,32,32,0,0,8363
2026-08-25T13:52:14Z,0,30.1,0.00,27,11.6,0.00,MPPT Charging,32,33,0,0,8363
2026-08-25T13:52:24Z,0,30.1,0.00,27,11.6,0.00,MPPT Charging,32,32,0,0,8363
2026-08-25T13:52:34Z,0,32.3,0.00,26,11.6,0.00,MPPT Charging,32,33,0,0,8363
2026-08-25T13:52:44Z,0,31.7,0.00,26,11.6,0.00,MPPT Charging,32,33,0,0,8363
2026-08-25T13:52:54Z,0,30.9,0.00,27,11.6,0.00,MPPT Charging,32,33,0,0,8363
2026-08-25T13:53:04Z,0,30.3,0.00,27,11.6,0.00,MPPT Charging,32,33,0,0,8363
2026-08-25T13:53:14Z,0,31.2,0.00,27,11.6,0.00,MPPT Charging,32,32,0,0,8363
2026-08-25T13:53:24Z,0,31.3,0.00,27,11.6,0.00,MPPT Charging,32,33,0,0,8363
2026-08-25T13:53:34Z,0,30.8,0.00,26,11.6,0.00,MPPT Charging,32,33,0,0,8363
2026-08-25T13:53:44Z,0,30.7,0.00,26,11.6,0.00,MPPT Charging,32,33,0,0,8363
2026-08-25T13:53:54Z,0,29.5,0.00,27,11.6,0.00,MPPT Charging,32,32,0,0,8363
2026-08-25T13:54:04Z,0,30.0,0.00,27,11.6,0.00,MPPT Charging,32,33,0,0,8363
2026-08-25T13:54:15Z,0,29.6,0.00,26,11.6,0.00,MPPT Charging,32,33,0,0,8363
2026-08-25T13:54:24Z,0,29.8,0.00,27,11.6,0.00,MPPT Charging,32,33,0,0,8363
2026-08-25T13:54:34Z,0,28.6,0.00,26,11.6,0.00,MPPT Charging,32,33,0,0,8363
2026-08-25T13:54:44Z,0,29.7,0.00,26,11.6,0.00,MPPT Charging,32,33,0,0,8363
2026-08-25T13:54:54Z,0,31.2,0.00,26,11.6,0.00,MPPT Charging,32,32,0,0,8363
2026-08-25T13:55:04Z,0,31.4,0.00,26,11.6,0.00,MPPT Charging,32,32,0,0,8363
2026-08-25T13:55:14Z,0,29.9,0.00,26,11.6,0.00,MPPT Charging,32,32,0,0,8363
2026-08-25T13:55:24Z,0,30.4,0.00,26,11.6,0.00,MPPT Charging,32,33,0,0,8363
2026-08-25T13:55:34Z,0,31.8,0.00,26,11.6,0.00,MPPT Charging,32,33,0,0,8363
2026-08-25T13:55:44Z,0,32.0,0.00,26,11.6,0.00,MPPT Charging,32,32,0,0,8363
2026-08-25T13:55:54Z,0,31.6,0.00,26,11.6,0.00,MPPT Charging,32,33,0,0,8363
2026-08-25T13:56:04Z,0,31.7,0.00,26,11.6,0.00,MPPT Charging,32,32,0,0,8363
2026-08-25T13:56:14Z,0,30.9,0.00,26,11.6,0.00,MPPT Charging,32,33,0,0,8363
2026-08-25T13:56:24Z,0,30.1,0.00,26,11.6,0.00,MPPT Charging,32,33,0,0,8363
2026-08-25T13:56:34Z,0,32.0,0.00,27,11.6,0.00,MPPT Charging,32,33,0,0,8363
2026-08-25T13:56:44Z,0,32.6,0.00,27,11.6,0.00,MPPT Charging,32,33,0,0,8363
2026-08-25T13:56:54Z,0,32.9,0.00,26,11.6,0.00,MPPT Charging,32,33,0,0,8363
2026-08-25T13:57:04Z,0,30.9,0.00,26,11.6,0.00,MPPT Charging,32,33,0,0,8363
2026-08-25T13:57:14Z,0,31.0,0.00,26,11.6,0.00,MPPT Charging,32,33,0,0,8363
2026-08-25T13:57:24Z,0,30.7,0.00,26,11.6,0.00,MPPT Charging,32,33,0,0,8363
2026-08-25T13:57:34Z,0,28.3,0.00,26,11.6,0.00,MPPT Charging,32,32,0,0,8363
2026-08-25T13:57:44Z,0,27.7,0.00,26,11.6,0.00,MPPT Charging,32,33,0,0,8363
2026-08-25T13:57:54Z,0,32.7,0.00,26,11.6,0.00,MPPT Charging,32,32,0,0,8363
2026-08-25T13:58:04Z,0,32.7,0.00,27,11.6,0.00,MPPT Charging,32,33,0,0,8363
2026-08-25T13:58:14Z,0,32.0,0.00,26,11.6,0.00,MPPT Charging,32,33,0,0,8363
2026-08-25T13:58:24Z,0,31.5,0.00,26,11.6,0.00,MPPT Charging,32,33,0,0,8363
2026-08-25T13:58:34Z,0,31.8,0.00,26,11.6,0.00,MPPT Charging,32,33,0,0,8363
2026-08-25T13:58:44Z,0,31.7,0.00,26,11.6,0.00,MPPT Charging,32,33,0,0,8363
2026-08-25T13:58:54Z,0,30.9,0.00,26,11.6,0.00,MPPT Charging,32,33,0,0,8363
2026-08-25T13:59:04Z,0,32.4,0.00,26,11.6,0.00,MPPT Charging,32,33,0,0,8363
2026-08-25T13:59:14Z,0,31.0,0.00,26,11.6,0.00,MPPT Charging,32,33,0,0,8363
2026-08-25T13:59:25Z,0,30.1,0.00,26,11.6,0.00,MPPT Charging,32,33,0,0,8363
2026-08-25T13:59:34Z,0,30.2,0.00,26,11.6,0.00,MPPT Charging,32,33,0,0,8363
2026-08-25T13:59:44Z,0,31.1,0.00,26,11.6,0.00,MPPT Charging,32,33,0,0,8363
2026-08-25T13:59:54Z,0,30.8,0.00,26,11.6,0.00,MPPT Charging,32,33,0,0,8363
2026-08-25T14:00:04Z,0,30.7,0.00,26,11.6,0.00,MPPT Charging,32,33,0,0,8363
2026-08-25T14:00:14Z,0,30.7,0.00,26,11.6,0.00,MPPT Charging,32,33,0,0,8363
2026-08-25T14:00:24Z,0,31.4,0.00,26,11.6,0.00,MPPT Charging,32,33,0,0,8363
2026-08-25T14:00:34Z,0,32.7,0.00,26,11.6,0.00,MPPT Charging,32,32,0,0,8363
2026-08-25T14:00:44Z,0,31.6,0.00,26,11.6,0.00,MPPT Charging,32,33,0,0,8363
2026-08-25T14:00:54Z,0,31.8,0.00,26,11.6,0.00,MPPT Charging,32,33,0,0,8363
2026-08-25T14:01:04Z,0,31.7,0.00,25,11.6,0.00,MPPT Charging,32,33,0,0,8363
2026-08-25T14:01:14Z,0,32.5,0.00,26,11.6,0.00,MPPT Charging,32,33,0,0,8363
2026-08-25T14:01:24Z,0,30.8,0.00,26,11.6,0.00,MPPT Charging,32,33,0,0,8363
2026-08-25T14:01:34Z,0,32.7,0.00,26,11.6,0.00,MPPT Charging,32,33,0,0,8363
2026-08-25T14:01:44Z,0,32.2,0.00,27,11.6,0.00,MPPT Charging,32,32,0,0,8363
2026-08-25T14:01:54Z,0,31.5,0.00,26,11.6,0.00,MPPT Charging,32,33,0,0,8363
2026-08-25T14:02:04Z,0,34.7,0.00,27,11.6,0.00,MPPT Charging,32,33,0,0,8363
2026-08-25T14:02:14Z,0,32.9,0.00,26,11.6,0.00,MPPT Charging,32,33,0,0,8363
2026-08-25T14:02:24Z,0,33.5,0.00,26,11.6,0.00,MPPT Charging,32,33,0,0,8363
2026-08-25T14:02:34Z,0,31.7,0.00,26,11.6,0.00,MPPT Charging,32,33,0,0,8363
2026-08-25T14:02:44Z,0,33.2,0.00,27,11.6,0.00,MPPT Charging,32,33,0,0,8363
2026-08-25T14:02:54Z,0,31.6,0.00,27,11.6,0.00,MPPT Charging,32,33,0,0,8363
2026-08-25T14:03:04Z,0,32.1,0.00,27,11.6,0.00,MPPT Charging,32,33,0,0,8363
2026-08-25T14:03:14Z,0,34.4,0.00,27,11.6,0.00,MPPT Charging,32,32,0,0,8363
2026-08-25T14:03:24Z,5,29.2,0.17,27,11.6,0.41,MPPT Charging,32,33,0,0,8363
2026-08-25T14:03:34Z,4,27.1,0.14,28,11.6,0.32,MPPT Charging,32,33,0,0,8363
2026-08-25T14:03:44Z,0,26.9,0.00,28,11.6,0.00,MPPT Charging,32,33,0,0,8363
2026-08-25T14:03:54Z,0,26.6,0.00,27,11.6,0.00,MPPT Charging,32,33,0,0,8363
2026-08-25T14:04:04Z,0,24.5,0.00,27,11.6,0.00,MPPT Charging,32,33,0,0,8363
2026-08-25T14:04:14Z,0,28.7,0.00,28,11.6,0.00,MPPT Charging,32,33,0,0,8363
2026-08-25T14:04:24Z,0,33.4,0.00,27,11.6,0.00,MPPT Charging,32,33,0,0,8363
2026-08-25T14:04:35Z,0,34.3,0.00,27,11.6,0.00,MPPT Charging,32,33,0,0,8363
2026-08-25T14:04:44Z,0,33.0,0.00,27,11.6,0.02,MPPT Charging,32,33,0,0,8363
2026-08-25T14:04:54Z,4,28.6,0.13,28,11.6,0.34,MPPT Charging,32,33,0,0,8363
2026-08-25T14:05:04Z,14,25.2,0.55,29,11.7,1.11,MPPT Charging,32,33,0,0,8363
2026-08-25T14:05:14Z,25,23.4,1.06,31,11.7,2.07,MPPT Charging,32,33,0,0,8363
2026-08-25T14:05:24Z,60,21.9,2.73,37,11.8,4.91,MPPT Charging,32,33,0,0,8363
2026-08-25T14:05:34Z,40,21.4,1.86,35,11.8,3.25,MPPT Charging,32,33,0,0,8363
2026-08-25T14:05:44Z,43,21.3,2.01,35,11.8,3.50,MPPT Charging,32,33,0,0,8363
2026-08-25T14:05:54Z,9,21.5,0.41,31,11.7,0.76,MPPT Charging,33,33,0,0,8363
2026-08-25T14:06:04Z,0,21.2,0.00,28,11.6,0.00,MPPT Charging,33,33,0,0,8363
2026-08-25T14:06:14Z,0,21.2,0.00,27,11.6,0.00,MPPT Charging,33,33,0,0,8363
2026-08-25T14:06:24Z,0,21.4,0.00,27,11.6,0.00,MPPT Charging,33,33,0,0,8363
2026-08-25T14:06:34Z,0,23.7,0.00,28,11.6,0.00,MPPT Charging,33,33,0,0,8363
2026-08-25T14:06:44Z,0,27.0,0.00,28,11.6,0.00,MPPT Charging,33,33,0,0,8363
2026-08-25T14:06:54Z,0,31.3,0.00,29,11.6,0.04,MPPT Charging,33,33,0,0,8363
2026-08-25T14:07:04Z,0,31.5,0.00,29,11.6,0.00,MPPT Charging,33,33,0,0,8363
2026-08-25T14:07:14Z,0,36.9,0.00,28,11.6,0.00,MPPT Charging,33,33,0,0,8363
2026-08-25T14:07:24Z,0,34.2,0.00,28,11.6,0.00,MPPT Charging,33,33,0,0,8363
2026-08-25T14:07:34Z,0,33.1,0.00,28,11.6,0.00,MPPT Charging,33,33,0,0,8363
2026-08-25T14:07:44Z,0,32.5,0.00,28,11.6,0.00,MPPT Charging,33,33,0,0,8363
2026-08-25T14:07:54Z,0,33.5,0.00,29,11.6,0.00,MPPT Charging,33,33,0,0,8363
2026-08-25T14:08:04Z,0,33.9,0.00,28,11.6,0.00,MPPT Charging,33,33,0,0,8363
2026-08-25T14:08:14Z,0,34.5,0.00,28,11.6,0.00,MPPT Charging,33,33,0,0,8363
2026-08-25T14:08:24Z,0,29.8,0.00,28,11.6,0.00,MPPT Charging,33,33,0,0,8363
2026-08-25T14:08:34Z,0,25.8,0.00,29,11.6,0.00,MPPT Charging,33,33,0,0,8363
2026-08-25T14:08:44Z,0,25.6,0.00,29,11.6,0.02,MPPT Charging,33,33,0,0,8363
2026-08-25T14:08:54Z,0,25.7,0.00,28,11.6,0.00,MPPT Charging,33,33,0,0,8363
2026-08-25T14:09:04Z,0,25.5,0.00,29,11.6,0.00,MPPT Charging,33,33,0,0,8363
2026-08-25T14:09:14Z,0,22.4,0.00,27,11.6,0.00,MPPT Charging,33,33,0,0,8363
2026-08-25T14:09:24Z,0,22.6,0.00,27,11.6,0.00,MPPT Charging,33,33,0,0,8363
2026-08-25T14:09:34Z,0,24.7,0.00,27,11.6,0.00,MPPT Charging,33,33,0,0,8363
2026-08-25T14:09:45Z,0,28.5,0.00,28,11.6,0.00,MPPT Charging,33,33,0,0,8363
2026-08-25T14:09:54Z,0,33.1,0.00,27,11.6,0.00,MPPT Charging,33,33,0,0,8363
2026-08-25T14:10:04Z,0,32.6,0.00,28,11.6,0.00,MPPT Charging,33,33,0,0,8363
2026-08-25T14:10:14Z,0,32.8,0.00,27,11.6,0.00,MPPT Charging,33,33,0,0,8363
2026-08-25T14:10:24Z,0,32.9,0.00,28,11.6,0.00,MPPT Charging,33,33,0,0,8363
2026-08-25T14:10:34Z,0,31.6,0.00,28,11.6,0.00,MPPT Charging,33,33,0,0,8363
2026-08-25T14:10:44Z,0,33.8,0.00,28,11.6,0.00,MPPT Charging,33,32,0,0,8363
2026-08-25T14:10:54Z,0,33.2,0.00,28,11.6,0.00,MPPT Charging,33,32,0,0,8363
2026-08-25T14:11:04Z,0,32.4,0.00,27,11.6,0.00,MPPT Charging,33,33,0,0,8363
2026-08-25T14:11:14Z,0,32.0,0.00,28,11.6,0.00,MPPT Charging,32,33,0,0,8363
2026-08-25T14:11:24Z,0,30.3,0.00,28,11.6,0.00,MPPT Charging,33,33,0,0,8363
2026-08-25T14:11:34Z,0,26.8,0.00,27,11.6,0.00,MPPT Charging,33,33,0,0,8363
2026-08-25T14:11:44Z,0,26.1,0.00,27,11.6,0.00,MPPT Charging,33,33,0,0,8363
2026-08-25T14:11:54Z,0,29.3,0.00,27,11.6,0.00,MPPT Charging,32,33,0,0,8363
2026-08-25T14:12:04Z,0,32.0,0.00,27,11.6,0.00,MPPT Charging,33,33,0,0,8363
2026-08-25T14:12:14Z,0,30.5,0.00,27,11.6,0.00,MPPT Charging,33,33,0,0,8363
2026-08-25T14:12:24Z,0,29.1,0.00,27,11.6,0.00,MPPT Charging,32,33,0,0,8363
2026-08-25T14:12:34Z,0,31.9,0.00,27,11.6,0.00,MPPT Charging,33,33,0,0,8363
2026-08-25T14:12:44Z,0,32.2,0.00,27,11.6,0.00,MPPT Charging,32,33,0,0,8363
2026-08-25T14:12:54Z,0,30.5,0.00,28,11.6,0.00,MPPT Charging,32,33,0,0,8363
2026-08-25T14:13:04Z,0,31.0,0.00,27,11.6,0.00,MPPT Charging,32,33,0,0,8363
2026-08-25T14:13:14Z,0,31.6,0.00,27,11.6,0.00,MPPT Charging,32,33,0,0,8363
2026-08-25T14:13:24Z,0,33.0,0.00,28,11.6,0.00,MPPT Charging,32,33,0,0,8363
2026-08-25T14:13:34Z,0,31.6,0.00,27,11.6,0.00,MPPT Charging,33,33,0,0,8363
2026-08-25T14:13:44Z,0,33.0,0.00,27,11.6,0.00,MPPT Charging,32,33,0,0,8363
2026-08-25T14:13:54Z,0,30.9,0.00,27,11.6,0.00,MPPT Charging,32,33,0,0,8363
2026-08-25T14:14:04Z,0,31.4,0.00,27,11.6,0.00,MPPT Charging,33,33,0,0,8363
2026-08-25T14:14:14Z,0,30.1,0.00,27,11.6,0.00,MPPT Charging,32,33,0,0,8363
2026-08-25T14:14:24Z,0,33.1,0.00,27,11.6,0.00,MPPT Charging,32,33,0,0,8363
2026-08-25T14:14:34Z,0,32.7,0.00,27,11.6,0.00,MPPT Charging,32,33,0,0,8363
2026-08-25T14:14:44Z,0,34.0,0.00,27,11.6,0.00,MPPT Charging,32,33,0,0,8363
2026-08-25T14:14:55Z,0,32.5,0.00,27,11.6,0.00,MPPT Charging,32,33,0,0,8363
2026-08-25T14:15:04Z,0,33.4,0.00,27,11.6,0.00,MPPT Charging,32,33,0,0,8363
2026-08-25T14:15:14Z,0,32.2,0.00,28,11.6,0.00,MPPT Charging,32,33,0,0,8363
2026-08-25T14:15:24Z,0,31.5,0.00,27,11.6,0.00,MPPT Charging,32,33,0,0,8363
2026-08-25T14:15:34Z,0,28.2,0.00,27,11.6,0.00,MPPT Charging,32,33,0,0,8363
2026-08-25T14:15:44Z,0,28.4,0.00,27,11.6,0.00,MPPT Charging,32,33,0,0,8363
2026-08-25T14:15:54Z,0,29.2,0.00,27,11.6,0.00,MPPT Charging,32,33,0,0,8363
2026-08-25T14:16:04Z,0,32.1,0.00,29,11.6,0.00,MPPT Charging,32,33,0,0,8363
2026-08-25T14:16:14Z,0,33.4,0.00,27,11.6,0.00,MPPT Charging,32,33,0,0,8363
2026-08-25T14:16:24Z,0,31.9,0.00,27,11.6,0.00,MPPT Charging,32,33,0,0,8363
2026-08-25T14:16:34Z,0,31.2,0.00,27,11.6,0.00,MPPT Charging,32,33,0,0,8363
2026-08-25T14:16:44Z,0,29.5,0.00,27,11.6,0.00,MPPT Charging,32,33,0,0,8363
2026-08-25T14:16:54Z,0,30.0,0.00,27,11.6,0.00,MPPT Charging,32,33,0,0,8363
2026-08-25T14:17:04Z,0,29.7,0.00,27,11.6,0.00,MPPT Charging,32,33,0,0,8363
2026-08-25T14:17:14Z,0,30.6,0.00,26,11.6,0.00,MPPT Charging,32,33,0,0,8363
2026-08-25T14:17:24Z,0,32.4,0.00,27,11.6,0.00,MPPT Charging,32,33,0,0,8363
2026-08-25T14:17:34Z,0,19.1,0.00,26,11.6,0.00,MPPT Charging,32,33,0,0,8363
2026-08-25T14:17:44Z,0,30.9,0.00,27,11.6,0.00,MPPT Charging,32,33,0,0,8363
2026-08-25T14:17:54Z,0,30.2,0.00,27,11.6,0.00,MPPT Charging,32,33,0,0,8363
2026-08-25T14:18:04Z,0,30.9,0.00,27,11.6,0.00,MPPT Charging,32,33,0,0,8363
2026-08-25T14:18:14Z,0,32.3,0.00,27,11.6,0.00,MPPT Charging,32,33,0,0,8363
2026-08-25T14:18:24Z,0,32.5,0.00,27,11.6,0.00,MPPT Charging,32,33,0,0,8363
2026-08-25T14:18:34Z,0,30.6,0.00,27,11.6,0.00,MPPT Charging,32,33,0,0,8363
2026-08-25T14:18:44Z,0,30.3,0.00,27,11.6,0.00,MPPT Charging,32,33,0,0,8363
2026-08-25T14:18:54Z,0,30.6,0.00,27,11.6,0.00,MPPT Charging,32,33,0,0,8363
2026-08-25T14:19:04Z,0,29.0,0.00,27,11.6,0.00,MPPT Charging,32,33,0,0,8363
2026-08-25T14:19:14Z,0,29.1,0.00,27,11.6,0.00,MPPT Charging,32,33,0,0,8363
2026-08-25T14:19:24Z,0,29.7,0.00,29,11.6,0.00,MPPT Charging,32,33,0,0,8363
2026-08-25T14:19:34Z,0,32.8,0.00,27,11.6,0.00,MPPT Charging,33,33,0,0,8363
2026-08-25T14:19:44Z,0,28.5,0.00,27,11.6,0.00,MPPT Charging,32,33,0,0,8363
2026-08-25T14:19:54Z,0,28.0,0.00,27,11.6,0.00,MPPT Charging,32,33,0,0,8363
2026-08-25T14:20:05Z,0,27.9,0.00,27,11.6,0.00,MPPT Charging,32,33,0,0,8363
2026-08-25T14:20:14Z,0,27.9,0.00,27,11.6,0.00,MPPT Charging,32,33,0,0,8363
2026-08-25T14:20:24Z,0,28.6,0.00,27,11.6,0.00,MPPT Charging,32,33,0,0,8363
2026-08-25T14:20:34Z,0,28.8,0.00,24,11.6,0.00,MPPT Charging,32,33,0,0,8363
2026-08-25T14:20:44Z,0,29.4,0.00,27,11.6,0.00,MPPT Charging,32,33,0,0,8363
2026-08-25T14:20:54Z,0,31.2,0.00,25,11.6,0.00,MPPT Charging,32,33,0,0,8363
2026-08-25T14:21:04Z,0,31.5,0.00,27,11.6,0.00,MPPT Charging,32,33,0,0,8363
2026-08-25T14:21:14Z,0,31.0,0.00,27,11.6,0.00,MPPT Charging,32,33,0,0,8363
2026-08-25T14:21:24Z,0,29.9,0.00,26,11.6,0.00,MPPT Charging,32,33,0,0,8363
2026-08-25T14:21:34Z,0,28.5,0.00,27,11.6,0.00,MPPT Charging,32,33,0,0,8363
2026-08-25T14:21:44Z,0,31.5,0.00,27,11.6,0.00,MPPT Charging,32,33,0,0,8363
2026-08-25T14:21:54Z,0,31.0,0.00,26,11.6,0.00,MPPT Charging,32,33,0,0,8363
2026-08-25T14:22:04Z,0,31.2,0.00,27,11.6,0.00,MPPT Charging,32,33,0,0,8363
2026-08-25T14:22:14Z,0,32.0,0.00,26,11.6,0.00,MPPT Charging,32,33,0,0,8363
2026-08-25T14:22:24Z,0,31.3,0.00,27,11.6,0.00,MPPT Charging,32,33,0,0,8363
2026-08-25T14:22:34Z,0,31.3,0.00,27,11.6,0.00,MPPT Charging,32,33,0,0,8363
2026-08-25T14:22:44Z,0,14.6,0.00,25,11.6,0.00,MPPT Charging,32,33,0,0,8363
2026-08-25T14:22:54Z,0,32.2,0.00,27,11.6,0.00,MPPT Charging,32,33,0,0,8363
2026-08-25T14:23:04Z,0,32.8,0.00,27,11.6,0.00,MPPT Charging,32,33,0,0,8363
2026-08-25T14:23:14Z,0,29.9,0.00,27,11.6,0.00,MPPT Charging,32,33,0,0,8363
2026-08-25T14:23:24Z,0,32.4,0.00,27,11.6,0.00,MPPT Charging,32,33,0,0,8363
2026-08-25T14:23:34Z,0,31.2,0.00,27,11.6,0.00,MPPT Charging,32,33,0,0,8363
2026-08-25T14:23:44Z,0,31.6,0.00,27,11.6,0.00,MPPT Charging,32,33,0,0,8363
2026-08-25T14:23:54Z,0,33.3,0.00,27,11.6,0.00,MPPT Charging,32,33,0,0,8363
2026-08-25T14:24:04Z,0,33.4,0.00,27,11.6,0.00,MPPT Charging,32,33,0,0,8363
2026-08-25T14:24:14Z,0,32.6,0.00,27,11.6,0.00,MPPT Charging,33,33,0,0,8363
2026-08-25T14:24:24Z,0,32.8,0.00,27,11.6,0.00,MPPT Charging,32,33,0,0,8363
2026-08-25T14:24:34Z,0,32.8,0.00,27,11.6,0.00,MPPT Charging,32,33,0,0,8363
2026-08-25T14:24:44Z,0,32.8,0.00,27,11.6,0.00,MPPT Charging,32,33,0,0,8363
2026-08-25T14:24:54Z,0,31.9,0.00,27,11.6,0.00,MPPT Charging,32,33,0,0,8363
2026-08-25T14:25:04Z,0,30.4,0.00,27,11.6,0.00,MPPT Charging,32,33,0,0,8363
2026-08-25T14:25:15Z,0,28.5,0.00,27,11.6,0.00,MPPT Charging,32,33,0,0,8363
2026-08-25T14:25:24Z,0,27.8,0.00,27,11.6,0.00,MPPT Charging,32,33,0,0,8363
2026-08-25T14:25:34Z,0,30.4,0.00,27,11.6,0.00,MPPT Charging,32,33,0,0,8363
2026-08-25T14:25:44Z,0,32.6,0.00,27,11.6,0.00,MPPT Charging,32,33,0,0,8363
2026-08-25T14:25:54Z,0,31.5,0.00,27,11.6,0.00,MPPT Charging,32,33,0,0,8363
2026-08-25T14:26:04Z,0,33.1,0.00,27,11.6,0.00,MPPT Charging,32,33,0,0,8363
2026-08-25T14:26:14Z,0,33.3,0.00,27,11.6,0.00,MPPT Charging,32,33,0,0,8363
2026-08-25T14:26:24Z,0,33.7,0.00,27,11.6,0.00,MPPT Charging,32,33,0,0,8363
2026-08-25T14:26:34Z,0,33.9,0.00,27,11.6,0.00,MPPT Charging,32,33,0,0,8363
2026-08-25T14:26:44Z,0,32.9,0.00,27,11.6,0.00,MPPT Charging,32,33,0,0,8363
2026-08-25T14:26:54Z,0,36.3,0.00,27,11.6,0.04,MPPT Charging,32,33,0,0,8363
2026-08-25T14:27:04Z,3,31.4,0.09,29,11.6,0.22,MPPT Charging,32,33,0,0,8363
2026-08-25T14:27:14Z,3,34.9,0.08,29,11.6,0.24,MPPT Charging,32,33,0,0,8363
2026-08-25T14:27:24Z,2,34.2,0.05,29,11.6,0.17,MPPT Charging,32,33,0,0,8363
2026-08-25T14:27:34Z,0,33.3,0.00,28,11.6,0.00,MPPT Charging,32,33,0,0,8363
2026-08-25T14:27:44Z,0,29.3,0.00,27,11.6,0.00,MPPT Charging,32,33,0,0,8363
2026-08-25T14:27:54Z,0,19.3,0.00,27,11.6,0.00,MPPT Charging,32,33,0,0,8363
2026-08-25T14:28:04Z,0,32.1,0.00,27,11.6,0.00,MPPT Charging,32,33,0,0,8363
2026-08-25T14:28:14Z,0,32.7,0.00,27,11.6,0.00,MPPT Charging,32,33,0,0,8363
2026-08-25T14:28:24Z,0,32.2,0.00,27,11.6,0.00,MPPT Charging,32,33,0,0,8363
2026-08-25T14:28:34Z,0,32.0,0.00,27,11.6,0.00,MPPT Charging,32,33,0,0,8363
2026-08-25T14:28:44Z,0,32.7,0.00,27,11.6,0.00,MPPT Charging,32,33,0,0,8363
2026-08-25T14:28:54Z,0,32.7,0.00,27,11.6,0.00,MPPT Charging,32,33,0,0,8363
2026-08-25T14:29:04Z,0,32.8,0.00,28,11.6,0.00,MPPT Charging,32,33,0,0,8363
2026-08-25T14:29:14Z,0,33.4,0.00,27,11.6,0.00,MPPT Charging,32,33,0,0,8363
2026-08-25T14:29:24Z,0,32.0,0.00,27,11.6,0.00,MPPT Charging,32,33,0,0,8363
2026-08-25T14:29:34Z,0,34.3,0.00,27,11.6,0.00,MPPT Charging,32,33,0,0,8363
2026-08-25T14:29:44Z,0,33.1,0.00,27,11.6,0.00,MPPT Charging,32,33,0,0,8363
2026-08-25T14:29:54Z,0,34.2,0.00,27,11.6,0.00,MPPT Charging,32,33,0,0,8363
2026-08-25T14:30:04Z,0,31.4,0.00,28,11.6,0.00,MPPT Charging,32,33,0,0,8363
2026-08-25T14:30:14Z,0,28.3,0.00,28,11.6,0.00,MPPT Charging,32,33,0,0,8363
2026-08-25T14:30:25Z,3,24.6,0.12,28,11.6,0.24,MPPT Charging,32,33,0,0,8363
2026-08-25T14:30:34Z,0,23.5,0.00,29,11.6,0.00,MPPT Charging,32,33,0,0,8363
2026-08-25T14:30:44Z,0,23.5,0.00,28,11.6,0.00,MPPT Charging,32,33,0,0,8363
2026-08-25T14:30:54Z,0,25.4,0.00,28,11.6,0.00,MPPT Charging,32,33,0,0,8363
2026-08-25T14:31:04Z,0,28.5,0.00,28,11.6,0.00,MPPT Charging,32,33,0,0,8363
2026-08-25T14:31:14Z,0,32.7,0.00,28,11.6,0.00,MPPT Charging,33,33,0,0,8363
2026-08-25T14:31:24Z,0,33.3,0.00,29,11.6,0.00,MPPT Charging,32,33,0,0,8363
2026-08-25T14:31:34Z,0,34.9,0.00,28,11.6,0.00,MPPT Charging,32,33,0,0,8363
2026-08-25T14:31:44Z,1,37.0,0.02,30,11.6,0.12,MPPT Charging,33,33,0,0,8363
2026-08-25T14:31:54Z,1,39.5,0.02,28,11.6,0.09,MPPT Charging,33,33,0,0,8363
2026-08-25T14:32:04Z,0,37.1,0.00,29,11.6,0.00,MPPT Charging,32,33,0,0,8363
2026-08-25T14:32:14Z,0,35.6,0.00,28,11.6,0.00,MPPT Charging,33,33,0,0,8363
2026-08-25T14:32:24Z,0,32.4,0.00,28,11.6,0.00,MPPT Charging,33,33,0,0,8363
2026-08-25T14:32:34Z,0,31.9,0.00,28,11.6,0.00,MPPT Charging,33,33,0,0,8363
2026-08-25T14:32:44Z,0,31.5,0.00,27,11.6,0.00,MPPT Charging,33,33,0,0,8363
2026-08-25T14:32:54Z,0,31.1,0.00,28,11.6,0.00,MPPT Charging,32,33,0,0,8363
2026-08-25T14:33:04Z,0,26.5,0.00,25,11.6,0.00,MPPT Charging,33,33,0,0,8363
2026-08-25T14:33:14Z,0,31.6,0.00,27,11.6,0.00,MPPT Charging,33,33,0,0,8363
2026-08-25T14:33:24Z,0,32.6,0.00,27,11.6,0.00,MPPT Charging,33,33,0,0,8363
2026-08-25T14:33:34Z,0,31.7,0.00,27,11.6,0.00,MPPT Charging,33,33,0,0,8363
2026-08-25T14:33:44Z,0,31.7,0.00,27,11.6,0.00,MPPT Charging,32,33,0,0,8363
2026-08-25T14:33:54Z,0,32.4,0.00,27,11.6,0.00,MPPT Charging,33,33,0,0,8363
2026-08-25T14:34:04Z,0,31.8,0.00,27,11.6,0.00,MPPT Charging,33,33,0,0,8363
2026-08-25T14:34:14Z,0,32.2,0.00,27,11.6,0.00,MPPT Charging,33,33,0,0,8363
2026-08-25T14:34:24Z,0,32.0,0.00,27,11.6,0.00,MPPT Charging,32,33,0,0,8363
2026-08-25T14:34:34Z,0,31.4,0.00,27,11.6,0.00,MPPT Charging,32,33,0,0,8363
2026-08-25T14:34:44Z,0,30.9,0.00,28,11.6,0.00,MPPT Charging,32,33,0,0,8363
2026-08-25T14:34:54Z,0,31.5,0.00,27,11.6,0.00,MPPT Charging,32,33,0,0,8363
2026-08-25T14:35:04Z,0,32.8,0.00,27,11.6,0.00,MPPT Charging,32,33,0,0,8363
2026-08-25T14:35:14Z,0,32.7,0.00,28,11.6,0.00,MPPT Charging,32,33,0,0,8363
2026-08-25T14:35:24Z,0,33.7,0.00,28,11.6,0.00,MPPT Charging,32,33,0,0,8363
2026-08-25T14:35:35Z,0,33.5,0.00,28,11.6,0.00,MPPT Charging,32,33,0,0,8363
2026-08-25T14:35:44Z,0,32.0,0.00,28,11.6,0.00,MPPT Charging,32,33,0,0,8363
2026-08-25T14:35:54Z,0,31.6,0.00,29,11.6,0.00,MPPT Charging,33,33,0,0,8363
2026-08-25T14:36:04Z,0,34.0,0.00,27,11.6,0.00,MPPT Charging,32,33,0,0,8363
2026-08-25T14:36:14Z,0,34.5,0.00,28,11.6,0.00,MPPT Charging,32,33,0,0,8363
2026-08-25T14:36:24Z,0,35.0,0.00,27,11.6,0.00,MPPT Charging,32,33,0,0,8363
2026-08-25T14:36:34Z,0,34.9,0.00,28,11.6,0.00,MPPT Charging,32,33,0,0,8363
2026-08-25T14:36:44Z,0,33.1,0.00,28,11.6,0.00,MPPT Charging,32,33,0,0,8363
2026-08-25T14:36:54Z,0,34.1,0.00,28,11.6,0.00,MPPT Charging,32,33,0,0,8363
2026-08-25T14:37:04Z,0,32.8,0.00,28,11.6,0.00,MPPT Charging,32,33,0,0,8363
2026-08-25T14:37:14Z,0,34.6,0.00,28,11.6,0.00,MPPT Charging,32,33,0,0,8363
2026-08-25T14:37:24Z,0,30.6,0.00,29,11.6,0.02,MPPT Charging,32,33,0,0,8363
2026-08-25T14:37:34Z,4,33.9,0.11,30,11.7,0.32,MPPT Charging,32,33,0,0,8363
2026-08-25T14:37:44Z,7,39.4,0.17,30,11.7,0.59,MPPT Charging,33,33,0,0,8363
2026-08-25T14:37:54Z,12,37.9,0.31,30,11.7,1.01,MPPT Charging,33,33,0,0,8363
2026-08-25T14:38:04Z,4,37.7,0.10,29,11.6,0.37,MPPT Charging,33,33,0,0,8363
2026-08-25T14:38:14Z,0,37.0,0.00,29,11.6,0.00,MPPT Charging,33,33,0,0,8363
2026-08-25T14:38:24Z,0,34.4,0.00,29,11.6,0.00,MPPT Charging,33,33,0,0,8363
2026-08-25T14:38:34Z,0,34.6,0.00,29,11.6,0.00,MPPT Charging,33,33,0,0,8363
2026-08-25T14:38:44Z,1,31.8,0.03,29,11.6,0.12,MPPT Charging,33,33,0,0,8363
2026-08-25T14:38:54Z,45,27.8,1.61,35,11.8,3.67,MPPT Charging,33,33,0,0,8363
2026-08-25T14:39:04Z,10,28.1,0.35,31,11.7,0.81,MPPT Charging,33,33,0,0,8363
2026-08-25T14:39:14Z,3,28.0,0.10,30,11.7,0.24,MPPT Charging,33,33,0,0,8363
2026-08-25T14:39:24Z,0,27.9,0.00,29,11.6,0.00,MPPT Charging,33,33,0,0,8363
2026-08-25T14:39:34Z,0,28.1,0.00,29,11.6,0.00,MPPT Charging,33,33,0,0,8363
2026-08-25T14:39:44Z,0,29.3,0.00,29,11.6,0.00,MPPT Charging,33,33,0,0,8363
2026-08-25T14:39:54Z,0,33.3,0.00,29,11.6,0.00,MPPT Charging,32,33,0,0,8363
2026-08-25T14:40:04Z,0,33.7,0.00,29,11.6,0.00,MPPT Charging,33,33,0,0,8363
2026-08-25T14:40:14Z,0,33.6,0.00,29,11.6,0.00,MPPT Charging,33,33,0,0,8363
2026-08-25T14:40:24Z,0,33.5,0.00,29,11.7,0.00,MPPT Charging,33,33,0,0,8363
2026-08-25T14:40:34Z,0,34.6,0.00,29,11.7,0.04,MPPT Charging,33,33,0,0,8363
2026-08-25T14:40:45Z,4,35.0,0.11,29,11.7,0.32,MPPT Charging,33,33,0,0,8363
2026-08-25T14:40:54Z,8,29.7,0.26,30,11.7,0.66,MPPT Charging,33,33,0,0,8363
2026-08-25T14:41:04Z,38,27.0,1.40,35,11.8,3.13,MPPT Charging,33,33,0,0,8363
2026-08-25T14:41:14Z,88,26.1,3.37,44,11.9,7.13,MPPT Charging,33,33,0,0,8363
2026-08-25T14:41:24Z,81,25.7,3.15,42,11.9,6.56,MPPT Charging,33,33,0,0,8363
2026-08-25T14:41:34Z,38,25.6,1.48,37,11.8,3.13,MPPT Charging,33,33,0,0,8363
2026-08-25T14:41:44Z,13,26.2,0.49,33,11.7,1.06,MPPT Charging,33,33,0,0,8363
2026-08-25T14:41:54Z,14,27.1,0.51,33,11.7,1.18,MPPT Charging,33,33,0,0,8363
2026-08-25T14:42:04Z,27,26.1,1.03,35,11.8,2.22,MPPT Charging,33,33,0,0,8363
2026-08-25T14:42:14Z,22,25.3,0.86,35,11.8,1.80,MPPT Charging,33,33,0,0,8363
2026-08-25T14:42:24Z,33,26.6,1.24,36,11.8,2.69,MPPT Charging,33,33,0,0,8363
2026-08-25T14:42:34Z,133,28.3,4.69,50,12.1,10.54,MPPT Charging,33,33,0,0,8363
2026-08-25T14:42:44Z,161,27.9,5.77,56,12.2,12.66,MPPT Charging,33,33,0,0,8363
2026-08-25T14:42:54Z,64,26.9,2.37,44,11.9,5.16,MPPT Charging,33,33,0,0,8363
2026-08-25T14:43:04Z,6,26.8,0.22,34,11.7,0.46,MPPT Charging,33,33,0,0,8363
2026-08-25T14:43:14Z,2,33.8,0.05,30,11.7,0.19,MPPT Charging,33,33,0,0,8363
2026-08-25T14:43:24Z,9,39.4,0.22,34,11.8,0.71,MPPT Charging,33,33,0,0,8363
2026-08-25T14:43:34Z,15,40.1,0.37,35,11.8,1.25,MPPT Charging,33,33,0,0,8363
2026-08-25T14:43:44Z,14,39.8,0.35,35,11.8,1.13,MPPT Charging,33,33,0,0,8363
2026-08-25T14:43:54Z,21,40.5,0.51,36,11.8,1.67,MPPT Charging,33,33,0,0,8363
2026-08-25T14:44:04Z,32,37.1,0.86,38,11.8,2.64,MPPT Charging,33,33,0,0,8363
2026-08-25T14:44:14Z,49,38.3,1.27,41,11.9,3.97,MPPT Charging,33,33,0,0,8363
2026-08-25T14:44:24Z,23,38.1,0.60,37,11.8,1.87,MPPT Charging,33,33,0,0,8363
2026-08-25T14:44:34Z,22,39.1,0.56,37,11.8,1.80,MPPT Charging,33,33,0,0,8363
2026-08-25T14:44:44Z,17,39.1,0.43,38,11.8,1.40,MPPT Charging,33,33,0,0,8363
2026-08-25T14:44:54Z,13,38.2,0.34,35,11.8,1.06,MPPT Charging,33,33,0,0,8363
2026-08-25T14:45:04Z,17,40.0,0.42,37,11.8,1.35,MPPT Charging,33,33,0,0,8363
2026-08-25T14:45:14Z,15,38.7,0.38,36,11.8,1.25,MPPT Charging,33,33,0,0,8363
2026-08-25T14:45:24Z,18,38.1,0.47,37,11.8,1.50,MPPT Charging,33,33,0,0,8363
2026-08-25T14:45:34Z,18,37.8,0.47,37,11.8,1.48,MPPT Charging,33,33,0,0,8363
2026-08-25T14:45:44Z,15,37.2,0.40,36,11.8,1.23,MPPT Charging,33,33,0,0,8363
2026-08-25T14:45:55Z,16,34.8,0.45,37,11.8,1.30,MPPT Charging,33,33,0,0,8363
2026-08-25T14:46:04Z,27,31.3,0.86,38,11.8,2.22,MPPT Charging,33,33,0,0,8363
2026-08-25T14:46:14Z,14,30.9,0.45,36,11.8,1.16,MPPT Charging,33,33,0,0,8363
2026-08-25T14:46:24Z,7,30.8,0.22,35,11.8,0.61,MPPT Charging,33,33,0,0,8363
2026-08-25T14:46:34Z,4,30.9,0.12,35,11.8,0.34,MPPT Charging,33,33,0,0,8363
2026-08-25T14:46:44Z,5,33.5,0.14,35,11.8,0.39,MPPT Charging,33,33,0,0,8363
2026-08-25T14:46:54Z,5,35.3,0.14,35,11.8,0.37,MPPT Charging,33,33,0,0,8363
2026-08-25T14:47:04Z,5,35.1,0.14,35,11.8,0.44,MPPT Charging,33,33,0,0,8363
2026-08-25T14:47:14Z,6,36.8,0.16,35,11.8,0.46,MPPT Charging,33,33,0,0,8363
2026-08-25T14:47:24Z,4,36.2,0.11,35,11.8,0.29,MPPT Charging,33,33,0,0,8363
2026-08-25T14:47:34Z,3,35.3,0.08,35,11.8,0.22,MPPT Charging,33,33,0,0,8363
2026-08-25T14:47:44Z,2,33.9,0.05,35,11.8,0.19,MPPT Charging,33,33,0,0,8363
2026-08-25T14:47:54Z,2,35.9,0.05,35,11.8,0.19,MPPT Charging,33,33,0,0,8363
2026-08-25T14:48:04Z,5,34.0,0.14,35,11.8,0.41,MPPT Charging,33,33,0,0,8363
2026-08-25T14:48:14Z,9,40.3,0.22,36,11.8,0.71,MPPT Charging,33,33,0,0,8363
2026-08-25T14:48:24Z,18,39.7,0.45,37,11.8,1.45,MPPT Charging,33,33,0,0,8363
2026-08-25T14:48:34Z,19,40.2,0.47,37,11.8,1.55,MPPT Charging,33,33,0,0,8363
2026-08-25T14:48:44Z,7,39.5,0.17,36,11.8,0.61,MPPT Charging,33,33,0,0,8363
2026-08-25T14:48:54Z,0,37.5,0.00,35,11.8,0.00,MPPT Charging,33,33,0,0,8363
2026-08-25T14:49:04Z,0,34.3,0.00,34,11.8,0.00,MPPT Charging,33,33,0,0,8363
2026-08-25T14:49:14Z,0,33.0,0.00,34,11.8,0.00,MPPT Charging,33,33,0,0,8363
2026-08-25T14:49:24Z,0,32.8,0.00,34,11.7,0.00,MPPT Charging,33,33,0,0,8363
2026-08-25T14:49:34Z,0,31.9,0.00,33,11.7,0.00,MPPT Charging,33,33,0,0,8363
2026-08-25T14:49:44Z,0,33.2,0.00,34,11.7,0.00,MPPT Charging,33,33,0,0,8363
2026-08-25T14:49:54Z,0,33.0,0.00,34,11.8,0.00,MPPT Charging,33,33,0,0,8363
2026-08-25T14:50:04Z,0,33.8,0.00,34,11.8,0.00,MPPT Charging,33,33,0,0,8363
2026-08-25T14:50:14Z,0,33.9,0.00,35,11.8,0.00,MPPT Charging,33,33,0,0,8363
2026-08-25T14:50:24Z,0,32.7,0.00,35,11.8,0.00,MPPT Charging,33,33,0,0,8363
2026-08-25T14:50:34Z,0,32.5,0.00,35,11.8,0.00,MPPT Charging,33,33,0,0,8363
2026-08-25T14:50:44Z,0,32.9,0.00,34,11.8,0.00,MPPT Charging,33,33,0,0,8363
2026-08-25T14:50:54Z,0,33.4,0.00,35,11.8,0.02,MPPT Charging,33,33,0,0,8363
2026-08-25T14:51:05Z,1,34.3,0.02,34,11.8,0.07,MPPT Charging,33,33,0,0,8363
2026-08-25T14:51:14Z,1,35.2,0.02,35,11.8,0.09,MPPT Charging,33,33,0,0,8363
2026-08-25T14:51:24Z,1,25.6,0.03,35,11.8,0.12,MPPT Charging,33,33,0,0,8363
2026-08-25T14:51:34Z,4,36.6,0.10,36,11.8,0.32,MPPT Charging,33,33,0,0,8363
2026-08-25T14:51:44Z,5,37.1,0.13,35,11.8,0.41,MPPT Charging,33,33,0,0,8363
2026-08-25T14:51:54Z,7,33.6,0.20,36,11.8,0.56,MPPT Charging,33,33,0,0,8363
2026-08-25T14:52:04Z,9,36.5,0.24,37,11.8,0.76,MPPT Charging,33,33,0,0,8363
2026-08-25T14:52:14Z,13,35.9,0.36,37,11.8,1.06,MPPT Charging,33,33,0,0,8363
2026-08-25T14:52:24Z,18,40.4,0.44,38,11.8,1.45,MPPT Charging,33,33,0,0,8363
2026-08-25T14:52:34Z,10,38.3,0.26,37,11.8,0.79,MPPT Charging,33,33,0,0,8363
2026-08-25T14:52:44Z,9,36.8,0.24,37,11.8,0.71,MPPT Charging,33,33,0,0,8363
2026-08-25T14:52:54Z,9,37.1,0.24,36,11.8,0.71,MPPT Charging,33,33,0,0,8363
2026-08-25T14:53:04Z,5,36.7,0.13,36,11.8,0.37,MPPT Charging,33,33,0,0,8363
2026-08-25T14:53:14Z,2,35.1,0.05,36,11.8,0.19,MPPT Charging,33,33,0,0,8363
2026-08-25T14:53:24Z,1,34.2,0.02,35,11.8,0.07,MPPT Charging,33,33,0,0,8363
2026-08-25T14:53:34Z,0,34.2,0.00,35,11.8,0.02,MPPT Charging,33,33,0,0,8363
2026-08-25T14:53:44Z,0,33.3,0.00,35,11.8,0.00,MPPT Charging,33,33,0,0,8363
2026-08-25T14:53:54Z,0,33.7,0.00,36,11.8,0.04,MPPT Charging,33,33,0,0,8363
2026-08-25T14:54:04Z,3,37.8,0.07,36,11.8,0.24,MPPT Charging,33,33,0,0,8363
2026-08-25T14:54:14Z,15,40.5,0.37,38,11.8,1.20,MPPT Charging,33,33,0,0,8363
2026-08-25T14:54:24Z,7,38.7,0.18,37,11.8,0.61,MPPT Charging,33,33,0,0,8363
2026-08-25T14:54:34Z,7,35.3,0.19,37,11.8,0.61,MPPT Charging,33,33,0,0,8363
2026-08-25T14:54:44Z,17,30.9,0.55,37,11.8,1.38,MPPT Charging,33,33,0,0,8363
2026-08-25T14:54:54Z,7,29.8,0.23,37,11.8,0.56,MPPT Charging,33,33,0,0,8363
2026-08-25T14:55:04Z,4,29.8,0.13,37,11.8,0.29,MPPT Charging,33,33,0,0,8363
2026-08-25T14:55:14Z,1,29.9,0.03,36,11.8,0.09,MPPT Charging,33,33,0,0,8363
2026-08-25T14:55:24Z,2,33.1,0.06,36,11.8,0.17,MPPT Charging,33,33,0,0,8363
2026-08-25T14:55:34Z,6,39.3,0.15,36,11.8,0.49,MPPT Charging,33,33,0,0,8363
2026-08-25T14:55:44Z,0,38.6,0.00,37,11.8,0.00,MPPT Charging,33,33,0,0,8363
2026-08-25T14:55:54Z,0,35.4,0.00,36,11.8,0.00,MPPT Charging,34,33,0,0,8363
2026-08-25T14:56:04Z,0,34.3,0.00,36,11.8,0.00,MPPT Charging,33,33,0,0,8363
2026-08-25T14:56:25Z,0,34.6,0.00,35,11.8,0.02,MPPT Charging,33,33,0,0,8363
2026-08-25T14:56:34Z,1,34.4,0.02,35,11.8,0.07,MPPT Charging,33,33,0,0,8363
2026-08-25T14:56:44Z,0,34.7,0.00,36,11.8,0.02,MPPT Charging,33,33,0,0,8363
2026-08-25T14:56:54Z,0,35.1,0.00,36,11.8,0.00,MPPT Charging,33,33,0,0,8363
2026-08-25T14:57:04Z,0,36.1,0.00,36,11.8,0.04,MPPT Charging,33,33,0,0,8363
2026-08-25T14:57:14Z,0,35.1,0.00,36,11.8,0.04,MPPT Charging,33,33,0,0,8363
2026-08-25T14:57:24Z,0,34.8,0.00,36,11.8,0.00,MPPT Charging,33,33,0,0,8363
2026-08-25T14:57:34Z,0,34.5,0.00,36,11.8,0.00,MPPT Charging,34,33,0,0,8363
2026-08-25T14:57:44Z,0,33.8,0.00,36,11.8,0.00,MPPT Charging,33,33,0,0,8363
2026-08-25T14:57:54Z,0,34.4,0.00,35,11.8,0.00,MPPT Charging,33,33,0,0,8363
2026-08-25T14:58:04Z,0,32.4,0.00,35,11.8,0.00,MPPT Charging,33,33,0,0,8363
2026-08-25T14:58:14Z,0,33.5,0.00,35,11.8,0.00,MPPT Charging,33,33,0,0,8363
2026-08-25T14:58:24Z,0,33.3,0.00,35,11.8,0.02,MPPT Charging,33,33,0,0,8363
2026-08-25T14:58:34Z,1,33.2,0.03,36,11.8,0.12,MPPT Charging,33,33,0,0,8363
2026-08-25T14:58:44Z,2,35.1,0.05,36,11.8,0.19,MPPT Charging,33,33,0,0,8363
2026-08-25T14:59:04Z,4,34.9,0.11,37,11.8,0.32,MPPT Charging,33,33,0,0,8363
2026-08-25T14:59:14Z,5,33.6,0.14,37,11.8,0.37,MPPT Charging,33,33,0,0,8363
2026-08-25T14:59:24Z,5,35.0,0.14,37,11.8,0.44,MPPT Charging,33,33,0,0,8363
2026-08-25T14:59:34Z,5,34.7,0.14,37,11.8,0.44,MPPT Charging,33,33,0,0,8363
2026-08-25T14:59:44Z,6,35.8,0.16,37,11.8,0.46,MPPT Charging,33,33,0,0,8363
2026-08-25T14:59:54Z,7,35.4,0.19,38,11.8,0.59,MPPT Charging,34,33,0,0,8363
2026-08-25T15:00:04Z,8,35.8,0.22,37,11.8,0.69,MPPT Charging,33,33,0,0,8363
2026-08-25T15:00:14Z,8,36.5,0.21,37,11.8,0.69,MPPT Charging,34,33,0,0,8363
2026-08-25T15:00:24Z,7,36.9,0.18,37,11.8,0.59,MPPT Charging,34,33,0,0,8363
2026-08-25T15:00:34Z,4,37.3,0.10,39,11.8,0.29,MPPT Charging,34,33,0,0,8363
2026-08-25T15:00:44Z,0,36.4,0.00,37,11.8,0.02,MPPT Charging,33,33,0,0,8363
2026-08-25T15:00:54Z,0,35.0,0.00,37,11.8,0.00,MPPT Charging,34,33,0,0,8363
2026-08-25T15:01:04Z,0,34.2,0.00,36,11.8,0.00,MPPT Charging,33,33,0,0,8363
2026-08-25T15:01:14Z,0,32.5,0.00,35,11.8,0.00,MPPT Charging,34,33,0,0,8363
2026-08-25T15:01:24Z,0,31.0,0.00,36,11.8,0.00,MPPT Charging,34,33,0,0,8363
2026-08-25T15:01:35Z,0,33.9,0.00,36,11.8,0.00,MPPT Charging,34,33,0,0,8363
2026-08-25T15:01:44Z,0,32.9,0.00,35,11.8,0.00,MPPT Charging,33,33,0,0,8363
2026-08-25T15:01:54Z,0,33.2,0.00,35,11.8,0.00,MPPT Charging,33,33,0,0,8363
2026-08-25T15:02:04Z,0,31.8,0.00,37,11.8,0.00,MPPT Charging,34,33,0,0,8363
2026-08-25T15:02:14Z,0,33.1,0.00,36,11.8,0.00,MPPT Charging,33,33,0,0,8363
2026-08-25T15:02:24Z,0,32.5,0.00,35,11.8,0.00,MPPT Charging,33,33,0,0,8363
2026-08-25T15:02:34Z,0,33.0,0.00,36,11.8,0.00,MPPT Charging,33,33,0,0,8363
2026-08-25T15:02:44Z,0,32.3,0.00,36,11.8,0.00,MPPT Charging,34,33,0,0,8363
2026-08-25T15:02:54Z,0,29.6,0.00,35,11.8,0.00,MPPT Charging,33,33,0,0,8363
2026-08-25T15:03:04Z,0,31.4,0.00,35,11.8,0.00,MPPT Charging,33,33,0,0,8363
2026-08-25T15:03:14Z,0,31.3,0.00,35,11.8,0.00,MPPT Charging,34,33,0,0,8363
2026-08-25T15:03:24Z,0,31.3,0.00,35,11.8,0.00,MPPT Charging,33,33,0,0,8363
2026-08-25T15:03:34Z,0,31.8,0.00,36,11.8,0.00,MPPT Charging,33,33,0,0,8363
2026-08-25T15:03:44Z,0,32.4,0.00,35,11.8,0.00,MPPT Charging,33,33,0,0,8363
2026-08-25T15:03:54Z,0,32.6,0.00,35,11.8,0.00,MPPT Charging,33,33,0,0,8363
2026-08-25T15:04:04Z,0,32.3,0.00,35,11.8,0.00,MPPT Charging,33,33,0,0,8363
2026-08-25T15:04:14Z,0,30.5,0.00,35,11.8,0.00,MPPT Charging,33,33,0,0,8363
2026-08-25T15:04:24Z,0,30.1,0.00,35,11.8,0.00,MPPT Charging,33,33,0,0,8363
2026-08-25T15:04:34Z,0,29.1,0.00,35,11.8,0.00,MPPT Charging,33,33,0,0,8363
2026-08-25T15:04:44Z,0,27.4,0.00,35,11.8,0.00,MPPT Charging,33,33,0,0,8363
2026-08-25T15:04:54Z,0,28.3,0.00,35,11.8,0.00,MPPT Charging,33,33,0,0,8363
2026-08-25T15:05:04Z,0,32.1,0.00,35,11.8,0.00,MPPT Charging,33,33,0,0,8363
2026-08-25T15:05:14Z,0,30.6,0.00,35,11.8,0.00,MPPT Charging,33,33,0,0,8363
2026-08-25T15:05:24Z,0,30.9,0.00,35,11.8,0.00,MPPT Charging,33,33,0,0,8363
2026-08-25T15:05:34Z,0,30.0,0.00,35,11.8,0.00,MPPT Charging,33,33,0,0,8363
2026-08-25T15:05:44Z,0,28.5,0.00,36,11.8,0.00,MPPT Charging,33,33,0,0,8363
2026-08-25T15:05:54Z,0,31.4,0.00,35,11.8,0.00,MPPT Charging,33,33,0,0,8363
2026-08-25T15:06:04Z,0,31.6,0.00,35,11.8,0.00,MPPT Charging,33,33,0,0,8363
2026-08-25T15:06:14Z,0,31.3,0.00,35,11.8,0.00,MPPT Charging,33,33,0,0,8363
2026-08-25T15:06:24Z,0,32.8,0.00,35,11.8,0.00,MPPT Charging,33,33,0,0,8363
2026-08-25T15:06:34Z,0,33.1,0.00,35,11.8,0.00,MPPT Charging,33,33,0,0,8363
2026-08-25T15:06:45Z,0,35.7,0.00,35,11.8,0.00,MPPT Charging,33,33,0,0,8363
2026-08-25T15:06:54Z,0,31.3,0.00,35,11.8,0.00,MPPT Charging,33,33,0,0,8363
2026-08-25T15:07:04Z,0,30.5,0.00,34,11.8,0.00,MPPT Charging,33,33,0,0,8363
2026-08-25T15:07:14Z,0,30.5,0.00,35,11.8,0.00,MPPT Charging,33,33,0,0,8363
2026-08-25T15:07:24Z,0,31.8,0.00,35,11.8,0.00,MPPT Charging,33,33,0,0,8363
2026-08-25T15:07:34Z,0,30.6,0.00,35,11.8,0.00,MPPT Charging,33,33,0,0,8363
2026-08-25T15:07:44Z,0,29.5,0.00,35,11.8,0.00,MPPT Charging,33,33,0,0,8363
2026-08-25T15:07:54Z,0,31.0,0.00,34,11.8,0.00,MPPT Charging,33,33,0,0,8363
2026-08-25T15:08:04Z,0,30.7,0.00,35,11.8,0.00,MPPT Charging,33,33,0,0,8363
2026-08-25T15:08:14Z,0,30.6,0.00,35,11.8,0.00,MPPT Charging,33,33,0,0,8363
2026-08-25T15:08:24Z,0,29.3,0.00,35,11.8,0.00,MPPT Charging,33,33,0,0,8363
2026-08-25T15:08:34Z,0,28.7,0.00,35,11.8,0.00,MPPT Charging,33,33,0,0,8363
2026-08-25T15:08:44Z,0,28.3,0.00,35,11.8,0.00,MPPT Charging,33,33,0,0,8363
2026-08-25T15:08:54Z,0,29.7,0.00,34,11.8,0.00,MPPT Charging,33,33,0,0,8363
2026-08-25T15:09:04Z,0,31.6,0.00,34,11.8,0.00,MPPT Charging,33,33,0,0,8363
2026-08-25T15:09:25Z,0,32.3,0.00,35,11.8,0.00,MPPT Charging,33,33,0,0,8363
2026-08-25T15:09:34Z,0,31.1,0.00,35,11.8,0.00,MPPT Charging,33,33,0,0,8363
2026-08-25T15:09:44Z,0,30.1,0.00,34,11.8,0.00,MPPT Charging,33,33,0,0,8363
2026-08-25T15:09:54Z,0,32.4,0.00,35,11.8,0.00,MPPT Charging,33,33,0,0,8363
2026-08-25T15:10:04Z,0,30.5,0.00,35,11.8,0.00,MPPT Charging,33,33,0,0,8363
2026-08-25T15:10:25Z,0,31.8,0.00,35,11.8,0.00,MPPT Charging,33,33,0,0,8363
2026-08-25T15:10:34Z,0,33.0,0.00,35,11.8,0.00,MPPT Charging,33,33,0,0,8363
2026-08-25T15:10:44Z,0,31.2,0.00,35,11.8,0.00,MPPT Charging,33,33,0,0,8363
2026-08-25T15:10:54Z,0,31.0,0.00,34,11.8,0.00,MPPT Charging,33,33,0,0,8363
2026-08-25T15:11:04Z,0,31.8,0.00,34,11.8,0.00,MPPT Charging,33,33,0,0,8363
2026-08-25T15:11:14Z,0,31.4,0.00,35,11.8,0.00,MPPT Charging,33,33,0,0,8363
2026-08-25T15:11:24Z,0,31.8,0.00,35,11.8,0.00,MPPT Charging,33,33,0,0,8363
2026-08-25T15:11:34Z,0,32.1,0.00,34,11.8,0.00,MPPT Charging,33,33,0,0,8363
2026-08-25T15:11:44Z,0,31.5,0.00,34,11.8,0.00,MPPT Charging,33,33,0,0,8363
2026-08-25T15:11:54Z,0,31.3,0.00,35,11.8,0.00,MPPT Charging,33,33,0,0,8363
2026-08-25T15:12:04Z,0,33.2,0.00,35,11.8,0.00,MPPT Charging,33,33,0,0,8363
2026-08-25T15:12:14Z,0,32.0,0.00,35,11.8,0.00,MPPT Charging,33,33,0,0,8363
2026-08-25T15:12:24Z,0,32.8,0.00,34,11.8,0.00,MPPT Charging,33,33,0,0,8363
2026-08-25T15:12:34Z,0,33.5,0.00,35,11.8,0.00,MPPT Charging,33,33,0,0,8363
2026-08-25T15:12:44Z,0,32.4,0.00,35,11.8,0.00,MPPT Charging,33,33,0,0,8363
2026-08-25T15:12:54Z,0,33.9,0.00,35,11.8,0.00,MPPT Charging,33,33,0,0,8363
2026-08-25T15:13:04Z,0,32.7,0.00,35,11.8,0.00,MPPT Charging,33,33,0,0,8363
2026-08-25T15:13:14Z,0,32.8,0.00,35,11.8,0.00,MPPT Charging,33,33,0,0,8363
2026-08-25T15:13:24Z,0,34.0,0.00,35,11.8,0.00,MPPT Charging,33,33,0,0,8363
2026-08-25T15:13:34Z,0,33.9,0.00,35,11.8,0.00,MPPT Charging,33,33,0,0,8363
2026-08-25T15:13:44Z,0,32.1,0.00,35,11.8,0.00,MPPT Charging,33,33,0,0,8363
2026-08-25T15:13:54Z,0,31.7,0.00,35,11.8,0.00,MPPT Charging,33,33,0,0,8363
2026-08-25T15:14:04Z,0,31.3,0.00,35,11.8,0.00,MPPT Charging,33,33,0,0,8363
2026-08-25T15:14:14Z,0,32.6,0.00,35,11.8,0.00,MPPT Charging,33,33,0,0,8363
2026-08-25T15:14:24Z,0,33.3,0.00,35,11.8,0.00,MPPT Charging,33,33,0,0,8363
2026-08-25T15:14:34Z,0,33.6,0.00,35,11.8,0.00,MPPT Charging,33,33,0,0,8363
2026-08-25T15:14:44Z,0,32.5,0.00,35,11.8,0.00,MPPT Charging,33,33,0,0,8363
2026-08-25T15:14:54Z,0,31.5,0.00,35,11.8,0.00,MPPT Charging,33,33,0,0,8363
2026-08-25T15:15:04Z,0,31.5,0.00,35,11.8,0.00,MPPT Charging,33,33,0,0,8363
2026-08-25T15:15:14Z,0,31.0,0.00,35,11.8,0.00,MPPT Charging,33,33,0,0,8363
2026-08-25T15:15:24Z,0,31.5,0.00,35,11.8,0.00,MPPT Charging,33,33,0,0,8363
2026-08-25T15:15:35Z,0,31.1,0.00,35,11.8,0.00,MPPT Charging,33,33,0,0,8363
2026-08-25T15:15:44Z,0,31.9,0.00,36,11.8,0.00,MPPT Charging,33,33,0,0,8363
2026-08-25T15:15:54Z,0,30.4,0.00,35,11.8,0.00,MPPT Charging,33,33,0,0,8363
2026-08-25T15:16:04Z,0,31.1,0.00,35,11.8,0.00,MPPT Charging,33,33,0,0,8363
2026-08-25T15:16:14Z,0,33.4,0.00,35,11.8,0.00,MPPT Charging,33,33,0,0,8363
2026-08-25T15:16:24Z,0,33.5,0.00,35,11.8,0.00,MPPT Charging,33,33,0,0,8363
2026-08-25T15:16:34Z,0,32.6,0.00,35,11.8,0.00,MPPT Charging,33,33,0,0,8363
2026-08-25T15:16:44Z,0,32.3,0.00,35,11.8,0.00,MPPT Charging,33,33,0,0,8363
2026-08-25T15:16:54Z,0,32.8,0.00,35,11.8,0.00,MPPT Charging,33,33,0,0,8363
2026-08-25T15:17:15Z,0,31.8,0.00,34,11.8,0.00,MPPT Charging,33,33,0,0,8363
2026-08-25T15:17:24Z,0,30.7,0.00,34,11.8,0.00,MPPT Charging,33,33,0,0,8363
2026-08-25T15:17:34Z,0,32.9,0.00,34,11.8,0.00,MPPT Charging,33,33,0,0,8363
2026-08-25T15:17:44Z,0,32.5,0.00,35,11.8,0.00,MPPT Charging,33,33,0,0,8363
2026-08-25T15:17:54Z,0,31.8,0.00,35,11.8,0.00,MPPT Charging,33,33,0,0,8363
2026-08-25T15:18:04Z,0,31.4,0.00,35,11.8,0.00,MPPT Charging,33,33,0,0,8363
2026-08-25T15:18:14Z,0,31.7,0.00,34,11.8,0.00,MPPT Charging,33,33,0,0,8363
2026-08-25T15:18:24Z,0,30.4,0.00,34,11.8,0.00,MPPT Charging,33,33,0,0,8363
2026-08-25T15:18:34Z,0,30.8,0.00,35,11.8,0.00,MPPT Charging,33,33,0,0,8363
2026-08-25T15:18:44Z,0,31.4,0.00,34,11.8,0.00,MPPT Charging,33,33,0,0,8363
2026-08-25T15:18:54Z,0,31.0,0.00,34,11.8,0.00,MPPT Charging,33,33,0,0,8363
2026-08-25T15:19:04Z,0,30.9,0.00,34,11.8,0.00,MPPT Charging,33,33,0,0,8363
2026-08-25T15:19:14Z,0,29.7,0.00,34,11.8,0.00,MPPT Charging,33,33,0,0,8363
2026-08-25T15:19:24Z,0,32.1,0.00,34,11.8,0.00,MPPT Charging,33,33,0,0,8363
2026-08-25T15:19:34Z,0,31.7,0.00,34,11.8,0.00,MPPT Charging,33,33,0,0,8363
2026-08-25T15:19:44Z,0,31.0,0.00,34,11.8,0.00,MPPT Charging,33,33,0,0,8363
2026-08-25T15:19:54Z,0,30.6,0.00,34,11.8,0.00,MPPT Charging,33,33,0,0,8363
2026-08-25T15:20:04Z,0,31.3,0.00,35,11.8,0.00,MPPT Charging,33,33,0,0,8363
2026-08-25T15:20:14Z,0,32.5,0.00,35,11.8,0.00,MPPT Charging,33,33,0,0,8363
2026-08-25T15:20:24Z,0,32.6,0.00,34,11.8,0.00,MPPT Charging,33,33,0,0,8363
2026-08-25T15:20:34Z,0,32.4,0.00,35,11.8,0.00,MPPT Charging,33,33,0,0,8363
2026-08-25T15:20:44Z,0,32.7,0.00,34,11.8,0.00,MPPT Charging,33,33,0,0,8363
2026-08-25T15:20:54Z,0,32.7,0.00,35,11.8,0.00,MPPT Charging,33,33,0,0,8363
2026-08-25T15:21:04Z,0,32.1,0.00,35,11.8,0.00,MPPT Charging,33,33,0,0,8363
2026-08-25T15:21:14Z,0,32.4,0.00,35,11.8,0.00,MPPT Charging,33,33,0,0,8363
2026-08-25T15:21:24Z,0,32.0,0.00,35,11.8,0.00,MPPT Charging,33,33,0,0,8363
2026-08-25T15:21:34Z,0,30.3,0.00,34,11.8,0.00,MPPT Charging,33,33,0,0,8363
2026-08-25T15:21:44Z,0,29.2,0.00,35,11.8,0.00,MPPT Charging,33,33,0,0,8363
2026-08-25T15:21:54Z,0,30.6,0.00,35,11.8,0.00,MPPT Charging,33,33,0,0,8363
2026-08-25T15:22:04Z,0,31.1,0.00,34,11.8,0.00,MPPT Charging,33,33,0,0,8363
2026-08-25T15:22:14Z,0,16.2,0.00,33,11.7,0.00,MPPT Charging,33,33,0,0,8363
2026-08-25T15:22:25Z,0,32.0,0.00,35,11.8,0.00,MPPT Charging,33,33,0,0,8363
2026-08-25T15:22:34Z,0,30.8,0.00,34,11.8,0.00,MPPT Charging,33,33,0,0,8363
2026-08-25T15:22:44Z,0,31.5,0.00,35,11.8,0.00,MPPT Charging,33,33,0,0,8363
2026-08-25T15:22:54Z,0,30.5,0.00,34,11.8,0.00,MPPT Charging,33,33,0,0,8363
2026-08-25T15:23:04Z,0,31.9,0.00,34,11.8,0.00,MPPT Charging,33,33,0,0,8363
2026-08-25T15:23:14Z,0,31.3,0.00,34,11.8,0.00,MPPT Charging,33,33,0,0,8363
2026-08-25T15:23:24Z,0,32.7,0.00,34,11.8,0.00,MPPT Charging,33,33,0,0,8363
2026-08-25T15:23:34Z,0,32.2,0.00,34,11.8,0.00,MPPT Charging,33,33,0,0,8363
2026-08-25T15:23:44Z,0,32.2,0.00,34,11.8,0.00,MPPT Charging,33,33,0,0,8363
2026-08-25T15:23:54Z,0,31.3,0.00,35,11.8,0.00,MPPT Charging,33,33,0,0,8363
2026-08-25T15:24:04Z,0,31.0,0.00,35,11.8,0.00,MPPT Charging,33,33,0,0,8363
2026-08-25T15:24:14Z,0,30.8,0.00,34,11.8,0.00,MPPT Charging,33,33,0,0,8363
2026-08-25T15:24:24Z,0,30.1,0.00,34,11.7,0.00,MPPT Charging,33,33,0,0,8363
2026-08-25T15:24:34Z,0,31.6,0.00,34,11.7,0.00,MPPT Charging,33,33,0,0,8363
2026-08-25T15:24:44Z,0,30.7,0.00,34,11.7,0.00,MPPT Charging,33,33,0,0,8363
2026-08-25T15:24:54Z,0,30.3,0.00,34,11.7,0.00,MPPT Charging,33,33,0,0,8363
2026-08-25T15:25:04Z,0,28.4,0.00,34,11.8,0.00,MPPT Charging,33,33,0,0,8363
2026-08-25T15:25:14Z,0,28.2,0.00,34,11.7,0.00,MPPT Charging,33,33,0,0,8363
2026-08-25T15:25:24Z,0,26.5,0.00,33,11.7,0.00,MPPT Charging,33,33,0,0,8363
2026-08-25T15:25:34Z,0,29.8,0.00,34,11.7,0.00,MPPT Charging,33,33,0,0,8363
2026-08-25T15:25:44Z,0,31.1,0.00,34,11.7,0.00,MPPT Charging,33,33,0,0,8363
2026-08-25T15:25:54Z,0,31.4,0.00,34,11.7,0.00,MPPT Charging,33,33,0,0,8363
2026-08-25T15:26:04Z,0,31.3,0.00,34,11.7,0.00,MPPT Charging,33,33,0,0,8363
2026-08-25T15:26:14Z,0,31.2,0.00,34,11.7,0.00,MPPT Charging,33,33,0,0,8363
2026-08-25T15:26:24Z,0,33.0,0.00,33,11.7,0.00,MPPT Charging,33,33,0,0,8363
2026-08-25T15:26:34Z,0,31.5,0.00,34,11.8,0.00,MPPT Charging,33,33,0,0,8363
2026-08-25T15:26:44Z,0,32.8,0.00,31,11.8,0.00,MPPT Charging,33,33,0,0,8363
2026-08-25T15:26:54Z,0,30.6,0.00,33,11.8,0.00,MPPT Charging,33,33,0,0,8363
2026-08-25T15:27:04Z,0,31.3,0.00,33,11.7,0.00,MPPT Charging,33,33,0,0,8363
2026-08-25T15:27:14Z,0,33.2,0.00,34,11.8,0.00,MPPT Charging,33,33,0,0,8363
2026-08-25T15:27:24Z,0,16.6,0.00,33,11.7,0.00,MPPT Charging,33,33,0,0,8363
2026-08-25T15:27:35Z,0,33.4,0.00,34,11.8,0.00,MPPT Charging,33,33,0,0,8363
2026-08-25T15:27:44Z,0,34.0,0.00,34,11.8,0.00,MPPT Charging,33,33,0,0,8363
2026-08-25T15:27:54Z,0,34.3,0.00,35,11.8,0.00,MPPT Charging,33,33,0,0,8363
2026-08-25T15:28:04Z,0,31.4,0.00,35,11.8,0.00,MPPT Charging,33,33,0,0,8363
2026-08-25T15:28:14Z,0,30.3,0.00,34,11.8,0.00,MPPT Charging,33,33,0,0,8363
2026-08-25T15:28:24Z,0,30.5,0.00,35,11.8,0.00,MPPT Charging,33,33,0,0,8363
2026-08-25T15:28:34Z,0,36.2,0.00,35,11.8,0.00,MPPT Charging,33,33,0,0,8363
2026-08-25T15:28:44Z,1,34.6,0.02,35,11.8,0.07,MPPT Charging,33,33,0,0,8363
2026-08-25T15:28:54Z,3,33.2,0.09,35,11.8,0.22,MPPT Charging,33,33,0,0,8363
2026-08-25T15:29:04Z,5,28.7,0.17,36,11.8,0.44,MPPT Charging,33,33,0,0,8363
2026-08-25T15:29:14Z,3,28.7,0.10,37,11.8,0.22,MPPT Charging,33,33,0,0,8363
2026-08-25T15:29:24Z,4,31.9,0.12,36,11.8,0.32,MPPT Charging,33,33,0,0,8363
2026-08-25T15:29:34Z,5,35.2,0.14,37,11.8,0.37,MPPT Charging,33,33,0,0,8363
2026-08-25T15:29:44Z,4,35.2,0.11,36,11.8,0.34,MPPT Charging,33,33,0,0,8363
2026-08-25T15:29:54Z,4,35.2,0.11,35,11.8,0.32,MPPT Charging,33,33,0,0,8363
2026-08-25T15:30:04Z,2,35.0,0.05,36,11.8,0.17,MPPT Charging,33,33,0,0,8363
2026-08-25T15:30:14Z,1,35.0,0.02,36,11.8,0.07,MPPT Charging,33,33,0,0,8363
2026-08-25T15:30:24Z,0,34.9,0.00,36,11.8,0.00,MPPT Charging,33,33,0,0,8363
2026-08-25T15:30:34Z,0,34.6,0.00,35,11.8,0.00,MPPT Charging,33,33,0,0,8363
2026-08-25T15:30:44Z,0,33.5,0.00,35,11.8,0.00,MPPT Charging,33,33,0,0,8363
2026-08-25T15:30:54Z,0,33.3,0.00,35,11.8,0.00,MPPT Charging,33,33,0,0,8363
2026-08-25T15:31:04Z,0,33.5,0.00,35,11.8,0.00,MPPT Charging,33,33,0,0,8363
2026-08-25T15:31:15Z,0,34.0,0.00,35,11.8,0.00,MPPT Charging,33,33,0,0,8363
2026-08-25T15:31:24Z,0,34.3,0.00,35,11.8,0.00,MPPT Charging,33,33,0,0,8363
2026-08-25T15:31:34Z,0,34.0,0.00,36,11.8,0.00,MPPT Charging,33,33,0,0,8363
2026-08-25T15:31:44Z,3,39.5,0.07,36,11.8,0.27,MPPT Charging,33,33,0,0,8363
2026-08-25T15:31:54Z,16,37.6,0.42,38,11.8,1.33,MPPT Charging,33,33,0,0,8363
2026-08-25T15:32:04Z,14,36.0,0.38,37,11.8,1.13,MPPT Charging,33,33,0,0,8363
2026-08-25T15:32:14Z,10,36.7,0.27,37,11.8,0.83,MPPT Charging,33,33,0,0,8363
2026-08-25T15:32:24Z,7,37.0,0.18,37,11.8,0.59,MPPT Charging,33,33,0,0,8363
2026-08-25T15:32:34Z,11,26.5,0.41,35,11.9,0.88,MPPT Charging,33,33,0,0,8363
2026-08-25T15:32:44Z,20,36.6,0.54,39,11.9,1.58,MPPT Charging,33,33,0,0,8363
2026-08-25T15:32:54Z,2,36.5,0.05,37,11.8,0.14,MPPT Charging,33,33,0,0,8363
2026-08-25T15:33:04Z,0,36.2,0.00,36,11.8,0.00,MPPT Charging,33,33,0,0,8363
2026-08-25T15:33:14Z,0,33.2,0.00,36,11.8,0.00,MPPT Charging,33,33,0,0,8363
2026-08-25T15:33:24Z,0,31.7,0.00,35,11.8,0.00,MPPT Charging,33,33,0,0,8363
2026-08-25T15:33:34Z,0,32.9,0.00,35,11.8,0.00,MPPT Charging,33,33,0,0,8363
2026-08-25T15:33:44Z,0,33.2,0.00,35,11.8,0.00,MPPT Charging,33,33,0,0,8363
2026-08-25T15:33:54Z,0,32.8,0.00,35,11.8,0.00,MPPT Charging,33,33,0,0,8363
2026-08-25T15:34:04Z,0,32.8,0.00,35,11.8,0.00,MPPT Charging,33,33,0,0,8363
2026-08-25T15:34:14Z,0,31.9,0.00,35,11.8,0.00,MPPT Charging,33,33,0,0,8363
2026-08-25T15:34:24Z,0,32.2,0.00,35,11.8,0.00,MPPT Charging,33,33,0,0,8363
2026-08-25T15:34:34Z,0,32.8,0.00,35,11.8,0.00,MPPT Charging,33,33,0,0,8363
2026-08-25T15:34:44Z,0,33.0,0.00,35,11.8,0.00,MPPT Charging,33,33,0,0,8363
2026-08-25T15:34:55Z,0,32.3,0.00,35,11.8,0.00,MPPT Charging,33,33,0,0,8363
2026-08-25T15:35:04Z,0,32.1,0.00,35,11.8,0.00,MPPT Charging,33,33,0,0,8363
2026-08-25T15:35:14Z,0,32.5,0.00,35,11.8,0.00,MPPT Charging,33,33,0,0,8363
2026-08-25T15:35:24Z,0,32.2,0.00,35,11.8,0.00,MPPT Charging,33,33,0,0,8363
2026-08-25T15:35:34Z,0,33.9,0.00,35,11.8,0.00,MPPT Charging,33,33,0,0,8363
2026-08-25T15:35:44Z,0,31.6,0.00,36,11.8,0.00,MPPT Charging,33,33,0,0,8363
2026-08-25T15:35:54Z,0,36.2,0.00,36,11.8,0.00,MPPT Charging,33,33,0,0,8363
2026-08-25T15:36:04Z,0,31.7,0.00,36,11.8,0.00,MPPT Charging,33,33,0,0,8363
2026-08-25T15:36:14Z,2,36.2,0.05,36,11.8,0.14,MPPT Charging,33,33,0,0,8363
2026-08-25T15:36:25Z,3,35.6,0.08,37,11.8,0.27,MPPT Charging,33,33,0,0,8363
2026-08-25T15:36:34Z,4,35.9,0.11,37,11.8,0.32,MPPT Charging,33,33,0,0,8363
2026-08-25T15:36:44Z,5,37.0,0.13,37,11.8,0.41,MPPT Charging,33,33,0,0,8363
2026-08-25T15:36:54Z,5,35.7,0.14,37,11.8,0.41,MPPT Charging,33,33,0,0,8363
2026-08-25T15:37:04Z,5,35.5,0.14,37,11.8,0.37,MPPT Charging,33,33,0,0,8363
2026-08-25T15:37:14Z,6,32.3,0.18,37,11.8,0.46,MPPT Charging,33,33,0,0,8363
2026-08-25T15:37:24Z,12,28.5,0.42,38,11.8,1.01,MPPT Charging,33,33,0,0,8363
2026-08-25T15:37:34Z,21,31.3,0.67,40,11.9,1.67,MPPT Charging,33,33,0,0,8363
2026-08-25T15:37:44Z,27,35.0,0.77,40,11.9,2.17,MPPT Charging,33,33,0,0,8363
2026-08-25T15:37:54Z,8,17.8,0.44,40,11.8,0.66,MPPT Charging,33,33,0,0,8363
2026-08-25T15:38:04Z,30,38.7,0.77,41,11.9,2.39,MPPT Charging,33,33,0,0,8363
2026-08-25T15:38:14Z,24,38.0,0.63,40,11.9,1.95,MPPT Charging,33,33,0,0,8363
2026-08-25T15:38:24Z,28,38.0,0.73,42,11.9,2.29,MPPT Charging,33,33,0,0,8363
2026-08-25T15:38:34Z,25,38.4,0.65,41,11.9,2.00,MPPT Charging,33,33,0,0,8363
2026-08-25T15:38:44Z,20,37.8,0.52,40,11.9,1.60,MPPT Charging,33,33,0,0,8363
2026-08-25T15:38:54Z,7,37.5,0.18,40,11.8,0.59,MPPT Charging,33,33,0,0,8363
2026-08-25T15:39:04Z,5,35.9,0.13,38,11.8,0.37,MPPT Charging,33,33,0,0,8363
2026-08-25T15:39:14Z,4,34.4,0.11,39,11.8,0.34,MPPT Charging,33,33,0,0,8363
2026-08-25T15:39:24Z,5,35.9,0.13,37,11.8,0.39,MPPT Charging,33,33,0,0,8363
2026-08-25T15:39:34Z,4,34.7,0.11,38,11.8,0.34,MPPT Charging,33,33,0,0,8363
2026-08-25T15:39:44Z,4,35.0,0.11,38,11.8,0.32,MPPT Charging,33,33,0,0,8363
2026-08-25T15:39:54Z,4,34.3,0.11,39,11.8,0.34,MPPT Charging,33,33,0,0,8363
2026-08-25T15:40:04Z,4,33.6,0.11,38,11.8,0.32,MPPT Charging,33,33,0,0,8363
2026-08-25T15:40:14Z,5,34.1,0.14,38,11.8,0.41,MPPT Charging,33,33,0,11,8374
2026-08-25T15:40:24Z,10,38.0,0.26,39,11.9,0.81,MPPT Charging,33,33,0,11,8374
2026-08-25T15:40:34Z,9,36.2,0.24,39,11.9,0.69,MPPT Charging,33,33,0,11,8374
2026-08-25T15:40:44Z,11,34.3,0.32,40,11.9,0.88,MPPT Charging,33,33,0,11,8374
2026-08-25T15:40:54Z,17,39.1,0.43,40,11.9,1.38,MPPT Charging,33,33,0,11,8374
2026-08-25T15:41:04Z,24,36.3,0.66,41,11.9,1.90,MPPT Charging,34,33,0,11,8374
2026-08-25T15:41:14Z,25,34.5,0.72,41,11.9,2.00,MPPT Charging,34,33,0,11,8374
2026-08-25T15:41:24Z,14,35.0,0.40,40,11.9,1.11,MPPT Charging,34,33,0,11,8374
2026-08-25T15:41:35Z,13,36.5,0.35,40,11.9,1.06,MPPT Charging,34,33,0,11,8374
2026-08-25T15:41:44Z,9,36.5,0.24,40,11.9,0.74,MPPT Charging,34,33,0,11,8374
2026-08-25T15:41:54Z,8,35.9,0.22,40,11.9,0.66,MPPT Charging,34,33,0,11,8374
2026-08-25T15:42:04Z,8,36.4,0.21,40,11.9,0.66,MPPT Charging,34,33,0,11,8374
2026-08-25T15:42:14Z,10,37.1,0.26,40,11.9,0.81,MPPT Charging,34,33,0,11,8374
2026-08-25T15:42:24Z,10,36.5,0.27,40,11.9,0.83,MPPT Charging,34,33,0,11,8374
2026-08-25T15:42:35Z,4,36.3,0.11,39,11.9,0.34,MPPT Charging,34,33,0,11,8374
2026-08-25T15:42:44Z,2,35.4,0.05,39,11.8,0.17,MPPT Charging,34,33,0,11,8374
2026-08-25T15:42:54Z,0,34.2,0.00,39,11.8,0.04,MPPT Charging,34,33,0,11,8374
2026-08-25T15:43:04Z,0,34.1,0.00,38,11.8,0.02,MPPT Charging,34,33,0,11,8374
2026-08-25T15:43:14Z,0,34.3,0.00,38,11.8,0.02,MPPT Charging,34,33,0,11,8374
2026-08-25T15:43:24Z,0,33.4,0.00,38,11.8,0.00,MPPT Charging,34,33,0,11,8374
2026-08-25T15:43:34Z,0,34.1,0.00,37,11.8,0.00,MPPT Charging,34,33,0,11,8374
2026-08-25T15:43:44Z,0,33.4,0.00,38,11.8,0.00,MPPT Charging,34,33,0,11,8374
2026-08-25T15:43:54Z,0,24.9,0.00,37,11.8,0.00,MPPT Charging,34,33,0,11,8374
2026-08-25T15:44:04Z,0,33.4,0.00,38,11.8,0.00,MPPT Charging,34,33,0,11,8374
2026-08-25T15:44:14Z,0,31.2,0.00,37,11.8,0.00,MPPT Charging,34,33,0,11,8374
2026-08-25T15:44:24Z,0,29.9,0.00,37,11.8,0.00,MPPT Charging,34,33,0,11,8374
2026-08-25T15:44:34Z,0,32.7,0.00,37,11.8,0.00,MPPT Charging,34,33,0,11,8374
2026-08-25T15:44:44Z,0,32.6,0.00,37,11.8,0.00,MPPT Charging,34,33,0,11,8374
2026-08-25T15:44:54Z,0,32.9,0.00,37,11.8,0.00,MPPT Charging,34,33,0,11,8374
2026-08-25T15:45:04Z,0,34.8,0.00,37,11.8,0.00,MPPT Charging,33,33,0,11,8374
2026-08-25T15:45:14Z,0,32.0,0.00,38,11.8,0.00,MPPT Charging,34,33,0,11,8374
2026-08-25T15:45:24Z,0,35.0,0.00,38,11.8,0.00,MPPT Charging,34,33,0,11,8374
2026-08-25T15:45:34Z,0,31.2,0.00,39,11.8,0.04,MPPT Charging,34,33,0,11,8374
2026-08-25T15:45:44Z,3,32.7,0.09,39,11.9,0.22,MPPT Charging,33,33,0,11,8374
2026-08-25T15:45:54Z,5,34.4,0.14,40,11.9,0.41,MPPT Charging,34,33,0,11,8374
2026-08-25T15:46:04Z,6,35.7,0.16,39,11.9,0.46,MPPT Charging,34,33,0,11,8374
2026-08-25T15:46:14Z,7,34.9,0.20,40,11.9,0.56,MPPT Charging,34,33,0,11,8374
2026-08-25T15:46:24Z,12,30.6,0.39,40,11.9,0.96,MPPT Charging,34,33,0,11,8374
2026-08-25T15:46:34Z,10,30.2,0.33,40,11.9,0.79,MPPT Charging,34,33,0,11,8374
2026-08-25T15:46:45Z,6,31.2,0.19,39,11.9,0.51,MPPT Charging,34,33,0,11,8374
2026-08-25T15:46:54Z,2,31.1,0.06,39,11.9,0.19,MPPT Charging,34,33,0,11,8374
2026-08-25T15:47:04Z,0,31.2,0.00,39,11.9,0.04,MPPT Charging,34,33,0,11,8374
2026-08-25T15:47:14Z,0,32.7,0.00,39,11.9,0.02,MPPT Charging,34,33,0,11,8374
2026-08-25T15:47:24Z,0,33.1,0.00,39,11.8,0.00,MPPT Charging,34,33,0,11,8374
2026-08-25T15:47:34Z,0,33.4,0.00,38,11.8,0.00,MPPT Charging,34,33,0,11,8374
2026-08-25T15:47:44Z,0,33.3,0.00,38,11.8,0.00,MPPT Charging,34,33,0,11,8374
2026-08-25T15:47:54Z,0,33.1,0.00,38,11.8,0.00,MPPT Charging,34,33,0,11,8374
2026-08-25T15:48:04Z,0,32.9,0.00,39,11.8,0.00,MPPT Charging,34,33,0,11,8374
2026-08-25T15:48:14Z,0,31.6,0.00,38,11.8,0.00,MPPT Charging,34,33,0,11,8374
2026-08-25T15:48:24Z,0,29.5,0.00,38,11.8,0.00,MPPT Charging,34,33,0,11,8374
2026-08-25T15:48:34Z,0,30.3,0.00,38,11.8,0.00,MPPT Charging,34,33,0,11,8374
2026-08-25T15:48:44Z,0,32.4,0.00,38,11.8,0.00,MPPT Charging,33,33,0,11,8374
2026-08-25T15:48:54Z,0,32.0,0.00,38,11.8,0.00,MPPT Charging,34,33,0,11,8374
2026-08-25T15:49:04Z,0,16.7,0.00,40,11.8,0.00,MPPT Charging,34,33,0,11,8374
2026-08-25T15:49:14Z,0,31.9,0.00,38,11.8,0.00,MPPT Charging,34,33,0,11,8374
2026-08-25T15:49:24Z,0,30.7,0.00,38,11.8,0.00,MPPT Charging,34,33,0,11,8374
2026-08-25T15:49:34Z,0,30.2,0.00,37,11.8,0.00,MPPT Charging,34,33,0,11,8374
2026-08-25T15:49:44Z,0,34.1,0.00,38,11.8,0.00,MPPT Charging,34,33,0,11,8374
2026-08-25T15:49:54Z,0,34.0,0.00,38,11.8,0.00,MPPT Charging,34,33,0,11,8374
2026-08-25T15:50:04Z,0,32.5,0.00,39,11.8,0.00,MPPT Charging,34,33,0,11,8374
2026-08-25T15:50:14Z,1,35.4,0.02,40,11.9,0.07,MPPT Charging,34,33,0,11,8374
2026-08-25T15:50:24Z,2,36.0,0.05,39,11.9,0.17,MPPT Charging,34,33,0,11,8374
2026-08-25T15:50:34Z,3,34.4,0.08,39,11.9,0.27,MPPT Charging,34,33,0,11,8374
2026-08-25T15:50:44Z,3,35.5,0.08,40,11.9,0.27,MPPT Charging,34,33,0,11,8374
2026-08-25T15:50:54Z,4,34.5,0.11,40,11.9,0.29,MPPT Charging,34,33,0,11,8374
2026-08-25T15:51:04Z,3,35.1,0.08,40,11.9,0.24,MPPT Charging,34,33,0,11,8374
2026-08-25T15:51:14Z,2,34.7,0.05,40,11.9,0.14,MPPT Charging,34,33,0,11,8374
2026-08-25T15:51:24Z,1,35.0,0.02,39,11.9,0.09,MPPT Charging,34,33,0,11,8374
2026-08-25T15:51:34Z,0,33.7,0.00,39,11.9,0.02,MPPT Charging,34,33,0,11,8374
2026-08-25T15:51:44Z,0,33.1,0.00,38,11.9,0.00,MPPT Charging,34,33,0,11,8374
2026-08-25T15:51:55Z,0,34.2,0.00,39,11.9,0.00,MPPT Charging,34,33,0,11,8374
2026-08-25T15:52:04Z,0,33.7,0.00,40,11.8,0.00,MPPT Charging,34,33,0,11,8374
2026-08-25T15:52:14Z,0,33.0,0.00,39,11.8,0.00,MPPT Charging,34,33,0,11,8374
2026-08-25T15:52:24Z,0,34.1,0.00,38,11.8,0.02,MPPT Charging,34,33,0,11,8374
2026-08-25T15:52:34Z,0,33.2,0.00,39,11.8,0.00,MPPT Charging,34,33,0,11,8374
2026-08-25T15:52:44Z,0,33.1,0.00,38,11.8,0.00,MPPT Charging,34,33,0,11,8374
2026-08-25T15:52:54Z,0,34.0,0.00,39,11.9,0.00,MPPT Charging,34,33,0,11,8374
2026-08-25T15:53:04Z,0,34.2,0.00,39,11.9,0.00,MPPT Charging,34,33,0,11,8374
2026-08-25T15:53:14Z,0,33.2,0.00,39,11.8,0.00,MPPT Charging,34,33,0,11,8374
2026-08-25T15:53:24Z,0,33.4,0.00,39,11.9,0.00,MPPT Charging,34,33,0,11,8374
2026-08-25T15:53:34Z,0,33.3,0.00,39,11.9,0.00,MPPT Charging,34,33,0,11,8374
2026-08-25T15:53:44Z,0,33.9,0.00,39,11.9,0.04,MPPT Charging,34,33,0,11,8374
2026-08-25T15:53:54Z,0,35.0,0.00,39,11.9,0.02,MPPT Charging,34,33,0,11,8374
2026-08-25T15:54:04Z,0,34.3,0.00,39,11.9,0.00,MPPT Charging,34,33,0,11,8374
2026-08-25T15:54:14Z,0,19.6,0.00,39,11.8,0.00,MPPT Charging,34,33,0,11,8374
2026-08-25T15:54:24Z,0,34.0,0.00,39,11.9,0.00,MPPT Charging,34,33,0,11,8374
2026-08-25T15:54:34Z,0,33.7,0.00,38,11.9,0.00,MPPT Charging,34,33,0,11,8374
2026-08-25T15:54:44Z,0,32.6,0.00,39,11.9,0.00,MPPT Charging,34,33,0,11,8374
2026-08-25T15:54:54Z,0,33.9,0.00,40,11.9,0.00,MPPT Charging,34,34,0,11,8374
2026-08-25T15:55:04Z,0,33.1,0.00,38,11.9,0.00,MPPT Charging,34,33,0,11,8374
2026-08-25T15:55:14Z,0,33.4,0.00,39,11.9,0.00,MPPT Charging,34,33,0,11,8374
2026-08-25T15:55:24Z,0,34.1,0.00,39,11.9,0.00,MPPT Charging,34,33,0,11,8374
2026-08-25T15:55:34Z,0,33.9,0.00,39,11.9,0.00,MPPT Charging,34,33,0,11,8374
2026-08-25T15:55:44Z,1,34.6,0.02,40,11.9,0.09,MPPT Charging,34,33,0,11,8374
2026-08-25T15:55:54Z,1,35.6,0.02,40,11.9,0.09,MPPT Charging,34,33,0,11,8374
2026-08-25T15:56:04Z,3,35.5,0.08,40,11.9,0.27,MPPT Charging,34,33,0,11,8374
2026-08-25T15:56:14Z,5,30.4,0.16,40,11.9,0.41,MPPT Charging,34,33,0,11,8374
2026-08-25T15:56:24Z,7,27.7,0.25,40,11.9,0.54,MPPT Charging,34,34,0,11,8374
2026-08-25T15:56:34Z,3,27.7,0.10,40,11.9,0.24,MPPT Charging,34,33,0,11,8374
2026-08-25T15:56:44Z,0,27.8,0.00,39,11.9,0.02,MPPT Charging,34,33,0,11,8374
2026-08-25T15:56:54Z,0,27.9,0.00,40,11.9,0.00,MPPT Charging,34,33,0,11,8374
2026-08-25T15:57:05Z,0,28.4,0.00,39,11.8,0.00,MPPT Charging,34,33,0,11,8374
2026-08-25T15:57:14Z,0,29.1,0.00,38,11.8,0.00,MPPT Charging,34,33,0,11,8374
2026-08-25T15:57:24Z,0,28.0,0.00,39,11.8,0.00,MPPT Charging,34,33,0,11,8374
2026-08-25T15:57:34Z,0,26.6,0.00,39,11.8,0.00,MPPT Charging,34,33,0,11,8374
2026-08-25T15:57:44Z,0,27.9,0.00,38,11.8,0.00,MPPT Charging,34,33,0,11,8374
2026-08-25T15:57:54Z,0,29.9,0.00,38,11.8,0.00,MPPT Charging,34,33,0,11,8374
2026-08-25T15:58:04Z,0,31.8,0.00,38,11.8,0.00,MPPT Charging,34,33,0,11,8374
2026-08-25T15:58:14Z,0,32.7,0.00,38,11.8,0.00,MPPT Charging,34,33,0,11,8374
2026-08-25T15:58:24Z,0,32.5,0.00,38,11.8,0.00,MPPT Charging,34,33,0,11,8374
2026-08-25T15:58:34Z,0,33.3,0.00,39,11.8,0.00,MPPT Charging,34,33,0,11,8374
2026-08-25T15:58:44Z,0,32.5,0.00,38,11.8,0.00,MPPT Charging,34,33,0,11,8374
2026-08-25T15:58:54Z,0,32.5,0.00,38,11.8,0.00,MPPT Charging,34,33,0,11,8374
2026-08-25T15:59:04Z,0,32.8,0.00,38,11.8,0.00,MPPT Charging,34,33,0,11,8374
2026-08-25T15:59:14Z,0,32.5,0.00,38,11.8,0.00,MPPT Charging,34,33,0,11,8374
2026-08-25T15:59:24Z,0,23.6,0.00,37,11.8,0.00,MPPT Charging,34,33,0,11,8374
2026-08-25T15:59:34Z,0,32.4,0.00,38,11.8,0.00,MPPT Charging,34,33,0,11,8374
2026-08-25T15:59:44Z,0,33.3,0.00,39,11.8,0.00,MPPT Charging,34,33,0,11,8374
2026-08-25T15:59:54Z,0,34.7,0.00,38,11.8,0.00,MPPT Charging,34,33,0,11,8374
2026-08-25T16:00:04Z,0,33.6,0.00,39,11.9,0.00,MPPT Charging,34,33,0,11,8374
2026-08-25T16:00:14Z,0,34.7,0.00,39,11.9,0.00,MPPT Charging,34,33,0,11,8374
2026-08-25T16:00:24Z,0,34.3,0.00,39,11.9,0.00,MPPT Charging,34,33,0,11,8374
2026-08-25T16:00:34Z,0,33.3,0.00,40,11.9,0.04,MPPT Charging,34,33,0,11,8374
2026-08-25T16:00:44Z,2,35.3,0.05,40,11.9,0.17,MPPT Charging,34,33,0,11,8374
2026-08-25T16:00:54Z,4,36.1,0.11,40,11.9,0.29,MPPT Charging,34,33,0,11,8374
2026-08-25T16:01:04Z,11,34.8,0.31,41,11.9,0.86,MPPT Charging,34,33,0,11,8374
2026-08-25T16:01:14Z,16,38.5,0.41,42,11.9,1.30,MPPT Charging,34,33,0,11,8374
2026-08-25T16:01:24Z,21,35.0,0.60,43,11.9,1.70,MPPT Charging,34,33,0,11,8374
2026-08-25T16:01:34Z,18,36.1,0.49,43,11.9,1.48,MPPT Charging,34,33,0,11,8374
2026-08-25T16:01:44Z,12,35.4,0.33,42,11.9,0.96,MPPT Charging,34,33,0,11,8374
2026-08-25T16:01:54Z,17,37.7,0.45,43,11.9,1.35,MPPT Charging,34,33,0,11,8374
2026-08-25T16:02:04Z,13,38.1,0.34,42,11.9,1.08,MPPT Charging,34,33,0,11,8374
2026-08-25T16:02:15Z,7,37.3,0.18,41,11.9,0.56,MPPT Charging,34,33,0,11,8374
2026-08-25T16:02:24Z,6,35.4,0.16,41,11.9,0.46,MPPT Charging,34,33,0,11,8374
2026-08-25T16:02:34Z,5,34.0,0.14,40,11.9,0.44,MPPT Charging,34,33,0,11,8374
2026-08-25T16:02:44Z,10,37.3,0.26,42,11.9,0.79,MPPT Charging,34,33,0,11,8374
2026-08-25T16:02:54Z,14,37.8,0.37,43,11.9,1.16,MPPT Charging,34,33,0,11,8374
2026-08-25T16:03:04Z,11,37.8,0.29,42,11.9,0.88,MPPT Charging,34,33,0,11,8374
2026-08-25T16:03:14Z,14,36.0,0.38,42,11.9,1.13,MPPT Charging,34,33,0,11,8374
2026-08-25T16:03:24Z,12,37.0,0.32,42,11.9,0.98,MPPT Charging,34,33,0,11,8374
2026-08-25T16:03:34Z,18,32.7,0.55,43,11.9,1.45,MPPT Charging,34,33,0,11,8374
2026-08-25T16:03:44Z,16,32.2,0.49,43,11.9,1.33,MPPT Charging,34,33,0,11,8374
2026-08-25T16:03:54Z,12,30.9,0.38,43,11.9,0.98,MPPT Charging,34,33,0,11,8374
2026-08-25T16:04:04Z,9,31.2,0.28,42,11.9,0.69,MPPT Charging,34,33,0,11,8374
2026-08-25T16:04:14Z,15,33.5,0.44,43,11.9,1.18,MPPT Charging,34,33,0,11,8374
2026-08-25T16:04:24Z,8,33.4,0.23,42,11.9,0.61,MPPT Charging,34,33,0,11,8374
2026-08-25T16:04:34Z,6,35.6,0.16,42,11.9,0.51,MPPT Charging,34,33,0,11,8374
2026-08-25T16:04:44Z,7,35.1,0.19,42,11.9,0.54,MPPT Charging,34,33,0,11,8374
2026-08-25T16:04:54Z,6,32.9,0.18,42,11.9,0.49,MPPT Charging,34,33,0,11,8374
2026-08-25T16:05:04Z,2,32.2,0.06,41,11.9,0.19,MPPT Charging,34,33,0,11,8374
2026-08-25T16:05:14Z,1,32.8,0.03,41,11.9,0.12,MPPT Charging,34,33,0,11,8374
2026-08-25T16:05:24Z,2,34.0,0.05,41,11.9,0.17,MPPT Charging,34,33,0,11,8374
2026-08-25T16:05:34Z,2,34.7,0.05,42,11.9,0.17,MPPT Charging,34,33,0,11,8374
2026-08-25T16:05:44Z,2,35.2,0.05,41,11.9,0.17,MPPT Charging,34,33,0,11,8374
2026-08-25T16:05:54Z,4,35.3,0.11,41,11.9,0.29,MPPT Charging,34,33,0,11,8374
2026-08-25T16:06:04Z,8,38.1,0.20,43,11.9,0.64,MPPT Charging,34,33,0,11,8374
2026-08-25T16:06:14Z,12,35.9,0.33,43,11.9,0.96,MPPT Charging,34,33,0,11,8374
2026-08-25T16:06:24Z,11,35.7,0.30,43,11.9,0.91,MPPT Charging,34,33,0,11,8374
2026-08-25T16:06:34Z,15,37.3,0.40,43,12.0,1.23,MPPT Charging,34,33,0,11,8374
2026-08-25T16:06:44Z,18,36.2,0.49,44,12.0,1.40,MPPT Charging,34,33,0,11,8374
2026-08-25T16:06:54Z,18,36.2,0.49,43,12.0,1.40,MPPT Charging,34,33,0,11,8374
2026-08-25T16:07:04Z,18,35.9,0.50,44,12.0,1.45,MPPT Charging,34,33,0,11,8374
2026-08-25T16:07:14Z,10,35.7,0.28,43,11.9,0.81,MPPT Charging,34,33,0,11,8374
2026-08-25T16:07:25Z,14,33.0,0.42,43,12.0,1.11,MPPT Charging,34,33,0,11,8374
2026-08-25T16:07:34Z,9,33.7,0.26,43,11.9,0.74,MPPT Charging,34,33,0,11,8374
2026-08-25T16:07:44Z,17,38.0,0.44,44,12.0,1.35,MPPT Charging,34,33,0,11,8374
2026-08-25T16:07:54Z,16,36.3,0.44,43,12.0,1.25,MPPT Charging,34,33,0,11,8374
2026-08-25T16:08:04Z,16,38.0,0.42,44,12.0,1.30,MPPT Charging,34,33,0,11,8374
2026-08-25T16:08:14Z,18,36.3,0.49,45,12.0,1.45,MPPT Charging,34,33,0,11,8374
2026-08-25T16:08:24Z,19,36.1,0.52,43,12.0,1.50,MPPT Charging,34,33,0,11,8374
2026-08-25T16:08:34Z,14,36.1,0.38,43,12.0,1.11,MPPT Charging,34,33,0,11,8374
2026-08-25T16:08:44Z,17,34.7,0.48,44,12.0,1.38,MPPT Charging,34,33,0,11,8374
2026-08-25T16:08:54Z,20,36.5,0.54,45,12.0,1.58,MPPT Charging,34,33,0,11,8374
2026-08-25T16:09:04Z,20,37.1,0.53,45,12.0,1.58,MPPT Charging,34,33,0,11,8374
2026-08-25T16:09:14Z,18,36.4,0.49,45,12.0,1.40,MPPT Charging,34,33,0,11,8374
2026-08-25T16:09:24Z,16,34.7,0.46,45,12.0,1.25,MPPT Charging,34,33,0,11,8374
2026-08-25T16:09:34Z,9,36.6,0.24,44,11.9,0.71,MPPT Charging,34,33,0,11,8374
2026-08-25T16:09:44Z,12,37.4,0.32,44,12.0,0.98,MPPT Charging,34,34,0,11,8374
2026-08-25T16:09:54Z,10,35.2,0.28,43,12.0,0.83,MPPT Charging,34,33,0,11,8374
2026-08-25T16:10:04Z,9,37.0,0.24,43,11.9,0.71,MPPT Charging,34,33,0,11,8374
2026-08-25T16:10:14Z,5,35.6,0.14,43,11.9,0.41,MPPT Charging,34,34,0,11,8374
2026-08-25T16:10:24Z,6,35.2,0.17,41,11.9,0.49,MPPT Charging,34,33,0,11,8374
2026-08-25T16:10:34Z,4,35.2,0.11,43,11.9,0.34,MPPT Charging,34,34,0,11,8374
2026-08-25T16:10:44Z,3,34.9,0.08,43,11.9,0.27,MPPT Charging,34,33,0,11,8374
2026-08-25T16:10:54Z,3,34.6,0.08,43,11.9,0.22,MPPT Charging,34,34,0,11,8374
2026-08-25T16:11:04Z,2,34.4,0.05,43,11.9,0.14,MPPT Charging,34,33,0,11,8374
2026-08-25T16:11:14Z,2,33.9,0.05,43,11.9,0.14,MPPT Charging,34,33,0,11,8374
2026-08-25T16:11:24Z,1,35.0,0.02,43,11.9,0.12,MPPT Charging,34,33,0,11,8374
2026-08-25T16:11:34Z,1,33.8,0.02,43,11.9,0.07,MPPT Charging,34,33,0,11,8374
2026-08-25T16:11:44Z,1,34.5,0.02,43,11.9,0.12,MPPT Charging,34,33,0,11,8374
2026-08-25T16:11:54Z,1,35.1,0.02,43,11.9,0.12,MPPT Charging,34,33,0,11,8374
2026-08-25T16:12:04Z,2,34.8,0.05,43,11.9,0.17,MPPT Charging,34,33,0,11,8374
2026-08-25T16:12:14Z,2,34.2,0.05,43,11.9,0.14,MPPT Charging,34,33,0,11,8374
2026-08-25T16:12:24Z,1,35.2,0.02,43,11.9,0.12,MPPT Charging,34,34,0,11,8374
2026-08-25T16:12:35Z,1,34.2,0.02,43,11.9,0.09,MPPT Charging,34,34,0,11,8374
2026-08-25T16:12:44Z,0,34.5,0.00,43,11.9,0.02,MPPT Charging,34,33,0,11,8374
2026-08-25T16:12:54Z,0,34.4,0.00,42,11.9,0.00,MPPT Charging,34,34,0,11,8374
2026-08-25T16:13:04Z,0,34.4,0.00,42,11.9,0.00,MPPT Charging,34,33,0,11,8374
2026-08-25T16:13:14Z,0,33.8,0.00,42,11.9,0.00,MPPT Charging,34,33,0,11,8374
2026-08-25T16:13:24Z,0,33.1,0.00,42,11.9,0.00,MPPT Charging,34,33,0,11,8374
2026-08-25T16:13:34Z,0,33.9,0.00,43,11.9,0.00,MPPT Charging,34,33,0,11,8374
2026-08-25T16:13:44Z,0,33.4,0.00,43,11.9,0.00,MPPT Charging,34,33,0,11,8374
2026-08-25T16:13:54Z,0,33.1,0.00,42,11.9,0.00,MPPT Charging,34,33,0,11,8374
2026-08-25T16:14:04Z,0,33.3,0.00,42,11.9,0.00,MPPT Charging,34,34,0,11,8374
2026-08-25T16:14:14Z,0,33.7,0.00,42,11.9,0.00,MPPT Charging,34,33,0,11,8374
2026-08-25T16:14:24Z,0,33.4,0.00,42,11.9,0.00,MPPT Charging,34,33,0,11,8374
2026-08-25T16:14:34Z,0,34.2,0.00,43,11.9,0.00,MPPT Charging,34,33,0,11,8374
2026-08-25T16:14:44Z,0,33.5,0.00,43,11.9,0.00,MPPT Charging,34,34,0,11,8374
2026-08-25T16:14:54Z,0,19.9,0.00,43,11.9,0.00,MPPT Charging,34,33,0,11,8374
2026-08-25T16:15:04Z,0,32.6,0.00,43,11.9,0.00,MPPT Charging,34,33,0,11,8374
2026-08-25T16:15:14Z,0,34.0,0.00,43,11.9,0.00,MPPT Charging,34,33,0,11,8374
2026-08-25T16:15:24Z,0,34.5,0.00,43,11.9,0.00,MPPT Charging,34,33,0,11,8374
2026-08-25T16:15:34Z,0,34.6,0.00,42,11.9,0.00,MPPT Charging,34,34,0,11,8374
2026-08-25T16:15:44Z,0,33.1,0.00,43,11.9,0.00,MPPT Charging,34,33,0,11,8374
2026-08-25T16:15:54Z,0,33.8,0.00,43,11.9,0.02,MPPT Charging,34,33,0,11,8374
2026-08-25T16:16:04Z,0,33.1,0.00,43,11.9,0.00,MPPT Charging,34,33,0,11,8374
2026-08-25T16:16:14Z,0,34.4,0.00,42,11.9,0.00,MPPT Charging,34,33,0,11,8374
2026-08-25T16:16:24Z,0,33.6,0.00,43,11.9,0.00,MPPT Charging,34,34,0,11,8374
2026-08-25T16:16:34Z,0,34.1,0.00,43,11.9,0.00,MPPT Charging,34,33,0,11,8374
2026-08-25T16:16:44Z,0,33.3,0.00,42,11.9,0.00,MPPT Charging,34,33,0,11,8374
2026-08-25T16:16:54Z,0,33.4,0.00,43,11.9,0.00,MPPT Charging,34,33,0,11,8374
2026-08-25T16:17:04Z,0,33.7,0.00,42,11.9,0.00,MPPT Charging,34,33,0,11,8374
2026-08-25T16:17:14Z,0,32.8,0.00,42,11.9,0.00,MPPT Charging,34,33,0,11,8374
2026-08-25T16:17:24Z,0,32.7,0.00,42,11.9,0.00,MPPT Charging,34,33,0,11,8374
2026-08-25T16:17:34Z,0,33.7,0.00,42,11.9,0.00,MPPT Charging,34,33,0,11,8374
2026-08-25T16:17:45Z,0,33.4,0.00,42,11.9,0.00,MPPT Charging,34,34,0,11,8374
2026-08-25T16:17:54Z,0,33.7,0.00,43,11.9,0.00,MPPT Charging,34,34,0,11,8374
2026-08-25T16:18:04Z,0,33.1,0.00,43,11.9,0.00,MPPT Charging,34,33,0,11,8374
2026-08-25T16:18:14Z,0,34.1,0.00,42,11.9,0.00,MPPT Charging,34,33,0,11,8374
2026-08-25T16:18:24Z,0,32.9,0.00,43,11.9,0.00,MPPT Charging,34,33,0,11,8374
2026-08-25T16:18:34Z,0,33.8,0.00,43,11.9,0.00,MPPT Charging,34,34,0,11,8374
2026-08-25T16:18:44Z,0,34.4,0.00,41,11.9,0.00,MPPT Charging,34,34,0,11,8374
2026-08-25T16:18:54Z,0,33.6,0.00,41,11.9,0.00,MPPT Charging,34,33,0,11,8374
2026-08-25T16:19:04Z,0,31.0,0.00,43,11.9,0.00,MPPT Charging,34,33,0,11,8374
2026-08-25T16:19:14Z,0,31.6,0.00,43,11.9,0.00,MPPT Charging,34,34,0,11,8374
2026-08-25T16:19:24Z,0,32.6,0.00,43,11.9,0.00,MPPT Charging,34,33,0,11,8374
2026-08-25T16:19:34Z,0,33.2,0.00,43,11.9,0.00,MPPT Charging,34,33,0,11,8374
2026-08-25T16:19:44Z,0,32.0,0.00,42,11.9,0.00,MPPT Charging,34,34,0,11,8374
2026-08-25T16:19:54Z,0,33.1,0.00,42,11.9,0.00,MPPT Charging,34,33,0,11,8374
2026-08-25T16:20:04Z,0,28.0,0.00,41,11.9,0.00,MPPT Charging,34,33,0,11,8374
2026-08-25T16:20:14Z,0,35.0,0.00,42,11.9,0.00,MPPT Charging,34,34,0,11,8374
2026-08-25T16:20:24Z,0,35.2,0.00,43,11.9,0.00,MPPT Charging,34,34,0,11,8374
2026-08-25T16:20:34Z,0,36.0,0.00,43,11.9,0.00,MPPT Charging,34,33,0,11,8374
2026-08-25T16:20:44Z,0,32.7,0.00,42,11.9,0.00,MPPT Charging,34,33,0,11,8374
2026-08-25T16:20:54Z,0,31.9,0.00,42,11.9,0.00,MPPT Charging,34,34,0,11,8374
2026-08-25T16:21:04Z,0,32.4,0.00,42,11.9,0.00,MPPT Charging,34,34,0,11,8374
2026-08-25T16:21:14Z,0,32.3,0.00,42,11.9,0.00,MPPT Charging,34,34,0,11,8374
2026-08-25T16:21:24Z,0,33.4,0.00,41,11.9,0.00,MPPT Charging,34,34,0,11,8374
2026-08-25T16:21:34Z,0,32.9,0.00,42,11.9,0.00,MPPT Charging,34,34,0,11,8374
2026-08-25T16:21:44Z,0,32.6,0.00,41,11.9,0.00,MPPT Charging,34,33,0,11,8374
2026-08-25T16:21:54Z,0,31.5,0.00,42,11.9,0.00,MPPT Charging,34,33,0,11,8374
2026-08-25T16:22:04Z,0,32.2,0.00,42,11.9,0.00,MPPT Charging,34,33,0,11,8374
2026-08-25T16:22:14Z,0,33.0,0.00,41,11.9,0.00,MPPT Charging,34,34,0,11,8374
2026-08-25T16:22:24Z,0,31.8,0.00,42,11.9,0.00,MPPT Charging,34,34,0,11,8374
2026-08-25T16:22:34Z,0,34.3,0.00,42,11.9,0.00,MPPT Charging,34,33,0,11,8374
2026-08-25T16:22:44Z,0,31.0,0.00,42,11.9,0.00,MPPT Charging,34,33,0,11,8374
2026-08-25T16:22:55Z,0,29.2,0.00,42,11.9,0.00,MPPT Charging,34,34,0,11,8374
2026-08-25T16:23:04Z,0,30.6,0.00,43,11.9,0.00,MPPT Charging,34,34,0,11,8374
2026-08-25T16:23:14Z,5,27.3,0.18,41,12.0,0.37,MPPT Charging,34,34,0,11,8374
2026-08-25T16:23:24Z,6,28.4,0.21,43,12.0,0.51,MPPT Charging,34,33,0,11,8374
2026-08-25T16:23:34Z,4,29.7,0.13,44,12.0,0.29,MPPT Charging,34,34,0,11,8374
2026-08-25T16:23:44Z,5,32.6,0.15,43,12.0,0.41,MPPT Charging,34,34,0,11,8374
2026-08-25T16:23:54Z,4,30.6,0.13,44,12.0,0.34,MPPT Charging,34,33,0,11,8374
2026-08-25T16:24:04Z,1,30.8,0.03,44,11.9,0.07,MPPT Charging,34,33,0,11,8374
2026-08-25T16:24:14Z,2,33.9,0.05,43,12.0,0.17,MPPT Charging,34,33,0,11,8374
2026-08-25T16:24:24Z,5,39.3,0.12,44,12.0,0.41,MPPT Charging,34,34,0,11,8374
2026-08-25T16:24:34Z,1,37.1,0.02,43,11.9,0.07,MPPT Charging,34,33,0,11,8374
2026-08-25T16:24:44Z,0,35.0,0.00,43,11.9,0.00,MPPT Charging,34,34,0,11,8374
2026-08-25T16:24:54Z,0,33.9,0.00,43,11.9,0.00,MPPT Charging,34,33,0,11,8374
2026-08-25T16:25:04Z,0,34.7,0.00,43,11.9,0.00,MPPT Charging,34,34,0,11,8374
2026-08-25T16:25:14Z,0,33.1,0.00,43,11.9,0.04,MPPT Charging,34,34,0,11,8374
2026-08-25T16:25:24Z,11,29.3,0.37,45,12.0,0.86,MPPT Charging,34,33,0,11,8374
2026-08-25T16:25:34Z,10,29.3,0.34,45,12.0,0.76,MPPT Charging,34,34,0,11,8374
2026-08-25T16:25:44Z,9,30.8,0.29,45,12.0,0.71,MPPT Charging,34,33,0,11,8374
2026-08-25T16:25:54Z,8,33.3,0.24,45,12.0,0.66,MPPT Charging,34,34,0,11,8374
2026-08-25T16:26:04Z,15,30.9,0.48,45,12.0,1.16,MPPT Charging,34,34,0,11,8374
2026-08-25T16:26:14Z,10,31.2,0.32,45,12.0,0.83,MPPT Charging,34,34,0,11,8374
2026-08-25T16:26:24Z,16,34.2,0.46,45,12.0,1.25,MPPT Charging,34,34,0,11,8374
2026-08-25T16:26:34Z,7,32.8,0.21,45,12.0,0.59,MPPT Charging,34,34,0,11,8374
2026-08-25T16:26:44Z,2,32.6,0.06,45,12.0,0.14,MPPT Charging,34,34,0,11,8374
2026-08-25T16:26:54Z,2,35.1,0.05,43,12.0,0.14,MPPT Charging,34,34,0,11,8374
2026-08-25T16:27:04Z,2,34.5,0.05,44,12.0,0.17,MPPT Charging,34,34,0,11,8374
2026-08-25T16:27:14Z,3,35.1,0.08,44,12.0,0.22,MPPT Charging,34,34,0,11,8374
2026-08-25T16:27:24Z,4,31.8,0.12,44,12.0,0.29,MPPT Charging,34,34,0,11,8374
2026-08-25T16:27:34Z,5,35.2,0.14,45,12.0,0.41,MPPT Charging,34,33,0,11,8374
2026-08-25T16:27:44Z,4,35.6,0.11,44,12.0,0.34,MPPT Charging,34,33,0,11,8374
2026-08-25T16:27:54Z,3,34.4,0.08,44,12.0,0.24,MPPT Charging,34,34,0,11,8374
2026-08-25T16:28:05Z,2,34.5,0.05,45,12.0,0.19,MPPT Charging,34,33,0,11,8374
2026-08-25T16:28:14Z,2,34.7,0.05,44,12.0,0.14,MPPT Charging,34,34,0,11,8374
2026-08-25T16:28:24Z,1,34.3,0.02,45,12.0,0.09,MPPT Charging,34,34,0,11,8374
2026-08-25T16:28:34Z,0,33.7,0.00,44,12.0,0.00,MPPT Charging,34,33,0,11,8374
2026-08-25T16:28:44Z,0,33.8,0.00,43,12.0,0.00,MPPT Charging,34,34,0,11,8374
2026-08-25T16:28:54Z,0,34.0,0.00,43,12.0,0.00,MPPT Charging,34,34,0,11,8374
2026-08-25T16:29:04Z,0,34.1,0.00,43,12.0,0.00,MPPT Charging,34,34,0,11,8374
2026-08-25T16:29:14Z,0,34.0,0.00,43,12.0,0.00,MPPT Charging,34,33,0,11,8374
2026-08-25T16:29:24Z,0,34.3,0.00,44,12.0,0.00,MPPT Charging,34,34,0,11,8374
2026-08-25T16:29:34Z,0,33.7,0.00,43,11.9,0.00,MPPT Charging,34,33,0,11,8374
2026-08-25T16:29:44Z,0,34.0,0.00,43,12.0,0.00,MPPT Charging,34,34,0,11,8374
2026-08-25T16:29:54Z,0,33.0,0.00,43,12.0,0.00,MPPT Charging,34,34,0,11,8374
2026-08-25T16:30:04Z,0,33.1,0.00,43,12.0,0.00,MPPT Charging,34,34,0,11,8374
2026-08-25T16:30:14Z,0,35.0,0.00,45,11.9,0.00,MPPT Charging,34,33,0,11,8374
2026-08-25T16:30:24Z,0,34.0,0.00,43,12.0,0.00,MPPT Charging,34,34,0,11,8374
2026-08-25T16:30:34Z,0,33.7,0.00,43,12.0,0.00,MPPT Charging,34,34,0,11,8374
2026-08-25T16:30:44Z,0,33.6,0.00,44,12.0,0.00,MPPT Charging,34,34,0,11,8374
2026-08-25T16:30:54Z,0,33.1,0.00,43,12.0,0.00,MPPT Charging,34,34,0,11,8374
2026-08-25T16:31:04Z,0,34.0,0.00,43,11.9,0.00,MPPT Charging,34,34,0,11,8374
2026-08-25T16:31:14Z,0,34.1,0.00,43,12.0,0.00,MPPT Charging,34,33,0,11,8374
2026-08-25T16:31:24Z,0,34.0,0.00,43,12.0,0.00,MPPT Charging,34,34,0,11,8374
2026-08-25T16:31:34Z,0,34.2,0.00,43,12.0,0.00,MPPT Charging,34,34,0,11,8374
2026-08-25T16:31:44Z,0,33.7,0.00,43,12.0,0.00,MPPT Charging,34,34,0,11,8374
2026-08-25T16:31:54Z,0,33.7,0.00,43,11.9,0.00,MPPT Charging,34,34,0,11,8374
2026-08-25T16:32:04Z,0,33.1,0.00,43,12.0,0.00,MPPT Charging,34,33,0,11,8374
2026-08-25T16:32:14Z,0,32.4,0.00,44,12.0,0.00,MPPT Charging,34,34,0,11,8374
2026-08-25T16:32:24Z,0,33.1,0.00,43,11.9,0.00,MPPT Charging,34,34,0,11,8374
2026-08-25T16:32:34Z,0,32.4,0.00,43,11.9,0.00,MPPT Charging,34,33,0,11,8374
2026-08-25T16:32:44Z,0,31.9,0.00,43,11.9,0.00,MPPT Charging,34,34,0,11,8374
2026-08-25T16:32:54Z,0,32.9,0.00,43,11.9,0.00,MPPT Charging,34,34,0,11,8374
2026-08-25T16:33:04Z,0,33.2,0.00,43,11.9,0.00,MPPT Charging,34,33,0,11,8374
2026-08-25T16:33:15Z,0,33.1,0.00,43,11.9,0.00,MPPT Charging,34,34,0,11,8374
2026-08-25T16:33:24Z,0,31.7,0.00,43,11.9,0.00,MPPT Charging,34,34,0,11,8374
2026-08-25T16:33:34Z,0,33.5,0.00,43,11.9,0.00,MPPT Charging,34,34,0,11,8374
2026-08-25T16:33:44Z,0,32.9,0.00,43,11.9,0.00,MPPT Charging,34,34,0,11,8374
2026-08-25T16:33:54Z,0,32.8,0.00,43,11.9,0.00,MPPT Charging,34,34,0,11,8374
2026-08-25T16:34:04Z,1,32.0,0.03,44,12.0,0.04,MPPT Charging,34,34,0,11,8374
2026-08-25T16:34:14Z,0,30.0,0.00,43,12.0,0.00,MPPT Charging,34,34,0,11,8374
2026-08-25T16:34:24Z,0,28.7,0.00,43,11.9,0.00,MPPT Charging,34,34,0,11,8374
2026-08-25T16:34:34Z,0,29.7,0.00,43,12.0,0.00,MPPT Charging,34,33,0,11,8374
2026-08-25T16:34:44Z,0,28.8,0.00,43,11.9,0.00,MPPT Charging,34,34,0,11,8374
2026-08-25T16:34:54Z,0,33.3,0.00,43,11.9,0.00,MPPT Charging,34,34,0,11,8374
2026-08-25T16:35:04Z,0,31.6,0.00,43,11.9,0.00,MPPT Charging,34,34,0,11,8374
2026-08-25T16:35:14Z,0,34.4,0.00,43,11.9,0.00,MPPT Charging,34,34,0,11,8374
2026-08-25T16:35:24Z,0,37.0,0.00,42,11.9,0.00,MPPT Charging,34,34,0,11,8374
2026-08-25T16:35:34Z,0,32.1,0.00,43,11.9,0.00,MPPT Charging,34,34,0,11,8374
2026-08-25T16:35:44Z,0,33.4,0.00,43,11.9,0.00,MPPT Charging,34,34,0,11,8374
2026-08-25T16:35:54Z,0,32.6,0.00,43,12.0,0.00,MPPT Charging,34,34,0,11,8374
2026-08-25T16:36:04Z,0,32.5,0.00,43,11.9,0.00,MPPT Charging,34,34,0,11,8374
2026-08-25T16:36:14Z,0,34.3,0.00,43,12.0,0.00,MPPT Charging,34,34,0,11,8374
2026-08-25T16:36:24Z,0,40.7,0.00,43,12.0,0.00,MPPT Charging,34,34,0,11,8374
2026-08-25T16:36:34Z,12,36.0,0.33,46,12.0,0.98,MPPT Charging,34,34,0,11,8374
2026-08-25T16:36:44Z,3,35.6,0.08,44,12.0,0.27,MPPT Charging,34,34,0,11,8374
2026-08-25T16:36:54Z,3,33.2,0.09,45,12.0,0.27,MPPT Charging,34,34,0,11,8374
2026-08-25T16:37:04Z,0,33.1,0.00,44,12.0,0.00,MPPT Charging,34,34,0,11,8374
2026-08-25T16:37:14Z,0,32.9,0.00,43,12.0,0.00,MPPT Charging,34,34,0,11,8374
2026-08-25T16:37:24Z,0,32.8,0.00,44,12.0,0.00,MPPT Charging,34,34,0,11,8374
2026-08-25T16:37:34Z,0,33.9,0.00,44,12.0,0.00,MPPT Charging,34,34,0,11,8374
2026-08-25T16:37:44Z,0,33.4,0.00,44,12.0,0.00,MPPT Charging,34,34,0,11,8374
2026-08-25T16:37:54Z,0,33.7,0.00,44,12.0,0.00,MPPT Charging,34,34,0,11,8374
2026-08-25T16:38:04Z,0,34.0,0.00,43,12.0,0.00,MPPT Charging,34,34,0,11,8374
2026-08-25T16:38:14Z,0,33.9,0.00,43,12.0,0.00,MPPT Charging,34,33,0,11,8374
2026-08-25T16:38:25Z,0,34.8,0.00,44,12.0,0.00,MPPT Charging,34,34,0,11,8374
2026-08-25T16:38:34Z,0,33.7,0.00,44,12.0,0.00,MPPT Charging,34,34,0,11,8374
2026-08-25T16:38:44Z,0,33.5,0.00,45,12.0,0.00,MPPT Charging,34,34,0,11,8374
2026-08-25T16:38:54Z,1,33.7,0.02,45,12.0,0.04,MPPT Charging,34,34,0,11,8374
2026-08-25T16:39:04Z,2,36.8,0.05,45,12.0,0.19,MPPT Charging,34,34,0,11,8374
2026-08-25T16:39:14Z,13,38.2,0.34,46,12.0,1.03,MPPT Charging,34,34,0,11,8374
2026-08-25T16:39:24Z,14,36.1,0.38,46,12.0,1.08,MPPT Charging,34,34,0,11,8374
2026-08-25T16:39:34Z,7,35.6,0.19,45,12.0,0.59,MPPT Charging,34,34,0,11,8374
2026-08-25T16:39:44Z,5,34.9,0.14,45,12.0,0.37,MPPT Charging,34,34,0,11,8374
2026-08-25T16:39:54Z,2,34.9,0.05,44,12.0,0.12,MPPT Charging,34,34,0,11,8374
2026-08-25T16:40:04Z,0,34.5,0.00,44,12.0,0.00,MPPT Charging,34,34,0,11,8374
2026-08-25T16:40:14Z,0,33.4,0.00,44,12.0,0.00,MPPT Charging,34,34,0,11,8374
2026-08-25T16:40:24Z,0,34.8,0.00,45,12.0,0.00,MPPT Charging,34,34,0,11,8374
2026-08-25T16:40:34Z,0,36.5,0.00,43,12.0,0.00,MPPT Charging,34,34,0,11,8374
2026-08-25T16:40:44Z,0,36.6,0.00,44,12.0,0.00,MPPT Charging,34,34,0,11,8374
2026-08-25T16:40:54Z,7,34.0,0.20,45,12.0,0.59,MPPT Charging,34,34,0,11,8374
2026-08-25T16:41:04Z,9,31.8,0.28,46,12.0,0.74,MPPT Charging,34,34,0,11,8374
2026-08-25T16:41:14Z,10,34.7,0.28,46,12.0,0.81,MPPT Charging,34,34,0,11,8374
2026-08-25T16:41:24Z,10,36.0,0.27,46,12.0,0.81,MPPT Charging,34,34,0,11,8374
2026-08-25T16:41:34Z,11,35.9,0.30,46,12.0,0.91,MPPT Charging,34,34,0,11,8374
2026-08-25T16:41:44Z,11,35.6,0.30,46,12.0,0.91,MPPT Charging,34,34,0,11,8374
2026-08-25T16:41:54Z,9,36.0,0.25,46,12.0,0.74,MPPT Charging,34,34,0,11,8374
2026-08-25T16:42:04Z,7,35.0,0.20,45,12.0,0.59,MPPT Charging,34,34,0,11,8374
2026-08-25T16:42:14Z,7,34.7,0.20,45,12.0,0.59,MPPT Charging,34,34,0,11,8374
2026-08-25T16:42:24Z,6,32.8,0.18,45,12.0,0.51,MPPT Charging,34,34,0,11,8374
2026-08-25T16:42:34Z,4,33.3,0.12,45,12.0,0.34,MPPT Charging,34,34,0,11,8374
2026-08-25T16:42:44Z,4,34.8,0.11,45,12.0,0.29,MPPT Charging,34,34,0,11,8374
2026-08-25T16:42:54Z,9,36.8,0.24,45,12.0,0.71,MPPT Charging,34,34,0,11,8374
2026-08-25T16:43:04Z,12,35.0,0.34,46,12.0,0.93,MPPT Charging,34,34,0,11,8374
2026-08-25T16:43:14Z,11,36.1,0.30,46,12.0,0.88,MPPT Charging,34,34,0,11,8374
2026-08-25T16:43:24Z,8,36.2,0.22,45,12.0,0.64,MPPT Charging,34,34,0,11,8374
2026-08-25T16:43:35Z,7,35.8,0.19,46,12.0,0.59,MPPT Charging,34,34,0,11,8374
2026-08-25T16:43:44Z,1,35.6,0.02,45,12.0,0.04,MPPT Charging,34,33,0,11,8374
2026-08-25T16:43:54Z,0,34.3,0.00,45,12.0,0.00,MPPT Charging,34,34,0,11,8374
2026-08-25T16:44:04Z,0,35.3,0.00,45,12.0,0.00,MPPT Charging,34,34,0,11,8374
2026-08-25T16:44:14Z,0,34.4,0.00,45,12.0,0.00,MPPT Charging,34,34,0,11,8374
2026-08-25T16:44:24Z,0,33.0,0.00,45,12.0,0.00,MPPT Charging,34,34,0,11,8374
2026-08-25T16:44:34Z,0,32.9,0.00,45,12.0,0.00,MPPT Charging,34,34,0,11,8374
2026-08-25T16:44:44Z,0,32.9,0.00,44,12.0,0.00,MPPT Charging,34,34,0,11,8374
2026-08-25T16:44:54Z,0,33.2,0.00,44,12.0,0.00,MPPT Charging,34,34,0,11,8374
2026-08-25T16:45:04Z,0,33.1,0.00,44,12.0,0.00,MPPT Charging,34,34,0,11,8374
2026-08-25T16:45:14Z,0,35.4,0.00,44,12.0,0.00,MPPT Charging,34,33,0,11,8374
2026-08-25T16:45:24Z,0,31.4,0.00,45,12.0,0.00,MPPT Charging,34,34,0,11,8374
2026-08-25T16:45:34Z,0,34.7,0.00,45,12.0,0.00,MPPT Charging,34,34,0,11,8374
2026-08-25T16:45:44Z,1,30.2,0.03,43,12.0,0.04,MPPT Charging,34,34,0,11,8374
2026-08-25T16:45:54Z,10,34.0,0.29,45,12.0,0.79,MPPT Charging,34,34,0,11,8374
2026-08-25T16:46:04Z,10,35.6,0.28,46,12.0,0.79,MPPT Charging,34,34,0,11,8374
2026-08-25T16:46:14Z,10,35.7,0.28,46,12.0,0.83,MPPT Charging,34,34,0,11,8374
2026-08-25T16:46:24Z,11,35.6,0.30,46,12.0,0.86,MPPT Charging,34,34,0,11,8374
2026-08-25T16:46:35Z,11,34.9,0.31,47,12.0,0.86,MPPT Charging,34,34,0,11,8374
2026-08-25T16:46:44Z,10,35.1,0.28,47,12.0,0.81,MPPT Charging,34,34,0,11,8374
2026-08-25T16:46:54Z,10,35.6,0.28,47,12.0,0.83,MPPT Charging,34,34,0,11,8374
2026-08-25T16:47:04Z,10,34.8,0.28,46,12.0,0.76,MPPT Charging,34,34,0,11,8374
2026-08-25T16:47:14Z,1,34.7,0.02,45,12.0,0.09,MPPT Charging,34,34,0,11,8374
2026-08-25T16:47:24Z,0,34.6,0.00,45,12.0,0.00,MPPT Charging,34,34,0,11,8374
2026-08-25T16:47:34Z,0,33.8,0.00,45,12.0,0.00,MPPT Charging,34,34,0,11,8374
2026-08-25T16:47:44Z,0,34.4,0.00,43,12.0,0.00,MPPT Charging,34,34,0,11,8374
2026-08-25T16:47:54Z,0,33.1,0.00,45,12.0,0.00,MPPT Charging,34,34,0,11,8374
2026-08-25T16:48:04Z,0,33.7,0.00,45,12.0,0.00,MPPT Charging,34,34,0,11,8374
2026-08-25T16:48:14Z,0,33.5,0.00,45,12.0,0.00,MPPT Charging,34,34,0,11,8374
2026-08-25T16:48:24Z,0,34.7,0.00,45,12.0,0.00,MPPT Charging,34,34,0,11,8374
2026-08-25T16:48:34Z,0,34.6,0.00,45,12.0,0.00,MPPT Charging,34,34,0,11,8374
2026-08-25T16:48:45Z,0,34.0,0.00,45,12.0,0.00,MPPT Charging,34,34,0,11,8374
2026-08-25T16:48:54Z,0,34.0,0.00,45,12.0,0.00,MPPT Charging,34,34,0,11,8374
2026-08-25T16:49:04Z,0,33.3,0.00,45,12.0,0.00,MPPT Charging,34,34,0,11,8374
2026-08-25T16:49:14Z,0,33.7,0.00,45,12.0,0.00,MPPT Charging,34,34,0,11,8374
2026-08-25T16:49:24Z,0,33.8,0.00,45,12.0,0.00,MPPT Charging,34,34,0,11,8374
2026-08-25T16:49:34Z,0,33.3,0.00,45,12.0,0.00,MPPT Charging,34,34,0,11,8374
2026-08-25T16:49:44Z,0,35.1,0.00,45,12.0,0.00,MPPT Charging,34,34,0,11,8374
2026-08-25T16:49:54Z,0,33.7,0.00,45,12.0,0.00,MPPT Charging,34,34,0,11,8374
2026-08-25T16:50:04Z,0,31.5,0.00,45,12.0,0.00,MPPT Charging,34,34,0,11,8374
2026-08-25T16:50:14Z,0,31.0,0.00,45,12.0,0.00,MPPT Charging,34,34,0,11,8374
2026-08-25T16:50:24Z,0,31.1,0.00,44,12.0,0.00,MPPT Charging,34,34,0,11,8374
2026-08-25T16:50:34Z,0,31.6,0.00,44,12.0,0.00,MPPT Charging,34,34,0,11,8374
2026-08-25T16:50:44Z,0,34.0,0.00,45,12.0,0.00,MPPT Charging,34,34,0,11,8374
2026-08-25T16:50:54Z,0,19.7,0.00,45,12.0,0.00,MPPT Charging,34,34,0,11,8374
2026-08-25T16:51:04Z,0,31.8,0.00,45,12.0,0.00,MPPT Charging,34,34,0,11,8374
2026-08-25T16:51:14Z,3,30.1,0.09,45,12.0,0.24,MPPT Charging,34,34,0,11,8374
2026-08-25T16:51:24Z,5,30.0,0.16,46,12.0,0.37,MPPT Charging,34,34,0,11,8374
2026-08-25T16:51:34Z,3,28.8,0.10,46,12.0,0.22,MPPT Charging,34,34,0,11,8374
2026-08-25T16:51:44Z,0,28.0,0.00,45,12.0,0.00,MPPT Charging,34,34,0,11,8374
2026-08-25T16:51:54Z,0,30.7,0.00,45,12.0,0.00,MPPT Charging,34,34,0,11,8374
2026-08-25T16:52:04Z,0,28.6,0.00,45,12.0,0.00,MPPT Charging,34,34,0,11,8374
2026-08-25T16:52:14Z,0,28.5,0.00,44,12.0,0.00,MPPT Charging,34,34,0,11,8374
2026-08-25T16:52:24Z,0,25.7,0.00,44,12.0,0.00,MPPT Charging,34,34,0,11,8374
2026-08-25T16:52:34Z,0,29.6,0.00,44,12.0,0.00,MPPT Charging,34,34,0,11,8374
2026-08-25T16:52:44Z,0,32.4,0.00,45,12.0,0.00,MPPT Charging,34,34,0,11,8374
2026-08-25T16:52:54Z,0,32.3,0.00,44,12.0,0.00,MPPT Charging,34,34,0,11,8374
2026-08-25T16:53:04Z,0,31.6,0.00,45,12.0,0.00,MPPT Charging,34,34,0,11,8374
2026-08-25T16:53:14Z,0,31.0,0.00,45,12.0,0.00,MPPT Charging,34,34,0,11,8374
2026-08-25T16:53:24Z,0,27.1,0.00,45,12.0,0.00,MPPT Charging,34,34,0,11,8374
2026-08-25T16:53:34Z,4,31.2,0.12,46,12.0,0.32,MPPT Charging,34,34,0,11,8374
2026-08-25T16:53:44Z,6,35.8,0.16,47,12.0,0.46,MPPT Charging,34,34,0,11,8374
2026-08-25T16:53:55Z,6,35.3,0.16,46,12.0,0.44,MPPT Charging,34,34,0,11,8374
2026-08-25T16:54:04Z,6,34.5,0.17,46,12.0,0.44,MPPT Charging,34,34,0,11,8374
2026-08-25T16:54:14Z,6,35.2,0.17,47,12.0,0.46,MPPT Charging,34,34,0,11,8374
2026-08-25T16:54:24Z,5,35.6,0.14,46,12.0,0.41,MPPT Charging,34,34,0,11,8374
2026-08-25T16:54:34Z,6,34.9,0.17,46,12.0,0.44,MPPT Charging,34,34,0,11,8374
2026-08-25T16:54:44Z,5,35.0,0.14,46,12.0,0.39,MPPT Charging,34,34,0,11,8374
2026-08-25T16:54:54Z,5,34.3,0.14,47,12.0,0.39,MPPT Charging,34,34,0,11,8374
2026-08-25T16:55:04Z,5,34.8,0.14,46,12.0,0.39,MPPT Charging,34,34,0,11,8374
2026-08-25T16:55:14Z,5,34.8,0.14,47,12.0,0.39,MPPT Charging,34,34,0,11,8374
2026-08-25T16:55:24Z,3,34.5,0.08,46,12.0,0.22,MPPT Charging,34,34,0,11,8374
2026-08-25T16:55:34Z,4,37.1,0.10,46,12.0,0.29,MPPT Charging,34,34,0,11,8374
2026-08-25T16:55:44Z,5,35.6,0.14,46,12.0,0.39,MPPT Charging,34,34,0,11,8374
2026-08-25T16:55:54Z,6,34.9,0.17,47,12.0,0.44,MPPT Charging,34,34,0,11,8374
2026-08-25T16:56:04Z,0,17.9,0.00,45,12.0,0.00,MPPT Charging,34,34,0,11,8374
2026-08-25T16:56:14Z,6,35.2,0.17,46,12.0,0.44,MPPT Charging,34,34,0,11,8374
2026-08-25T16:56:24Z,6,34.6,0.17,46,12.0,0.46,MPPT Charging,34,34,0,11,8374
2026-08-25T16:56:34Z,6,34.8,0.17,48,12.0,0.51,MPPT Charging,34,33,0,11,8374
2026-08-25T16:56:44Z,6,35.0,0.17,48,12.0,0.51,MPPT Charging,34,34,0,11,8374
2026-08-25T16:56:54Z,7,35.6,0.19,45,12.0,0.56,MPPT Charging,34,34,0,11,8374
2026-08-25T16:57:04Z,8,35.7,0.22,47,12.0,0.61,MPPT Charging,34,34,0,11,8374
2026-08-25T16:57:14Z,8,35.4,0.22,47,12.0,0.61,MPPT Charging,34,34,0,11,8374
2026-08-25T16:57:24Z,8,35.3,0.22,48,12.0,0.66,MPPT Charging,34,34,0,11,8374
2026-08-25T16:57:34Z,8,34.8,0.22,48,12.0,0.66,MPPT Charging,34,34,0,11,8374
2026-08-25T16:57:44Z,8,35.5,0.22,48,12.0,0.61,MPPT Charging,34,34,0,11,8374
2026-08-25T16:57:54Z,2,33.6,0.05,47,12.0,0.17,MPPT Charging,34,34,0,11,8374
2026-08-25T16:58:04Z,0,33.2,0.00,46,12.0,0.00,MPPT Charging,34,34,0,11,8374
2026-08-25T16:58:14Z,0,32.8,0.00,45,12.0,0.00,MPPT Charging,34,34,0,11,8374
2026-08-25T16:58:24Z,0,32.9,0.00,45,12.0,0.00,MPPT Charging,34,34,0,11,8374
2026-08-25T16:58:34Z,0,33.7,0.00,45,12.0,0.00,MPPT Charging,34,34,0,11,8374
2026-08-25T16:58:44Z,0,34.4,0.00,45,12.0,0.00,MPPT Charging,34,34,0,11,8374
2026-08-25T16:58:54Z,0,33.1,0.00,45,12.0,0.00,MPPT Charging,34,34,0,11,8374
2026-08-25T16:59:05Z,0,34.1,0.00,45,12.0,0.00,MPPT Charging,34,34,0,11,8374
2026-08-25T16:59:14Z,0,34.1,0.00,46,12.0,0.00,MPPT Charging,34,34,0,11,8374
2026-08-25T16:59:24Z,0,34.4,0.00,46,12.0,0.00,MPPT Charging,34,34,0,11,8374
2026-08-25T16:59:34Z,2,33.2,0.06,47,12.0,0.12,MPPT Charging,34,34,0,11,8374
2026-08-25T16:59:44Z,6,35.5,0.16,48,12.0,0.46,MPPT Charging,34,34,0,11,8374
2026-08-25T16:59:54Z,1,34.2,0.02,46,12.0,0.04,MPPT Charging,34,34,0,11,8374
2026-08-25T17:00:04Z,0,33.5,0.00,46,12.0,0.00,MPPT Charging,34,34,0,11,8374
2026-08-25T17:00:14Z,0,29.9,0.00,46,12.0,0.00,MPPT Charging,34,34,0,11,8374
2026-08-25T17:00:24Z,0,33.0,0.00,46,12.0,0.02,MPPT Charging,34,34,0,11,8374
2026-08-25T17:00:34Z,0,34.2,0.00,46,12.0,0.00,MPPT Charging,34,34,0,11,8374
2026-08-25T17:00:44Z,7,37.9,0.18,48,12.0,0.54,MPPT Charging,34,34,0,11,8374
2026-08-25T17:00:54Z,8,36.5,0.21,47,12.0,0.61,MPPT Charging,34,34,0,11,8374
2026-08-25T17:01:04Z,7,36.2,0.19,48,12.0,0.59,MPPT Charging,34,34,0,11,8374
2026-08-25T17:01:14Z,3,23.1,0.12,48,12.0,0.22,MPPT Charging,34,34,0,11,8374
2026-08-25T17:01:24Z,8,35.9,0.22,48,12.0,0.64,MPPT Charging,34,34,0,11,8374
2026-08-25T17:01:34Z,8,34.8,0.22,47,12.0,0.64,MPPT Charging,34,34,0,11,8374
2026-08-25T17:01:44Z,8,35.9,0.22,48,12.0,0.66,MPPT Charging,34,34,0,11,8374
2026-08-25T17:01:54Z,8,35.3,0.22,47,12.0,0.64,MPPT Charging,34,34,0,11,8374
2026-08-25T17:02:04Z,7,35.5,0.19,47,12.0,0.59,MPPT Charging,34,34,0,11,8374
2026-08-25T17:02:14Z,7,36.0,0.19,47,12.0,0.56,MPPT Charging,34,34,0,11,8374
2026-08-25T17:02:24Z,7,36.1,0.19,48,12.0,0.56,MPPT Charging,34,34,0,11,8374
2026-08-25T17:02:34Z,7,36.0,0.19,48,12.0,0.59,MPPT Charging,34,34,0,11,8374
2026-08-25T17:02:44Z,7,35.7,0.19,47,12.0,0.56,MPPT Charging,34,34,0,11,8374
2026-08-25T17:02:54Z,7,35.6,0.19,48,12.0,0.54,MPPT Charging,34,34,0,11,8374
2026-08-25T17:03:04Z,6,35.0,0.17,48,12.0,0.49,MPPT Charging,34,34,0,11,8374
2026-08-25T17:03:14Z,5,34.4,0.14,48,12.0,0.41,MPPT Charging,34,34,0,11,8374
2026-08-25T17:03:24Z,4,34.5,0.11,47,12.0,0.34,MPPT Charging,34,34,0,11,8374
2026-08-25T17:03:34Z,4,34.2,0.11,48,12.0,0.29,MPPT Charging,34,34,0,11,8374
2026-08-25T17:03:44Z,3,34.3,0.08,47,12.0,0.24,MPPT Charging,34,34,0,11,8374
2026-08-25T17:03:54Z,3,35.0,0.08,48,12.0,0.24,MPPT Charging,34,34,0,11,8374
2026-08-25T17:04:04Z,2,34.4,0.05,47,12.0,0.19,MPPT Charging,34,34,0,11,8374
2026-08-25T17:04:15Z,2,35.5,0.05,45,12.0,0.17,MPPT Charging,34,34,0,11,8374
2026-08-25T17:04:24Z,2,34.5,0.05,47,12.0,0.12,MPPT Charging,34,34,0,11,8374
2026-08-25T17:04:34Z,1,33.6,0.02,47,12.0,0.07,MPPT Charging,34,34,0,11,8374
2026-08-25T17:04:44Z,0,34.0,0.00,48,12.0,0.00,MPPT Charging,34,34,0,11,8374
2026-08-25T17:04:54Z,0,30.0,0.00,45,12.0,0.00,MPPT Charging,34,34,0,11,8374
2026-08-25T17:05:04Z,0,29.1,0.00,45,12.0,0.00,MPPT Charging,34,34,0,11,8374
2026-08-25T17:05:14Z,0,24.9,0.00,45,12.0,0.00,MPPT Charging,34,34,0,11,8374
2026-08-25T17:05:24Z,0,29.4,0.00,45,12.0,0.00,MPPT Charging,34,34,0,11,8374
2026-08-25T17:05:34Z,0,30.2,0.00,45,12.0,0.00,MPPT Charging,34,34,0,11,8374
2026-08-25T17:05:44Z,0,31.1,0.00,45,12.0,0.00,MPPT Charging,34,34,0,11,8374
2026-08-25T17:05:54Z,0,32.4,0.00,45,12.0,0.00,MPPT Charging,34,34,0,11,8374
2026-08-25T17:06:04Z,0,29.9,0.00,45,12.0,0.00,MPPT Charging,34,34,0,11,8374
2026-08-25T17:06:14Z,0,33.5,0.00,48,12.0,0.00,MPPT Charging,34,34,0,11,8374
2026-08-25T17:06:24Z,1,26.3,0.03,47,12.0,0.04,MPPT Charging,34,34,0,11,8374
2026-08-25T17:06:34Z,0,34.2,0.00,46,12.0,0.00,MPPT Charging,34,34,0,11,8374
2026-08-25T17:06:44Z,0,30.5,0.00,46,12.0,0.00,MPPT Charging,34,34,0,11,8374
2026-08-25T17:06:54Z,0,33.9,0.00,45,12.0,0.00,MPPT Charging,34,34,0,11,8374
2026-08-25T17:07:04Z,0,32.9,0.00,46,12.0,0.00,MPPT Charging,34,34,0,11,8374
2026-08-25T17:07:14Z,0,38.0,0.00,48,12.0,0.00,MPPT Charging,34,34,0,11,8374
2026-08-25T17:07:24Z,0,34.2,0.00,46,12.0,0.00,MPPT Charging,34,34,0,11,8374
2026-08-25T17:07:34Z,2,31.0,0.06,47,12.0,0.19,MPPT Charging,34,34,0,11,8374
2026-08-25T17:07:44Z,3,32.5,0.09,48,12.0,0.22,MPPT Charging,34,34,0,11,8374
2026-08-25T17:07:54Z,3,35.3,0.08,48,12.0,0.27,MPPT Charging,34,34,0,11,8374
2026-08-25T17:08:04Z,3,35.6,0.08,47,12.0,0.22,MPPT Charging,34,34,0,11,8374
2026-08-25T17:08:14Z,0,33.0,0.00,47,12.0,0.02,MPPT Charging,34,34,0,11,8374
2026-08-25T17:08:24Z,0,29.8,0.00,46,12.0,0.00,MPPT Charging,34,34,0,11,8374
2026-08-25T17:08:34Z,0,27.6,0.00,46,12.0,0.00,MPPT Charging,34,34,0,11,8374
2026-08-25T17:08:44Z,0,33.4,0.00,46,12.0,0.00,MPPT Charging,34,34,0,11,8374
2026-08-25T17:08:54Z,2,33.4,0.05,47,12.0,0.19,MPPT Charging,34,34,0,11,8374
2026-08-25T17:09:04Z,5,31.1,0.16,48,12.0,0.39,MPPT Charging,34,34,0,11,8374
2026-08-25T17:09:14Z,7,35.8,0.19,48,12.0,0.59,MPPT Charging,34,34,0,11,8374
2026-08-25T17:09:25Z,2,35.8,0.05,48,12.0,0.14,MPPT Charging,34,34,0,11,8374
2026-08-25T17:09:34Z,0,34.9,0.00,47,12.0,0.00,MPPT Charging,34,34,0,11,8374
2026-08-25T17:09:44Z,1,30.0,0.03,47,12.0,0.04,MPPT Charging,34,34,0,11,8374
2026-08-25T17:09:54Z,0,31.2,0.00,47,12.0,0.00,MPPT Charging,34,34,0,11,8374
2026-08-25T17:10:04Z,0,34.3,0.00,46,12.0,0.00,MPPT Charging,34,34,0,11,8374
2026-08-25T17:10:14Z,0,34.3,0.00,47,12.0,0.00,MPPT Charging,34,34,0,11,8374
2026-08-25T17:10:24Z,0,33.5,0.00,47,12.0,0.00,MPPT Charging,35,34,0,11,8374
2026-08-25T17:10:34Z,0,32.9,0.00,47,12.0,0.00,MPPT Charging,34,34,0,11,8374
2026-08-25T17:10:44Z,0,33.5,0.00,47,12.0,0.00,MPPT Charging,34,34,0,11,8374
2026-08-25T17:10:54Z,1,28.8,0.03,47,12.0,0.04,MPPT Charging,34,34,0,11,8374
2026-08-25T17:11:04Z,0,28.9,0.00,47,12.0,0.00,MPPT Charging,34,34,0,11,8374
2026-08-25T17:11:14Z,0,31.6,0.00,46,12.0,0.00,MPPT Charging,34,34,0,11,8374
2026-08-25T17:11:24Z,0,33.8,0.00,46,12.0,0.00,MPPT Charging,34,34,0,11,8374
2026-08-25T17:11:34Z,0,33.6,0.00,45,12.0,0.00,MPPT Charging,34,34,0,11,8374
2026-08-25T17:11:44Z,0,34.2,0.00,47,12.0,0.00,MPPT Charging,34,34,0,11,8374
2026-08-25T17:11:54Z,0,35.8,0.00,47,12.0,0.00,MPPT Charging,34,34,0,11,8374
2026-08-25T17:12:04Z,0,33.5,0.00,47,12.0,0.00,MPPT Charging,34,34,0,11,8374
2026-08-25T17:12:14Z,0,33.4,0.00,46,12.0,0.00,MPPT Charging,34,34,0,11,8374
2026-08-25T17:12:24Z,0,34.0,0.00,46,12.0,0.00,MPPT Charging,34,34,0,11,8374
2026-08-25T17:12:34Z,0,32.7,0.00,47,12.0,0.00,MPPT Charging,34,34,0,11,8374
2026-08-25T17:12:44Z,0,32.7,0.00,46,12.0,0.00,MPPT Charging,34,34,0,11,8374
2026-08-25T17:12:54Z,0,32.6,0.00,46,12.0,0.00,MPPT Charging,34,34,0,11,8374
2026-08-25T17:13:04Z,0,32.6,0.00,46,12.0,0.00,MPPT Charging,34,34,0,11,8374
2026-08-25T17:13:14Z,0,31.8,0.00,46,12.0,0.00,MPPT Charging,34,34,0,11,8374
2026-08-25T17:13:24Z,0,32.1,0.00,47,12.0,0.00,MPPT Charging,34,34,0,11,8374
2026-08-25T17:13:34Z,0,34.1,0.00,48,12.0,0.00,MPPT Charging,35,34,0,11,8374
2026-08-25T17:13:44Z,0,34.3,0.00,46,12.0,0.00,MPPT Charging,34,34,0,11,8374
2026-08-25T17:13:54Z,0,31.8,0.00,47,12.0,0.00,MPPT Charging,34,34,0,11,8374
2026-08-25T17:14:04Z,0,31.3,0.00,45,12.0,0.00,MPPT Charging,34,34,0,11,8374
2026-08-25T17:14:14Z,0,32.0,0.00,46,12.0,0.00,MPPT Charging,34,34,0,11,8374
2026-08-25T17:14:24Z,0,32.3,0.00,45,12.0,0.00,MPPT Charging,34,34,0,11,8374
2026-08-25T17:14:35Z,0,33.4,0.00,46,12.0,0.00,MPPT Charging,34,34,0,11,8374
2026-08-25T17:14:44Z,0,32.3,0.00,47,12.0,0.00,MPPT Charging,34,34,0,11,8374
2026-08-25T17:14:54Z,0,33.7,0.00,46,12.0,0.00,MPPT Charging,34,34,0,11,8374
2026-08-25T17:15:04Z,0,32.8,0.00,46,12.0,0.00,MPPT Charging,34,34,0,11,8374
2026-08-25T17:15:14Z,0,32.6,0.00,47,12.0,0.00,MPPT Charging,34,34,0,11,8374
2026-08-25T17:15:24Z,0,32.5,0.00,46,12.0,0.00,MPPT Charging,34,34,0,11,8374
2026-08-25T17:15:34Z,0,36.3,0.00,47,12.0,0.00,MPPT Charging,34,34,0,11,8374
2026-08-25T17:15:44Z,7,37.2,0.18,48,12.1,0.54,MPPT Charging,34,34,0,11,8374
2026-08-25T17:15:54Z,3,35.6,0.08,48,12.0,0.27,MPPT Charging,34,34,0,11,8374
2026-08-25T17:16:04Z,2,34.3,0.05,48,12.0,0.14,MPPT Charging,34,34,0,11,8374
2026-08-25T17:16:14Z,0,34.2,0.00,46,12.0,0.00,MPPT Charging,34,34,0,11,8374
2026-08-25T17:16:24Z,0,33.9,0.00,46,12.0,0.00,MPPT Charging,34,34,0,11,8374
2026-08-25T17:16:34Z,0,35.8,0.00,47,12.0,0.00,MPPT Charging,34,34,0,11,8374
2026-08-25T17:16:44Z,0,33.1,0.00,46,12.0,0.00,MPPT Charging,34,34,0,11,8374
2026-08-25T17:16:54Z,0,33.1,0.00,47,12.0,0.00,MPPT Charging,34,34,0,11,8374
2026-08-25T17:17:04Z,0,32.6,0.00,47,12.0,0.00,MPPT Charging,34,34,0,11,8374
2026-08-25T17:17:14Z,0,31.7,0.00,47,12.0,0.00,MPPT Charging,34,34,0,11,8374
2026-08-25T17:17:24Z,0,30.4,0.00,47,12.0,0.00,MPPT Charging,34,34,0,11,8374
2026-08-25T17:17:34Z,0,31.2,0.00,47,12.0,0.00,MPPT Charging,34,34,0,11,8374
2026-08-25T17:17:44Z,0,34.4,0.00,47,12.0,0.00,MPPT Charging,34,34,0,11,8374
2026-08-25T17:17:54Z,0,34.3,0.00,47,12.0,0.00,MPPT Charging,34,34,0,11,8374
2026-08-25T17:18:04Z,0,33.6,0.00,46,12.0,0.00,MPPT Charging,34,34,0,11,8374
2026-08-25T17:18:14Z,0,33.4,0.00,47,12.0,0.00,MPPT Charging,34,34,0,11,8374
2026-08-25T17:18:24Z,0,32.7,0.00,47,12.0,0.00,MPPT Charging,34,34,0,11,8374
2026-08-25T17:18:34Z,0,32.6,0.00,47,12.0,0.00,MPPT Charging,34,34,0,11,8374
2026-08-25T17:18:44Z,0,34.7,0.00,47,12.0,0.00,MPPT Charging,34,34,0,11,8374
2026-08-25T17:18:54Z,0,32.7,0.00,47,12.0,0.00,MPPT Charging,34,34,0,11,8374
2026-08-25T17:19:04Z,0,35.8,0.00,48,12.0,0.00,MPPT Charging,34,34,0,11,8374
2026-08-25T17:19:14Z,0,34.3,0.00,47,12.0,0.00,MPPT Charging,34,34,0,11,8374
2026-08-25T17:19:24Z,0,32.8,0.00,46,12.0,0.00,MPPT Charging,34,34,0,11,8374
2026-08-25T17:19:34Z,0,32.1,0.00,47,12.0,0.00,MPPT Charging,34,34,0,11,8374
2026-08-25T17:19:45Z,0,31.4,0.00,47,12.0,0.00,MPPT Charging,34,34,0,11,8374
2026-08-25T17:19:54Z,0,32.0,0.00,47,12.0,0.00,MPPT Charging,34,34,0,11,8374
2026-08-25T17:20:04Z,0,30.4,0.00,46,12.0,0.00,MPPT Charging,34,34,0,11,8374
2026-08-25T17:20:14Z,0,31.5,0.00,47,12.0,0.00,MPPT Charging,34,34,0,11,8374
2026-08-25T17:20:24Z,0,33.9,0.00,47,12.0,0.00,MPPT Charging,34,34,0,11,8374
2026-08-25T17:20:34Z,0,33.1,0.00,47,12.0,0.00,MPPT Charging,34,34,0,11,8374
2026-08-25T17:20:44Z,0,32.1,0.00,47,12.0,0.00,MPPT Charging,34,34,0,11,8374
2026-08-25T17:20:54Z,0,33.1,0.00,46,12.0,0.00,MPPT Charging,34,34,0,11,8374
2026-08-25T17:21:04Z,0,32.8,0.00,46,12.0,0.00,MPPT Charging,34,34,0,11,8374
2026-08-25T17:21:14Z,0,31.3,0.00,46,12.0,0.00,MPPT Charging,34,34,0,11,8374
2026-08-25T17:21:24Z,0,32.5,0.00,46,12.0,0.00,MPPT Charging,34,34,0,11,8374
2026-08-25T17:21:34Z,0,32.3,0.00,47,12.0,0.00,MPPT Charging,34,34,0,11,8374
2026-08-25T17:21:44Z,0,35.7,0.00,46,12.0,0.00,MPPT Charging,34,34,0,11,8374
2026-08-25T17:21:54Z,0,34.7,0.00,46,12.0,0.00,MPPT Charging,34,34,0,11,8374
2026-08-25T17:22:04Z,0,31.8,0.00,47,12.0,0.00,MPPT Charging,34,34,0,11,8374
2026-08-25T17:22:14Z,0,30.1,0.00,46,12.0,0.00,MPPT Charging,34,34,0,11,8374
2026-08-25T17:22:24Z,0,33.9,0.00,45,12.0,0.00,MPPT Charging,34,34,0,11,8374
2026-08-25T17:22:34Z,3,29.5,0.10,48,12.0,0.24,MPPT Charging,34,34,0,11,8374
2026-08-25T17:22:44Z,4,33.3,0.12,48,12.0,0.34,MPPT Charging,34,34,0,11,8374
2026-08-25T17:22:54Z,4,34.8,0.11,48,12.0,0.34,MPPT Charging,34,34,0,11,8374
2026-08-25T17:23:04Z,4,34.8,0.11,47,12.0,0.29,MPPT Charging,34,34,0,11,8374
2026-08-25T17:23:14Z,3,34.9,0.08,48,12.0,0.27,MPPT Charging,34,34,0,11,8374
2026-08-25T17:23:24Z,0,34.7,0.00,48,12.0,0.02,MPPT Charging,34,34,0,11,8374
2026-08-25T17:23:34Z,0,32.6,0.00,47,12.0,0.00,MPPT Charging,34,34,0,11,8374
2026-08-25T17:23:44Z,1,28.9,0.03,48,12.0,0.07,MPPT Charging,34,34,0,11,8374
2026-08-25T17:23:54Z,0,29.9,0.00,48,12.0,0.02,MPPT Charging,34,34,0,11,8374
2026-08-25T17:24:04Z,0,29.3,0.00,47,12.0,0.00,MPPT Charging,34,34,0,11,8374
2026-08-25T17:24:14Z,0,28.8,0.00,47,12.0,0.00,MPPT Charging,34,34,0,11,8374
2026-08-25T17:24:24Z,0,25.4,0.00,46,12.0,0.00,MPPT Charging,34,34,0,11,8374
2026-08-25T17:24:34Z,0,26.2,0.00,46,12.0,0.00,MPPT Charging,34,34,0,11,8374
2026-08-25T17:24:44Z,0,29.8,0.00,47,12.0,0.00,MPPT Charging,34,34,0,11,8374
2026-08-25T17:24:55Z,0,34.8,0.00,46,12.0,0.00,MPPT Charging,34,34,0,11,8374
2026-08-25T17:25:04Z,0,34.2,0.00,46,12.0,0.00,MPPT Charging,34,34,0,11,8374
2026-08-25T17:25:14Z,0,31.8,0.00,46,12.0,0.00,MPPT Charging,34,34,0,11,8374
2026-08-25T17:25:24Z,0,31.3,0.00,46,12.0,0.00,MPPT Charging,34,34,0,11,8374
2026-08-25T17:25:34Z,0,32.2,0.00,46,12.0,0.00,MPPT Charging,34,34,0,11,8374
2026-08-25T17:25:44Z,0,34.0,0.00,46,12.0,0.00,MPPT Charging,34,34,0,11,8374
2026-08-25T17:25:54Z,0,34.3,0.00,47,12.0,0.00,MPPT Charging,34,34,0,11,8374
2026-08-25T17:26:04Z,0,33.7,0.00,47,12.0,0.00,MPPT Charging,34,34,0,11,8374
2026-08-25T17:26:14Z,0,32.5,0.00,46,12.0,0.00,MPPT Charging,34,34,0,11,8374
2026-08-25T17:26:24Z,0,33.6,0.00,47,12.0,0.00,MPPT Charging,34,34,0,11,8374
2026-08-25T17:26:34Z,0,32.8,0.00,46,12.0,0.00,MPPT Charging,34,34,0,11,8374
2026-08-25T17:26:44Z,0,31.9,0.00,46,12.0,0.00,MPPT Charging,34,34,0,11,8374
2026-08-25T17:26:54Z,0,33.8,0.00,46,12.0,0.00,MPPT Charging,34,34,0,11,8374
2026-08-25T17:27:04Z,0,33.9,0.00,47,12.0,0.00,MPPT Charging,34,34,0,11,8374
2026-08-25T17:27:14Z,0,32.8,0.00,46,12.0,0.00,MPPT Charging,34,34,0,11,8374
2026-08-25T17:27:24Z,0,32.5,0.00,46,12.0,0.00,MPPT Charging,34,34,0,11,8374
2026-08-25T17:27:34Z,0,32.5,0.00,46,12.0,0.00,MPPT Charging,34,34,0,11,8374
2026-08-25T17:27:44Z,0,31.7,0.00,46,12.0,0.00,MPPT Charging,34,34,0,11,8374
2026-08-25T17:27:54Z,0,35.0,0.00,47,12.0,0.00,MPPT Charging,34,34,0,11,8374
2026-08-25T17:28:04Z,2,33.0,0.06,48,12.0,0.19,MPPT Charging,34,34,0,11,8374
2026-08-25T17:28:14Z,1,30.9,0.03,48,12.0,0.07,MPPT Charging,34,34,0,11,8374
2026-08-25T17:28:24Z,0,31.0,0.00,47,12.0,0.00,MPPT Charging,34,34,0,11,8374
2026-08-25T17:28:34Z,0,33.7,0.00,47,12.0,0.00,MPPT Charging,34,34,0,11,8374
2026-08-25T17:28:44Z,0,33.4,0.00,47,12.0,0.00,MPPT Charging,34,34,0,11,8374
2026-08-25T17:28:54Z,0,32.8,0.00,47,12.0,0.00,MPPT Charging,34,34,0,11,8374
2026-08-25T17:29:04Z,0,32.9,0.00,47,12.0,0.00,MPPT Charging,34,34,0,11,8374
2026-08-25T17:29:14Z,0,32.8,0.00,47,12.0,0.00,MPPT Charging,34,34,0,11,8374
2026-08-25T17:29:24Z,0,32.9,0.00,47,12.0,0.00,MPPT Charging,34,34,0,11,8374
2026-08-25T17:29:34Z,0,31.1,0.00,47,12.0,0.00,MPPT Charging,34,34,0,11,8374
2026-08-25T17:29:44Z,0,29.8,0.00,45,12.0,0.00,MPPT Charging,34,34,0,11,8374
2026-08-25T17:29:54Z,0,31.9,0.00,48,12.0,0.00,MPPT Charging,34,34,0,11,8374
2026-08-25T17:30:05Z,0,32.8,0.00,47,12.0,0.00,MPPT Charging,34,34,0,11,8374
2026-08-25T17:30:14Z,0,32.7,0.00,46,12.0,0.00,MPPT Charging,34,34,0,11,8374
2026-08-25T17:30:24Z,0,33.5,0.00,47,12.0,0.00,MPPT Charging,34,34,0,11,8374
2026-08-25T17:30:34Z,0,33.7,0.00,47,12.0,0.00,MPPT Charging,34,34,0,11,8374
2026-08-25T17:30:44Z,0,33.7,0.00,47,12.0,0.00,MPPT Charging,34,34,0,11,8374
2026-08-25T17:30:54Z,0,34.2,0.00,47,12.0,0.00,MPPT Charging,34,34,0,11,8374
2026-08-25T17:31:04Z,0,33.1,0.00,47,12.0,0.00,MPPT Charging,34,34,0,11,8374
2026-08-25T17:31:14Z,0,33.6,0.00,47,12.0,0.00,MPPT Charging,34,34,0,11,8374
2026-08-25T17:31:24Z,0,34.8,0.00,48,12.0,0.00,MPPT Charging,34,34,0,11,8374
2026-08-25T17:31:34Z,2,29.7,0.06,48,12.0,0.12,MPPT Charging,34,34,0,11,8374
2026-08-25T17:31:44Z,2,28.8,0.06,48,12.0,0.17,MPPT Charging,34,34,0,11,8374
2026-08-25T17:31:54Z,0,29.0,0.00,47,12.0,0.00,MPPT Charging,34,34,0,11,8374
2026-08-25T17:32:04Z,0,29.4,0.00,47,12.0,0.00,MPPT Charging,34,34,0,11,8374
2026-08-25T17:32:14Z,0,34.7,0.00,48,12.0,0.00,MPPT Charging,34,34,0,11,8374
2026-08-25T17:32:24Z,0,33.6,0.00,47,12.0,0.00,MPPT Charging,34,34,0,11,8374
2026-08-25T17:32:34Z,0,32.8,0.00,47,12.0,0.00,MPPT Charging,34,34,0,11,8374
2026-08-25T17:32:44Z,0,32.6,0.00,46,12.0,0.00,MPPT Charging,34,34,0,11,8374
2026-08-25T17:32:54Z,0,32.1,0.00,47,12.0,0.00,MPPT Charging,34,34,0,11,8374
2026-08-25T17:33:04Z,0,30.9,0.00,47,12.0,0.00,MPPT Charging,34,34,0,11,8374
2026-08-25T17:33:14Z,0,31.6,0.00,46,12.0,0.00,MPPT Charging,34,34,0,11,8374
2026-08-25T17:33:24Z,0,33.1,0.00,47,12.0,0.00,MPPT Charging,34,34,0,11,8374
2026-08-25T17:33:34Z,0,33.9,0.00,47,12.0,0.00,MPPT Charging,34,34,0,11,8374
2026-08-25T17:33:44Z,0,33.8,0.00,47,12.0,0.00,MPPT Charging,34,34,0,11,8374
2026-08-25T17:33:54Z,0,32.7,0.00,47,12.0,0.00,MPPT Charging,34,34,0,11,8374
2026-08-25T17:34:04Z,0,33.1,0.00,47,12.0,0.00,MPPT Charging,34,34,0,11,8374
2026-08-25T17:34:14Z,0,32.1,0.00,47,12.0,0.00,MPPT Charging,34,34,0,11,8374
2026-08-25T17:34:24Z,0,34.0,0.00,47,12.0,0.00,MPPT Charging,34,34,0,11,8374
2026-08-25T17:34:34Z,0,35.0,0.00,47,12.0,0.00,MPPT Charging,34,34,0,11,8374
2026-08-25T17:34:44Z,0,34.6,0.00,47,12.0,0.00,MPPT Charging,34,34,0,11,8374
2026-08-25T17:34:54Z,0,32.5,0.00,48,12.0,0.00,MPPT Charging,34,34,0,11,8374
2026-08-25T17:35:04Z,0,33.7,0.00,47,12.0,0.00,MPPT Charging,34,34,0,11,8374
2026-08-25T17:35:15Z,0,34.1,0.00,48,12.0,0.00,MPPT Charging,34,34,0,11,8374
2026-08-25T17:35:24Z,0,32.9,0.00,47,12.0,0.00,MPPT Charging,34,34,0,11,8374
2026-08-25T17:35:34Z,0,34.2,0.00,47,12.0,0.00,MPPT Charging,34,34,0,11,8374
2026-08-25T17:35:44Z,0,33.7,0.00,47,12.0,0.00,MPPT Charging,34,34,0,11,8374
2026-08-25T17:35:54Z,0,34.3,0.00,48,12.0,0.00,MPPT Charging,34,34,0,11,8374
2026-08-25T17:36:04Z,0,34.4,0.00,48,12.0,0.00,MPPT Charging,34,34,0,11,8374
2026-08-25T17:36:14Z,0,29.6,0.00,48,12.0,0.00,MPPT Charging,34,34,0,11,8374
2026-08-25T17:36:24Z,2,28.9,0.06,48,12.0,0.14,MPPT Charging,34,34,0,11,8374
2026-08-25T17:36:34Z,4,31.9,0.12,48,12.0,0.32,MPPT Charging,34,34,0,11,8374
2026-08-25T17:36:44Z,0,31.8,0.00,48,12.0,0.00,MPPT Charging,34,34,0,11,8374
2026-08-25T17:36:54Z,0,33.5,0.00,47,12.0,0.00,MPPT Charging,34,34,0,11,8374
2026-08-25T17:37:04Z,0,34.0,0.00,48,12.0,0.00,MPPT Charging,34,34,0,11,8374
2026-08-25T17:37:14Z,0,19.8,0.00,47,12.0,0.00,MPPT Charging,34,34,0,11,8374
2026-08-25T17:37:24Z,0,33.6,0.00,48,12.0,0.00,MPPT Charging,34,34,0,11,8374
2026-08-25T17:37:34Z,0,33.0,0.00,48,12.0,0.00,MPPT Charging,34,34,0,11,8374
2026-08-25T17:37:44Z,0,34.9,0.00,48,12.0,0.00,MPPT Charging,34,34,0,11,8374
2026-08-25T17:37:54Z,0,34.6,0.00,48,12.0,0.00,MPPT Charging,34,34,0,11,8374
2026-08-25T17:38:04Z,0,33.7,0.00,48,12.0,0.00,MPPT Charging,34,34,0,11,8374
2026-08-25T17:38:14Z,0,34.0,0.00,48,12.0,0.00,MPPT Charging,34,34,0,11,8374
2026-08-25T17:38:24Z,0,34.1,0.00,48,12.0,0.00,MPPT Charging,34,34,0,11,8374
2026-08-25T17:38:34Z,0,33.7,0.00,48,12.0,0.00,MPPT Charging,34,34,0,11,8374
2026-08-25T17:38:44Z,0,33.9,0.00,48,12.0,0.00,MPPT Charging,34,34,0,11,8374
2026-08-25T17:38:54Z,0,33.8,0.00,48,12.0,0.00,MPPT Charging,34,34,0,11,8374
2026-08-25T17:39:04Z,0,35.2,0.00,48,12.0,0.02,MPPT Charging,34,34,0,11,8374
2026-08-25T17:39:14Z,7,37.9,0.18,48,12.1,0.59,MPPT Charging,34,34,0,11,8374
2026-08-25T17:39:24Z,8,35.7,0.22,49,12.1,0.66,MPPT Charging,34,34,0,11,8374
2026-08-25T17:39:34Z,0,35.5,0.00,48,12.0,0.00,MPPT Charging,34,34,0,11,8374
2026-08-25T17:39:44Z,0,34.2,0.00,48,12.0,0.00,MPPT Charging,34,34,0,11,8374
2026-08-25T17:39:54Z,0,33.5,0.00,48,12.0,0.00,MPPT Charging,34,34,0,11,8374
2026-08-25T17:40:04Z,0,32.9,0.00,48,12.0,0.00,MPPT Charging,34,34,0,11,8374
2026-08-25T17:40:14Z,0,32.1,0.00,48,12.0,0.00,MPPT Charging,34,34,0,11,8374
2026-08-25T17:40:25Z,0,31.8,0.00,48,12.0,0.00,MPPT Charging,34,34,0,11,8374
2026-08-25T17:40:34Z,0,32.2,0.00,47,12.0,0.00,MPPT Charging,34,34,0,11,8374
2026-08-25T17:40:44Z,0,31.1,0.00,47,12.0,0.00,MPPT Charging,34,34,0,11,8374
2026-08-25T17:40:54Z,0,32.4,0.00,48,12.0,0.00,MPPT Charging,34,34,0,11,8374
2026-08-25T17:41:04Z,0,31.9,0.00,47,12.0,0.00,MPPT Charging,34,34,0,11,8374
2026-08-25T17:41:14Z,0,32.7,0.00,47,12.0,0.00,MPPT Charging,34,34,0,11,8374
2026-08-25T17:41:24Z,0,31.7,0.00,46,12.0,0.00,MPPT Charging,34,34,0,11,8374
2026-08-25T17:41:34Z,0,32.1,0.00,47,12.0,0.00,MPPT Charging,34,34,0,11,8374
2026-08-25T17:41:44Z,0,33.5,0.00,47,12.0,0.00,MPPT Charging,34,34,0,11,8374
2026-08-25T17:41:54Z,0,33.6,0.00,47,12.0,0.00,MPPT Charging,34,34,0,11,8374
2026-08-25T17:42:04Z,0,32.9,0.00,48,12.0,0.00,MPPT Charging,34,34,0,11,8374
2026-08-25T17:42:14Z,0,32.8,0.00,47,12.0,0.00,MPPT Charging,34,34,0,11,8374
2026-08-25T17:42:24Z,0,18.0,0.00,47,12.0,0.00,MPPT Charging,34,34,0,11,8374
2026-08-25T17:42:34Z,0,33.5,0.00,48,12.0,0.00,MPPT Charging,34,34,0,11,8374
2026-08-25T17:42:44Z,0,32.6,0.00,47,12.0,0.00,MPPT Charging,34,34,0,11,8374
2026-08-25T17:42:54Z,0,30.6,0.00,47,12.0,0.00,MPPT Charging,34,34,0,11,8374
2026-08-25T17:43:04Z,0,31.0,0.00,47,12.0,0.00,MPPT Charging,34,34,0,11,8374
2026-08-25T17:43:14Z,0,30.3,0.00,46,12.0,0.00,MPPT Charging,34,34,0,11,8374
2026-08-25T17:43:24Z,0,29.6,0.00,46,12.0,0.00,MPPT Charging,34,34,0,11,8374
2026-08-25T17:43:34Z,0,30.0,0.00,47,12.0,0.00,MPPT Charging,34,34,0,11,8374
2026-08-25T17:43:44Z,0,29.8,0.00,46,12.0,0.00,MPPT Charging,34,34,0,11,8374
2026-08-25T17:43:54Z,0,33.2,0.00,47,12.0,0.00,MPPT Charging,34,34,0,11,8374
2026-08-25T17:44:04Z,0,29.8,0.00,46,12.0,0.00,MPPT Charging,34,34,0,11,8374
2026-08-25T17:44:14Z,0,31.7,0.00,48,12.0,0.00,MPPT Charging,34,34,0,11,8374
2026-08-25T17:44:24Z,0,30.1,0.00,46,12.0,0.00,MPPT Charging,34,34,0,11,8374
2026-08-25T17:44:34Z,0,26.2,0.00,47,12.0,0.00,MPPT Charging,34,34,0,11,8374
2026-08-25T17:44:44Z,0,35.3,0.00,48,12.0,0.00,MPPT Charging,34,34,0,11,8374
2026-08-25T17:44:54Z,0,32.8,0.00,48,12.0,0.00,MPPT Charging,34,34,0,11,8374
2026-08-25T17:45:04Z,0,28.7,0.00,47,12.0,0.00,MPPT Charging,34,34,0,11,8374
2026-08-25T17:45:14Z,0,26.3,0.00,46,12.0,0.00,MPPT Charging,34,34,0,11,8374
2026-08-25T17:45:24Z,0,28.4,0.00,46,12.0,0.00,MPPT Charging,34,34,0,11,8374
2026-08-25T17:45:35Z,0,31.8,0.00,47,12.0,0.00,MPPT Charging,34,34,0,11,8374
2026-08-25T17:45:44Z,0,31.5,0.00,46,12.0,0.00,MPPT Charging,34,34,0,11,8374
2026-08-25T17:45:54Z,0,34.3,0.00,48,12.0,0.00,MPPT Charging,34,34,0,11,8374
2026-08-25T17:46:04Z,0,36.2,0.00,48,12.0,0.00,MPPT Charging,34,34,0,11,8374
2026-08-25T17:46:14Z,0,30.8,0.00,46,12.0,0.00,MPPT Charging,34,34,0,11,8374
2026-08-25T17:46:24Z,0,29.4,0.00,48,12.0,0.00,MPPT Charging,34,34,0,11,8374
2026-08-25T17:46:34Z,0,33.6,0.00,47,12.0,0.00,MPPT Charging,34,34,0,11,8374
2026-08-25T17:46:44Z,0,31.5,0.00,47,12.0,0.00,MPPT Charging,34,34,0,11,8374
2026-08-25T17:46:54Z,0,29.6,0.00,47,12.0,0.00,MPPT Charging,34,34,0,11,8374
2026-08-25T17:47:04Z,0,30.8,0.00,47,12.0,0.00,MPPT Charging,34,34,0,11,8374
2026-08-25T17:47:14Z,0,30.8,0.00,46,12.0,0.00,MPPT Charging,34,34,0,11,8374
2026-08-25T17:47:24Z,0,31.8,0.00,47,12.0,0.00,MPPT Charging,34,34,0,11,8374
2026-08-25T17:47:34Z,0,22.3,0.00,45,12.0,0.00,MPPT Charging,34,34,0,11,8374
2026-08-25T17:47:44Z,0,31.1,0.00,46,12.0,0.00,MPPT Charging,34,34,0,11,8374
2026-08-25T17:47:54Z,0,30.9,0.00,47,12.0,0.00,MPPT Charging,34,34,0,11,8374
2026-08-25T17:48:04Z,0,30.3,0.00,47,12.0,0.00,MPPT Charging,34,34,0,11,8374
2026-08-25T17:48:14Z,0,30.0,0.00,46,12.0,0.00,MPPT Charging,34,34,0,11,8374
2026-08-25T17:48:24Z,0,32.5,0.00,46,12.0,0.00,MPPT Charging,34,34,0,11,8374
2026-08-25T17:48:34Z,0,33.1,0.00,46,12.0,0.00,MPPT Charging,34,34,0,11,8374
2026-08-25T17:48:44Z,0,33.7,0.00,46,12.0,0.00,MPPT Charging,34,34,0,11,8374
2026-08-25T17:48:54Z,0,31.9,0.00,47,12.0,0.00,MPPT Charging,34,34,0,11,8374
2026-08-25T17:49:04Z,0,30.3,0.00,47,12.0,0.00,MPPT Charging,34,34,0,11,8374
2026-08-25T17:49:14Z,0,30.4,0.00,46,12.0,0.00,MPPT Charging,34,34,0,11,8374
2026-08-25T17:49:24Z,0,32.1,0.00,46,12.0,0.00,MPPT Charging,34,34,0,11,8374
2026-08-25T17:49:34Z,0,30.2,0.00,46,12.0,0.00,MPPT Charging,34,34,0,11,8374
2026-08-25T17:49:44Z,0,33.7,0.00,46,12.0,0.00,MPPT Charging,34,34,0,11,8374
2026-08-25T17:49:54Z,0,33.7,0.00,46,12.0,0.00,MPPT Charging,34,34,0,11,8374
2026-08-25T17:50:04Z,0,32.3,0.00,47,12.0,0.00,MPPT Charging,34,34,0,11,8374
2026-08-25T17:50:14Z,0,32.6,0.00,46,12.0,0.00,MPPT Charging,34,34,0,11,8374
2026-08-25T17:50:24Z,0,29.6,0.00,47,12.0,0.00,MPPT Charging,34,34,0,11,8374
2026-08-25T17:50:34Z,0,30.7,0.00,46,12.0,0.00,MPPT Charging,34,34,0,11,8374
2026-08-25T17:50:45Z,0,34.7,0.00,47,12.0,0.00,MPPT Charging,34,34,0,11,8374
2026-08-25T17:50:54Z,0,32.1,0.00,47,12.0,0.00,MPPT Charging,34,34,0,11,8374
2026-08-25T17:51:04Z,0,33.3,0.00,48,12.0,0.00,MPPT Charging,34,34,0,11,8374
2026-08-25T17:51:14Z,3,31.6,0.09,48,12.1,0.27,MPPT Charging,34,34,0,11,8374
2026-08-25T17:51:24Z,5,35.1,0.14,48,12.1,0.37,MPPT Charging,34,34,0,11,8374
2026-08-25T17:51:34Z,4,36.0,0.11,48,12.1,0.34,MPPT Charging,34,34,0,11,8374
2026-08-25T17:51:44Z,5,36.9,0.13,48,12.1,0.41,MPPT Charging,34,34,0,11,8374
2026-08-25T17:51:54Z,0,32.0,0.00,47,12.0,0.00,MPPT Charging,34,34,0,11,8374
2026-08-25T17:52:04Z,0,28.9,0.00,47,12.0,0.00,MPPT Charging,34,34,0,11,8374
2026-08-25T17:52:14Z,0,30.1,0.00,46,12.0,0.00,MPPT Charging,34,34,0,11,8374
2026-08-25T17:52:24Z,0,31.9,0.00,46,12.0,0.00,MPPT Charging,34,34,0,11,8374
2026-08-25T17:52:34Z,0,31.1,0.00,47,12.0,0.00,MPPT Charging,34,34,0,11,8374
2026-08-25T17:52:44Z,0,31.6,0.00,47,12.0,0.00,MPPT Charging,34,34,0,11,8374
2026-08-25T17:52:54Z,0,40.7,0.00,48,12.0,0.00,MPPT Charging,34,34,0,11,8374
2026-08-25T17:53:04Z,5,38.0,0.13,48,12.1,0.39,MPPT Charging,34,34,0,11,8374
2026-08-25T17:53:14Z,6,36.4,0.16,48,12.1,0.44,MPPT Charging,34,34,0,11,8374
2026-08-25T17:53:24Z,6,37.0,0.16,48,12.1,0.49,MPPT Charging,34,34,0,11,8374
2026-08-25T17:53:34Z,3,37.0,0.08,48,12.1,0.24,MPPT Charging,34,34,0,11,8374
2026-08-25T17:53:44Z,1,34.6,0.02,48,12.0,0.07,MPPT Charging,34,34,0,11,8374
2026-08-25T17:53:54Z,5,35.2,0.14,48,12.0,0.37,MPPT Charging,34,34,0,11,8374
2026-08-25T17:54:04Z,1,34.4,0.02,48,12.0,0.07,MPPT Charging,34,34,0,11,8374
2026-08-25T17:54:14Z,2,33.4,0.05,48,12.1,0.19,MPPT Charging,34,34,0,11,8374
2026-08-25T17:54:24Z,1,35.3,0.02,48,12.0,0.04,MPPT Charging,34,34,0,11,8374
2026-08-25T17:54:34Z,4,31.4,0.12,48,12.1,0.34,MPPT Charging,34,34,0,11,8374
2026-08-25T17:54:44Z,6,33.5,0.17,49,12.1,0.46,MPPT Charging,34,34,0,11,8374
2026-08-25T17:54:54Z,8,36.7,0.21,49,12.1,0.64,MPPT Charging,34,34,0,11,8374
2026-08-25T17:55:04Z,3,37.4,0.08,48,12.1,0.27,MPPT Charging,34,34,0,11,8374
2026-08-25T17:55:14Z,7,34.1,0.20,50,12.1,0.59,MPPT Charging,34,34,0,11,8374
2026-08-25T17:55:24Z,1,35.2,0.02,48,12.1,0.09,MPPT Charging,34,34,0,11,8374
2026-08-25T17:55:34Z,0,34.8,0.00,48,12.0,0.00,MPPT Charging,34,34,0,11,8374
2026-08-25T17:55:44Z,0,31.5,0.00,48,12.0,0.00,MPPT Charging,34,34,0,11,8374
2026-08-25T17:55:55Z,0,29.0,0.00,47,12.0,0.00,MPPT Charging,34,34,0,11,8374
2026-08-25T17:56:04Z,0,31.2,0.00,48,12.0,0.00,MPPT Charging,34,34,0,11,8374
2026-08-25T17:56:14Z,0,30.1,0.00,48,12.0,0.00,MPPT Charging,34,34,0,11,8374
2026-08-25T17:56:24Z,0,32.7,0.00,48,12.0,0.00,MPPT Charging,34,34,0,11,8374
2026-08-25T17:56:34Z,0,32.5,0.00,48,12.0,0.00,MPPT Charging,34,34,0,11,8374
2026-08-25T17:56:44Z,0,32.8,0.00,48,12.0,0.00,MPPT Charging,34,34,0,11,8374
2026-08-25T17:56:54Z,0,32.5,0.00,47,12.0,0.00,MPPT Charging,34,34,0,11,8374
2026-08-25T17:57:04Z,0,32.6,0.00,47,12.0,0.00,MPPT Charging,34,34,0,11,8374
2026-08-25T17:57:14Z,0,33.2,0.00,47,12.0,0.00,MPPT Charging,34,34,0,11,8374
2026-08-25T17:57:24Z,0,33.0,0.00,48,12.0,0.00,MPPT Charging,34,34,0,11,8374
2026-08-25T17:57:34Z,0,31.9,0.00,48,12.0,0.00,MPPT Charging,34,34,0,11,8374
2026-08-25T17:57:44Z,0,34.1,0.00,48,12.0,0.00,MPPT Charging,34,34,0,11,8374
2026-08-25T17:57:54Z,0,32.5,0.00,48,12.0,0.00,MPPT Charging,34,34,0,11,8374
2026-08-25T17:58:04Z,0,33.4,0.00,48,12.0,0.00,MPPT Charging,34,34,0,11,8374
2026-08-25T17:58:14Z,0,33.7,0.00,47,12.0,0.00,MPPT Charging,34,34,0,11,8374
2026-08-25T17:58:24Z,0,34.6,0.00,48,12.0,0.00,MPPT Charging,34,34,0,11,8374
2026-08-25T17:58:34Z,0,34.0,0.00,48,12.0,0.00,MPPT Charging,34,34,0,11,8374
2026-08-25T17:58:44Z,0,33.1,0.00,48,12.0,0.00,MPPT Charging,34,34,0,11,8374
2026-08-25T17:58:54Z,0,31.4,0.00,48,12.0,0.00,MPPT Charging,34,34,0,11,8374
2026-08-25T17:59:04Z,0,32.1,0.00,48,12.0,0.00,MPPT Charging,34,34,0,11,8374
2026-08-25T17:59:14Z,0,33.1,0.00,48,12.0,0.00,MPPT Charging,34,34,0,11,8374
2026-08-25T17:59:24Z,0,32.0,0.00,48,12.0,0.00,MPPT Charging,34,34,0,11,8374
2026-08-25T17:59:34Z,0,33.6,0.00,48,12.0,0.00,MPPT Charging,34,34,0,11,8374
2026-08-25T17:59:44Z,0,32.3,0.00,48,12.0,0.00,MPPT Charging,34,34,0,11,8374
2026-08-25T17:59:54Z,0,33.6,0.00,47,12.0,0.00,MPPT Charging,34,34,0,11,8374
2026-08-25T18:00:04Z,0,33.6,0.00,48,12.0,0.00,MPPT Charging,34,34,0,11,8374
2026-08-25T18:00:14Z,0,32.9,0.00,47,12.0,0.00,MPPT Charging,34,34,0,11,8374
2026-08-25T18:00:24Z,0,31.9,0.00,47,12.0,0.00,MPPT Charging,34,34,0,11,8374
2026-08-25T18:00:34Z,0,32.6,0.00,47,12.0,0.00,MPPT Charging,34,34,0,11,8374
2026-08-25T18:00:44Z,0,33.4,0.00,47,12.0,0.00,MPPT Charging,34,34,0,11,8374
2026-08-25T18:00:54Z,0,33.7,0.00,47,12.0,0.00,MPPT Charging,34,34,0,11,8374
2026-08-25T18:01:05Z,0,31.7,0.00,48,12.0,0.00,MPPT Charging,34,34,0,11,8374
2026-08-25T18:01:14Z,0,32.6,0.00,48,12.0,0.00,MPPT Charging,34,34,0,11,8374
2026-08-25T18:01:24Z,0,33.2,0.00,47,12.0,0.00,MPPT Charging,34,34,0,11,8374
2026-08-25T18:01:34Z,0,31.9,0.00,48,12.0,0.00,MPPT Charging,34,34,0,11,8374
2026-08-25T18:01:44Z,0,32.4,0.00,48,12.0,0.00,MPPT Charging,34,34,0,11,8374
2026-08-25T18:01:54Z,0,32.5,0.00,48,12.0,0.00,MPPT Charging,34,35,0,11,8374
2026-08-25T18:02:04Z,0,31.7,0.00,48,12.0,0.00,MPPT Charging,34,34,0,11,8374
2026-08-25T18:02:14Z,0,34.0,0.00,47,12.0,0.00,MPPT Charging,34,35,0,11,8374
2026-08-25T18:02:24Z,0,33.9,0.00,48,12.0,0.00,MPPT Charging,34,34,0,11,8374
2026-08-25T18:02:34Z,0,33.7,0.00,48,12.0,0.00,MPPT Charging,34,34,0,11,8374
2026-08-25T18:02:44Z,0,38.1,0.00,48,12.0,0.00,MPPT Charging,34,34,0,11,8374
2026-08-25T18:02:54Z,3,37.8,0.07,49,12.0,0.22,MPPT Charging,34,34,0,11,8374
2026-08-25T18:03:04Z,7,35.0,0.20,49,12.1,0.54,MPPT Charging,34,34,0,11,8374
2026-08-25T18:03:14Z,7,34.8,0.20,50,12.1,0.59,MPPT Charging,34,34,0,11,8374
2026-08-25T18:03:24Z,7,35.2,0.19,49,12.1,0.54,MPPT Charging,34,34,0,11,8374
2026-08-25T18:03:34Z,7,34.3,0.20,49,12.1,0.59,MPPT Charging,34,34,0,11,8374
2026-08-25T18:03:44Z,7,34.9,0.20,49,12.1,0.56,MPPT Charging,34,34,0,11,8374
2026-08-25T18:03:54Z,4,33.2,0.12,49,12.1,0.32,MPPT Charging,34,34,0,11,8374
2026-08-25T18:04:04Z,6,35.9,0.16,50,12.1,0.44,MPPT Charging,34,34,0,11,8374
2026-08-25T18:04:14Z,6,34.5,0.17,49,12.1,0.51,MPPT Charging,34,34,0,11,8374
2026-08-25T18:04:24Z,6,35.3,0.16,50,12.1,0.49,MPPT Charging,34,34,0,11,8374
2026-08-25T18:04:34Z,5,34.7,0.14,50,12.1,0.37,MPPT Charging,34,34,0,11,8374
2026-08-25T18:04:44Z,5,32.4,0.15,50,12.1,0.41,MPPT Charging,34,34,0,11,8374
2026-08-25T18:04:54Z,5,34.3,0.14,49,12.1,0.41,MPPT Charging,34,34,0,11,8374
2026-08-25T18:05:04Z,5,35.1,0.14,50,12.1,0.41,MPPT Charging,34,34,0,11,8374
2026-08-25T18:05:14Z,2,34.7,0.05,49,12.1,0.17,MPPT Charging,34,34,0,11,8374
2026-08-25T18:05:24Z,0,33.8,0.00,48,12.1,0.00,MPPT Charging,34,34,0,11,8374
2026-08-25T18:05:34Z,0,30.8,0.00,49,12.1,0.00,MPPT Charging,34,34,0,11,8374
2026-08-25T18:05:44Z,1,33.3,0.03,48,12.1,0.04,MPPT Charging,34,35,0,11,8374
2026-08-25T18:05:54Z,1,34.9,0.02,51,12.1,0.04,MPPT Charging,34,34,0,11,8374
2026-08-25T18:06:04Z,0,32.9,0.00,49,12.1,0.00,MPPT Charging,34,34,0,11,8374
2026-08-25T18:06:15Z,0,33.0,0.00,48,12.1,0.00,MPPT Charging,34,35,0,11,8374
2026-08-25T18:06:24Z,0,35.2,0.00,48,12.1,0.00,MPPT Charging,34,35,0,11,8374
2026-08-25T18:06:34Z,2,33.2,0.06,49,12.1,0.17,MPPT Charging,34,34,0,11,8374
2026-08-25T18:06:44Z,2,35.7,0.05,49,12.1,0.19,MPPT Charging,34,34,0,11,8374
2026-08-25T18:06:54Z,2,35.2,0.05,49,12.1,0.17,MPPT Charging,35,35,0,11,8374
2026-08-25T18:07:04Z,2,34.5,0.05,49,12.1,0.12,MPPT Charging,34,34,0,11,8374
2026-08-25T18:07:14Z,2,34.8,0.05,49,12.1,0.14,MPPT Charging,34,34,0,11,8374
2026-08-25T18:07:24Z,1,34.7,0.02,49,12.1,0.09,MPPT Charging,34,34,0,11,8374
2026-08-25T18:07:34Z,0,34.1,0.00,49,12.1,0.00,MPPT Charging,35,34,0,11,8374
2026-08-25T18:07:44Z,0,33.4,0.00,48,12.1,0.00,MPPT Charging,34,34,0,11,8374
2026-08-25T18:07:54Z,0,35.0,0.00,48,12.0,0.00,MPPT Charging,34,34,0,11,8374
2026-08-25T18:08:04Z,0,37.8,0.00,48,12.0,0.00,MPPT Charging,34,34,0,11,8374
2026-08-25T18:08:14Z,0,34.2,0.00,49,12.1,0.00,MPPT Charging,34,35,0,11,8374
2026-08-25T18:08:24Z,0,30.5,0.00,48,12.0,0.00,MPPT Charging,34,34,0,11,8374
2026-08-25T18:08:34Z,0,30.2,0.00,48,12.0,0.00,MPPT Charging,34,34,0,11,8374
2026-08-25T18:08:44Z,0,35.0,0.00,48,12.0,0.00,MPPT Charging,35,34,0,11,8374
2026-08-25T18:08:54Z,0,36.5,0.00,48,12.1,0.00,MPPT Charging,34,34,0,11,8374
2026-08-25T18:09:04Z,0,34.3,0.00,48,12.0,0.00,MPPT Charging,34,35,0,11,8374
2026-08-25T18:09:14Z,0,31.8,0.00,48,12.0,0.00,MPPT Charging,34,34,0,11,8374
2026-08-25T18:09:24Z,0,31.2,0.00,48,12.0,0.00,MPPT Charging,34,35,0,11,8374
2026-08-25T18:09:34Z,0,29.8,0.00,48,12.0,0.00,MPPT Charging,34,34,0,11,8374
2026-08-25T18:09:44Z,0,29.6,0.00,48,12.0,0.00,MPPT Charging,34,34,0,11,8374
2026-08-25T18:09:54Z,0,31.2,0.00,48,12.0,0.00,MPPT Charging,34,34,0,11,8374
2026-08-25T18:10:04Z,0,32.1,0.00,48,12.0,0.00,MPPT Charging,34,34,0,11,8374
2026-08-25T18:10:14Z,0,30.2,0.00,48,12.0,0.00,MPPT Charging,34,34,0,11,8374
2026-08-25T18:10:24Z,0,32.1,0.00,48,12.0,0.00,MPPT Charging,34,34,0,11,8374
2026-08-25T18:10:34Z,0,33.2,0.00,48,12.0,0.00,MPPT Charging,34,34,0,11,8374
2026-08-25T18:10:44Z,0,31.5,0.00,48,12.0,0.00,MPPT Charging,34,34,0,11,8374
2026-08-25T18:10:54Z,0,33.6,0.00,48,12.0,0.00,MPPT Charging,34,34,0,11,8374
2026-08-25T18:11:04Z,0,31.5,0.00,48,12.0,0.00,MPPT Charging,34,34,0,11,8374
2026-08-25T18:11:14Z,0,31.6,0.00,48,12.0,0.00,MPPT Charging,34,34,0,11,8374
2026-08-25T18:11:25Z,0,28.7,0.00,48,12.1,0.00,MPPT Charging,34,34,0,11,8374
2026-08-25T18:11:34Z,0,29.0,0.00,48,12.1,0.00,MPPT Charging,34,34,0,11,8374
2026-08-25T18:11:44Z,2,34.1,0.05,49,12.1,0.14,MPPT Charging,34,34,0,11,8374
2026-08-25T18:11:54Z,0,33.7,0.00,48,12.1,0.00,MPPT Charging,34,34,0,11,8374
2026-08-25T18:12:04Z,0,29.5,0.00,48,12.0,0.00,MPPT Charging,34,34,0,11,8374
2026-08-25T18:12:14Z,0,29.5,0.00,48,12.0,0.00,MPPT Charging,34,34,0,11,8374
2026-08-25T18:12:24Z,0,31.5,0.00,48,12.0,0.00,MPPT Charging,34,35,0,11,8374
2026-08-25T18:12:34Z,0,34.0,0.00,48,12.1,0.00,MPPT Charging,34,34,0,11,8374
2026-08-25T18:12:44Z,0,33.6,0.00,48,12.1,0.00,MPPT Charging,34,34,0,11,8374
2026-08-25T18:12:54Z,0,33.8,0.00,48,12.1,0.00,MPPT Charging,34,35,0,11,8374
2026-08-25T18:13:04Z,0,36.7,0.00,48,12.1,0.00,MPPT Charging,34,34,0,11,8374
2026-08-25T18:13:14Z,0,28.8,0.00,48,12.0,0.00,MPPT Charging,34,34,0,11,8374
2026-08-25T18:13:24Z,0,34.2,0.00,48,12.0,0.00,MPPT Charging,34,34,0,11,8374
2026-08-25T18:13:34Z,0,31.8,0.00,48,12.0,0.00,MPPT Charging,34,34,0,11,8374
2026-08-25T18:13:44Z,0,33.4,0.00,48,12.1,0.00,MPPT Charging,34,35,0,11,8374
2026-08-25T18:13:54Z,1,32.5,0.03,49,12.1,0.07,MPPT Charging,34,35,0,11,8374
2026-08-25T18:14:04Z,0,31.6,0.00,48,12.0,0.00,MPPT Charging,34,35,0,11,8374
2026-08-25T18:14:14Z,0,25.2,0.00,48,12.0,0.00,MPPT Charging,34,34,0,11,8374
2026-08-25T18:14:24Z,0,30.9,0.00,48,12.0,0.00,MPPT Charging,34,35,0,11,8374
2026-08-25T18:14:34Z,0,37.4,0.00,48,12.0,0.00,MPPT Charging,34,34,0,11,8374
2026-08-25T18:14:44Z,0,35.6,0.00,49,12.1,0.00,MPPT Charging,34,34,0,11,8374
2026-08-25T18:14:54Z,0,34.3,0.00,50,12.1,0.00,MPPT Charging,34,34,0,11,8374
2026-08-25T18:15:04Z,0,28.4,0.00,48,12.0,0.00,MPPT Charging,34,34,0,11,8374
2026-08-25T18:15:14Z,0,28.7,0.00,48,12.0,0.00,MPPT Charging,34,34,0,11,8374
2026-08-25T18:15:24Z,0,25.8,0.00,48,12.0,0.00,MPPT Charging,34,34,0,11,8374
2026-08-25T18:15:34Z,0,29.3,0.00,48,12.0,0.00,MPPT Charging,34,35,0,11,8374
2026-08-25T18:15:44Z,0,34.6,0.00,48,12.0,0.00,MPPT Charging,34,34,0,11,8374
2026-08-25T18:15:54Z,0,36.5,0.00,48,12.1,0.00,MPPT Charging,34,34,0,11,8374
2026-08-25T18:16:04Z,0,33.3,0.00,49,12.1,0.02,MPPT Charging,34,35,0,11,8374
2026-08-25T18:16:14Z,1,34.4,0.02,49,12.1,0.04,MPPT Charging,34,34,0,11,8374
2026-08-25T18:16:24Z,1,33.8,0.02,50,12.1,0.04,MPPT Charging,34,34,0,11,8374
2026-08-25T18:16:35Z,1,35.2,0.02,50,12.1,0.09,MPPT Charging,34,34,0,11,8374
2026-08-25T18:16:44Z,0,31.8,0.00,48,12.0,0.00,MPPT Charging,34,34,0,11,8374
2026-08-25T18:16:54Z,0,31.1,0.00,48,12.0,0.00,MPPT Charging,34,34,0,11,8374
2026-08-25T18:17:04Z,0,29.6,0.00,48,12.0,0.00,MPPT Charging,34,35,0,11,8374
2026-08-25T18:17:14Z,0,28.6,0.00,48,12.0,0.00,MPPT Charging,34,35,0,11,8374
2026-08-25T18:17:24Z,0,31.9,0.00,48,12.0,0.00,MPPT Charging,34,34,0,11,8374
2026-08-25T18:17:34Z,0,38.6,0.00,48,12.0,0.00,MPPT Charging,34,35,0,11,8374
2026-08-25T18:17:44Z,0,38.1,0.00,49,12.1,0.00,MPPT Charging,34,34,0,11,8374
2026-08-25T18:17:54Z,0,34.9,0.00,49,12.1,0.00,MPPT Charging,34,34,0,11,8374
2026-08-25T18:18:04Z,0,33.0,0.00,49,12.1,0.00,MPPT Charging,34,35,0,11,8374
2026-08-25T18:18:14Z,0,30.7,0.00,48,12.1,0.00,MPPT Charging,34,34,0,11,8374
2026-08-25T18:18:24Z,0,21.8,0.00,48,12.0,0.00,MPPT Charging,34,34,0,11,8374
2026-08-25T18:18:34Z,0,34.0,0.00,48,12.0,0.00,MPPT Charging,34,34,0,11,8374
2026-08-25T18:18:44Z,0,32.1,0.00,48,12.0,0.00,MPPT Charging,34,34,0,11,8374
2026-08-25T18:18:54Z,0,31.5,0.00,48,12.0,0.00,MPPT Charging,34,34,0,11,8374
2026-08-25T18:19:04Z,0,31.4,0.00,47,12.0,0.00,MPPT Charging,34,35,0,11,8374
2026-08-25T18:19:14Z,0,31.9,0.00,48,12.0,0.00,MPPT Charging,34,35,0,11,8374
2026-08-25T18:19:24Z,0,32.5,0.00,48,12.0,0.00,MPPT Charging,34,35,0,11,8374
2026-08-25T18:19:34Z,0,31.2,0.00,48,12.0,0.00,MPPT Charging,34,35,0,11,8374
2026-08-25T18:19:44Z,0,31.2,0.00,48,12.0,0.00,MPPT Charging,34,35,0,11,8374
2026-08-25T18:19:54Z,0,32.0,0.00,48,12.0,0.00,MPPT Charging,34,35,0,11,8374
2026-08-25T18:20:04Z,0,29.8,0.00,48,12.0,0.00,MPPT Charging,34,35,0,11,8374
2026-08-25T18:20:14Z,0,31.3,0.00,48,12.0,0.00,MPPT Charging,34,35,0,11,8374
2026-08-25T18:20:24Z,0,32.0,0.00,48,12.0,0.00,MPPT Charging,34,35,0,11,8374
2026-08-25T18:20:34Z,0,32.4,0.00,48,12.0,0.00,MPPT Charging,34,35,0,11,8374
2026-08-25T18:20:44Z,0,32.4,0.00,48,12.0,0.00,MPPT Charging,34,34,0,11,8374
2026-08-25T18:20:54Z,0,32.5,0.00,48,12.0,0.00,MPPT Charging,34,34,0,11,8374
2026-08-25T18:21:04Z,0,31.7,0.00,48,12.0,0.00,MPPT Charging,34,35,0,11,8374
2026-08-25T18:21:14Z,0,32.2,0.00,48,12.0,0.00,MPPT Charging,34,34,0,11,8374
2026-08-25T18:21:24Z,0,34.1,0.00,48,12.0,0.00,MPPT Charging,34,34,0,11,8374
2026-08-25T18:21:34Z,0,34.5,0.00,48,12.0,0.00,MPPT Charging,34,35,0,11,8374
2026-08-25T18:21:45Z,0,34.3,0.00,49,12.1,0.00,MPPT Charging,34,34,0,11,8374
2026-08-25T18:21:54Z,2,34.3,0.05,50,12.1,0.19,MPPT Charging,35,35,0,11,8374
2026-08-25T18:22:04Z,2,34.7,0.05,49,12.1,0.17,MPPT Charging,34,35,0,11,8374
2026-08-25T18:22:14Z,0,34.2,0.00,48,12.1,0.00,MPPT Charging,35,35,0,11,8374
2026-08-25T18:22:24Z,0,33.6,0.00,48,12.1,0.00,MPPT Charging,34,34,0,11,8374
2026-08-25T18:22:34Z,0,35.8,0.00,48,12.1,0.00,MPPT Charging,34,35,0,11,8374
2026-08-25T18:22:44Z,0,30.7,0.00,48,12.1,0.00,MPPT Charging,34,35,0,11,8374
2026-08-25T18:22:54Z,1,31.3,0.03,49,12.1,0.07,MPPT Charging,35,34,0,11,8374
2026-08-25T18:23:04Z,0,31.9,0.00,48,12.1,0.00,MPPT Charging,34,35,0,11,8374
2026-08-25T18:23:14Z,0,29.2,0.00,49,12.1,0.00,MPPT Charging,34,35,0,11,8374
2026-08-25T18:23:24Z,1,30.6,0.03,49,12.1,0.04,MPPT Charging,34,34,0,11,8374
2026-08-25T18:23:34Z,0,17.1,0.00,48,12.0,0.00,MPPT Charging,34,34,0,11,8374
2026-08-25T18:23:44Z,2,34.2,0.05,49,12.1,0.12,MPPT Charging,34,34,0,11,8374
2026-08-25T18:23:54Z,1,34.0,0.02,49,12.1,0.07,MPPT Charging,34,35,0,11,8374
2026-08-25T18:24:04Z,0,34.6,0.00,49,12.1,0.00,MPPT Charging,34,35,0,11,8374
2026-08-25T18:24:14Z,0,31.2,0.00,48,12.0,0.00,MPPT Charging,34,34,0,11,8374
2026-08-25T18:24:24Z,0,25.5,0.00,48,12.0,0.00,MPPT Charging,34,35,0,11,8374
2026-08-25T18:24:34Z,0,26.4,0.00,48,12.0,0.00,MPPT Charging,34,34,0,11,8374
2026-08-25T18:24:44Z,0,29.4,0.00,48,12.0,0.00,MPPT Charging,34,35,0,11,8374
2026-08-25T18:24:54Z,0,35.0,0.00,48,12.0,0.00,MPPT Charging,34,35,0,11,8374
2026-08-25T18:25:04Z,0,33.5,0.00,48,12.1,0.00,MPPT Charging,34,35,0,11,8374
2026-08-25T18:25:14Z,0,30.9,0.00,48,12.0,0.00,MPPT Charging,34,35,0,11,8374
2026-08-25T18:25:24Z,0,26.4,0.00,47,12.0,0.00,MPPT Charging,34,34,0,11,8374
2026-08-25T18:25:34Z,0,23.2,0.00,47,12.0,0.00,MPPT Charging,34,35,0,11,8374
2026-08-25T18:25:44Z,0,23.1,0.00,47,12.0,0.00,MPPT Charging,34,34,0,11,8374
2026-08-25T18:25:54Z,0,31.3,0.00,47,12.0,0.00,MPPT Charging,34,35,0,11,8374
2026-08-25T18:26:04Z,0,32.5,0.00,47,12.0,0.00,MPPT Charging,34,35,0,11,8374
2026-08-25T18:26:14Z,0,29.5,0.00,47,12.0,0.00,MPPT Charging,34,35,0,11,8374
2026-08-25T18:26:24Z,0,25.1,0.00,47,12.0,0.00,MPPT Charging,34,35,0,11,8374
2026-08-25T18:26:34Z,0,22.6,0.00,47,12.0,0.00,MPPT Charging,34,35,0,11,8374
2026-08-25T18:26:44Z,0,26.2,0.00,47,12.0,0.00,MPPT Charging,34,35,0,11,8374
2026-08-25T18:26:55Z,0,28.2,0.00,47,12.0,0.00,MPPT Charging,34,34,0,11,8374
2026-08-25T18:27:04Z,0,26.8,0.00,46,12.0,0.00,MPPT Charging,34,35,0,11,8374
2026-08-25T18:27:14Z,0,28.1,0.00,47,12.0,0.00,MPPT Charging,34,35,0,11,8374
2026-08-25T18:27:24Z,0,26.4,0.00,47,12.0,0.00,MPPT Charging,34,35,0,11,8374
2026-08-25T18:27:34Z,0,28.6,0.00,46,12.0,0.00,MPPT Charging,34,35,0,11,8374
2026-08-25T18:27:44Z,0,27.1,0.00,46,12.0,0.00,MPPT Charging,34,35,0,11,8374
2026-08-25T18:27:54Z,0,35.3,0.00,48,12.0,0.00,MPPT Charging,34,35,0,11,8374
2026-08-25T18:28:04Z,0,38.3,0.00,48,12.0,0.00,MPPT Charging,34,35,0,11,8374
2026-08-25T18:28:14Z,0,36.8,0.00,48,12.0,0.00,MPPT Charging,34,35,0,11,8374
2026-08-25T18:28:24Z,0,34.7,0.00,48,12.0,0.00,MPPT Charging,34,35,0,11,8374
2026-08-25T18:28:34Z,0,32.9,0.00,48,12.0,0.00,MPPT Charging,34,35,0,11,8374
2026-08-25T18:28:44Z,0,19.4,0.00,47,12.0,0.00,MPPT Charging,34,35,0,11,8374
2026-08-25T18:28:54Z,0,29.8,0.00,48,12.0,0.00,MPPT Charging,34,34,0,11,8374
2026-08-25T18:29:04Z,0,33.0,0.00,47,12.0,0.00,MPPT Charging,34,35,0,11,8374
2026-08-25T18:29:14Z,0,36.0,0.00,48,12.0,0.00,MPPT Charging,34,35,0,11,8374
2026-08-25T18:29:24Z,0,32.8,0.00,48,12.0,0.00,MPPT Charging,34,35,0,11,8374
2026-08-25T18:29:34Z,0,32.2,0.00,46,12.1,0.00,MPPT Charging,34,34,0,11,8374
2026-08-25T18:29:44Z,0,29.1,0.00,48,12.0,0.00,MPPT Charging,34,35,0,11,8374
2026-08-25T18:29:54Z,0,25.0,0.00,48,12.0,0.00,MPPT Charging,34,35,0,11,8374
2026-08-25T18:30:04Z,0,22.6,0.00,47,12.0,0.00,MPPT Charging,34,34,0,11,8374
2026-08-25T18:30:14Z,0,21.3,0.00,47,12.0,0.00,MPPT Charging,34,35,0,11,8374
2026-08-25T18:30:24Z,0,22.1,0.00,46,12.0,0.00,MPPT Charging,34,35,0,11,8374
2026-08-25T18:30:34Z,0,25.7,0.00,46,12.0,0.00,MPPT Charging,34,35,0,11,8374
2026-08-25T18:30:44Z,0,28.0,0.00,47,12.0,0.00,MPPT Charging,34,34,0,11,8374
2026-08-25T18:30:54Z,0,32.2,0.00,47,12.0,0.00,MPPT Charging,34,35,0,11,8374
2026-08-25T18:31:04Z,0,31.2,0.00,47,12.0,0.00,MPPT Charging,34,35,0,11,8374
2026-08-25T18:31:14Z,0,30.9,0.00,47,12.0,0.00,MPPT Charging,34,35,0,11,8374
2026-08-25T18:31:24Z,0,31.2,0.00,47,12.0,0.00,MPPT Charging,34,35,0,11,8374
2026-08-25T18:31:34Z,0,31.9,0.00,47,12.0,0.00,MPPT Charging,34,35,0,11,8374
2026-08-25T18:31:44Z,0,31.4,0.00,47,12.0,0.00,MPPT Charging,34,35,0,11,8374
2026-08-25T18:31:54Z,0,30.6,0.00,47,12.0,0.00,MPPT Charging,34,35,0,11,8374
2026-08-25T18:32:05Z,0,31.7,0.00,47,12.0,0.00,MPPT Charging,34,34,0,11,8374
2026-08-25T18:32:14Z,0,30.6,0.00,47,12.0,0.00,MPPT Charging,34,35,0,11,8374
2026-08-25T18:32:24Z,0,31.0,0.00,47,12.0,0.00,MPPT Charging,34,35,0,11,8374
2026-08-25T18:32:34Z,0,35.5,0.00,48,12.0,0.00,MPPT Charging,34,35,0,11,8374
2026-08-25T18:32:44Z,0,33.0,0.00,47,12.0,0.00,MPPT Charging,34,34,0,11,8374
2026-08-25T18:32:54Z,0,31.2,0.00,47,12.0,0.00,MPPT Charging,34,35,0,11,8374
2026-08-25T18:33:04Z,0,31.8,0.00,48,12.0,0.00,MPPT Charging,34,35,0,11,8374
2026-08-25T18:33:14Z,0,31.8,0.00,47,12.0,0.00,MPPT Charging,34,35,0,11,8374
2026-08-25T18:33:24Z,0,31.8,0.00,47,12.0,0.00,MPPT Charging,34,34,0,11,8374
2026-08-25T18:33:34Z,0,32.1,0.00,47,12.0,0.00,MPPT Charging,34,35,0,11,8374
2026-08-25T18:33:44Z,0,32.3,0.00,48,12.0,0.00,MPPT Charging,34,34,0,11,8374
2026-08-25T18:33:54Z,0,24.3,0.00,47,12.0,0.00,MPPT Charging,34,35,0,11,8374
2026-08-25T18:34:04Z,0,33.4,0.00,48,12.0,0.00,MPPT Charging,34,35,0,11,8374
2026-08-25T18:34:14Z,0,31.4,0.00,48,12.0,0.00,MPPT Charging,34,35,0,11,8374
2026-08-25T18:34:24Z,0,32.0,0.00,48,12.0,0.00,MPPT Charging,34,34,0,11,8374
2026-08-25T18:34:34Z,0,31.5,0.00,47,12.0,0.00,MPPT Charging,34,35,0,11,8374
2026-08-25T18:34:44Z,0,31.7,0.00,48,12.0,0.00,MPPT Charging,34,35,0,11,8374
2026-08-25T18:34:54Z,0,33.3,0.00,48,12.0,0.00,MPPT Charging,34,35,0,11,8374
2026-08-25T18:35:04Z,0,34.1,0.00,48,12.0,0.00,MPPT Charging,34,35,0,11,8374
2026-08-25T18:35:14Z,0,32.7,0.00,48,12.0,0.00,MPPT Charging,34,35,0,11,8374
2026-08-25T18:35:24Z,0,33.2,0.00,48,12.0,0.00,MPPT Charging,34,34,0,11,8374
2026-08-25T18:35:34Z,0,30.8,0.00,48,12.0,0.00,MPPT Charging,34,35,0,11,8374
2026-08-25T18:35:44Z,0,29.3,0.00,48,12.0,0.00,MPPT Charging,34,34,0,11,8374
2026-08-25T18:35:54Z,0,26.9,0.00,48,12.0,0.00,MPPT Charging,34,35,0,11,8374
2026-08-25T18:36:04Z,0,28.9,0.00,48,12.0,0.00,MPPT Charging,34,35,0,11,8374
2026-08-25T18:36:14Z,0,31.4,0.00,48,12.0,0.00,MPPT Charging,34,35,0,11,8374
2026-08-25T18:36:24Z,0,32.1,0.00,48,12.0,0.00,MPPT Charging,34,35,0,11,8374
2026-08-25T18:36:34Z,0,33.2,0.00,48,12.0,0.00,MPPT Charging,34,35,0,11,8374
2026-08-25T18:36:44Z,0,31.2,0.00,48,12.0,0.00,MPPT Charging,34,35,0,11,8374
2026-08-25T18:36:54Z,0,32.3,0.00,48,12.0,0.00,MPPT Charging,34,35,0,11,8374
2026-08-25T18:37:04Z,0,32.1,0.00,48,12.0,0.00,MPPT Charging,34,35,0,11,8374
2026-08-25T18:37:15Z,0,33.2,0.00,49,12.0,0.00,MPPT Charging,34,35,0,11,8374
2026-08-25T18:37:24Z,0,33.7,0.00,48,12.0,0.00,MPPT Charging,34,34,0,11,8374
2026-08-25T18:37:34Z,0,32.6,0.00,48,12.0,0.00,MPPT Charging,34,35,0,11,8374
2026-08-25T18:37:44Z,0,31.6,0.00,47,12.0,0.00,MPPT Charging,34,35,0,11,8374
2026-08-25T18:37:54Z,0,31.2,0.00,48,12.0,0.00,MPPT Charging,34,35,0,11,8374
2026-08-25T18:38:04Z,0,31.3,0.00,48,12.0,0.00,MPPT Charging,34,35,0,11,8374
2026-08-25T18:38:14Z,0,32.8,0.00,47,12.0,0.00,MPPT Charging,34,35,0,11,8374
2026-08-25T18:38:24Z,0,31.9,0.00,48,12.0,0.00,MPPT Charging,34,35,0,11,8374
2026-08-25T18:38:34Z,0,31.6,0.00,48,12.0,0.00,MPPT Charging,34,35,0,11,8374
2026-08-25T18:38:44Z,0,32.2,0.00,48,12.0,0.00,MPPT Charging,34,35,0,11,8374
2026-08-25T18:38:54Z,0,32.7,0.00,48,12.0,0.00,MPPT Charging,34,35,0,11,8374
2026-08-25T18:39:04Z,0,32.5,0.00,48,12.0,0.00,MPPT Charging,34,35,0,11,8374
2026-08-25T18:39:14Z,0,31.3,0.00,48,12.0,0.00,MPPT Charging,34,35,0,11,8374
2026-08-25T18:39:24Z,0,32.9,0.00,47,12.0,0.00,MPPT Charging,34,34,0,11,8374
2026-08-25T18:39:34Z,0,33.2,0.00,48,12.0,0.00,MPPT Charging,34,35,0,11,8374
2026-08-25T18:39:44Z,0,32.0,0.00,48,12.0,0.00,MPPT Charging,34,34,0,11,8374
2026-08-25T18:39:54Z,0,32.7,0.00,48,12.0,0.00,MPPT Charging,34,35,0,11,8374
2026-08-25T18:40:04Z,0,32.4,0.00,48,12.0,0.00,MPPT Charging,34,35,0,11,8374
2026-08-25T18:40:14Z,0,32.8,0.00,48,12.0,0.00,MPPT Charging,34,35,0,11,8374
2026-08-25T18:40:24Z,0,32.1,0.00,47,12.0,0.00,MPPT Charging,34,35,0,11,8374
2026-08-25T18:40:34Z,0,31.8,0.00,48,12.0,0.00,MPPT Charging,34,35,0,11,8374
2026-08-25T18:40:44Z,0,32.5,0.00,48,12.0,0.00,MPPT Charging,34,35,0,11,8374
2026-08-25T18:40:54Z,0,32.8,0.00,48,12.0,0.00,MPPT Charging,34,35,0,11,8374
2026-08-25T18:41:04Z,0,32.3,0.00,48,12.0,0.00,MPPT Charging,34,35,0,11,8374
2026-08-25T18:41:14Z,0,32.0,0.00,47,12.0,0.00,MPPT Charging,34,35,0,11,8374
2026-08-25T18:41:24Z,0,30.6,0.00,48,12.0,0.00,MPPT Charging,34,35,0,11,8374
2026-08-25T18:41:34Z,0,28.4,0.00,48,12.0,0.00,MPPT Charging,34,35,0,11,8374
2026-08-25T18:41:44Z,0,31.6,0.00,48,12.1,0.00,MPPT Charging,34,35,0,11,8374
2026-08-25T18:41:54Z,0,34.9,0.00,48,12.1,0.02,MPPT Charging,34,35,0,11,8374
2026-08-25T18:42:04Z,0,31.2,0.00,48,12.1,0.02,MPPT Charging,34,35,0,11,8374
2026-08-25T18:42:14Z,2,34.3,0.05,49,12.1,0.12,MPPT Charging,34,35,0,11,8374
2026-08-25T18:42:25Z,2,34.2,0.05,49,12.1,0.14,MPPT Charging,34,35,0,11,8374
2026-08-25T18:42:34Z,2,33.4,0.05,49,12.1,0.12,MPPT Charging,34,35,0,11,8374
2026-08-25T18:42:44Z,2,34.2,0.05,50,12.1,0.12,MPPT Charging,34,35,0,11,8374
2026-08-25T18:42:54Z,1,34.6,0.02,49,12.1,0.09,MPPT Charging,34,35,0,11,8374
2026-08-25T18:43:04Z,1,34.3,0.02,49,12.1,0.07,MPPT Charging,34,35,0,11,8374
2026-08-25T18:43:14Z,1,35.0,0.02,49,12.1,0.09,MPPT Charging,34,35,0,11,8374
2026-08-25T18:43:24Z,1,34.9,0.02,49,12.1,0.07,MPPT Charging,34,35,0,11,8374
2026-08-25T18:43:34Z,1,35.5,0.02,49,12.1,0.09,MPPT Charging,34,35,0,11,8374
2026-08-25T18:43:44Z,1,35.2,0.02,49,12.1,0.09,MPPT Charging,34,35,0,11,8374
2026-08-25T18:43:54Z,1,34.0,0.02,49,12.1,0.07,MPPT Charging,34,35,0,11,8374
2026-08-25T18:44:04Z,1,37.1,0.02,48,12.0,0.04,MPPT Charging,34,35,0,11,8374
2026-08-25T18:44:14Z,1,34.8,0.02,49,12.1,0.09,MPPT Charging,34,35,0,11,8374
2026-08-25T18:44:24Z,1,34.7,0.02,49,12.1,0.09,MPPT Charging,34,35,0,11,8374
2026-08-25T18:44:34Z,2,34.1,0.05,49,12.1,0.12,MPPT Charging,34,35,0,11,8374
2026-08-25T18:44:44Z,2,33.8,0.05,49,12.1,0.12,MPPT Charging,34,35,0,11,8374
2026-08-25T18:44:54Z,1,34.0,0.02,49,12.1,0.09,MPPT Charging,34,35,0,11,8374
2026-08-25T18:45:04Z,1,33.6,0.02,49,12.1,0.09,MPPT Charging,34,35,0,11,8374
2026-08-25T18:45:14Z,2,33.9,0.05,49,12.1,0.12,MPPT Charging,34,35,0,11,8374
2026-08-25T18:45:24Z,2,33.9,0.05,49,12.1,0.12,MPPT Charging,34,35,0,11,8374
2026-08-25T18:45:34Z,1,33.6,0.02,49,12.1,0.09,MPPT Charging,34,35,0,11,8374
2026-08-25T18:45:44Z,2,34.5,0.05,50,12.1,0.12,MPPT Charging,34,34,0,11,8374
2026-08-25T18:45:54Z,1,34.0,0.02,49,12.1,0.07,MPPT Charging,34,35,0,11,8374
2026-08-25T18:46:04Z,1,33.5,0.02,49,12.1,0.04,MPPT Charging,34,35,0,11,8374
2026-08-25T18:46:14Z,0,34.4,0.00,50,12.1,0.02,MPPT Charging,34,35,0,11,8374
2026-08-25T18:46:24Z,1,34.1,0.02,48,12.1,0.07,MPPT Charging,35,35,0,11,8374
2026-08-25T18:46:34Z,0,34.2,0.00,51,12.1,0.00,MPPT Charging,34,35,0,11,8374
2026-08-25T18:46:44Z,0,32.6,0.00,48,12.1,0.00,MPPT Charging,34,35,0,11,8374
2026-08-25T18:46:54Z,0,29.1,0.00,48,12.1,0.00,MPPT Charging,35,35,0,11,8374
2026-08-25T18:47:04Z,0,33.3,0.00,48,12.1,0.00,MPPT Charging,35,35,0,11,8374
2026-08-25T18:47:14Z,0,33.9,0.00,48,12.1,0.02,MPPT Charging,35,35,0,11,8374
2026-08-25T18:47:24Z,0,34.3,0.00,48,12.1,0.02,MPPT Charging,35,35,0,11,8374
2026-08-25T18:47:35Z,1,34.6,0.02,49,12.1,0.04,MPPT Charging,35,35,0,11,8374
2026-08-25T18:47:44Z,1,33.6,0.02,49,12.1,0.07,MPPT Charging,35,35,0,11,8374
2026-08-25T18:47:54Z,1,34.5,0.02,49,12.1,0.09,MPPT Charging,35,35,0,11,8374
2026-08-25T18:48:04Z,2,34.4,0.05,49,12.1,0.12,MPPT Charging,35,35,0,11,8374
2026-08-25T18:48:14Z,1,33.2,0.03,49,12.1,0.07,MPPT Charging,35,35,0,11,8374
2026-08-25T18:48:24Z,0,33.5,0.00,48,12.1,0.00,MPPT Charging,35,35,0,11,8374
2026-08-25T18:48:34Z,0,29.4,0.00,48,12.0,0.00,MPPT Charging,35,35,0,11,8374
2026-08-25T18:48:44Z,0,28.0,0.00,48,12.0,0.00,MPPT Charging,35,35,0,11,8374
2026-08-25T18:48:54Z,0,34.9,0.00,48,12.1,0.00,MPPT Charging,35,35,0,11,8374
2026-08-25T18:49:04Z,0,37.5,0.00,49,12.1,0.00,MPPT Charging,35,35,0,11,8374
2026-08-25T18:49:14Z,0,37.8,0.00,48,12.0,0.00,MPPT Charging,35,35,0,11,8374
2026-08-25T18:49:24Z,0,35.6,0.00,49,12.1,0.00,MPPT Charging,35,35,0,11,8374
2026-08-25T18:49:34Z,0,34.1,0.00,51,12.1,0.00,MPPT Charging,35,35,0,11,8374
2026-08-25T18:49:44Z,0,35.0,0.00,50,12.1,0.02,MPPT Charging,35,35,0,11,8374
2026-08-25T18:49:54Z,0,34.5,0.00,49,12.1,0.02,MPPT Charging,35,35,0,11,8374
2026-08-25T18:50:04Z,0,34.4,0.00,50,12.1,0.02,MPPT Charging,35,35,0,11,8374
2026-08-25T18:50:14Z,1,35.0,0.02,49,12.1,0.04,MPPT Charging,34,35,0,11,8374
2026-08-25T18:50:24Z,1,35.1,0.02,50,12.1,0.07,MPPT Charging,35,35,0,11,8374
2026-08-25T18:50:34Z,1,35.8,0.02,51,12.1,0.04,MPPT Charging,35,35,0,11,8374
2026-08-25T18:50:44Z,0,35.3,0.00,49,12.1,0.02,MPPT Charging,35,35,0,11,8374
2026-08-25T18:50:54Z,1,35.8,0.02,50,12.1,0.07,MPPT Charging,35,35,0,11,8374
2026-08-25T18:51:04Z,0,34.6,0.00,49,12.1,0.00,MPPT Charging,35,35,0,11,8374
2026-08-25T18:51:14Z,1,35.9,0.02,50,12.1,0.04,MPPT Charging,35,35,0,11,8374
2026-08-25T18:51:24Z,1,36.0,0.02,50,12.1,0.04,MPPT Charging,35,35,0,11,8374
2026-08-25T18:51:34Z,0,34.7,0.00,50,12.1,0.02,MPPT Charging,35,35,0,11,8374
2026-08-25T18:51:44Z,1,35.8,0.02,50,12.1,0.07,MPPT Charging,35,35,0,11,8374
2026-08-25T18:51:54Z,1,35.6,0.02,49,12.1,0.04,MPPT Charging,35,35,0,11,8374
2026-08-25T18:52:04Z,1,34.8,0.02,49,12.1,0.04,MPPT Charging,35,35,0,11,8374
2026-08-25T18:52:14Z,1,34.8,0.02,50,12.1,0.07,MPPT Charging,35,35,0,11,8374
2026-08-25T18:52:24Z,1,35.8,0.02,50,12.1,0.09,MPPT Charging,35,35,0,11,8374
2026-08-25T18:52:34Z,2,36.8,0.05,50,12.1,0.12,MPPT Charging,35,35,0,11,8374
2026-08-25T18:52:45Z,2,35.7,0.05,50,12.1,0.12,MPPT Charging,35,35,0,11,8374
2026-08-25T18:52:54Z,2,36.5,0.05,50,12.1,0.12,MPPT Charging,35,35,0,11,8374
2026-08-25T18:53:04Z,1,35.7,0.02,50,12.1,0.09,MPPT Charging,35,35,0,11,8374
2026-08-25T18:53:14Z,2,36.3,0.05,49,12.1,0.12,MPPT Charging,35,35,0,11,8374
2026-08-25T18:53:24Z,2,36.4,0.05,50,12.1,0.17,MPPT Charging,35,35,0,11,8374
2026-08-25T18:53:34Z,2,35.5,0.05,50,12.1,0.14,MPPT Charging,35,35,0,11,8374
2026-08-25T18:53:44Z,2,35.6,0.05,50,12.1,0.17,MPPT Charging,35,35,0,11,8374
2026-08-25T18:53:54Z,2,35.4,0.05,50,12.1,0.17,MPPT Charging,35,35,0,11,8374
2026-08-25T18:54:04Z,2,35.4,0.05,50,12.1,0.12,MPPT Charging,35,35,0,11,8374
2026-08-25T18:54:14Z,1,35.6,0.02,50,12.1,0.09,MPPT Charging,35,35,0,11,8374
2026-08-25T18:54:24Z,0,35.3,0.00,47,12.1,0.00,MPPT Charging,35,35,0,11,8374
2026-08-25T18:54:34Z,1,36.3,0.02,51,12.1,0.07,MPPT Charging,35,35,0,11,8374
2026-08-25T18:54:44Z,1,36.7,0.02,51,12.1,0.07,MPPT Charging,35,35,0,11,8374
2026-08-25T18:54:54Z,1,35.8,0.02,50,12.1,0.09,MPPT Charging,35,35,0,11,8374
2026-08-25T18:55:04Z,1,34.4,0.02,50,12.1,0.04,MPPT Charging,35,35,0,11,8374
2026-08-25T18:55:14Z,1,36.4,0.02,49,12.1,0.07,MPPT Charging,35,35,0,11,8374
2026-08-25T18:55:24Z,1,34.8,0.02,50,12.1,0.04,MPPT Charging,35,35,0,11,8374
2026-08-25T18:55:34Z,0,34.7,0.00,50,12.1,0.02,MPPT Charging,35,35,0,11,8374
2026-08-25T18:55:44Z,0,34.9,0.00,49,12.1,0.00,MPPT Charging,35,35,0,11,8374
2026-08-25T18:55:54Z,0,35.3,0.00,51,12.1,0.00,MPPT Charging,35,35,0,11,8374
2026-08-25T18:56:04Z,0,34.1,0.00,50,12.1,0.00,MPPT Charging,35,35,0,11,8374
2026-08-25T18:56:14Z,0,35.3,0.00,49,12.1,0.00,MPPT Charging,35,35,0,11,8374
2026-08-25T18:56:24Z,0,33.0,0.00,49,12.1,0.00,MPPT Charging,35,35,0,11,8374
2026-08-25T18:56:34Z,0,30.9,0.00,48,12.1,0.00,MPPT Charging,35,35,0,11,8374
2026-08-25T18:56:44Z,0,36.6,0.00,49,12.1,0.00,MPPT Charging,35,35,0,11,8374
2026-08-25T18:56:54Z,0,34.7,0.00,49,12.1,0.00,MPPT Charging,35,35,0,11,8374
2026-08-25T18:57:04Z,0,35.6,0.00,49,12.1,0.00,MPPT Charging,35,35,0,11,8374
2026-08-25T18:57:14Z,0,35.5,0.00,50,12.1,0.00,MPPT Charging,35,35,0,11,8374
2026-08-25T18:57:24Z,0,35.3,0.00,50,12.1,0.00,MPPT Charging,35,35,0,11,8374
2026-08-25T18:57:34Z,0,36.1,0.00,50,12.1,0.00,MPPT Charging,35,35,0,11,8374
2026-08-25T18:57:44Z,0,36.4,0.00,50,12.1,0.00,MPPT Charging,35,35,0,11,8374
2026-08-25T18:57:55Z,0,35.4,0.00,50,12.1,0.00,MPPT Charging,35,35,0,11,8374
2026-08-25T18:58:04Z,0,26.8,0.00,48,12.1,0.00,MPPT Charging,35,35,0,11,8374
2026-08-25T18:58:14Z,0,30.5,0.00,48,12.1,0.00,MPPT Charging,35,35,0,11,8374
2026-08-25T18:58:24Z,0,36.9,0.00,49,12.1,0.00,MPPT Charging,35,35,0,11,8374
2026-08-25T18:58:34Z,0,30.5,0.00,49,12.1,0.00,MPPT Charging,35,35,0,11,8374
2026-08-25T18:58:44Z,0,27.2,0.00,48,12.0,0.00,MPPT Charging,35,35,0,11,8374
2026-08-25T18:58:54Z,0,30.4,0.00,48,12.0,0.00,MPPT Charging,35,35,0,11,8374
2026-08-25T18:59:04Z,0,31.5,0.00,49,12.1,0.00,MPPT Charging,35,35,0,11,8374
2026-08-25T18:59:14Z,0,28.6,0.00,48,12.0,0.00,MPPT Charging,35,35,0,11,8374
2026-08-25T18:59:24Z,0,30.7,0.00,48,12.0,0.00,MPPT Charging,35,35,0,11,8374
2026-08-25T18:59:34Z,0,19.2,0.00,48,12.0,0.00,MPPT Charging,35,35,0,11,8374
2026-08-25T18:59:44Z,0,27.7,0.00,48,12.0,0.00,MPPT Charging,35,35,0,11,8374
2026-08-25T18:59:54Z,0,30.2,0.00,48,12.0,0.00,MPPT Charging,35,35,0,11,8374
2026-08-25T19:00:04Z,0,30.6,0.00,48,12.0,0.00,MPPT Charging,35,35,0,11,8374
2026-08-25T19:00:14Z,0,31.2,0.00,48,12.0,0.00,MPPT Charging,35,35,0,11,8374
2026-08-25T19:00:24Z,0,30.5,0.00,48,12.0,0.00,MPPT Charging,35,35,0,11,8374
2026-08-25T19:00:34Z,0,31.5,0.00,48,12.0,0.00,MPPT Charging,35,35,0,11,8374
2026-08-25T19:00:44Z,0,35.1,0.00,48,12.1,0.00,MPPT Charging,35,35,0,11,8374
2026-08-25T19:00:54Z,0,28.4,0.00,48,12.0,0.00,MPPT Charging,35,35,0,11,8374
2026-08-25T19:01:04Z,0,28.0,0.00,48,12.0,0.00,MPPT Charging,35,35,0,11,8374
2026-08-25T19:01:14Z,0,29.3,0.00,48,12.0,0.00,MPPT Charging,35,35,0,11,8374
2026-08-25T19:01:24Z,0,28.1,0.00,48,12.0,0.00,MPPT Charging,35,35,0,11,8374
2026-08-25T19:01:34Z,0,30.8,0.00,48,12.0,0.00,MPPT Charging,35,35,0,11,8374
2026-08-25T19:01:44Z,0,31.5,0.00,48,12.0,0.00,MPPT Charging,35,35,0,11,8374
2026-08-25T19:01:54Z,0,29.3,0.00,48,12.0,0.00,MPPT Charging,35,35,0,11,8374
2026-08-25T19:02:04Z,0,28.9,0.00,48,12.0,0.00,MPPT Charging,35,35,0,11,8374
2026-08-25T19:02:14Z,0,30.4,0.00,48,12.0,0.00,MPPT Charging,35,35,0,11,8374
2026-08-25T19:02:24Z,0,31.2,0.00,48,12.0,0.00,MPPT Charging,35,35,0,11,8374
2026-08-25T19:02:34Z,0,29.3,0.00,48,12.0,0.00,MPPT Charging,34,35,0,11,8374
2026-08-25T19:02:44Z,0,28.4,0.00,48,12.0,0.00,MPPT Charging,35,35,0,11,8374
2026-08-25T19:02:54Z,0,30.3,0.00,48,12.0,0.00,MPPT Charging,35,35,0,11,8374
2026-08-25T19:03:05Z,0,29.4,0.00,48,12.0,0.00,MPPT Charging,35,35,0,11,8374
2026-08-25T19:03:14Z,0,28.2,0.00,48,12.0,0.00,MPPT Charging,35,35,0,11,8374
2026-08-25T19:03:24Z,0,31.1,0.00,48,12.0,0.00,MPPT Charging,35,35,0,11,8374
2026-08-25T19:03:34Z,0,31.8,0.00,48,12.0,0.00,MPPT Charging,35,35,0,11,8374
2026-08-25T19:03:44Z,0,29.6,0.00,48,12.0,0.00,MPPT Charging,35,35,0,11,8374
2026-08-25T19:03:54Z,0,28.8,0.00,48,12.0,0.00,MPPT Charging,34,35,0,11,8374
2026-08-25T19:04:04Z,0,28.9,0.00,47,12.0,0.00,MPPT Charging,35,35,0,11,8374
2026-08-25T19:04:14Z,0,29.2,0.00,48,12.0,0.00,MPPT Charging,34,35,0,11,8374
2026-08-25T19:04:24Z,0,29.5,0.00,48,12.0,0.00,MPPT Charging,34,35,0,11,8374
2026-08-25T19:04:34Z,0,31.7,0.00,48,12.0,0.00,MPPT Charging,35,35,0,11,8374
2026-08-25T19:04:44Z,0,15.9,0.00,47,12.0,0.00,MPPT Charging,34,35,0,11,8374
2026-08-25T19:04:54Z,0,28.1,0.00,48,12.0,0.00,MPPT Charging,34,35,0,11,8374
2026-08-25T19:05:04Z,0,27.9,0.00,48,12.0,0.00,MPPT Charging,34,35,0,11,8374
2026-08-25T19:05:14Z,0,26.2,0.00,48,12.0,0.00,MPPT Charging,34,35,0,11,8374
2026-08-25T19:05:24Z,0,27.9,0.00,48,12.0,0.00,MPPT Charging,34,35,0,11,8374
2026-08-25T19:05:34Z,0,28.5,0.00,47,12.0,0.00,MPPT Charging,34,35,0,11,8374
2026-08-25T19:05:44Z,0,27.1,0.00,48,12.0,0.00,MPPT Charging,34,35,0,11,8374
2026-08-25T19:05:54Z,0,28.2,0.00,47,12.0,0.00,MPPT Charging,34,35,0,11,8374
2026-08-25T19:06:04Z,0,27.6,0.00,47,12.0,0.00,MPPT Charging,34,35,0,11,8374
2026-08-25T19:06:14Z,0,28.3,0.00,47,12.0,0.00,MPPT Charging,34,35,0,11,8374
2026-08-25T19:06:24Z,0,29.3,0.00,47,12.0,0.00,MPPT Charging,34,35,0,11,8374
2026-08-25T19:06:34Z,0,29.1,0.00,48,12.0,0.00,MPPT Charging,34,35,0,11,8374
2026-08-25T19:06:44Z,0,28.7,0.00,47,12.0,0.00,MPPT Charging,34,35,0,11,8374
2026-08-25T19:06:54Z,0,29.1,0.00,47,12.0,0.00,MPPT Charging,34,35,0,11,8374
2026-08-25T19:07:04Z,0,27.9,0.00,47,12.0,0.00,MPPT Charging,34,35,0,11,8374
2026-08-25T19:07:14Z,0,28.7,0.00,47,12.0,0.00,MPPT Charging,34,35,0,11,8374
2026-08-25T19:07:24Z,0,30.4,0.00,47,12.0,0.00,MPPT Charging,34,35,0,11,8374
2026-08-25T19:07:34Z,0,31.3,0.00,47,12.0,0.00,MPPT Charging,34,35,0,11,8374
2026-08-25T19:07:44Z,0,27.0,0.00,47,12.0,0.00,MPPT Charging,34,35,0,11,8374
2026-08-25T19:07:54Z,0,25.9,0.00,48,12.0,0.00,MPPT Charging,34,35,0,11,8374
2026-08-25T19:08:04Z,0,25.8,0.00,48,12.0,0.00,MPPT Charging,34,35,0,11,8374
2026-08-25T19:08:15Z,0,23.6,0.00,47,12.0,0.00,MPPT Charging,34,35,0,11,8374
2026-08-25T19:08:24Z,0,20.6,0.00,47,12.0,0.00,MPPT Charging,34,35,0,11,8374
2026-08-25T19:08:34Z,0,20.8,0.00,47,12.0,0.00,MPPT Charging,34,35,0,11,8374
2026-08-25T19:08:44Z,0,19.0,0.00,46,12.0,0.00,MPPT Charging,34,35,0,11,8374
2026-08-25T19:08:54Z,0,21.5,0.00,47,12.0,0.00,MPPT Charging,34,35,0,11,8374
2026-08-25T19:09:04Z,0,25.1,0.00,44,12.0,0.00,MPPT Charging,34,35,0,11,8374
2026-08-25T19:09:14Z,0,24.7,0.00,46,12.0,0.00,MPPT Charging,34,35,0,11,8374
2026-08-25T19:09:24Z,0,23.6,0.00,45,12.0,0.00,MPPT Charging,34,35,0,11,8374
2026-08-25T19:09:34Z,0,25.3,0.00,46,12.0,0.00,MPPT Charging,34,35,0,11,8374
2026-08-25T19:09:44Z,0,32.5,0.00,46,12.0,0.00,MPPT Charging,34,35,0,11,8374
2026-08-25T19:09:54Z,0,15.0,0.00,46,12.0,0.00,MPPT Charging,34,35,0,11,8374
2026-08-25T19:10:04Z,0,30.2,0.00,45,12.0,0.00,MPPT Charging,34,35,0,11,8374
2026-08-25T19:10:14Z,0,28.3,0.00,47,12.0,0.00,MPPT Charging,34,35,0,11,8374
2026-08-25T19:10:24Z,0,33.2,0.00,48,12.0,0.00,MPPT Charging,34,35,0,11,8374
2026-08-25T19:10:34Z,0,32.4,0.00,48,12.0,0.00,MPPT Charging,34,35,0,11,8374
2026-08-25T19:10:44Z,0,31.6,0.00,47,12.0,0.00,MPPT Charging,34,35,0,11,8374
2026-08-25T19:10:54Z,0,31.1,0.00,48,12.0,0.00,MPPT Charging,34,35,0,11,8374
2026-08-25T19:11:04Z,0,32.0,0.00,47,12.0,0.00,MPPT Charging,34,35,0,11,8374
2026-08-25T19:11:14Z,0,32.5,0.00,48,12.0,0.00,MPPT Charging,34,35,0,11,8374
2026-08-25T19:11:24Z,0,30.9,0.00,48,12.0,0.00,MPPT Charging,34,35,0,11,8374
2026-08-25T19:11:34Z,0,31.3,0.00,48,12.0,0.00,MPPT Charging,34,35,0,11,8374
2026-08-25T19:11:44Z,0,32.2,0.00,48,12.0,0.00,MPPT Charging,34,35,0,11,8374
2026-08-25T19:11:54Z,0,31.3,0.00,48,12.0,0.00,MPPT Charging,34,35,0,11,8374
2026-08-25T19:12:04Z,0,31.5,0.00,48,12.0,0.00,MPPT Charging,34,35,0,11,8374
2026-08-25T19:12:14Z,0,33.4,0.00,48,12.0,0.00,MPPT Charging,34,35,0,11,8374
2026-08-25T19:12:24Z,0,31.8,0.00,48,12.0,0.00,MPPT Charging,34,35,0,11,8374
2026-08-25T19:12:34Z,0,31.7,0.00,48,12.0,0.00,MPPT Charging,34,35,0,11,8374
2026-08-25T19:12:44Z,0,32.2,0.00,48,12.0,0.00,MPPT Charging,34,35,0,11,8374
2026-08-25T19:12:54Z,0,31.5,0.00,48,12.0,0.00,MPPT Charging,34,35,0,11,8374
2026-08-25T19:13:04Z,0,32.3,0.00,47,12.0,0.00,MPPT Charging,34,35,0,11,8374
2026-08-25T19:13:14Z,0,32.2,0.00,48,12.0,0.00,MPPT Charging,34,35,0,11,8374
2026-08-25T19:13:25Z,0,31.1,0.00,48,12.0,0.00,MPPT Charging,34,35,0,11,8374
2026-08-25T19:13:34Z,0,33.1,0.00,47,12.0,0.00,MPPT Charging,34,35,0,11,8374
2026-08-25T19:13:44Z,0,31.3,0.00,48,12.0,0.00,MPPT Charging,34,35,0,11,8374
2026-08-25T19:13:54Z,0,32.9,0.00,48,12.0,0.00,MPPT Charging,34,35,0,11,8374
2026-08-25T19:14:04Z,0,30.7,0.00,47,12.0,0.00,MPPT Charging,34,35,0,11,8374
2026-08-25T19:14:14Z,0,31.6,0.00,47,12.0,0.00,MPPT Charging,34,35,0,11,8374
2026-08-25T19:14:24Z,0,32.2,0.00,47,12.0,0.00,MPPT Charging,34,35,0,11,8374
2026-08-25T19:14:34Z,0,31.8,0.00,48,12.0,0.00,MPPT Charging,34,35,0,11,8374
2026-08-25T19:14:44Z,0,30.6,0.00,47,12.0,0.00,MPPT Charging,34,35,0,11,8374
2026-08-25T19:14:54Z,0,31.7,0.00,46,12.0,0.00,MPPT Charging,34,35,0,11,8374
2026-08-25T19:15:04Z,0,22.7,0.00,47,12.0,0.00,MPPT Charging,34,35,0,11,8374
2026-08-25T19:15:14Z,0,31.2,0.00,47,12.0,0.00,MPPT Charging,34,35,0,11,8374
2026-08-25T19:15:24Z,0,32.1,0.00,48,12.0,0.00,MPPT Charging,34,35,0,11,8374
2026-08-25T19:15:34Z,0,31.2,0.00,48,12.0,0.00,MPPT Charging,34,35,0,11,8374
2026-08-25T19:15:44Z,0,32.5,0.00,47,12.0,0.00,MPPT Charging,34,35,0,11,8374
2026-08-25T19:15:54Z,0,31.1,0.00,47,12.0,0.00,MPPT Charging,35,35,0,11,8374
2026-08-25T19:16:04Z,0,32.1,0.00,47,12.0,0.00,MPPT Charging,34,35,0,11,8374
2026-08-25T19:16:14Z,0,32.6,0.00,47,12.0,0.00,MPPT Charging,34,35,0,11,8374
2026-08-25T19:16:24Z,0,32.3,0.00,47,12.0,0.00,MPPT Charging,34,35,0,11,8374
2026-08-25T19:16:34Z,0,31.1,0.00,46,12.0,0.00,MPPT Charging,34,35,0,11,8374
2026-08-25T19:16:44Z,0,32.0,0.00,48,12.0,0.00,MPPT Charging,34,35,0,11,8374
2026-08-25T19:16:54Z,0,33.3,0.00,47,12.0,0.00,MPPT Charging,34,35,0,11,8374
2026-08-25T19:17:04Z,0,31.6,0.00,47,12.0,0.00,MPPT Charging,34,35,0,11,8374
2026-08-25T19:17:14Z,0,32.6,0.00,47,12.0,0.00,MPPT Charging,34,35,0,11,8374
2026-08-25T19:17:24Z,0,32.3,0.00,47,12.0,0.00,MPPT Charging,34,35,0,11,8374
2026-08-25T19:17:34Z,0,32.7,0.00,47,12.0,0.00,MPPT Charging,34,35,0,11,8374
2026-08-25T19:17:44Z,0,33.1,0.00,47,12.0,0.00,MPPT Charging,34,35,0,11,8374
2026-08-25T19:17:54Z,0,31.7,0.00,47,12.0,0.00,MPPT Charging,34,35,0,11,8374
2026-08-25T19:18:04Z,0,32.6,0.00,47,12.0,0.00,MPPT Charging,34,35,0,11,8374
2026-08-25T19:18:14Z,0,31.4,0.00,47,12.0,0.00,MPPT Charging,34,35,0,11,8374
2026-08-25T19:18:24Z,0,32.6,0.00,48,12.0,0.00,MPPT Charging,34,35,0,11,8374
2026-08-25T19:18:35Z,0,33.1,0.00,47,12.0,0.00,MPPT Charging,34,35,0,11,8374
2026-08-25T19:18:44Z,0,26.0,0.00,47,12.0,0.00,MPPT Charging,34,35,0,11,8374
2026-08-25T19:18:54Z,0,16.7,0.00,46,12.0,0.00,MPPT Charging,34,35,0,11,8374
2026-08-25T19:19:04Z,0,20.2,0.00,46,12.0,0.00,MPPT Charging,34,35,0,11,8374
2026-08-25T19:19:14Z,0,16.5,0.00,45,12.0,0.00,MPPT Charging,34,35,0,11,8374
2026-08-25T19:19:24Z,0,16.5,0.00,45,12.0,0.00,MPPT Charging,34,35,0,11,8374
2026-08-25T19:19:34Z,0,16.9,0.00,45,12.0,0.00,MPPT Charging,34,35,0,11,8374
2026-08-25T19:19:44Z,0,24.7,0.00,45,12.0,0.00,MPPT Charging,34,35,0,11,8374
2026-08-25T19:19:54Z,0,29.3,0.00,46,12.0,0.00,MPPT Charging,34,35,0,11,8374
2026-08-25T19:20:04Z,0,28.8,0.00,46,12.0,0.00,MPPT Charging,34,35,0,11,8374
2026-08-25T19:20:14Z,0,25.1,0.00,46,12.0,0.00,MPPT Charging,34,35,0,11,8374
2026-08-25T19:20:24Z,0,30.1,0.00,47,12.0,0.00,MPPT Charging,34,35,0,11,8374
2026-08-25T19:20:34Z,0,32.0,0.00,46,12.0,0.00,MPPT Charging,34,35,0,11,8374
2026-08-25T19:20:44Z,0,25.4,0.00,45,12.0,0.00,MPPT Charging,34,35,0,11,8374
2026-08-25T19:20:54Z,0,27.7,0.00,45,12.0,0.00,MPPT Charging,34,35,0,11,8374
2026-08-25T19:21:04Z,0,24.2,0.00,45,12.0,0.00,MPPT Charging,34,35,0,11,8374
2026-08-25T19:21:14Z,0,26.4,0.00,46,12.0,0.00,MPPT Charging,34,35,0,11,8374
2026-08-25T19:21:24Z,0,24.7,0.00,45,12.0,0.00,MPPT Charging,34,35,0,11,8374
2026-08-25T19:21:34Z,0,25.7,0.00,45,12.0,0.00,MPPT Charging,34,35,0,11,8374
2026-08-25T19:21:44Z,0,29.0,0.00,45,12.0,0.00,MPPT Charging,34,35,0,11,8374
2026-08-25T19:21:54Z,0,26.6,0.00,45,12.0,0.00,MPPT Charging,34,35,0,11,8374
2026-08-25T19:22:04Z,0,26.1,0.00,46,12.0,0.00,MPPT Charging,34,35,0,11,8374
2026-08-25T19:22:14Z,0,24.9,0.00,45,12.0,0.00,MPPT Charging,34,35,0,11,8374
2026-08-25T19:22:24Z,0,27.6,0.00,46,12.0,0.00,MPPT Charging,34,35,0,11,8374
2026-08-25T19:22:34Z,0,28.6,0.00,45,12.0,0.00,MPPT Charging,34,35,0,11,8374
2026-08-25T19:22:44Z,0,28.6,0.00,45,12.0,0.00,MPPT Charging,34,35,0,11,8374
2026-08-25T19:22:54Z,0,28.2,0.00,45,12.0,0.00,MPPT Charging,34,35,0,11,8374
2026-08-25T19:23:04Z,0,29.0,0.00,46,12.0,0.00,MPPT Charging,34,35,0,11,8374
2026-08-25T19:23:14Z,0,28.5,0.00,45,12.0,0.00,MPPT Charging,34,35,0,11,8374
2026-08-25T19:23:24Z,0,28.8,0.00,45,12.0,0.00,MPPT Charging,34,35,0,11,8374
2026-08-25T19:23:34Z,0,28.4,0.00,45,12.0,0.00,MPPT Charging,34,35,0,11,8374
2026-08-25T19:23:45Z,0,28.1,0.00,45,12.0,0.00,MPPT Charging,34,35,0,11,8374
2026-08-25T19:23:54Z,0,32.9,0.00,46,12.0,0.00,MPPT Charging,34,35,0,11,8374
2026-08-25T19:24:04Z,0,32.3,0.00,47,12.0,0.00,MPPT Charging,34,35,0,11,8374
2026-08-25T19:24:14Z,0,32.3,0.00,47,12.0,0.00,MPPT Charging,34,35,0,11,8374
2026-08-25T19:24:24Z,0,32.5,0.00,47,12.0,0.00,MPPT Charging,34,35,0,11,8374
2026-08-25T19:24:34Z,0,30.8,0.00,47,12.0,0.00,MPPT Charging,34,35,0,11,8374
2026-08-25T19:24:44Z,0,32.1,0.00,47,12.0,0.00,MPPT Charging,34,35,0,11,8374
2026-08-25T19:24:54Z,0,32.8,0.00,46,12.0,0.00,MPPT Charging,34,35,0,11,8374
2026-08-25T19:25:04Z,0,31.5,0.00,47,12.0,0.00,MPPT Charging,34,35,0,11,8374
2026-08-25T19:25:14Z,0,34.0,0.00,47,12.0,0.00,MPPT Charging,34,35,0,11,8374
2026-08-25T19:25:24Z,0,32.6,0.00,46,12.0,0.00,MPPT Charging,34,35,0,11,8374
2026-08-25T19:25:34Z,0,31.5,0.00,47,12.0,0.00,MPPT Charging,34,35,0,11,8374
2026-08-25T19:25:44Z,0,32.1,0.00,49,12.0,0.00,MPPT Charging,34,35,0,11,8374
2026-08-25T19:25:54Z,0,32.5,0.00,47,12.0,0.00,MPPT Charging,34,35,0,11,8374
2026-08-25T19:26:04Z,0,32.0,0.00,47,12.0,0.00,MPPT Charging,34,35,0,11,8374
2026-08-25T19:26:14Z,0,32.8,0.00,48,12.0,0.00,MPPT Charging,34,35,0,11,8374
2026-08-25T19:26:24Z,0,31.4,0.00,43,12.0,0.00,MPPT Charging,34,35,0,11,8374
2026-08-25T19:26:34Z,0,31.6,0.00,47,12.0,0.00,MPPT Charging,34,35,0,11,8374
2026-08-25T19:26:44Z,0,33.6,0.00,47,12.0,0.00,MPPT Charging,34,35,0,11,8374
2026-08-25T19:26:54Z,0,33.3,0.00,47,12.0,0.00,MPPT Charging,34,35,0,11,8374
2026-08-25T19:27:04Z,0,28.1,0.00,46,12.0,0.00,MPPT Charging,34,35,0,11,8374
2026-08-25T19:27:14Z,0,30.2,0.00,46,12.0,0.00,MPPT Charging,34,35,0,11,8374
2026-08-25T19:27:24Z,0,30.7,0.00,47,12.0,0.00,MPPT Charging,34,35,0,11,8374
2026-08-25T19:27:34Z,0,23.9,0.00,45,12.0,0.00,MPPT Charging,34,35,0,11,8374
2026-08-25T19:27:44Z,0,21.0,0.00,46,12.0,0.00,MPPT Charging,34,35,0,11,8374
2026-08-25T19:27:54Z,0,20.5,0.00,45,12.0,0.00,MPPT Charging,34,35,0,11,8374
2026-08-25T19:28:04Z,0,23.2,0.00,45,12.0,0.00,MPPT Charging,34,35,0,11,8374
2026-08-25T19:28:14Z,0,26.6,0.00,46,12.0,0.00,MPPT Charging,34,35,0,11,8374
2026-08-25T19:28:24Z,0,33.5,0.00,46,12.0,0.00,MPPT Charging,34,35,0,11,8374
2026-08-25T19:28:34Z,0,35.4,0.00,46,12.0,0.00,MPPT Charging,34,35,0,11,8374
2026-08-25T19:28:44Z,0,28.4,0.00,46,12.0,0.00,MPPT Charging,34,35,0,11,8374
2026-08-25T19:28:55Z,0,25.2,0.00,45,12.0,0.00,MPPT Charging,34,35,0,11,8374
2026-08-25T19:29:04Z,0,24.6,0.00,46,12.0,0.00,MPPT Charging,34,35,0,11,8374
2026-08-25T19:29:14Z,0,26.4,0.00,46,12.0,0.00,MPPT Charging,34,35,0,11,8374
2026-08-25T19:29:24Z,0,29.9,0.00,46,12.0,0.00,MPPT Charging,34,35,0,11,8374
2026-08-25T19:29:34Z,0,30.2,0.00,46,12.0,0.00,MPPT Charging,34,35,0,11,8374
2026-08-25T19:29:44Z,0,29.7,0.00,46,12.0,0.00,MPPT Charging,34,35,0,11,8374
2026-08-25T19:29:54Z,0,30.0,0.00,46,12.0,0.00,MPPT Charging,34,35,0,11,8374
2026-08-25T19:30:04Z,0,30.5,0.00,46,12.0,0.00,MPPT Charging,34,35,0,11,8374
2026-08-25T19:30:14Z,0,30.6,0.00,46,12.0,0.00,MPPT Charging,34,35,0,11,8374
2026-08-25T19:30:24Z,0,33.3,0.00,46,12.0,0.00,MPPT Charging,34,35,0,11,8374
2026-08-25T19:30:34Z,0,30.6,0.00,46,12.0,0.00,MPPT Charging,34,35,0,11,8374
2026-08-25T19:30:44Z,0,29.7,0.00,46,12.0,0.00,MPPT Charging,34,35,0,11,8374
2026-08-25T19:30:54Z,0,30.0,0.00,45,12.0,0.00,MPPT Charging,34,35,0,11,8374
2026-08-25T19:31:04Z,0,31.5,0.00,46,12.0,0.00,MPPT Charging,34,35,0,11,8374
2026-08-25T19:31:14Z,0,31.2,0.00,46,12.0,0.00,MPPT Charging,34,35,0,11,8374
2026-08-25T19:31:24Z,0,30.2,0.00,46,12.0,0.00,MPPT Charging,34,35,0,11,8374
2026-08-25T19:31:34Z,0,31.4,0.00,46,12.0,0.00,MPPT Charging,34,35,0,11,8374
2026-08-25T19:31:44Z,0,31.3,0.00,46,12.0,0.00,MPPT Charging,34,35,0,11,8374
2026-08-25T19:31:54Z,0,31.2,0.00,45,12.0,0.00,MPPT Charging,34,35,0,11,8374
2026-08-25T19:32:04Z,0,30.3,0.00,46,12.0,0.00,MPPT Charging,34,35,0,11,8374
2026-08-25T19:32:14Z,0,30.0,0.00,46,12.0,0.00,MPPT Charging,34,35,0,11,8374
2026-08-25T19:32:24Z,0,30.4,0.00,46,12.0,0.00,MPPT Charging,34,35,0,11,8374
2026-08-25T19:32:34Z,0,31.2,0.00,45,12.0,0.00,MPPT Charging,34,35,0,11,8374
2026-08-25T19:32:44Z,0,29.7,0.00,45,12.0,0.00,MPPT Charging,34,35,0,11,8374
2026-08-25T19:32:54Z,0,31.1,0.00,45,12.0,0.00,MPPT Charging,34,35,0,11,8374
2026-08-25T19:33:04Z,0,31.1,0.00,45,12.0,0.00,MPPT Charging,34,35,0,11,8374
2026-08-25T19:33:14Z,0,30.3,0.00,46,12.0,0.00,MPPT Charging,34,35,0,11,8374
2026-08-25T19:33:24Z,0,30.4,0.00,46,12.0,0.00,MPPT Charging,34,35,0,11,8374
2026-08-25T19:33:34Z,0,31.3,0.00,45,12.0,0.00,MPPT Charging,34,35,0,11,8374
2026-08-25T19:33:44Z,0,29.9,0.00,46,12.0,0.00,MPPT Charging,34,35,0,11,8374
2026-08-25T19:33:54Z,0,31.6,0.00,45,12.0,0.00,MPPT Charging,34,35,0,11,8374
2026-08-25T19:34:05Z,0,30.8,0.00,45,12.0,0.00,MPPT Charging,34,35,0,11,8374
2026-08-25T19:34:14Z,0,30.4,0.00,45,12.0,0.00,MPPT Charging,34,35,0,11,8374
2026-08-25T19:34:24Z,0,30.2,0.00,45,12.0,0.00,MPPT Charging,34,35,0,11,8374
2026-08-25T19:34:34Z,0,31.2,0.00,45,12.0,0.00,MPPT Charging,34,35,0,11,8374
2026-08-25T19:34:44Z,0,28.7,0.00,45,12.0,0.00,MPPT Charging,34,35,0,11,8374
2026-08-25T19:34:54Z,0,30.1,0.00,46,12.0,0.00,MPPT Charging,34,35,0,11,8374
2026-08-25T19:35:04Z,0,31.1,0.00,45,12.0,0.00,MPPT Charging,34,35,0,11,8374
2026-08-25T19:35:14Z,0,30.3,0.00,45,12.0,0.00,MPPT Charging,34,35,0,11,8374
2026-08-25T19:35:24Z,0,29.7,0.00,46,12.0,0.00,MPPT Charging,34,35,0,11,8374
2026-08-25T19:35:34Z,0,30.8,0.00,45,12.0,0.00,MPPT Charging,34,35,0,11,8374
2026-08-25T19:35:44Z,0,30.9,0.00,45,12.0,0.00,MPPT Charging,34,35,0,11,8374
2026-08-25T19:35:54Z,0,28.3,0.00,45,12.0,0.00,MPPT Charging,34,35,0,11,8374
2026-08-25T19:36:04Z,0,30.7,0.00,45,12.0,0.00,MPPT Charging,34,35,0,11,8374
2026-08-25T19:36:14Z,0,29.7,0.00,47,12.0,0.00,MPPT Charging,34,35,0,11,8374
2026-08-25T19:36:24Z,0,30.5,0.00,45,12.0,0.00,MPPT Charging,34,35,0,11,8374
2026-08-25T19:36:34Z,0,31.4,0.00,45,12.0,0.00,MPPT Charging,34,35,0,11,8374
2026-08-25T19:36:44Z,0,31.0,0.00,46,12.0,0.00,MPPT Charging,34,35,0,11,8374
2026-08-25T19:36:54Z,0,31.1,0.00,45,12.0,0.00,MPPT Charging,34,35,0,11,8374
2026-08-25T19:37:04Z,0,29.4,0.00,45,12.0,0.00,MPPT Charging,34,35,0,11,8374
2026-08-25T19:37:14Z,0,31.0,0.00,45,12.0,0.00,MPPT Charging,34,35,0,11,8374
2026-08-25T19:37:24Z,0,30.0,0.00,45,12.0,0.00,MPPT Charging,34,35,0,11,8374
2026-08-25T19:37:34Z,0,32.8,0.00,45,12.0,0.00,MPPT Charging,34,35,0,11,8374
2026-08-25T19:37:44Z,0,29.6,0.00,45,12.0,0.00,MPPT Charging,34,35,0,11,8374
2026-08-25T19:37:54Z,0,30.9,0.00,45,12.0,0.00,MPPT Charging,34,35,0,11,8374
2026-08-25T19:38:04Z,0,31.4,0.00,45,12.0,0.00,MPPT Charging,34,35,0,11,8374
2026-08-25T19:38:14Z,0,30.6,0.00,46,12.0,0.00,MPPT Charging,34,35,0,11,8374
2026-08-25T19:38:24Z,0,31.6,0.00,46,12.0,0.00,MPPT Charging,34,35,0,11,8374
2026-08-25T19:38:34Z,0,30.7,0.00,45,12.0,0.00,MPPT Charging,34,35,0,11,8374
2026-08-25T19:38:44Z,0,31.7,0.00,46,12.0,0.00,MPPT Charging,34,35,0,11,8374
2026-08-25T19:38:54Z,0,32.8,0.00,44,12.0,0.00,MPPT Charging,34,35,0,11,8374
2026-08-25T19:39:04Z,0,30.9,0.00,45,12.0,0.00,MPPT Charging,34,35,0,11,8374
2026-08-25T19:39:15Z,0,32.8,0.00,45,12.0,0.00,MPPT Charging,34,35,0,11,8374
2026-08-25T19:39:24Z,0,31.6,0.00,46,12.0,0.00,MPPT Charging,34,35,0,11,8374
2026-08-25T19:39:34Z,0,31.1,0.00,46,12.0,0.00,MPPT Charging,34,35,0,11,8374
2026-08-25T19:39:44Z,0,33.4,0.00,46,12.0,0.00,MPPT Charging,34,35,0,11,8374
2026-08-25T19:39:54Z,0,33.2,0.00,44,12.0,0.00,MPPT Charging,34,35,0,11,8374
2026-08-25T19:40:04Z,0,31.5,0.00,46,12.0,0.00,MPPT Charging,34,35,0,11,8374
2026-08-25T19:40:14Z,0,32.4,0.00,45,12.0,0.00,MPPT Charging,34,35,0,11,8374
2026-08-25T19:40:24Z,0,32.9,0.00,45,12.0,0.00,MPPT Charging,34,35,0,11,8374
2026-08-25T19:40:34Z,0,32.9,0.00,46,12.0,0.00,MPPT Charging,34,35,0,11,8374
2026-08-25T19:40:44Z,0,29.3,0.00,46,12.0,0.00,MPPT Charging,34,35,0,11,8374
2026-08-25T19:40:54Z,0,32.4,0.00,46,12.0,0.00,MPPT Charging,34,35,0,11,8374
2026-08-25T19:41:04Z,0,33.7,0.00,47,12.0,0.00,MPPT Charging,34,35,0,11,8374
2026-08-25T19:41:14Z,0,33.1,0.00,46,12.0,0.00,MPPT Charging,34,35,0,11,8374
2026-08-25T19:41:24Z,0,33.2,0.00,46,12.0,0.00,MPPT Charging,34,35,0,11,8374
2026-08-25T19:41:34Z,0,32.4,0.00,45,12.0,0.00,MPPT Charging,34,35,0,11,8374
2026-08-25T19:41:44Z,0,32.6,0.00,46,12.0,0.00,MPPT Charging,34,35,0,11,8374
2026-08-25T19:41:54Z,0,31.9,0.00,46,12.0,0.00,MPPT Charging,34,35,0,11,8374
2026-08-25T19:42:04Z,0,33.5,0.00,47,12.0,0.00,MPPT Charging,34,35,0,11,8374
2026-08-25T19:42:14Z,0,32.5,0.00,45,12.0,0.00,MPPT Charging,34,35,0,11,8374
2026-08-25T19:42:24Z,0,31.6,0.00,46,12.0,0.00,MPPT Charging,34,35,0,11,8374
2026-08-25T19:42:34Z,0,33.2,0.00,45,12.0,0.00,MPPT Charging,34,35,0,11,8374
2026-08-25T19:42:44Z,0,32.3,0.00,46,12.0,0.00,MPPT Charging,34,35,0,11,8374
2026-08-25T19:42:54Z,0,32.0,0.00,45,12.0,0.00,MPPT Charging,34,35,0,11,8374
2026-08-25T19:43:04Z,0,32.5,0.00,46,12.0,0.00,MPPT Charging,34,35,0,11,8374
2026-08-25T19:43:14Z,0,31.5,0.00,46,12.0,0.00,MPPT Charging,34,35,0,11,8374
2026-08-25T19:43:24Z,0,31.8,0.00,46,12.0,0.00,MPPT Charging,34,35,0,11,8374
2026-08-25T19:43:34Z,0,31.8,0.00,46,12.0,0.00,MPPT Charging,34,35,0,11,8374
2026-08-25T19:43:44Z,0,32.3,0.00,46,12.0,0.00,MPPT Charging,34,35,0,11,8374
2026-08-25T19:43:54Z,0,31.8,0.00,46,12.0,0.00,MPPT Charging,34,35,0,11,8374
2026-08-25T19:44:04Z,0,32.6,0.00,46,12.0,0.00,MPPT Charging,34,35,0,11,8374
2026-08-25T19:44:14Z,0,33.5,0.00,45,12.0,0.00,MPPT Charging,34,35,0,11,8374
2026-08-25T19:44:25Z,0,32.0,0.00,46,12.0,0.00,MPPT Charging,34,35,0,11,8374
2026-08-25T19:44:34Z,0,31.2,0.00,46,12.0,0.00,MPPT Charging,34,35,0,11,8374
2026-08-25T19:44:44Z,0,31.5,0.00,45,12.0,0.00,MPPT Charging,34,35,0,11,8374
2026-08-25T19:44:54Z,0,31.0,0.00,45,12.0,0.00,MPPT Charging,34,35,0,11,8374
2026-08-25T19:45:04Z,0,32.2,0.00,46,12.0,0.00,MPPT Charging,34,35,0,11,8374
2026-08-25T19:45:14Z,0,30.6,0.00,46,12.0,0.00,MPPT Charging,34,35,0,11,8374
2026-08-25T19:45:24Z,0,32.1,0.00,45,12.0,0.00,MPPT Charging,34,35,0,11,8374
2026-08-25T19:45:34Z,0,31.8,0.00,45,12.0,0.00,MPPT Charging,34,35,0,11,8374
2026-08-25T19:45:44Z,0,31.6,0.00,45,12.0,0.00,MPPT Charging,34,35,0,11,8374
2026-08-25T19:45:54Z,0,18.6,0.00,45,12.0,0.00,MPPT Charging,34,35,0,11,8374
2026-08-25T19:46:04Z,0,30.6,0.00,45,12.0,0.00,MPPT Charging,34,35,0,11,8374
2026-08-25T19:46:14Z,0,31.3,0.00,46,12.0,0.00,MPPT Charging,34,35,0,11,8374
2026-08-25T19:46:24Z,0,32.1,0.00,45,12.0,0.00,MPPT Charging,34,35,0,11,8374
2026-08-25T19:46:34Z,0,30.9,0.00,45,12.0,0.00,MPPT Charging,34,35,0,11,8374
2026-08-25T19:46:44Z,0,29.6,0.00,45,12.0,0.00,MPPT Charging,34,35,0,11,8374
2026-08-25T19:46:54Z,0,31.3,0.00,45,12.0,0.00,MPPT Charging,34,35,0,11,8374
2026-08-25T19:47:04Z,0,30.7,0.00,46,12.0,0.00,MPPT Charging,34,35,0,11,8374
2026-08-25T19:47:14Z,0,31.1,0.00,45,12.0,0.00,MPPT Charging,34,35,0,11,8374
2026-08-25T19:47:24Z,0,31.1,0.00,45,12.0,0.00,MPPT Charging,34,35,0,11,8374
2026-08-25T19:47:34Z,0,31.5,0.00,45,12.0,0.00,MPPT Charging,34,35,0,11,8374
2026-08-25T19:47:44Z,0,30.0,0.00,45,12.0,0.00,MPPT Charging,34,35,0,11,8374
2026-08-25T19:47:54Z,0,29.6,0.00,45,12.0,0.00,MPPT Charging,34,35,0,11,8374
2026-08-25T19:48:04Z,0,29.1,0.00,46,12.0,0.00,MPPT Charging,34,35,0,11,8374
2026-08-25T19:48:14Z,0,30.0,0.00,45,12.0,0.00,MPPT Charging,34,35,0,11,8374
2026-08-25T19:48:24Z,0,30.4,0.00,45,12.0,0.00,MPPT Charging,34,35,0,11,8374
2026-08-25T19:48:34Z,0,30.5,0.00,45,12.0,0.00,MPPT Charging,34,35,0,11,8374
2026-08-25T19:48:44Z,0,30.4,0.00,45,12.0,0.00,MPPT Charging,34,35,0,11,8374
2026-08-25T19:48:54Z,0,31.0,0.00,48,12.0,0.00,MPPT Charging,34,35,0,11,8374
2026-08-25T19:49:04Z,0,30.6,0.00,45,12.0,0.00,MPPT Charging,34,35,0,11,8374
2026-08-25T19:49:14Z,0,29.7,0.00,45,12.0,0.00,MPPT Charging,34,35,0,11,8374
2026-08-25T19:49:24Z,0,31.2,0.00,45,12.0,0.00,MPPT Charging,34,35,0,11,8374
2026-08-25T19:49:35Z,0,32.4,0.00,45,12.0,0.00,MPPT Charging,34,35,0,11,8374
2026-08-25T19:49:44Z,0,30.5,0.00,45,12.0,0.00,MPPT Charging,34,35,0,11,8374
2026-08-25T19:49:54Z,0,31.9,0.00,45,12.0,0.00,MPPT Charging,34,35,0,11,8374
2026-08-25T19:50:04Z,0,29.6,0.00,45,12.0,0.00,MPPT Charging,34,35,0,11,8374
2026-08-25T19:50:14Z,0,28.4,0.00,45,12.0,0.00,MPPT Charging,34,35,0,11,8374
2026-08-25T19:50:24Z,0,30.2,0.00,45,12.0,0.00,MPPT Charging,34,35,0,11,8374
2026-08-25T19:50:34Z,0,30.0,0.00,45,12.0,0.00,MPPT Charging,34,35,0,11,8374
2026-08-25T19:50:44Z,0,30.4,0.00,45,12.0,0.00,MPPT Charging,34,35,0,11,8374
2026-08-25T19:50:54Z,0,31.4,0.00,45,12.0,0.00,MPPT Charging,34,35,0,11,8374
2026-08-25T19:51:04Z,0,14.6,0.00,45,12.0,0.00,MPPT Charging,34,35,0,11,8374
2026-08-25T19:51:14Z,0,32.2,0.00,45,12.0,0.00,MPPT Charging,34,35,0,11,8374
2026-08-25T19:51:24Z,0,30.3,0.00,45,12.0,0.00,MPPT Charging,34,35,0,11,8374
2026-08-25T19:51:34Z,0,29.2,0.00,45,12.0,0.00,MPPT Charging,34,35,0,11,8374
2026-08-25T19:51:44Z,0,30.1,0.00,45,12.0,0.00,MPPT Charging,34,35,0,11,8374
2026-08-25T19:51:54Z,0,29.7,0.00,45,12.0,0.00,MPPT Charging,34,35,0,11,8374
2026-08-25T19:52:04Z,0,30.6,0.00,45,12.0,0.00,MPPT Charging,34,35,0,11,8374
2026-08-25T19:52:14Z,0,31.2,0.00,45,12.0,0.00,MPPT Charging,34,35,0,11,8374
2026-08-25T19:52:24Z,0,31.3,0.00,45,12.0,0.00,MPPT Charging,34,35,0,11,8374
2026-08-25T19:52:34Z,0,32.1,0.00,45,12.0,0.00,MPPT Charging,34,35,0,11,8374
2026-08-25T19:52:44Z,0,32.4,0.00,45,12.0,0.00,MPPT Charging,34,35,0,11,8374
2026-08-25T19:52:54Z,0,30.5,0.00,45,12.0,0.00,MPPT Charging,34,35,0,11,8374
2026-08-25T19:53:04Z,0,30.9,0.00,45,12.0,0.00,MPPT Charging,34,35,0,11,8374
2026-08-25T19:53:14Z,0,32.9,0.00,45,12.0,0.00,MPPT Charging,34,35,0,11,8374
2026-08-25T19:53:24Z,0,33.7,0.00,45,12.0,0.00,MPPT Charging,34,35,0,11,8374
2026-08-25T19:53:34Z,0,32.6,0.00,45,12.0,0.00,MPPT Charging,34,35,0,11,8374
2026-08-25T19:53:44Z,0,31.8,0.00,45,12.0,0.00,MPPT Charging,34,35,0,11,8374
2026-08-25T19:53:54Z,0,32.8,0.00,45,12.0,0.00,MPPT Charging,34,35,0,11,8374
2026-08-25T19:54:04Z,0,31.6,0.00,45,12.0,0.00,MPPT Charging,34,35,0,11,8374
2026-08-25T19:54:14Z,0,31.8,0.00,45,12.0,0.00,MPPT Charging,34,35,0,11,8374
2026-08-25T19:54:24Z,0,33.4,0.00,45,12.0,0.00,MPPT Charging,34,35,0,11,8374
2026-08-25T19:54:34Z,0,32.1,0.00,45,12.0,0.00,MPPT Charging,34,35,0,11,8374
2026-08-25T19:54:45Z,0,31.8,0.00,45,12.0,0.00,MPPT Charging,34,35,0,11,8374
2026-08-25T19:54:54Z,0,33.0,0.00,45,12.0,0.00,MPPT Charging,34,35,0,11,8374
2026-08-25T19:55:04Z,0,31.4,0.00,46,12.0,0.00,MPPT Charging,34,35,0,11,8374
2026-08-25T19:55:14Z,0,31.6,0.00,45,12.0,0.00,MPPT Charging,34,35,0,11,8374
2026-08-25T19:55:24Z,0,30.6,0.00,45,12.0,0.00,MPPT Charging,34,35,0,11,8374
2026-08-25T19:55:34Z,0,32.8,0.00,45,12.0,0.00,MPPT Charging,34,35,0,11,8374
2026-08-25T19:55:44Z,0,32.7,0.00,45,12.0,0.00,MPPT Charging,34,35,0,11,8374
2026-08-25T19:55:54Z,0,32.3,0.00,45,12.0,0.00,MPPT Charging,34,35,0,11,8374
2026-08-25T19:56:04Z,0,31.9,0.00,45,12.0,0.00,MPPT Charging,34,35,0,11,8374
2026-08-25T19:56:14Z,0,20.2,0.00,45,12.0,0.00,MPPT Charging,34,35,0,11,8374
2026-08-25T19:56:24Z,0,31.9,0.00,47,12.0,0.00,MPPT Charging,34,35,0,11,8374
2026-08-25T19:56:34Z,0,33.0,0.00,45,12.0,0.00,MPPT Charging,34,35,0,11,8374
2026-08-25T19:56:44Z,0,31.6,0.00,45,12.0,0.00,MPPT Charging,34,35,0,11,8374
2026-08-25T19:56:54Z,0,32.1,0.00,45,12.0,0.00,MPPT Charging,34,35,0,11,8374
2026-08-25T19:57:04Z,0,32.7,0.00,46,12.0,0.00,MPPT Charging,34,35,0,11,8374
2026-08-25T19:57:14Z,0,33.5,0.00,45,12.0,0.00,MPPT Charging,34,35,0,11,8374
2026-08-25T19:57:24Z,0,33.3,0.00,45,12.0,0.00,MPPT Charging,34,35,0,11,8374
2026-08-25T19:57:34Z,0,33.6,0.00,45,12.0,0.00,MPPT Charging,34,35,0,11,8374
2026-08-25T19:57:44Z,0,33.2,0.00,45,12.0,0.00,MPPT Charging,34,35,0,11,8374
2026-08-25T19:57:54Z,0,33.3,0.00,45,12.0,0.00,MPPT Charging,34,35,0,11,8374
2026-08-25T19:58:04Z,0,33.1,0.00,45,12.0,0.00,MPPT Charging,34,35,0,11,8374
2026-08-25T19:58:14Z,0,31.1,0.00,45,12.0,0.00,MPPT Charging,34,35,0,11,8374
2026-08-25T19:58:24Z,0,33.3,0.00,46,12.0,0.00,MPPT Charging,34,35,0,11,8374
2026-08-25T19:58:34Z,0,32.1,0.00,45,12.0,0.00,MPPT Charging,35,35,0,11,8374
2026-08-25T19:58:44Z,0,30.5,0.00,46,12.0,0.00,MPPT Charging,34,35,0,11,8374
2026-08-25T19:58:54Z,0,30.8,0.00,45,12.0,0.00,MPPT Charging,34,35,0,11,8374
2026-08-25T19:59:04Z,0,33.9,0.00,45,12.0,0.00,MPPT Charging,34,35,0,11,8374
2026-08-25T19:59:14Z,0,33.7,0.00,45,12.0,0.00,MPPT Charging,35,35,0,11,8374
2026-08-25T19:59:24Z,0,32.3,0.00,45,12.0,0.00,MPPT Charging,34,35,0,11,8374
2026-08-25T19:59:34Z,0,33.6,0.00,45,12.0,0.00,MPPT Charging,34,35,0,11,8374
2026-08-25T19:59:44Z,0,31.5,0.00,45,12.0,0.00,MPPT Charging,34,35,0,11,8374
2026-08-25T19:59:55Z,0,31.8,0.00,45,12.0,0.00,MPPT Charging,34,35,0,11,8374
2026-08-25T20:00:04Z,0,31.0,0.00,45,12.0,0.00,MPPT Charging,34,35,0,11,8374
2026-08-25T20:00:14Z,0,32.3,0.00,45,12.0,0.00,MPPT Charging,34,35,0,11,8374
2026-08-25T20:00:24Z,0,30.7,0.00,45,12.0,0.00,MPPT Charging,34,35,0,11,8374
2026-08-25T20:00:34Z,0,30.3,0.00,45,12.0,0.00,MPPT Charging,34,35,0,11,8374
2026-08-25T20:00:44Z,0,31.3,0.00,45,12.0,0.00,MPPT Charging,34,35,0,11,8374
2026-08-25T20:00:54Z,0,32.3,0.00,45,12.0,0.00,MPPT Charging,34,35,0,11,8374
2026-08-25T20:01:04Z,0,30.2,0.00,45,12.0,0.00,MPPT Charging,34,35,0,11,8374
2026-08-25T20:01:14Z,0,32.6,0.00,45,12.0,0.00,MPPT Charging,34,35,0,11,8374
2026-08-25T20:01:24Z,0,28.1,0.00,45,12.0,0.00,MPPT Charging,34,35,0,11,8374
2026-08-25T20:01:34Z,0,32.7,0.00,45,12.0,0.00,MPPT Charging,34,35,0,11,8374
2026-08-25T20:01:44Z,0,34.2,0.00,45,12.0,0.00,MPPT Charging,34,35,0,11,8374
2026-08-25T20:01:54Z,0,32.6,0.00,45,12.0,0.00,MPPT Charging,34,35,0,11,8374
2026-08-25T20:02:04Z,0,33.4,0.00,45,12.0,0.00,MPPT Charging,35,35,0,11,8374
2026-08-25T20:02:14Z,0,29.8,0.00,45,12.0,0.00,MPPT Charging,34,35,0,11,8374
2026-08-25T20:02:24Z,0,29.4,0.00,45,12.0,0.00,MPPT Charging,34,35,0,11,8374
2026-08-25T20:02:34Z,0,29.9,0.00,45,12.0,0.00,MPPT Charging,34,35,0,11,8374
2026-08-25T20:02:44Z,0,30.6,0.00,48,12.0,0.00,MPPT Charging,34,35,0,11,8374
2026-08-25T20:02:54Z,0,30.8,0.00,45,12.0,0.00,MPPT Charging,34,35,0,11,8374
2026-08-25T20:03:04Z,0,31.0,0.00,45,12.0,0.00,MPPT Charging,34,35,0,11,8374
2026-08-25T20:03:14Z,0,30.9,0.00,45,12.0,0.00,MPPT Charging,34,35,0,11,8374
2026-08-25T20:03:24Z,0,31.8,0.00,45,12.0,0.00,MPPT Charging,35,35,0,11,8374
2026-08-25T20:03:34Z,0,31.1,0.00,45,12.0,0.00,MPPT Charging,34,35,0,11,8374
2026-08-25T20:03:44Z,0,31.3,0.00,45,12.0,0.00,MPPT Charging,34,35,0,11,8374
2026-08-25T20:03:54Z,0,30.9,0.00,45,12.0,0.00,MPPT Charging,35,35,0,11,8374
2026-08-25T20:04:04Z,0,30.0,0.00,45,12.0,0.00,MPPT Charging,34,35,0,11,8374
2026-08-25T20:04:14Z,0,29.4,0.00,45,12.0,0.00,MPPT Charging,34,35,0,11,8374
2026-08-25T20:04:24Z,0,29.8,0.00,45,12.0,0.00,MPPT Charging,34,35,0,11,8374
2026-08-25T20:04:34Z,0,29.8,0.00,45,12.0,0.00,MPPT Charging,34,35,0,11,8374
2026-08-25T20:04:44Z,0,29.5,0.00,45,12.0,0.00,MPPT Charging,34,35,0,11,8374
2026-08-25T20:04:54Z,0,30.4,0.00,45,12.0,0.00,MPPT Charging,34,35,0,11,8374
2026-08-25T20:05:05Z,0,29.0,0.00,45,12.0,0.00,MPPT Charging,34,35,0,11,8374
2026-08-25T20:05:14Z,0,32.5,0.00,45,12.0,0.00,MPPT Charging,34,35,0,11,8374
2026-08-25T20:05:24Z,0,32.4,0.00,45,12.0,0.00,MPPT Charging,34,35,0,11,8374
2026-08-25T20:05:34Z,0,30.0,0.00,45,12.0,0.00,MPPT Charging,34,35,0,11,8374
2026-08-25T20:05:44Z,0,28.5,0.00,45,12.0,0.00,MPPT Charging,34,35,0,11,8374
2026-08-25T20:05:54Z,0,33.3,0.00,45,12.0,0.00,MPPT Charging,34,35,0,11,8374
2026-08-25T20:06:04Z,0,33.1,0.00,45,12.0,0.00,MPPT Charging,34,35,0,11,8374
2026-08-25T20:06:14Z,0,29.9,0.00,45,12.0,0.00,MPPT Charging,34,35,0,11,8374
2026-08-25T20:06:24Z,0,32.4,0.00,45,12.0,0.00,MPPT Charging,34,35,0,11,8374
2026-08-25T20:06:34Z,0,32.7,0.00,45,12.0,0.00,MPPT Charging,34,35,0,11,8374
2026-08-25T20:06:44Z,0,31.5,0.00,45,12.0,0.00,MPPT Charging,34,35,0,11,8374
2026-08-25T20:06:54Z,0,29.2,0.00,45,12.0,0.00,MPPT Charging,34,35,0,11,8374
2026-08-25T20:07:04Z,0,25.6,0.00,45,12.0,0.00,MPPT Charging,34,35,0,11,8374
2026-08-25T20:07:14Z,0,26.3,0.00,45,12.0,0.00,MPPT Charging,34,35,0,11,8374
2026-08-25T20:07:24Z,0,27.6,0.00,45,12.0,0.00,MPPT Charging,34,35,0,11,8374
2026-08-25T20:07:34Z,0,28.3,0.00,45,12.0,0.00,MPPT Charging,34,35,0,11,8374
2026-08-25T20:07:44Z,0,31.3,0.00,45,12.0,0.00,MPPT Charging,34,35,0,11,8374
2026-08-25T20:07:54Z,0,32.0,0.00,45,12.0,0.00,MPPT Charging,34,35,0,11,8374
2026-08-25T20:08:04Z,0,31.8,0.00,45,12.0,0.00,MPPT Charging,34,35,0,11,8374
2026-08-25T20:08:14Z,0,29.8,0.00,45,12.0,0.00,MPPT Charging,34,35,0,11,8374
2026-08-25T20:08:24Z,0,30.6,0.00,45,12.0,0.00,MPPT Charging,34,35,0,11,8374
2026-08-25T20:08:34Z,0,31.8,0.00,45,12.0,0.00,MPPT Charging,34,35,0,11,8374
2026-08-25T20:08:44Z,0,31.6,0.00,45,12.0,0.00,MPPT Charging,34,35,0,11,8374
2026-08-25T20:08:54Z,0,30.4,0.00,45,12.0,0.00,MPPT Charging,34,35,0,11,8374
2026-08-25T20:09:04Z,0,30.9,0.00,45,12.0,0.00,MPPT Charging,34,35,0,11,8374
2026-08-25T20:09:14Z,0,33.5,0.00,45,12.0,0.00,MPPT Charging,34,35,0,11,8374
2026-08-25T20:09:24Z,0,32.0,0.00,45,12.0,0.00,MPPT Charging,34,35,0,11,8374
2026-08-25T20:09:34Z,0,31.4,0.00,45,12.0,0.00,MPPT Charging,34,35,0,11,8374
2026-08-25T20:09:44Z,0,30.5,0.00,45,12.0,0.00,MPPT Charging,34,35,0,11,8374
2026-08-25T20:09:54Z,0,29.4,0.00,45,12.0,0.00,MPPT Charging,34,35,0,11,8374
2026-08-25T20:10:04Z,0,29.1,0.00,45,12.0,0.00,MPPT Charging,34,35,0,11,8374
2026-08-25T20:10:15Z,0,30.3,0.00,45,12.0,0.00,MPPT Charging,34,35,0,11,8374
2026-08-25T20:10:24Z,0,30.2,0.00,45,12.0,0.00,MPPT Charging,34,35,0,11,8374
2026-08-25T20:10:34Z,0,31.9,0.00,45,12.0,0.00,MPPT Charging,34,35,0,11,8374
2026-08-25T20:10:44Z,0,33.2,0.00,45,12.0,0.00,MPPT Charging,34,35,0,11,8374
2026-08-25T20:10:54Z,0,29.0,0.00,45,12.0,0.00,MPPT Charging,34,35,0,11,8374
2026-08-25T20:11:04Z,0,30.0,0.00,45,12.0,0.00,MPPT Charging,34,35,0,11,8374
2026-08-25T20:11:14Z,0,32.8,0.00,45,12.0,0.00,MPPT Charging,34,35,0,11,8374
2026-08-25T20:11:24Z,0,31.8,0.00,44,12.0,0.00,MPPT Charging,34,35,0,11,8374
2026-08-25T20:11:34Z,0,33.4,0.00,44,12.0,0.00,MPPT Charging,34,35,0,11,8374
2026-08-25T20:11:44Z,0,32.1,0.00,45,12.0,0.00,MPPT Charging,34,35,0,11,8374
2026-08-25T20:11:54Z,0,31.8,0.00,45,12.0,0.00,MPPT Charging,34,35,0,11,8374
2026-08-25T20:12:04Z,0,31.7,0.00,45,12.0,0.00,MPPT Charging,34,35,0,11,8374
2026-08-25T20:12:14Z,0,31.2,0.00,44,12.0,0.00,MPPT Charging,34,35,0,11,8374
2026-08-25T20:12:24Z,0,30.7,0.00,45,12.0,0.00,MPPT Charging,34,35,0,11,8374
2026-08-25T20:12:34Z,0,31.4,0.00,45,12.0,0.00,MPPT Charging,34,35,0,11,8374
2026-08-25T20:12:44Z,0,30.7,0.00,45,12.0,0.00,MPPT Charging,34,35,0,11,8374
2026-08-25T20:12:54Z,0,29.9,0.00,45,12.0,0.00,MPPT Charging,34,35,0,11,8374
2026-08-25T20:13:04Z,0,29.4,0.00,45,12.0,0.00,MPPT Charging,34,35,0,11,8374
2026-08-25T20:13:14Z,0,31.5,0.00,45,12.0,0.00,MPPT Charging,34,35,0,11,8374
2026-08-25T20:13:24Z,0,31.0,0.00,45,12.0,0.00,MPPT Charging,34,35,0,11,8374
2026-08-25T20:13:34Z,0,31.2,0.00,45,12.0,0.00,MPPT Charging,34,35,0,11,8374
2026-08-25T20:13:44Z,0,30.8,0.00,45,12.0,0.00,MPPT Charging,34,35,0,11,8374
2026-08-25T20:13:54Z,0,29.5,0.00,45,12.0,0.00,MPPT Charging,34,35,0,11,8374
2026-08-25T20:14:04Z,0,27.9,0.00,45,12.0,0.00,MPPT Charging,34,35,0,11,8374
2026-08-25T20:14:14Z,0,24.3,0.00,45,12.0,0.00,MPPT Charging,34,35,0,11,8374
2026-08-25T20:14:24Z,0,28.2,0.00,45,12.0,0.00,MPPT Charging,34,35,0,11,8374
2026-08-25T20:14:34Z,0,28.1,0.00,44,12.0,0.00,MPPT Charging,34,35,0,11,8374
2026-08-25T20:14:44Z,0,30.5,0.00,44,12.0,0.00,MPPT Charging,34,35,0,11,8374
2026-08-25T20:14:54Z,0,28.5,0.00,43,12.0,0.00,MPPT Charging,34,35,0,11,8374
2026-08-25T20:15:04Z,0,30.7,0.00,44,12.0,0.00,MPPT Charging,34,35,0,11,8374
2026-08-25T20:15:14Z,0,31.4,0.00,44,12.0,0.00,MPPT Charging,34,35,0,11,8374
2026-08-25T20:15:25Z,0,31.3,0.00,45,12.0,0.00,MPPT Charging,34,35,0,11,8374
2026-08-25T20:15:34Z,0,31.3,0.00,44,12.0,0.00,MPPT Charging,34,35,0,11,8374
2026-08-25T20:15:44Z,0,29.4,0.00,45,12.0,0.00,MPPT Charging,34,35,0,11,8374
2026-08-25T20:15:54Z,0,29.7,0.00,44,12.0,0.00,MPPT Charging,34,35,0,11,8374
2026-08-25T20:16:04Z,0,31.0,0.00,44,12.0,0.00,MPPT Charging,34,35,0,11,8374
2026-08-25T20:16:14Z,0,31.3,0.00,44,12.0,0.00,MPPT Charging,34,35,0,11,8374
2026-08-25T20:16:24Z,0,30.0,0.00,44,12.0,0.00,MPPT Charging,34,35,0,11,8374
2026-08-25T20:16:34Z,0,27.9,0.00,44,12.0,0.00,MPPT Charging,34,35,0,11,8374
2026-08-25T20:16:44Z,0,28.9,0.00,44,12.0,0.00,MPPT Charging,34,35,0,11,8374
2026-08-25T20:16:54Z,0,28.2,0.00,44,12.0,0.00,MPPT Charging,34,35,0,11,8374
2026-08-25T20:17:04Z,0,26.8,0.00,44,12.0,0.00,MPPT Charging,34,35,0,11,8374
2026-08-25T20:17:14Z,0,27.7,0.00,43,12.0,0.00,MPPT Charging,34,35,0,11,8374
2026-08-25T20:17:24Z,0,27.7,0.00,44,12.0,0.00,MPPT Charging,34,35,0,11,8374
2026-08-25T20:17:34Z,0,32.3,0.00,43,12.0,0.00,MPPT Charging,34,35,0,11,8374
2026-08-25T20:17:44Z,0,30.7,0.00,44,12.0,0.00,MPPT Charging,34,35,0,11,8374
2026-08-25T20:17:54Z,0,29.3,0.00,44,12.0,0.00,MPPT Charging,34,35,0,11,8374
2026-08-25T20:18:04Z,0,31.4,0.00,45,12.0,0.00,MPPT Charging,34,35,0,11,8374
2026-08-25T20:18:14Z,0,30.7,0.00,44,12.0,0.00,MPPT Charging,34,35,0,11,8374
2026-08-25T20:18:24Z,0,29.6,0.00,44,12.0,0.00,MPPT Charging,34,35,0,11,8374
2026-08-25T20:18:34Z,0,26.6,0.00,45,12.0,0.00,MPPT Charging,34,35,0,11,8374
2026-08-25T20:18:44Z,0,21.7,0.00,44,12.0,0.00,MPPT Charging,34,35,0,11,8374
2026-08-25T20:18:54Z,0,24.7,0.00,43,12.0,0.00,MPPT Charging,34,35,0,11,8374
2026-08-25T20:19:04Z,0,28.1,0.00,43,12.0,0.00,MPPT Charging,34,35,0,11,8374
2026-08-25T20:19:14Z,0,28.6,0.00,44,12.0,0.00,MPPT Charging,34,35,0,11,8374
2026-08-25T20:19:24Z,0,27.3,0.00,43,12.0,0.00,MPPT Charging,34,35,0,11,8374
2026-08-25T20:19:34Z,0,30.0,0.00,44,12.0,0.00,MPPT Charging,34,35,0,11,8374
2026-08-25T20:19:44Z,0,28.1,0.00,43,12.0,0.00,MPPT Charging,34,35,0,11,8374
2026-08-25T20:19:54Z,0,28.5,0.00,41,12.0,0.00,MPPT Charging,34,35,0,11,8374
2026-08-25T20:20:04Z,0,29.9,0.00,44,12.0,0.00,MPPT Charging,34,35,0,11,8374
2026-08-25T20:20:14Z,0,29.8,0.00,44,12.0,0.00,MPPT Charging,34,35,0,11,8374
2026-08-25T20:20:24Z,0,28.7,0.00,43,12.0,0.00,MPPT Charging,34,35,0,11,8374
2026-08-25T20:20:35Z,0,28.4,0.00,43,12.0,0.00,MPPT Charging,34,35,0,11,8374
2026-08-25T20:20:44Z,0,28.1,0.00,44,12.0,0.00,MPPT Charging,34,35,0,11,8374
2026-08-25T20:20:54Z,0,30.0,0.00,44,12.0,0.00,MPPT Charging,34,35,0,11,8374
2026-08-25T20:21:04Z,0,27.6,0.00,44,12.0,0.00,MPPT Charging,34,35,0,11,8374
2026-08-25T20:21:14Z,0,28.8,0.00,44,12.0,0.00,MPPT Charging,34,35,0,11,8374
2026-08-25T20:21:24Z,0,32.0,0.00,45,12.0,0.00,MPPT Charging,34,35,0,11,8374
2026-08-25T20:21:34Z,0,30.6,0.00,44,12.0,0.00,MPPT Charging,34,35,0,11,8374
2026-08-25T20:21:44Z,0,29.0,0.00,41,12.0,0.00,MPPT Charging,34,35,0,11,8374
2026-08-25T20:21:54Z,0,26.2,0.00,43,12.0,0.00,MPPT Charging,34,35,0,11,8374
2026-08-25T20:22:04Z,0,29.9,0.00,43,12.0,0.00,MPPT Charging,34,35,0,11,8374
2026-08-25T20:22:14Z,0,36.5,0.00,45,12.0,0.00,MPPT Charging,34,35,0,11,8374
2026-08-25T20:22:24Z,0,34.7,0.00,44,12.0,0.00,MPPT Charging,34,35,0,11,8374
2026-08-25T20:22:34Z,0,32.0,0.00,44,12.0,0.00,MPPT Charging,34,35,0,11,8374
2026-08-25T20:22:44Z,0,30.1,0.00,44,12.0,0.00,MPPT Charging,34,35,0,11,8374
2026-08-25T20:22:54Z,0,33.0,0.00,44,12.0,0.00,MPPT Charging,34,35,0,11,8374
2026-08-25T20:23:04Z,0,31.5,0.00,44,12.0,0.00,MPPT Charging,34,35,0,11,8374
2026-08-25T20:23:14Z,0,32.2,0.00,44,12.0,0.00,MPPT Charging,34,35,0,11,8374
2026-08-25T20:23:24Z,0,31.4,0.00,44,12.0,0.00,MPPT Charging,34,35,0,11,8374
2026-08-25T20:23:34Z,0,31.2,0.00,45,12.0,0.00,MPPT Charging,34,35,0,11,8374
2026-08-25T20:23:44Z,0,31.5,0.00,44,12.0,0.00,MPPT Charging,34,35,0,11,8374
2026-08-25T20:23:54Z,0,31.1,0.00,44,12.0,0.00,MPPT Charging,34,35,0,11,8374
2026-08-25T20:24:04Z,0,29.2,0.00,44,12.0,0.00,MPPT Charging,34,36,0,11,8374
2026-08-25T20:24:14Z,0,31.3,0.00,44,12.0,0.00,MPPT Charging,34,36,0,11,8374
2026-08-25T20:24:24Z,0,31.3,0.00,44,12.0,0.00,MPPT Charging,34,35,0,11,8374
2026-08-25T20:24:34Z,0,30.8,0.00,45,12.0,0.00,MPPT Charging,34,35,0,11,8374
2026-08-25T20:24:44Z,0,32.5,0.00,44,12.0,0.00,MPPT Charging,34,35,0,11,8374
2026-08-25T20:24:54Z,0,31.5,0.00,44,12.0,0.00,MPPT Charging,35,35,0,11,8374
2026-08-25T20:25:04Z,0,32.5,0.00,44,12.0,0.00,MPPT Charging,34,35,0,11,8374
2026-08-25T20:25:14Z,0,33.4,0.00,44,12.0,0.00,MPPT Charging,34,35,0,11,8374
2026-08-25T20:25:24Z,0,32.2,0.00,44,12.0,0.00,MPPT Charging,34,35,0,11,8374
2026-08-25T20:25:34Z,0,31.6,0.00,44,12.0,0.00,MPPT Charging,34,35,0,11,8374
2026-08-25T20:25:45Z,0,32.0,0.00,44,12.0,0.00,MPPT Charging,34,35,0,11,8374
2026-08-25T20:25:54Z,0,31.6,0.00,44,12.0,0.00,MPPT Charging,34,35,0,11,8374
2026-08-25T20:26:04Z,0,30.3,0.00,44,12.0,0.00,MPPT Charging,34,35,0,11,8374
2026-08-25T20:26:14Z,0,29.7,0.00,44,12.0,0.00,MPPT Charging,34,35,0,11,8374
2026-08-25T20:26:24Z,0,28.6,0.00,43,12.0,0.00,MPPT Charging,34,35,0,11,8374
2026-08-25T20:26:34Z,0,27.8,0.00,43,12.0,0.00,MPPT Charging,35,35,0,11,8374
2026-08-25T20:26:44Z,0,26.5,0.00,43,12.0,0.00,MPPT Charging,34,35,0,11,8374
2026-08-25T20:26:54Z,0,30.6,0.00,43,12.0,0.00,MPPT Charging,35,35,0,11,8374
2026-08-25T20:27:04Z,0,19.2,0.00,43,12.0,0.00,MPPT Charging,34,35,0,11,8374
2026-08-25T20:27:14Z,0,30.4,0.00,44,12.0,0.00,MPPT Charging,34,35,0,11,8374
2026-08-25T20:27:24Z,0,28.7,0.00,43,12.0,0.00,MPPT Charging,34,35,0,11,8374
2026-08-25T20:27:34Z,0,29.8,0.00,43,12.0,0.00,MPPT Charging,35,35,0,11,8374
2026-08-25T20:27:44Z,0,29.6,0.00,44,12.0,0.00,MPPT Charging,34,35,0,11,8374
2026-08-25T20:27:54Z,0,30.4,0.00,43,11.9,0.00,MPPT Charging,34,35,0,11,8374
2026-08-25T20:28:04Z,0,30.5,0.00,43,12.0,0.00,MPPT Charging,34,35,0,11,8374
2026-08-25T20:28:14Z,0,29.6,0.00,43,12.0,0.00,MPPT Charging,34,35,0,11,8374
2026-08-25T20:28:24Z,0,30.3,0.00,43,12.0,0.00,MPPT Charging,34,35,0,11,8374
2026-08-25T20:28:34Z,0,28.3,0.00,43,12.0,0.00,MPPT Charging,34,35,0,11,8374
2026-08-25T20:28:44Z,0,30.3,0.00,43,12.0,0.00,MPPT Charging,34,35,0,11,8374
2026-08-25T20:28:54Z,0,29.6,0.00,43,11.9,0.00,MPPT Charging,34,35,0,11,8374
2026-08-25T20:29:04Z,0,29.6,0.00,43,12.0,0.00,MPPT Charging,34,35,0,11,8374
2026-08-25T20:29:14Z,0,29.3,0.00,43,12.0,0.00,MPPT Charging,34,35,0,11,8374
2026-08-25T20:29:24Z,0,27.6,0.00,43,12.0,0.00,MPPT Charging,35,35,0,11,8374
2026-08-25T20:29:34Z,0,30.1,0.00,43,12.0,0.00,MPPT Charging,34,35,0,11,8374
2026-08-25T20:29:44Z,0,29.0,0.00,43,12.0,0.00,MPPT Charging,34,35,0,11,8374
2026-08-25T20:29:54Z,0,30.1,0.00,43,12.0,0.00,MPPT Charging,34,35,0,11,8374
2026-08-25T20:30:04Z,0,30.3,0.00,43,11.9,0.00,MPPT Charging,34,35,0,11,8374
2026-08-25T20:30:14Z,0,29.6,0.00,44,12.0,0.00,MPPT Charging,34,35,0,11,8374
2026-08-25T20:30:24Z,0,29.6,0.00,43,12.0,0.00,MPPT Charging,35,35,0,11,8374
2026-08-25T20:30:34Z,0,29.3,0.00,43,11.9,0.00,MPPT Charging,34,35,0,11,8374
2026-08-25T20:30:44Z,0,30.2,0.00,43,11.9,0.00,MPPT Charging,34,35,0,11,8374
2026-08-25T20:30:55Z,0,29.3,0.00,43,12.0,0.00,MPPT Charging,34,35,0,11,8374
2026-08-25T20:31:04Z,0,27.8,0.00,43,11.9,0.00,MPPT Charging,34,35,0,11,8374
2026-08-25T20:31:14Z,0,29.7,0.00,43,11.9,0.00,MPPT Charging,34,35,0,11,8374
2026-08-25T20:31:24Z,0,29.3,0.00,43,12.0,0.00,MPPT Charging,34,35,0,11,8374
2026-08-25T20:31:34Z,0,29.9,0.00,43,11.9,0.00,MPPT Charging,34,35,0,11,8374
2026-08-25T20:31:44Z,0,30.6,0.00,43,11.9,0.00,MPPT Charging,34,35,0,11,8374
2026-08-25T20:31:54Z,0,27.8,0.00,43,11.9,0.00,MPPT Charging,34,35,0,11,8374
2026-08-25T20:32:04Z,0,27.4,0.00,43,11.9,0.00,MPPT Charging,34,35,0,11,8374
2026-08-25T20:32:14Z,0,13.5,0.00,43,11.9,0.00,MPPT Charging,34,35,0,11,8374
2026-08-25T20:32:24Z,0,30.1,0.00,43,11.9,0.00,MPPT Charging,34,35,0,11,8374
2026-08-25T20:32:34Z,0,27.7,0.00,43,11.9,0.00,MPPT Charging,34,35,0,11,8374
2026-08-25T20:32:44Z,0,26.8,0.00,43,11.9,0.00,MPPT Charging,34,35,0,11,8374
2026-08-25T20:32:54Z,0,29.4,0.00,42,11.9,0.00,MPPT Charging,34,35,0,11,8374
2026-08-25T20:33:04Z,0,27.7,0.00,43,11.9,0.00,MPPT Charging,34,35,0,11,8374
2026-08-25T20:33:14Z,0,27.9,0.00,43,11.9,0.00,MPPT Charging,34,35,0,11,8374
2026-08-25T20:33:24Z,0,26.0,0.00,43,11.9,0.00,MPPT Charging,34,35,0,11,8374
2026-08-25T20:33:34Z,0,28.9,0.00,43,11.9,0.00,MPPT Charging,34,35,0,11,8374
2026-08-25T20:33:55Z,0,27.1,0.00,43,11.9,0.00,MPPT Charging,34,35,0,11,8374
2026-08-25T20:34:04Z,0,26.1,0.00,43,11.9,0.00,MPPT Charging,34,35,0,11,8374
2026-08-25T20:34:14Z,0,25.0,0.00,43,11.9,0.00,MPPT Charging,34,35,0,11,8374
2026-08-25T20:34:24Z,0,28.9,0.00,43,11.9,0.00,MPPT Charging,34,35,0,11,8374
2026-08-25T20:34:34Z,0,29.0,0.00,43,11.9,0.00,MPPT Charging,34,35,0,11,8374
2026-08-25T20:34:44Z,0,27.3,0.00,43,11.9,0.00,MPPT Charging,34,35,0,11,8374
2026-08-25T20:34:54Z,0,29.0,0.00,43,11.9,0.00,MPPT Charging,34,35,0,11,8374
2026-08-25T20:35:04Z,0,28.0,0.00,43,11.9,0.00,MPPT Charging,34,35,0,11,8374
2026-08-25T20:35:14Z,0,26.7,0.00,43,11.9,0.00,MPPT Charging,34,35,0,11,8374
2026-08-25T20:35:24Z,0,26.7,0.00,43,11.9,0.00,MPPT Charging,34,35,0,11,8374
2026-08-25T20:35:34Z,0,25.5,0.00,43,11.9,0.00,MPPT Charging,34,35,0,11,8374
2026-08-25T20:35:44Z,0,29.7,0.00,43,11.9,0.00,MPPT Charging,34,35,0,11,8374
2026-08-25T20:35:54Z,0,27.2,0.00,43,11.9,0.00,MPPT Charging,34,35,0,11,8374
2026-08-25T20:36:04Z,0,25.8,0.00,42,11.9,0.00,MPPT Charging,34,35,0,11,8374
2026-08-25T20:36:14Z,0,26.8,0.00,43,11.9,0.00,MPPT Charging,34,35,0,11,8374
2026-08-25T20:36:24Z,0,25.4,0.00,43,11.9,0.00,MPPT Charging,34,35,0,11,8374
2026-08-25T20:36:34Z,0,27.4,0.00,43,11.9,0.00,MPPT Charging,34,35,0,11,8374
2026-08-25T20:36:44Z,0,26.2,0.00,43,11.9,0.00,MPPT Charging,34,35,0,11,8374
2026-08-25T20:36:54Z,0,25.6,0.00,42,11.9,0.00,MPPT Charging,34,35,0,11,8374
2026-08-25T20:37:04Z,0,23.2,0.00,43,11.9,0.00,MPPT Charging,34,35,0,11,8374
2026-08-25T20:37:14Z,0,26.1,0.00,43,11.9,0.00,MPPT Charging,34,35,0,11,8374
2026-08-25T20:37:24Z,0,15.5,0.00,41,11.9,0.00,MPPT Charging,34,35,0,11,8374
2026-08-25T20:37:34Z,0,29.7,0.00,43,11.9,0.00,MPPT Charging,34,35,0,11,8374
2026-08-25T20:37:44Z,0,27.0,0.00,42,11.9,0.00,MPPT Charging,34,35,0,11,8374
2026-08-25T20:37:54Z,0,25.8,0.00,42,11.9,0.00,MPPT Charging,34,35,0,11,8374
2026-08-25T20:38:04Z,0,29.3,0.00,43,11.9,0.00,MPPT Charging,34,35,0,11,8374
2026-08-25T20:38:14Z,0,27.9,0.00,42,11.9,0.00,MPPT Charging,34,35,0,11,8374
2026-08-25T20:38:24Z,0,28.3,0.00,42,11.9,0.00,MPPT Charging,34,35,0,11,8374
2026-08-25T20:38:34Z,0,27.5,0.00,43,11.9,0.00,MPPT Charging,34,35,0,11,8374
2026-08-25T20:38:44Z,0,28.3,0.00,43,11.9,0.00,MPPT Charging,34,35,0,11,8374
2026-08-25T20:38:54Z,0,26.2,0.00,40,11.9,0.00,MPPT Charging,34,35,0,11,8374
2026-08-25T20:39:05Z,0,26.2,0.00,42,11.9,0.00,MPPT Charging,34,35,0,11,8374
2026-08-25T20:39:14Z,0,30.0,0.00,43,11.9,0.00,MPPT Charging,34,35,0,11,8374
2026-08-25T20:39:24Z,0,28.7,0.00,42,11.9,0.00,MPPT Charging,34,35,0,11,8374
2026-08-25T20:39:34Z,0,28.4,0.00,42,11.9,0.00,MPPT Charging,34,35,0,11,8374
2026-08-25T20:39:44Z,0,26.2,0.00,41,11.9,0.00,MPPT Charging,34,35,0,11,8374
2026-08-25T20:39:54Z,0,27.9,0.00,42,11.9,0.00,MPPT Charging,34,35,0,11,8374
2026-08-25T20:40:04Z,0,27.1,0.00,42,11.9,0.00,MPPT Charging,34,35,0,11,8374
2026-08-25T20:40:14Z,0,26.4,0.00,42,11.9,0.00,MPPT Charging,34,35,0,11,8374
2026-08-25T20:40:24Z,0,25.7,0.00,41,11.9,0.00,MPPT Charging,34,35,0,11,8374
2026-08-25T20:40:34Z,0,28.4,0.00,42,11.9,0.00,MPPT Charging,34,35,0,11,8374
2026-08-25T20:40:44Z,0,27.8,0.00,42,11.9,0.00,MPPT Charging,34,35,0,11,8374
2026-08-25T20:40:54Z,0,26.7,0.00,41,11.9,0.00,MPPT Charging,34,36,0,11,8374
2026-08-25T20:41:04Z,0,26.8,0.00,41,11.9,0.00,MPPT Charging,34,35,0,11,8374
2026-08-25T20:41:14Z,0,26.3,0.00,42,11.9,0.00,MPPT Charging,34,35,0,11,8374
2026-08-25T20:41:24Z,0,24.4,0.00,41,11.9,0.00,MPPT Charging,34,35,0,11,8374
2026-08-25T20:41:34Z,0,29.4,0.00,41,11.9,0.00,MPPT Charging,34,35,0,11,8374
2026-08-25T20:41:44Z,0,29.2,0.00,43,11.9,0.00,MPPT Charging,34,35,0,11,8374
2026-08-25T20:41:54Z,0,27.6,0.00,42,11.9,0.00,MPPT Charging,34,35,0,11,8374
2026-08-25T20:42:04Z,0,26.6,0.00,41,11.9,0.00,MPPT Charging,34,35,0,11,8374
2026-08-25T20:42:14Z,0,28.7,0.00,42,11.9,0.00,MPPT Charging,34,35,0,11,8374
2026-08-25T20:42:24Z,0,27.7,0.00,42,11.9,0.00,MPPT Charging,34,35,0,11,8374
2026-08-25T20:42:34Z,0,21.3,0.00,41,11.9,0.00,MPPT Charging,34,35,0,11,8374
2026-08-25T20:42:44Z,0,30.3,0.00,42,11.9,0.00,MPPT Charging,34,36,0,11,8374
2026-08-25T20:42:54Z,0,28.4,0.00,42,11.9,0.00,MPPT Charging,34,35,0,11,8374
2026-08-25T20:43:04Z,0,28.8,0.00,41,11.9,0.00,MPPT Charging,34,35,0,11,8374
2026-08-25T20:43:14Z,0,28.7,0.00,41,11.9,0.00,MPPT Charging,34,35,0,11,8374
2026-08-25T20:43:24Z,0,27.6,0.00,42,11.9,0.00,MPPT Charging,34,35,0,11,8374
2026-08-25T20:43:34Z,0,26.4,0.00,41,11.9,0.00,MPPT Charging,34,35,0,11,8374
2026-08-25T20:43:44Z,0,26.2,0.00,41,11.9,0.00,MPPT Charging,34,35,0,11,8374
2026-08-25T20:43:54Z,0,24.7,0.00,42,11.9,0.00,MPPT Charging,34,35,0,11,8374
2026-08-25T20:44:04Z,0,25.0,0.00,42,11.9,0.00,MPPT Charging,34,35,0,11,8374
2026-08-25T20:44:15Z,0,27.3,0.00,42,11.9,0.00,MPPT Charging,34,35,0,11,8374
2026-08-25T20:44:24Z,0,25.8,0.00,42,11.9,0.00,MPPT Charging,34,35,0,11,8374
2026-08-25T20:44:34Z,0,25.2,0.00,41,11.9,0.00,MPPT Charging,34,35,0,11,8374
2026-08-25T20:44:44Z,0,27.2,0.00,41,11.9,0.00,MPPT Charging,34,35,0,11,8374
2026-08-25T20:44:54Z,0,27.6,0.00,42,11.9,0.00,MPPT Charging,34,35,0,11,8374
2026-08-25T20:45:04Z,0,29.9,0.00,41,11.9,0.00,MPPT Charging,34,35,0,11,8374
2026-08-25T20:45:14Z,0,29.0,0.00,41,11.9,0.00,MPPT Charging,34,35,0,11,8374
2026-08-25T20:45:24Z,0,27.8,0.00,42,11.9,0.00,MPPT Charging,34,35,0,11,8374
2026-08-25T20:45:34Z,0,29.2,0.00,42,11.9,0.00,MPPT Charging,34,35,0,11,8374
2026-08-25T20:45:44Z,0,29.4,0.00,41,11.9,0.00,MPPT Charging,34,36,0,11,8374
2026-08-25T20:45:54Z,0,30.1,0.00,41,11.9,0.00,MPPT Charging,34,35,0,11,8374
2026-08-25T20:46:04Z,0,29.4,0.00,41,11.9,0.00,MPPT Charging,34,35,0,11,8374
2026-08-25T20:46:14Z,0,27.5,0.00,41,11.9,0.00,MPPT Charging,34,36,0,11,8374
2026-08-25T20:46:24Z,0,28.7,0.00,41,11.9,0.00,MPPT Charging,34,35,0,11,8374
2026-08-25T20:46:34Z,0,25.6,0.00,41,11.9,0.00,MPPT Charging,34,35,0,11,8374
2026-08-25T20:46:44Z,0,26.2,0.00,41,11.9,0.00,MPPT Charging,34,35,0,11,8374
2026-08-25T20:46:54Z,0,23.6,0.00,41,11.9,0.00,MPPT Charging,34,35,0,11,8374
2026-08-25T20:47:04Z,0,27.2,0.00,40,11.9,0.00,MPPT Charging,34,35,0,11,8374
2026-08-25T20:47:14Z,0,28.0,0.00,41,11.9,0.00,MPPT Charging,34,35,0,11,8374
2026-08-25T20:47:24Z,0,28.4,0.00,41,11.9,0.00,MPPT Charging,34,35,0,11,8374
2026-08-25T20:47:34Z,0,25.7,0.00,41,11.9,0.00,MPPT Charging,34,35,0,11,8374
2026-08-25T20:47:44Z,0,25.2,0.00,40,11.9,0.00,MPPT Charging,34,35,0,11,8374
2026-08-25T20:47:54Z,0,27.5,0.00,42,11.9,0.00,MPPT Charging,34,35,0,11,8374
2026-08-25T20:48:04Z,0,25.8,0.00,41,11.9,0.00,MPPT Charging,34,35,0,11,8374
2026-08-25T20:48:14Z,0,25.9,0.00,40,11.9,0.00,MPPT Charging,34,35,0,11,8374
2026-08-25T20:48:24Z,0,23.6,0.00,41,11.9,0.00,MPPT Charging,34,35,0,11,8374
2026-08-25T20:48:34Z,0,22.8,0.00,41,11.9,0.00,MPPT Charging,34,35,0,11,8374
2026-08-25T20:48:44Z,0,28.7,0.00,41,11.9,0.00,MPPT Charging,34,35,0,11,8374
2026-08-25T20:48:54Z,0,26.2,0.00,40,11.9,0.00,MPPT Charging,34,36,0,11,8374
2026-08-25T20:49:04Z,0,28.5,0.00,41,11.9,0.00,MPPT Charging,34,35,0,11,8374
2026-08-25T20:49:14Z,0,27.1,0.00,41,11.9,0.00,MPPT Charging,34,36,0,11,8374
2026-08-25T20:49:25Z,0,26.2,0.00,41,11.9,0.00,MPPT Charging,34,35,0,11,8374
2026-08-25T20:49:34Z,0,26.9,0.00,40,11.9,0.00,MPPT Charging,34,36,0,11,8374
2026-08-25T20:49:44Z,0,28.0,0.00,41,11.9,0.00,MPPT Charging,34,35,0,11,8374
2026-08-25T20:49:54Z,0,27.5,0.00,41,11.9,0.00,MPPT Charging,34,35,0,11,8374
2026-08-25T20:50:04Z,0,29.2,0.00,40,11.9,0.00,MPPT Charging,34,35,0,11,8374
2026-08-25T20:53:32Z,0,27.9,0.00,40,11.9,0.00,MPPT Charging,34,36,0,11,8374
