timestamp,pv_power_w,pv_voltage_v,pv_current_a,battery_soc_pct,battery_voltage_v,battery_current_a,charging_state,controller_temp_c,battery_temp_c,load_power_w,daily_generated_wh,total_generated_kwh
2026-08-24T00:00:00.198555,0,12.8,0.0,78,12.7,0.0,MPPT Charging,28,28,0,0,8363
2026-08-24T00:00:02.088321,0,12.8,0.0,78,12.7,0.0,MPPT Charging,27,28,0,0,8363
2026-08-24T00:00:04.204382,0,12.8,0.0,78,12.7,0.0,MPPT Charging,28,29,0,0,8363
2026-08-24T00:00:06.857100,0,12.8,0.0,78,12.7,0.0,MPPT Charging,28,28,0,0,8363
2026-08-24T00:00:08.745995,0,12.8,0.0,79,12.7,0.0,MPPT Charging,27,29,0,0,8363
2026-08-24T00:00:10.141794,0,12.8,0.0,79,12.7,0.0,MPPT Charging,27,28,0,0,8363
2026-08-24T00:00:12.528515,0,12.8,0.0,78,12.7,0.0,MPPT Charging,28,28,0,0,8363
2026-08-24T00:00:14.191529,0,12.8,0.0,78,12.7,0.0,MPPT Charging,27,28,0,0,8363
2026-08-24T00:00:16.219674,0,12.8,0.0,78,12.7,0.0,MPPT Charging,28,28,0,0,8363
2026-08-24T00:00:18.239704,0,12.8,0.0,79,12.7,0.0,MPPT Charging,28,29,0,0,8363
2026-08-24T00:00:20.401858,0,12.8,0.0,79,12.7,0.0,MPPT Charging,27,28,0,0,8363
2026-08-24T00:00:22.068942,0,12.8,0.0,79,12.7,0.0,MPPT Charging,28,29,0,0,8363
2026-08-24T00:00:24.450372,0,12.8,0.0,79,12.7,0.0,MPPT Charging,28,29,0,0,8363
2026-08-24T00:00:26.208674,0,12.8,0.0,79,12.7,0.0,MPPT Charging,27,28,0,0,8363
2026-08-24T00:00:28.412769,0,12.8,0.0,78,12.7,0.0,MPPT Charging,28,29,0,0,8363
2026-08-24T00:00:30.616204,0,12.8,0.0,78,12.7,0.0,MPPT Charging,27,29,0,0,8363
2026-08-24T00:00:32.550533,0,12.7,0.0,78,12.7,0.0,MPPT Charging,27,29,0,0,8363
2026-08-24T00:00:34.172539,0,12.5,0.0,78,12.7,0.0,MPPT Charging,27,28,0,0,8363
2026-08-24T00:00:37.291907,0,12.3,0.0,78,12.7,0.0,MPPT Charging,27,28,0,0,8363
2026-08-24T00:00:38.627731,0,12.4,0.0,78,12.7,0.0,MPPT Charging,28,29,0,0,8363
2026-08-24T00:00:40.879912,0,12.5,0.0,78,12.7,0.0,MPPT Charging,28,29,0,0,8363
2026-08-24T00:00:42.497058,0,12.8,0.0,79,12.7,0.0,MPPT Charging,27,29,0,0,8363
2026-08-24T00:00:45.826138,0,12.8,0.0,79,12.7,0.0,MPPT Charging,27,28,0,0,8363
2026-08-24T00:00:46.051135,0,12.8,0.0,79,12.7,0.0,MPPT Charging,27,29,0,0,8363
2026-08-24T00:00:48.707479,0,12.8,0.0,78,12.7,0.0,MPPT Charging,28,29,0,0,8363
2026-08-24T00:00:50.236924,0,12.8,0.0,78,12.7,0.0,MPPT Charging,27,28,0,0,8363
2026-08-24T00:00:52.485441,0,12.8,0.0,78,12.7,0.0,MPPT Charging,27,29,0,0,8363
2026-08-24T00:00:54.153032,0,12.8,0.0,78,12.7,0.0,MPPT Charging,28,29,0,0,8363
2026-08-24T00:00:56.536887,0,12.8,0.0,78,12.7,0.0,MPPT Charging,28,29,0,0,8363
2026-08-24T00:00:58.154811,0,12.8,0.0,78,12.7,0.0,MPPT Charging,28,29,0,0,8363
2026-08-24T00:01:00.315685,0,12.8,0.0,78,12.7,0.0,MPPT Charging,28,29,0,0,8363
2026-08-24T00:01:02.340504,0,12.8,0.0,79,12.7,0.0,MPPT Charging,28,28,0,0,8363
2026-08-24T00:01:04.591941,0,12.8,0.0,79,12.7,0.0,MPPT Charging,27,29,0,0,8363
2026-08-24T00:01:06.076748,0,12.8,0.0,79,12.7,0.0,MPPT Charging,27,29,0,0,8363
2026-08-24T00:01:08.325596,0,12.8,0.0,78,12.7,0.0,MPPT Charging,28,28,0,0,8363
2026-08-24T00:01:10.845774,0,12.8,0.0,78,12.7,0.0,MPPT Charging,28,29,0,0,8363
2026-08-24T00:01:12.240963,0,12.8,0.0,79,12.7,0.0,MPPT Charging,27,29,0,0,8363
2026-08-24T00:01:14.129787,0,12.8,0.0,79,12.7,0.0,MPPT Charging,28,29,0,0,8363
2026-08-24T00:01:16.380731,0,12.8,0.0,79,12.7,0.0,MPPT Charging,28,29,0,0,8363
2026-08-24T00:01:18.049106,0,12.8,0.0,79,12.7,0.0,MPPT Charging,28,28,0,0,8363
2026-08-24T00:01:20.070759,0,12.8,0.0,79,12.7,0.0,MPPT Charging,28,29,0,0,8363
2026-08-24T00:01:22.230899,0,12.8,0.0,78,12.7,0.0,MPPT Charging,28,28,0,0,8363
2026-08-24T00:01:24.396360,0,12.8,0.0,78,12.7,0.0,MPPT Charging,27,28,0,0,8363
2026-08-24T00:01:26.371726,0,12.8,0.0,78,12.7,0.0,MPPT Charging,28,28,0,0,8363
2026-08-24T00:01:28.125747,0,12.8,0.0,78,12.7,0.0,MPPT Charging,27,29,0,0,8363
2026-08-24T00:01:30.197995,0,12.8,0.0,78,12.7,0.0,MPPT Charging,27,28,0,0,8363
2026-08-24T00:01:31.996530,0,12.8,0.0,78,12.7,0.0,MPPT Charging,28,28,0,0,8363
2026-08-24T00:01:34.020698,0,12.8,0.0,78,12.7,0.0,MPPT Charging,27,28,0,0,8363
2026-08-24T00:01:36.140564,0,12.8,0.0,78,12.7,0.0,MPPT Charging,27,29,0,0,8363
2026-08-24T00:01:38.118951,0,12.8,0.0,79,12.7,0.0,MPPT Charging,28,29,0,0,8363
2026-08-24T00:01:40.008810,0,12.8,0.0,79,12.7,0.0,MPPT Charging,27,29,0,0,8363
2026-08-24T00:01:42.301576,0,12.8,0.0,79,12.7,0.0,MPPT Charging,27,28,0,0,8363
2026-08-24T00:01:44.103469,0,12.8,0.0,78,12.7,0.0,MPPT Charging,27,29,0,0,8363
2026-08-24T00:01:46.127612,0,12.8,0.0,78,12.7,0.0,MPPT Charging,28,29,0,0,8363
2026-08-24T00:01:48.334473,0,12.8,0.0,78,12.7,0.0,MPPT Charging,27,28,0,0,8363
2026-08-24T00:01:50.086515,0,12.8,0.0,78,12.7,0.0,MPPT Charging,27,28,0,0,8363
2026-08-24T00:01:52.428207,0,12.8,0.0,78,12.7,0.0,MPPT Charging,27,29,0,0,8363
2026-08-24T00:01:55.128410,0,12.8,0.0,78,12.7,0.0,MPPT Charging,28,28,0,0,8363
2026-08-24T00:01:56.208561,0,12.8,0.0,78,12.7,0.0,MPPT Charging,27,28,0,0,8363
2026-08-24T00:01:58.459489,0,12.8,0.0,79,12.7,0.0,MPPT Charging,27,28,0,0,8363
2026-08-24T00:02:00.123087,0,12.8,0.0,79,12.7,0.0,MPPT Charging,27,28,0,0,8363
2026-08-24T00:02:02.012707,0,12.8,0.0,79,12.7,0.0,MPPT Charging,27,29,0,0,8363
2026-08-24T00:02:04.080911,0,12.8,0.0,78,12.7,0.0,MPPT Charging,27,28,0,0,8363
2026-08-24T00:02:06.107815,0,12.8,0.0,78,12.7,0.0,MPPT Charging,27,29,0,0,8363
2026-08-24T00:02:08.042152,0,12.8,0.0,79,12.7,0.0,MPPT Charging,27,29,0,0,8363
2026-08-24T00:02:09.977393,0,12.8,0.0,79,12.7,0.0,MPPT Charging,27,29,0,0,8363
2026-08-24T00:02:12.003715,0,12.8,0.0,79,12.7,0.0,MPPT Charging,27,28,0,0,8363
2026-08-24T00:02:14.073405,0,12.8,0.0,79,12.7,0.0,MPPT Charging,27,28,0,0,8363
2026-08-24T00:02:16.050579,0,12.8,0.0,79,12.7,0.0,MPPT Charging,27,29,0,0,8363
2026-08-24T00:02:17.988999,0,12.8,0.0,78,12.7,0.0,MPPT Charging,27,28,0,0,8363
2026-08-24T00:02:20.058121,0,12.8,0.0,78,12.7,0.0,MPPT Charging,27,29,0,0,8363
2026-08-24T00:02:21.993132,0,12.8,0.0,78,12.7,0.0,MPPT Charging,28,28,0,0,8363
2026-08-24T00:02:24.333415,0,12.8,0.0,78,12.7,0.0,MPPT Charging,27,28,0,0,8363
2026-08-24T00:02:26.089396,0,12.8,0.0,78,12.7,0.0,MPPT Charging,28,29,0,0,8363
2026-08-24T00:02:28.067992,0,12.8,0.0,78,12.7,0.0,MPPT Charging,27,29,0,0,8363
2026-08-24T00:02:30.140481,0,12.8,0.0,78,12.7,0.0,MPPT Charging,27,29,0,0,8363
2026-08-24T00:02:32.027908,0,12.8,0.0,78,12.7,0.0,MPPT Charging,27,29,0,0,8363
2026-08-24T00:02:34.822734,0,12.8,0.0,78,12.7,0.0,MPPT Charging,27,29,0,0,8363
2026-08-24T00:02:36.303976,0,12.8,0.0,78,12.7,0.0,MPPT Charging,27,29,0,0,8363
2026-08-24T00:02:39.093150,0,12.8,0.0,78,12.7,0.0,MPPT Charging,27,28,0,0,8363
2026-08-24T00:02:40.580823,0,12.8,0.0,78,12.7,0.0,MPPT Charging,27,28,0,0,8363
2026-08-24T00:02:42.069497,0,12.8,0.0,78,12.7,0.0,MPPT Charging,27,29,0,0,8363
2026-08-24T00:02:44.131501,0,12.8,0.0,78,12.7,0.0,MPPT Charging,28,29,0,0,8363
2026-08-24T00:02:46.202089,0,12.8,0.0,78,12.7,0.0,MPPT Charging,28,29,0,0,8363
2026-08-24T00:02:48.094180,0,12.8,0.0,78,12.7,0.0,MPPT Charging,27,28,0,0,8363
2026-08-24T00:02:50.701058,0,12.8,0.0,78,12.7,0.0,MPPT Charging,28,28,0,0,8363
2026-08-24T00:02:52.412509,0,12.8,0.0,78,12.7,0.0,MPPT Charging,27,28,0,0,8363
2026-08-24T00:02:54.302575,0,12.8,0.0,78,12.7,0.0,MPPT Charging,27,29,0,0,8363
2026-08-24T00:02:57.136913,0,12.8,0.0,78,12.7,0.0,MPPT Charging,27,29,0,0,8363
2026-08-24T00:02:58.715916,0,12.8,0.0,78,12.7,0.0,MPPT Charging,27,28,0,0,8363
2026-08-24T00:03:00.380382,0,12.8,0.0,78,12.7,0.0,MPPT Charging,28,28,0,0,8363
2026-08-24T00:03:02.266152,0,12.8,0.0,78,12.7,0.0,MPPT Charging,28,29,0,0,8363
2026-08-24T00:03:04.068275,0,12.8,0.0,78,12.7,0.0,MPPT Charging,28,28,0,0,8363
2026-08-24T00:03:07.262143,0,12.8,0.0,78,12.7,0.0,MPPT Charging,27,28,0,0,8363
2026-08-24T00:03:09.065032,0,12.8,0.0,78,12.7,0.0,MPPT Charging,28,28,0,0,8363
2026-08-24T00:03:10.681852,0,12.8,0.0,78,12.7,0.0,MPPT Charging,27,29,0,0,8363
2026-08-24T00:03:12.346180,0,12.8,0.0,78,12.7,0.0,MPPT Charging,28,29,0,0,8363
2026-08-24T00:03:14.057936,0,12.8,0.0,79,12.7,0.0,MPPT Charging,27,29,0,0,8363
2026-08-24T00:03:15.994645,0,12.8,0.0,79,12.7,0.0,MPPT Charging,27,28,0,0,8363
2026-08-24T00:03:18.827274,0,12.8,0.0,78,12.7,0.0,MPPT Charging,28,29,0,0,8363
2026-08-24T00:03:20.494123,0,12.8,0.0,78,12.7,0.0,MPPT Charging,28,29,0,0,8363
2026-08-24T00:03:22.159336,0,12.8,0.0,78,12.7,0.0,MPPT Charging,27,28,0,0,8363
2026-08-24T00:03:24.046986,0,12.8,0.0,79,12.7,0.0,MPPT Charging,28,29,0,0,8363
2026-08-24T00:03:27.108386,0,12.8,0.0,79,12.7,0.0,MPPT Charging,27,29,0,0,8363
2026-08-24T00:03:29.046503,0,12.8,0.0,78,12.7,0.0,MPPT Charging,27,28,0,0,8363
2026-08-24T00:03:30.888423,0,12.8,0.0,78,12.7,0.0,MPPT Charging,27,28,0,0,8363
2026-08-24T00:03:32.959349,0,12.8,0.0,78,12.7,0.0,MPPT Charging,27,28,0,0,8363
2026-08-24T00:03:34.040509,0,12.8,0.0,78,12.7,0.0,MPPT Charging,28,29,0,0,8363
2026-08-24T00:03:37.232150,0,12.8,0.0,78,12.7,0.0,MPPT Charging,27,28,0,0,8363
2026-08-24T00:03:39.033258,0,12.8,0.0,78,12.7,0.0,MPPT Charging,27,29,0,0,8363
2026-08-24T00:03:40.654575,0,12.8,0.0,78,12.7,0.0,MPPT Charging,27,29,0,0,8363
2026-08-24T00:03:42.317720,0,12.8,0.0,78,12.7,0.0,MPPT Charging,27,28,0,0,8363
2026-08-24T00:03:43.982648,0,12.8,0.0,79,12.7,0.0,MPPT Charging,27,29,0,0,8363
2026-08-24T00:03:46.501939,0,12.8,0.0,79,12.7,0.0,MPPT Charging,28,29,0,0,8363
2026-08-24T00:03:48.391873,0,12.8,0.0,78,12.7,0.0,MPPT Charging,28,29,0,0,8363
2026-08-24T00:03:50.507277,0,12.8,0.0,78,12.7,0.0,MPPT Charging,27,29,0,0,8363
2026-08-24T00:03:52.086612,0,12.8,0.0,78,12.7,0.0,MPPT Charging,28,29,0,0,8363
2026-08-24T00:03:54.017334,0,12.8,0.0,78,12.7,0.0,MPPT Charging,27,28,0,0,8363
2026-08-24T00:03:56.045846,0,12.8,0.0,78,12.7,0.0,MPPT Charging,27,29,0,0,8363
2026-08-24T00:03:58.879352,0,12.8,0.0,78,12.7,0.0,MPPT Charging,27,28,0,0,8363
2026-08-24T00:04:00.587466,0,12.8,0.0,78,12.7,0.0,MPPT Charging,27,29,0,0,8363
2026-08-24T00:04:02.117089,0,12.8,0.0,78,12.7,0.0,MPPT Charging,27,29,0,0,8363
2026-08-24T00:04:04.233944,0,12.8,0.0,78,12.7,0.0,MPPT Charging,28,29,0,0,8363
2026-08-24T00:04:06.257728,0,12.8,0.0,78,12.7,0.0,MPPT Charging,28,29,0,0,8363
2026-08-24T00:04:08.147722,0,12.8,0.0,78,12.7,0.0,MPPT Charging,27,28,0,0,8363
2026-08-24T00:04:10.443647,0,12.8,0.0,78,12.7,0.0,MPPT Charging,27,29,0,0,8363
2026-08-24T00:04:12.108995,0,12.8,0.0,78,12.7,0.0,MPPT Charging,28,28,0,0,8363
2026-08-24T00:04:13.997263,0,12.8,0.0,78,12.7,0.0,MPPT Charging,27,29,0,0,8363
2026-08-24T00:04:16.967649,0,12.8,0.0,78,12.7,0.0,MPPT Charging,27,28,0,0,8363
2026-08-24T00:04:18.542002,0,12.8,0.0,79,12.7,0.0,MPPT Charging,27,28,0,0,8363
2026-08-24T00:04:20.567178,0,12.8,0.0,79,12.7,0.0,MPPT Charging,28,29,0,0,8363
2026-08-24T00:04:22.143876,0,12.8,0.0,79,12.7,0.0,MPPT Charging,28,29,0,0,8363
2026-08-24T00:04:23.989748,0,12.8,0.0,78,12.7,0.0,MPPT Charging,27,28,0,0,8363
2026-08-24T00:04:39.047185,0,12.8,0.0,78,12.7,0.0,MPPT Charging,28,29,0,0,8363
2026-08-24T00:04:42.035534,0,12.8,0.0,78,12.7,0.0,MPPT Charging,27,28,0,0,8363
2026-08-24T00:04:44.089163,0,12.8,0.0,79,12.7,0.0,MPPT Charging,27,28,0,0,8363
2026-08-24T00:04:45.992218,0,12.8,0.0,79,12.7,0.0,MPPT Charging,28,29,0,0,8363
2026-08-24T00:04:48.136921,0,12.8,0.0,78,12.7,0.0,MPPT Charging,27,28,0,0,8363
2026-08-24T00:04:50.251798,0,12.8,0.0,78,12.7,0.0,MPPT Charging,27,28,0,0,8363
2026-08-24T00:04:51.977702,0,12.8,0.0,78,12.7,0.0,MPPT Charging,27,29,0,0,8363
2026-08-24T00:04:54.110098,0,12.8,0.0,78,12.7,0.0,MPPT Charging,27,29,0,0,8363
2026-08-24T00:04:55.952429,0,12.8,0.0,78,12.7,0.0,MPPT Charging,27,29,0,0,8363
2026-08-24T00:04:57.962028,0,12.8,0.0,78,12.7,0.0,MPPT Charging,27,28,0,0,8363
2026-08-24T00:04:59.944062,0,12.8,0.0,78,12.7,0.0,MPPT Charging,27,28,0,0,8363
2026-08-24T00:05:02.028753,0,12.8,0.0,78,12.7,0.0,MPPT Charging,28,29,0,0,8363
2026-08-24T00:05:04.075943,0,12.8,0.0,78,12.7,0.0,MPPT Charging,27,29,0,0,8363
2026-08-24T00:05:06.123559,0,12.8,0.0,78,12.7,0.0,MPPT Charging,27,29,0,0,8363
2026-08-24T00:05:07.956002,0,12.8,0.0,78,12.7,0.0,MPPT Charging,27,28,0,0,8363
2026-08-24T00:05:10.024992,0,12.8,0.0,78,12.7,0.0,MPPT Charging,27,29,0,0,8363
2026-08-24T00:05:12.424240,0,12.8,0.0,78,12.7,0.0,MPPT Charging,27,29,0,0,8363
2026-08-24T00:05:14.076018,0,12.8,0.0,78,12.7,0.0,MPPT Charging,28,29,0,0,8363
2026-08-24T00:05:16.278900,0,12.8,0.0,78,12.7,0.0,MPPT Charging,27,28,0,0,8363
2026-08-24T00:05:18.123953,0,12.8,0.0,81,12.7,0.0,MPPT Charging,27,28,0,0,8363
2026-08-24T00:05:20.225036,0,12.8,0.0,81,12.7,0.0,MPPT Charging,28,28,0,0,8363
2026-08-24T00:05:22.068341,0,12.8,0.0,81,12.7,0.0,MPPT Charging,27,29,0,0,8363
2026-08-24T00:05:24.047123,0,12.8,0.0,78,12.7,0.0,MPPT Charging,27,29,0,0,8363
2026-08-24T00:05:26.027690,0,12.8,0.0,78,12.7,0.0,MPPT Charging,27,28,0,0,8363
2026-08-24T00:05:28.100455,0,12.8,0.0,78,12.7,0.0,MPPT Charging,27,28,0,0,8363
2026-08-24T00:05:30.063778,0,12.8,0.0,78,12.7,0.0,MPPT Charging,27,29,0,0,8363
2026-08-24T00:05:31.984144,0,12.8,0.0,78,12.7,0.0,MPPT Charging,27,28,0,0,8363
2026-08-24T00:05:33.950579,0,12.8,0.0,78,12.7,0.0,MPPT Charging,27,29,0,0,8363
2026-08-24T00:05:35.974173,0,12.8,0.0,78,12.7,0.0,MPPT Charging,28,29,0,0,8363
2026-08-24T00:05:37.985579,0,12.8,0.0,78,12.7,0.0,MPPT Charging,27,29,0,0,8363
2026-08-24T00:05:40.053252,0,12.8,0.0,78,12.7,0.0,MPPT Charging,27,29,0,0,8363
2026-08-24T00:05:42.079263,0,12.6,0.0,78,12.7,0.0,MPPT Charging,27,29,0,0,8363
2026-08-24T00:05:44.059324,0,12.3,0.0,79,12.7,0.0,MPPT Charging,27,28,0,0,8363
2026-08-24T00:05:46.098813,0,12.3,0.0,79,12.7,0.0,MPPT Charging,27,29,0,0,8363
2026-08-24T00:05:48.214247,0,12.5,0.0,78,12.7,0.0,MPPT Charging,28,28,0,0,8363
2026-08-24T00:05:49.975542,0,12.7,0.0,78,12.7,0.0,MPPT Charging,27,28,0,0,8363
2026-08-24T00:05:51.935479,0,12.8,0.0,78,12.7,0.0,MPPT Charging,27,29,0,0,8363
2026-08-24T00:05:54.017750,0,12.8,0.0,78,12.7,0.0,MPPT Charging,27,28,0,0,8363
2026-08-24T00:05:55.954304,0,12.8,0.0,78,12.7,0.0,MPPT Charging,27,28,0,0,8363
2026-08-24T00:05:57.964203,0,12.8,0.0,78,12.7,0.0,MPPT Charging,27,28,0,0,8363
2026-08-24T00:06:00.038021,0,12.8,0.0,78,12.7,0.0,MPPT Charging,27,29,0,0,8363
2026-08-24T00:06:01.999862,0,12.8,0.0,78,12.7,0.0,MPPT Charging,28,28,0,0,8363
2026-08-24T00:06:03.977467,0,12.8,0.0,78,12.7,0.0,MPPT Charging,27,29,0,0,8363
2026-08-24T00:06:05.974734,0,12.8,0.0,78,12.7,0.0,MPPT Charging,27,29,0,0,8363
2026-08-24T00:06:07.982967,0,12.8,0.0,78,12.7,0.0,MPPT Charging,27,29,0,0,8363
2026-08-24T00:06:09.949162,0,12.8,0.0,78,12.7,0.0,MPPT Charging,27,29,0,0,8363
2026-08-24T00:06:11.931742,0,12.8,0.0,78,12.7,0.0,MPPT Charging,27,29,0,0,8363
2026-08-24T00:06:13.953303,0,12.8,0.0,78,12.7,0.0,MPPT Charging,28,29,0,0,8363
2026-08-24T00:06:15.965358,0,12.8,0.0,78,12.7,0.0,MPPT Charging,27,28,0,0,8363
2026-08-24T00:06:17.987973,0,12.8,0.0,78,12.7,0.0,MPPT Charging,28,29,0,0,8363
2026-08-24T00:06:19.953135,0,12.8,0.0,78,12.7,0.0,MPPT Charging,27,28,0,0,8363
2026-08-24T00:06:21.996413,0,12.8,0.0,78,12.7,0.0,MPPT Charging,27,28,0,0,8363
2026-08-24T00:06:23.929084,0,12.8,0.0,78,12.7,0.0,MPPT Charging,27,28,0,0,8363
2026-08-24T00:06:25.953408,0,12.8,0.0,78,12.7,0.0,MPPT Charging,28,28,0,0,8363
2026-08-24T00:06:27.962967,0,12.8,0.0,78,12.7,0.0,MPPT Charging,28,29,0,0,8363
2026-08-24T00:06:30.002924,0,12.8,0.0,78,12.7,0.0,MPPT Charging,27,29,0,0,8363
2026-08-24T00:06:31.970807,0,12.8,0.0,78,12.7,0.0,MPPT Charging,28,29,0,0,8363
2026-08-24T00:06:34.082998,0,12.8,0.0,78,12.7,0.0,MPPT Charging,27,28,0,0,8363
2026-08-24T00:06:35.947801,0,12.8,0.0,78,12.7,0.0,MPPT Charging,28,29,0,0,8363
2026-08-24T00:06:38.013120,0,12.8,0.0,78,12.7,0.0,MPPT Charging,27,29,0,0,8363
2026-08-24T00:06:39.994062,0,12.8,0.0,78,12.7,0.0,MPPT Charging,27,28,0,0,8363
2026-08-24T00:06:42.048095,0,12.8,0.0,78,12.7,0.0,MPPT Charging,28,29,0,0,8363
2026-08-24T00:06:43.953329,0,12.8,0.0,78,12.7,0.0,MPPT Charging,27,28,0,0,8363
2026-08-24T00:06:46.031208,0,12.8,0.0,78,12.7,0.0,MPPT Charging,27,29,0,0,8363
2026-08-24T00:06:48.004677,0,12.8,0.0,79,12.7,0.0,MPPT Charging,28,29,0,0,8363
2026-08-24T00:06:49.983742,0,12.8,0.0,79,12.7,0.0,MPPT Charging,27,28,0,0,8363
2026-08-24T00:06:52.053116,0,12.8,0.0,79,12.7,0.0,MPPT Charging,28,28,0,0,8363
2026-08-24T00:06:54.167928,0,12.8,0.0,78,12.7,0.0,MPPT Charging,27,29,0,0,8363
2026-08-24T00:06:55.983784,0,12.8,0.0,78,12.7,0.0,MPPT Charging,27,28,0,0,8363
2026-08-24T00:06:58.053835,0,12.8,0.0,79,12.7,0.0,MPPT Charging,27,28,0,0,8363
2026-08-24T00:07:00.154145,0,12.8,0.0,79,12.7,0.0,MPPT Charging,28,29,0,0,8363
2026-08-24T00:07:02.000732,0,12.8,0.0,79,12.7,0.0,MPPT Charging,27,29,0,0,8363
2026-08-24T00:07:04.057354,0,12.8,0.0,78,12.7,0.0,MPPT Charging,27,28,0,0,8363
2026-08-24T00:07:05.972619,0,12.8,0.0,78,12.7,0.0,MPPT Charging,27,29,0,0,8363
2026-08-24T00:07:07.983822,0,12.8,0.0,78,12.7,0.0,MPPT Charging,28,29,0,0,8363
2026-08-24T00:07:09.947710,0,12.8,0.0,78,12.7,0.0,MPPT Charging,27,28,0,0,8363
2026-08-24T00:07:12.017980,0,12.8,0.0,78,12.7,0.0,MPPT Charging,27,29,0,0,8363
2026-08-24T00:07:13.973041,0,12.8,0.0,78,12.7,0.0,MPPT Charging,27,29,0,0,8363
2026-08-24T00:07:16.053104,0,12.8,0.0,78,12.7,0.0,MPPT Charging,28,28,0,0,8363
2026-08-24T00:07:17.972837,0,12.8,0.0,78,12.7,0.0,MPPT Charging,27,29,0,0,8363
2026-08-24T00:07:19.998441,0,12.8,0.0,78,12.7,0.0,MPPT Charging,27,28,0,0,8363
2026-08-24T00:07:21.948476,0,12.8,0.0,78,12.7,0.0,MPPT Charging,27,29,0,0,8363
2026-08-24T00:07:23.989877,0,12.8,0.0,78,12.7,0.0,MPPT Charging,27,28,0,0,8363
2026-08-24T00:07:26.058452,0,12.8,0.0,78,12.7,0.0,MPPT Charging,27,29,0,0,8363
2026-08-24T00:07:27.963998,0,12.8,0.0,78,12.7,0.0,MPPT Charging,27,29,0,0,8363
2026-08-24T00:07:29.989103,0,12.8,0.0,78,12.7,0.0,MPPT Charging,27,29,0,0,8363
2026-08-24T00:07:31.999455,0,12.8,0.0,78,12.7,0.0,MPPT Charging,27,28,0,0,8363
2026-08-24T00:07:34.069397,0,12.8,0.0,78,12.7,0.0,MPPT Charging,27,28,0,0,8363
2026-08-24T00:07:36.033181,0,12.8,0.0,78,12.7,0.0,MPPT Charging,28,29,0,0,8363
2026-08-24T00:07:37.955326,0,12.8,0.0,78,12.7,0.0,MPPT Charging,27,29,0,0,8363
2026-08-24T00:07:40.041404,0,12.8,0.0,78,12.7,0.0,MPPT Charging,27,29,0,0,8363
2026-08-24T00:07:42.002967,0,12.8,0.0,78,12.7,0.0,MPPT Charging,27,29,0,0,8363
2026-08-24T00:07:44.151542,0,12.8,0.0,78,12.7,0.0,MPPT Charging,27,28,0,0,8363
2026-08-24T00:07:46.115508,0,12.8,0.0,78,12.7,0.0,MPPT Charging,27,29,0,0,8363
2026-08-24T00:07:47.946937,0,12.8,0.0,78,12.7,0.0,MPPT Charging,27,28,0,0,8363
2026-08-24T00:07:49.967914,0,12.8,0.0,79,12.7,0.0,MPPT Charging,27,28,0,0,8363
2026-08-24T00:07:51.992889,0,12.8,0.0,79,12.7,0.0,MPPT Charging,27,28,0,0,8363
2026-08-24T00:07:54.023200,0,12.8,0.0,79,12.7,0.0,MPPT Charging,27,29,0,0,8363
2026-08-24T00:07:56.000716,0,12.8,0.0,79,12.7,0.0,MPPT Charging,27,29,0,0,8363
2026-08-24T00:07:57.966100,0,12.8,0.0,79,12.7,0.0,MPPT Charging,27,29,0,0,8363
2026-08-24T00:07:59.959814,0,12.8,0.0,79,12.7,0.0,MPPT Charging,27,29,0,0,8363
2026-08-24T00:08:01.956420,0,12.8,0.0,79,12.7,0.0,MPPT Charging,27,29,0,0,8363
2026-08-24T00:08:03.992780,0,12.8,0.0,78,12.7,0.0,MPPT Charging,27,29,0,0,8363
2026-08-24T00:08:05.973791,0,12.8,0.0,78,12.7,0.0,MPPT Charging,28,28,0,0,8363
2026-08-24T00:08:07.954026,0,12.8,0.0,78,12.7,0.0,MPPT Charging,27,28,0,0,8363
2026-08-24T00:08:09.950030,0,12.8,0.0,78,12.7,0.0,MPPT Charging,27,28,0,0,8363
2026-08-24T00:08:11.946240,0,12.8,0.0,78,12.7,0.0,MPPT Charging,27,29,0,0,8363
2026-08-24T00:08:14.015585,0,12.8,0.0,80,12.7,0.0,MPPT Charging,28,29,0,0,8363
2026-08-24T00:08:15.935328,0,12.8,0.0,80,12.7,0.0,MPPT Charging,27,28,0,0,8363
2026-08-24T00:08:17.944990,0,12.8,0.0,80,12.7,0.0,MPPT Charging,27,29,0,0,8363
2026-08-24T00:08:19.939090,0,12.8,0.0,79,12.7,0.0,MPPT Charging,27,28,0,0,8363
2026-08-24T00:08:21.950156,0,12.8,0.0,79,12.7,0.0,MPPT Charging,27,28,0,0,8363
2026-08-24T00:08:23.990102,0,12.8,0.0,78,12.7,0.0,MPPT Charging,27,28,0,0,8363
2026-08-24T00:08:25.926064,0,12.8,0.0,78,12.7,0.0,MPPT Charging,27,29,0,0,8363
2026-08-24T00:08:28.002070,0,12.8,0.0,78,12.7,0.0,MPPT Charging,27,29,0,0,8363
2026-08-24T00:08:29.962443,0,12.8,0.0,80,12.7,0.0,MPPT Charging,27,29,0,0,8363
2026-08-24T00:08:31.938143,0,12.8,0.0,80,12.7,0.0,MPPT Charging,27,29,0,0,8363
2026-08-24T00:08:34.011234,0,12.8,0.0,78,12.7,0.0,MPPT Charging,27,28,0,0,8363
2026-08-24T00:08:35.962710,0,12.8,0.0,78,12.7,0.0,MPPT Charging,28,29,0,0,8363
2026-08-24T00:08:37.924208,0,12.8,0.0,78,12.7,0.0,MPPT Charging,27,28,0,0,8363
2026-08-24T00:08:39.949261,0,12.8,0.0,78,12.7,0.0,MPPT Charging,27,29,0,0,8363
2026-08-24T00:08:41.929409,0,12.8,0.0,78,12.7,0.0,MPPT Charging,27,29,0,0,8363
2026-08-24T00:08:43.984869,0,12.8,0.0,78,12.7,0.0,MPPT Charging,28,29,0,0,8363
2026-08-24T00:08:45.965360,0,12.8,0.0,78,12.7,0.0,MPPT Charging,27,29,0,0,8363
2026-08-24T00:08:47.977216,0,12.8,0.0,78,12.7,0.0,MPPT Charging,27,29,0,0,8363
2026-08-24T00:08:49.941550,0,12.8,0.0,78,12.7,0.0,MPPT Charging,27,29,0,0,8363
2026-08-24T00:08:52.009239,0,12.8,0.0,78,12.7,0.0,MPPT Charging,27,29,0,0,8363
2026-08-24T00:08:53.946009,0,12.8,0.0,78,12.7,0.0,MPPT Charging,27,29,0,0,8363
2026-08-24T00:08:55.954876,0,12.8,0.0,78,12.7,0.0,MPPT Charging,27,29,0,0,8363
2026-08-24T00:08:57.964272,0,12.8,0.0,78,12.7,0.0,MPPT Charging,27,28,0,0,8363
2026-08-24T00:09:00.006244,0,12.8,0.0,79,12.7,0.0,MPPT Charging,27,29,0,0,8363
2026-08-24T00:09:01.970905,0,12.8,0.0,79,12.7,0.0,MPPT Charging,27,29,0,0,8363
2026-08-24T00:09:03.936919,0,12.8,0.0,80,12.7,0.0,MPPT Charging,27,29,0,0,8363
2026-08-24T00:09:05.989928,0,12.8,0.0,80,12.7,0.0,MPPT Charging,27,28,0,0,8363
2026-08-24T00:09:07.955602,0,12.8,0.0,80,12.7,0.0,MPPT Charging,27,29,0,0,8363
2026-08-24T00:09:09.993890,0,12.8,0.0,78,12.7,0.0,MPPT Charging,27,29,0,0,8363
2026-08-24T00:09:11.958473,0,12.8,0.0,78,12.7,0.0,MPPT Charging,27,29,0,0,8363
2026-08-24T00:09:13.969040,0,12.8,0.0,78,12.7,0.0,MPPT Charging,27,28,0,0,8363
2026-08-24T00:09:15.978767,0,12.8,0.0,78,12.7,0.0,MPPT Charging,27,28,0,0,8363
2026-08-24T00:09:18.003745,0,12.8,0.0,78,12.7,0.0,MPPT Charging,27,28,0,0,8363
2026-08-24T00:09:19.984388,0,12.8,0.0,78,12.7,0.0,MPPT Charging,27,29,0,0,8363
2026-08-24T00:09:21.951053,0,12.8,0.0,78,12.7,0.0,MPPT Charging,27,28,0,0,8363
2026-08-24T00:09:23.945212,0,12.8,0.0,78,12.7,0.0,MPPT Charging,27,29,0,0,8363
2026-08-24T00:09:26.014052,0,12.8,0.0,78,12.7,0.0,MPPT Charging,27,28,0,0,8363
2026-08-24T00:09:27.979250,0,12.8,0.0,78,12.7,0.0,MPPT Charging,27,29,0,0,8363
2026-08-24T00:09:29.974677,0,12.8,0.0,78,12.7,0.0,MPPT Charging,27,28,0,0,8363
2026-08-24T00:09:31.984028,0,12.8,0.0,78,12.7,0.0,MPPT Charging,27,29,0,0,8363
2026-08-24T00:09:34.159211,0,12.8,0.0,78,12.7,0.0,MPPT Charging,27,29,0,0,8363
2026-08-24T00:09:36.019235,0,12.8,0.0,78,12.7,0.0,MPPT Charging,28,29,0,0,8363
2026-08-24T00:09:37.975535,0,12.8,0.0,78,12.7,0.0,MPPT Charging,27,29,0,0,8363
2026-08-24T00:09:39.955583,0,12.8,0.0,78,12.7,0.0,MPPT Charging,27,28,0,0,8363
2026-08-24T00:09:41.934186,0,12.8,0.0,78,12.7,0.0,MPPT Charging,27,28,0,0,8363
2026-08-24T00:09:43.954055,0,12.8,0.0,78,12.7,0.0,MPPT Charging,27,28,0,0,8363
2026-08-24T00:09:45.968497,0,12.8,0.0,78,12.7,0.0,MPPT Charging,27,29,0,0,8363
2026-08-24T00:09:47.931152,0,12.8,0.0,78,12.7,0.0,MPPT Charging,27,29,0,0,8363
2026-08-24T00:09:49.925975,0,12.8,0.0,79,12.7,0.0,MPPT Charging,27,28,0,0,8363
2026-08-24T00:09:52.012029,0,12.8,0.0,79,12.7,0.0,MPPT Charging,27,28,0,0,8363
2026-08-24T00:09:53.932173,0,12.8,0.0,79,12.7,0.0,MPPT Charging,27,29,0,0,8363
2026-08-24T00:09:55.984727,0,12.8,0.0,79,12.7,0.0,MPPT Charging,27,28,0,0,8363
2026-08-24T00:09:57.950341,0,12.8,0.0,79,12.7,0.0,MPPT Charging,27,28,0,0,8363
2026-08-24T00:09:59.931218,0,12.8,0.0,79,12.7,0.0,MPPT Charging,27,29,0,0,8363
2026-08-24T00:10:01.956314,0,12.8,0.0,79,12.7,0.0,MPPT Charging,27,29,0,0,8363
2026-08-24T00:10:03.966425,0,12.8,0.0,79,12.7,0.0,MPPT Charging,27,29,0,0,8363
2026-08-24T00:10:05.946118,0,12.8,0.0,79,12.7,0.0,MPPT Charging,27,29,0,0,8363
2026-08-24T00:10:08.018575,0,12.8,0.0,79,12.7,0.0,MPPT Charging,27,28,0,0,8363
2026-08-24T00:10:09.980915,0,12.8,0.0,78,12.7,0.0,MPPT Charging,27,29,0,0,8363
2026-08-24T00:10:11.990869,0,12.8,0.0,78,12.7,0.0,MPPT Charging,27,28,0,0,8363
2026-08-24T00:10:13.958422,0,12.8,0.0,78,12.7,0.0,MPPT Charging,27,29,0,0,8363
2026-08-24T00:10:15.934878,0,12.8,0.0,78,12.7,0.0,MPPT Charging,27,28,0,0,8363
2026-08-24T00:10:18.005173,0,12.8,0.0,78,12.7,0.0,MPPT Charging,27,28,0,0,8363
2026-08-24T00:10:19.956018,0,12.8,0.0,78,12.7,0.0,MPPT Charging,27,29,0,0,8363
2026-08-24T00:10:21.981332,0,12.8,0.0,78,12.7,0.0,MPPT Charging,27,28,0,0,8363
2026-08-24T00:10:23.931311,0,12.8,0.0,78,12.7,0.0,MPPT Charging,27,28,0,0,8363
2026-08-24T00:10:25.954439,0,12.8,0.0,78,12.7,0.0,MPPT Charging,27,29,0,0,8363
2026-08-24T00:10:28.011954,0,12.8,0.0,78,12.7,0.0,MPPT Charging,27,28,0,0,8363
2026-08-24T00:10:29.976485,0,12.8,0.0,79,12.7,0.0,MPPT Charging,27,28,0,0,8363
2026-08-24T00:10:31.971077,0,12.8,0.0,79,12.7,0.0,MPPT Charging,27,28,0,0,8363
2026-08-24T00:10:34.056402,0,12.8,0.0,79,12.7,0.0,MPPT Charging,27,28,0,0,8363
2026-08-24T00:10:35.959532,0,12.8,0.0,79,12.7,0.0,MPPT Charging,27,29,0,0,8363
2026-08-24T00:10:38.029002,0,12.8,0.0,79,12.7,0.0,MPPT Charging,28,28,0,0,8363
2026-08-24T00:10:39.936278,0,12.8,0.0,78,12.7,0.0,MPPT Charging,27,29,0,0,8363
2026-08-24T00:10:41.975167,0,12.8,0.0,78,12.7,0.0,MPPT Charging,27,28,0,0,8363
2026-08-24T00:10:43.999483,0,12.8,0.0,78,12.7,0.0,MPPT Charging,27,29,0,0,8363
2026-08-24T00:10:45.936944,0,12.8,0.0,78,12.7,0.0,MPPT Charging,27,29,0,0,8363
2026-08-24T00:10:48.007227,0,12.8,0.0,78,12.7,0.0,MPPT Charging,27,28,0,0,8363
2026-08-24T00:10:49.940968,0,12.7,0.0,78,12.7,0.0,MPPT Charging,27,29,0,0,8363
2026-08-24T00:10:51.953379,0,12.4,0.0,78,12.7,0.0,MPPT Charging,27,28,0,0,8363
2026-08-24T00:10:53.964153,0,12.3,0.0,78,12.7,0.0,MPPT Charging,27,28,0,0,8363
2026-08-24T00:10:55.925344,0,12.4,0.0,78,12.7,0.0,MPPT Charging,27,29,0,0,8363
2026-08-24T00:10:57.964787,0,12.6,0.0,78,12.7,0.0,MPPT Charging,27,28,0,0,8363
2026-08-24T00:10:59.937852,0,12.8,0.0,78,12.7,0.0,MPPT Charging,27,29,0,0,8363
2026-08-24T00:11:01.925398,0,12.8,0.0,78,12.7,0.0,MPPT Charging,27,29,0,0,8363
2026-08-24T00:11:03.971667,0,12.8,0.0,78,12.7,0.0,MPPT Charging,27,28,0,0,8363
2026-08-24T00:11:05.976044,0,12.8,0.0,78,12.7,0.0,MPPT Charging,28,29,0,0,8363
2026-08-24T00:11:07.985389,0,12.7,0.0,78,12.7,0.0,MPPT Charging,27,28,0,0,8363
2026-08-24T00:11:09.971376,0,12.8,0.0,78,12.7,0.0,MPPT Charging,27,28,0,0,8363
2026-08-24T00:11:11.945180,0,12.7,0.0,78,12.7,0.0,MPPT Charging,27,28,0,0,8363
2026-08-24T00:11:13.954918,0,12.7,0.0,78,12.7,0.0,MPPT Charging,27,29,0,0,8363
2026-08-24T00:11:15.980173,0,12.8,0.0,78,12.7,0.0,MPPT Charging,27,29,0,0,8363
2026-08-24T00:11:17.975487,0,12.8,0.0,78,12.7,0.0,MPPT Charging,27,28,0,0,8363
2026-08-24T00:11:19.956247,0,12.8,0.0,79,12.7,0.0,MPPT Charging,27,29,0,0,8363
2026-08-24T00:11:21.996055,0,12.8,0.0,79,12.7,0.0,MPPT Charging,27,29,0,0,8363
2026-08-24T00:11:26.002617,0,12.7,0.0,78,12.7,0.0,MPPT Charging,27,28,0,0,8363
2026-08-24T00:11:27.965348,0,12.8,0.0,78,12.7,0.0,MPPT Charging,27,28,0,0,8363
2026-08-24T00:11:29.944965,0,12.7,0.0,78,12.7,0.0,MPPT Charging,27,28,0,0,8363
2026-08-24T00:11:31.955017,0,12.7,0.0,78,12.7,0.0,MPPT Charging,27,29,0,0,8363
2026-08-24T00:11:33.988082,0,12.7,0.0,79,12.7,0.0,MPPT Charging,27,29,0,0,8363
2026-08-24T00:11:35.961845,0,12.7,0.0,79,12.7,0.0,MPPT Charging,27,28,0,0,8363
2026-08-24T00:11:37.970380,0,12.7,0.0,79,12.7,0.0,MPPT Charging,27,29,0,0,8363
2026-08-24T00:11:40.041027,0,12.7,0.0,78,12.7,0.0,MPPT Charging,27,28,0,0,8363
2026-08-24T00:11:41.960089,0,12.7,0.0,78,12.7,0.0,MPPT Charging,27,28,0,0,8363
2026-08-24T00:11:43.971133,0,12.7,0.0,78,12.7,0.0,MPPT Charging,27,29,0,0,8363
2026-08-24T00:11:46.012072,0,12.7,0.0,78,12.7,0.0,MPPT Charging,27,29,0,0,8363
2026-08-24T00:11:47.992578,0,12.7,0.0,78,12.7,0.0,MPPT Charging,27,28,0,0,8363
2026-08-24T00:11:49.954714,0,12.7,0.0,78,12.7,0.0,MPPT Charging,27,29,0,0,8363
2026-08-24T00:11:52.147603,0,12.7,0.0,78,12.7,0.0,MPPT Charging,27,29,0,0,8363
2026-08-24T00:11:53.963434,0,12.7,0.0,78,12.7,0.0,MPPT Charging,28,29,0,0,8363
2026-08-24T00:11:56.001778,0,12.7,0.0,78,12.7,0.0,MPPT Charging,27,29,0,0,8363
2026-08-24T00:11:57.936258,0,12.7,0.0,78,12.7,0.0,MPPT Charging,27,28,0,0,8363
2026-08-24T00:11:59.977284,0,12.7,0.0,78,12.7,0.0,MPPT Charging,27,29,0,0,8363
2026-08-24T00:12:01.927326,0,12.7,0.0,78,12.7,0.0,MPPT Charging,27,28,0,0,8363
2026-08-24T00:12:03.938514,0,12.7,0.0,78,12.7,0.0,MPPT Charging,27,28,0,0,8363
2026-08-24T00:12:05.961809,0,12.7,0.0,78,12.7,0.0,MPPT Charging,27,28,0,0,8363
2026-08-24T00:12:07.927729,0,12.7,0.0,78,12.7,0.0,MPPT Charging,27,29,0,0,8363
2026-08-24T00:12:10.011866,0,12.7,0.0,79,12.7,0.0,MPPT Charging,27,29,0,0,8363
2026-08-24T00:12:11.964344,0,12.7,0.0,79,12.7,0.0,MPPT Charging,27,28,0,0,8363
2026-08-24T00:12:13.945041,0,12.7,0.0,78,12.7,0.0,MPPT Charging,27,29,0,0,8363
2026-08-24T00:12:15.951806,0,12.7,0.0,78,12.7,0.0,MPPT Charging,27,28,0,0,8363
2026-08-24T00:12:18.007312,0,12.7,0.0,78,12.7,0.0,MPPT Charging,27,28,0,0,8363
2026-08-24T00:12:19.926018,0,12.7,0.0,78,12.7,0.0,MPPT Charging,27,28,0,0,8363
2026-08-24T00:12:21.968211,0,12.7,0.0,78,12.7,0.0,MPPT Charging,27,28,0,0,8363
2026-08-24T00:12:23.946959,0,12.7,0.0,78,12.7,0.0,MPPT Charging,27,29,0,0,8363
2026-08-24T00:12:26.031105,0,12.7,0.0,78,12.7,0.0,MPPT Charging,27,29,0,0,8363
2026-08-24T00:12:27.970070,0,12.7,0.0,78,12.7,0.0,MPPT Charging,27,29,0,0,8363
2026-08-24T00:12:29.946280,0,12.7,0.0,78,12.7,0.0,MPPT Charging,27,28,0,0,8363
2026-08-24T00:12:31.978746,0,12.7,0.0,78,12.7,0.0,MPPT Charging,27,28,0,0,8363
2026-08-24T00:12:33.983395,0,12.7,0.0,78,12.7,0.0,MPPT Charging,27,29,0,0,8363
2026-08-24T00:12:36.082159,0,12.7,0.0,78,12.7,0.0,MPPT Charging,27,28,0,0,8363
2026-08-24T00:12:38.061925,0,12.7,0.0,78,12.7,0.0,MPPT Charging,27,29,0,0,8363
2026-08-24T00:12:39.937899,0,12.7,0.0,78,12.7,0.0,MPPT Charging,27,29,0,0,8363
2026-08-24T00:12:41.935981,0,12.7,0.0,78,12.7,0.0,MPPT Charging,27,29,0,0,8363
2026-08-24T00:12:43.943317,0,12.7,0.0,78,12.7,0.0,MPPT Charging,27,28,0,0,8363
2026-08-24T00:12:46.012217,0,12.7,0.0,78,12.7,0.0,MPPT Charging,27,29,0,0,8363
2026-08-24T00:12:47.963996,0,12.7,0.0,78,12.7,0.0,MPPT Charging,27,29,0,0,8363
2026-08-24T00:12:49.958956,0,12.7,0.0,78,12.7,0.0,MPPT Charging,27,29,0,0,8363
2026-08-24T00:12:51.995015,0,12.7,0.0,78,12.7,0.0,MPPT Charging,27,29,0,0,8363
2026-08-24T00:12:54.000283,0,12.7,0.0,78,12.7,0.0,MPPT Charging,27,28,0,0,8363
2026-08-24T00:12:56.064598,0,12.7,0.0,78,12.7,0.0,MPPT Charging,27,28,0,0,8363
2026-08-24T00:12:57.952540,0,12.7,0.0,78,12.7,0.0,MPPT Charging,27,29,0,0,8363
2026-08-24T00:12:59.978429,0,12.7,0.0,78,12.7,0.0,MPPT Charging,27,28,0,0,8363
2026-08-24T00:13:01.973193,0,12.7,0.0,78,12.7,0.0,MPPT Charging,27,29,0,0,8363
2026-08-24T00:13:03.998377,0,12.7,0.0,78,12.7,0.0,MPPT Charging,27,29,0,0,8363
2026-08-24T00:13:05.994944,0,12.7,0.0,79,12.7,0.0,MPPT Charging,27,29,0,0,8363
2026-08-24T00:13:07.987772,0,12.7,0.0,79,12.7,0.0,MPPT Charging,27,29,0,0,8363
2026-08-24T00:13:09.952873,0,12.7,0.0,78,12.7,0.0,MPPT Charging,27,29,0,0,8363
2026-08-24T00:13:11.964330,0,12.7,0.0,78,12.7,0.0,MPPT Charging,28,28,0,0,8363
2026-08-24T00:13:13.960197,0,12.7,0.0,78,12.7,0.0,MPPT Charging,27,28,0,0,8363
2026-08-24T00:13:16.055323,0,12.7,0.0,78,12.7,0.0,MPPT Charging,27,28,0,0,8363
2026-08-24T00:13:17.947617,0,12.7,0.0,78,12.7,0.0,MPPT Charging,27,28,0,0,8363
2026-08-24T00:13:19.972800,0,12.7,0.0,78,12.7,0.0,MPPT Charging,27,28,0,0,8363
2026-08-24T00:13:21.983472,0,12.7,0.0,78,12.7,0.0,MPPT Charging,27,29,0,0,8363
2026-08-24T00:13:23.962543,0,12.7,0.0,78,12.7,0.0,MPPT Charging,27,28,0,0,8363
2026-08-24T00:13:26.000939,0,12.7,0.0,77,12.7,0.0,MPPT Charging,27,28,0,0,8363
2026-08-24T00:13:27.965927,0,12.7,0.0,77,12.7,0.0,MPPT Charging,27,29,0,0,8363
2026-08-24T00:13:29.951618,0,12.6,0.0,78,12.7,0.0,MPPT Charging,28,28,0,0,8363
2026-08-24T00:13:31.943009,0,12.6,0.0,78,12.7,0.0,MPPT Charging,27,29,0,0,8363
2026-08-24T00:13:34.028225,0,12.6,0.0,78,12.7,0.0,MPPT Charging,27,28,0,0,8363
2026-08-24T00:13:36.186187,0,12.6,0.0,78,12.7,0.0,MPPT Charging,27,29,0,0,8363
2026-08-24T00:13:38.036480,0,12.6,0.0,78,12.7,0.0,MPPT Charging,27,28,0,0,8363
2026-08-24T00:13:40.071638,0,12.6,0.0,78,12.7,0.0,MPPT Charging,27,29,0,0,8363
2026-08-24T00:13:41.961621,0,12.6,0.0,78,12.7,0.0,MPPT Charging,27,28,0,0,8363
2026-08-24T00:13:44.076392,0,12.6,0.0,78,12.7,0.0,MPPT Charging,27,29,0,0,8363
2026-08-24T00:13:45.954237,0,12.6,0.0,78,12.7,0.0,MPPT Charging,27,29,0,0,8363
2026-08-24T00:13:47.950951,0,12.6,0.0,78,12.7,0.0,MPPT Charging,27,29,0,0,8363
2026-08-24T00:13:49.988893,0,12.6,0.0,78,12.7,0.0,MPPT Charging,27,29,0,0,8363
2026-08-24T00:13:51.956882,0,12.6,0.0,78,12.7,0.0,MPPT Charging,27,28,0,0,8363
2026-08-24T00:13:53.946347,0,12.6,0.0,78,12.7,0.0,MPPT Charging,27,28,0,0,8363
2026-08-24T00:13:55.941890,0,12.6,0.0,78,12.7,0.0,MPPT Charging,27,29,0,0,8363
2026-08-24T00:13:57.969191,0,12.6,0.0,78,12.7,0.0,MPPT Charging,27,29,0,0,8363
2026-08-24T00:13:59.987395,0,12.6,0.0,78,12.7,0.0,MPPT Charging,27,29,0,0,8363
2026-08-24T00:14:01.943685,0,12.6,0.0,78,12.7,0.0,MPPT Charging,27,29,0,0,8363
2026-08-24T00:14:04.074905,0,12.6,0.0,78,12.7,0.0,MPPT Charging,27,29,0,0,8363
2026-08-24T00:14:05.990815,0,12.6,0.0,79,12.7,0.0,MPPT Charging,27,29,0,0,8363
2026-08-24T00:14:08.225763,0,12.6,0.0,79,12.7,0.0,MPPT Charging,27,29,0,0,8363
2026-08-24T00:14:09.995981,0,12.6,0.0,78,12.7,0.0,MPPT Charging,27,29,0,0,8363
2026-08-24T00:14:12.157155,0,12.6,0.0,78,12.7,0.0,MPPT Charging,27,29,0,0,8363
2026-08-24T00:14:13.971375,0,12.6,0.0,78,12.7,0.0,MPPT Charging,27,29,0,0,8363
2026-08-24T00:14:15.980763,0,12.6,0.0,78,12.7,0.0,MPPT Charging,27,28,0,0,8363
2026-08-24T00:14:17.992643,0,12.6,0.0,78,12.7,0.0,MPPT Charging,27,28,0,0,8363
2026-08-24T00:14:19.956297,0,12.6,0.0,78,12.7,0.0,MPPT Charging,28,28,0,0,8363
2026-08-24T00:14:21.990831,0,12.6,0.0,78,12.7,0.0,MPPT Charging,28,28,0,0,8363
2026-08-24T00:14:24.006266,0,12.6,0.0,78,12.7,0.0,MPPT Charging,27,28,0,0,8363
2026-08-24T00:14:25.987036,0,12.6,0.0,78,12.7,0.0,MPPT Charging,27,29,0,0,8363
2026-08-24T00:14:27.966009,0,12.6,0.0,78,12.7,0.0,MPPT Charging,27,28,0,0,8363
2026-08-24T00:14:29.948154,0,12.6,0.0,78,12.7,0.0,MPPT Charging,27,28,0,0,8363
2026-08-24T00:14:31.986933,0,12.6,0.0,78,12.7,0.0,MPPT Charging,27,28,0,0,8363
2026-08-24T00:14:34.091483,0,12.6,0.0,78,12.7,0.0,MPPT Charging,27,28,0,0,8363
2026-08-24T00:14:36.024809,0,12.6,0.0,78,12.7,0.0,MPPT Charging,27,29,0,0,8363
2026-08-24T00:14:37.942747,0,12.6,0.0,78,12.7,0.0,MPPT Charging,27,28,0,0,8363
2026-08-24T00:14:39.997064,0,12.6,0.0,78,12.7,0.0,MPPT Charging,27,28,0,0,8363
2026-08-24T00:14:42.006418,0,12.6,0.0,78,12.7,0.0,MPPT Charging,27,29,0,0,8363
2026-08-24T00:14:43.927371,0,12.6,0.0,78,12.7,0.0,MPPT Charging,27,29,0,0,8363
2026-08-24T00:14:45.952116,0,12.6,0.0,78,12.7,0.0,MPPT Charging,27,29,0,0,8363
2026-08-24T00:14:47.948962,0,12.6,0.0,78,12.7,0.0,MPPT Charging,27,29,0,0,8363
2026-08-24T00:14:49.944089,0,12.6,0.0,78,12.7,0.0,MPPT Charging,27,28,0,0,8363
2026-08-24T00:14:51.981022,0,12.6,0.0,78,12.7,0.0,MPPT Charging,27,28,0,0,8363
2026-08-24T00:14:54.531321,0,12.6,0.0,78,12.7,0.0,MPPT Charging,27,28,0,0,8363
2026-08-24T00:14:56.769688,0,12.6,0.0,78,12.7,0.0,MPPT Charging,27,29,0,0,8363
2026-08-24T00:14:58.313171,0,12.6,0.0,78,12.7,0.0,MPPT Charging,27,29,0,0,8363
2026-08-24T00:15:00.575870,0,12.6,0.0,78,12.7,0.0,MPPT Charging,27,29,0,0,8363
2026-08-24T00:15:02.242635,0,12.6,0.0,78,12.7,0.0,MPPT Charging,27,29,0,0,8363
2026-08-24T00:15:04.311480,0,12.6,0.0,78,12.7,0.0,MPPT Charging,27,28,0,0,8363
2026-08-24T00:15:06.201079,0,12.6,0.0,78,12.7,0.0,MPPT Charging,27,29,0,0,8363
2026-08-24T00:15:08.466317,0,12.6,0.0,78,12.7,0.0,MPPT Charging,27,28,0,0,8363
2026-08-24T00:44:46.368923,0,0.0,0.0,79,12.7,0.0,Deactivated,27,28,0,0,8363
2026-08-24T00:44:48.888830,0,0.0,0.0,79,12.7,0.0,Deactivated,27,28,0,0,8363
2026-08-24T00:44:50.420256,0,0.0,0.0,78,12.7,0.0,Deactivated,27,29,0,0,8363
2026-08-24T00:44:52.806567,0,0.0,0.0,78,12.7,0.0,Deactivated,27,28,0,0,8363
2026-08-24T00:44:54.648753,0,0.0,0.0,78,12.7,0.0,Deactivated,27,29,0,0,8363
2026-08-24T00:44:57.078539,0,0.0,0.0,78,12.7,0.0,Deactivated,27,28,0,0,8363
2026-08-24T00:44:59.690087,0,0.0,0.0,78,12.7,0.0,Deactivated,27,28,0,0,8363
2026-08-24T00:45:00.948984,0,0.0,0.0,78,12.7,0.0,Deactivated,27,29,0,0,8363
2026-08-24T00:45:03.108952,0,0.0,0.0,78,12.7,0.0,Deactivated,27,29,0,0,8363
2026-08-24T00:45:04.773808,0,0.0,0.0,78,12.7,0.0,Deactivated,27,29,0,0,8363
2026-08-24T00:45:06.574044,0,0.0,0.0,78,12.7,0.0,Deactivated,27,29,0,0,8363
2026-08-24T00:45:09.546635,0,0.0,0.0,78,12.7,0.0,Deactivated,27,29,0,0,8363
2026-08-24T00:45:11.709612,0,0.0,0.0,78,12.7,0.0,Deactivated,27,29,0,0,8363
2026-08-24T00:45:13.844131,0,0.0,0.0,78,12.7,0.0,Deactivated,27,28,0,0,8363
2026-08-24T00:45:15.484074,0,0.0,0.0,78,12.7,0.0,Deactivated,27,28,0,0,8363
2026-08-24T00:45:17.869016,0,0.0,0.0,78,12.7,0.0,Deactivated,27,28,0,0,8363
2026-08-24T00:45:19.534333,0,0.0,0.0,78,12.7,0.0,Deactivated,27,28,0,0,8363
2026-08-24T00:45:21.828803,0,0.0,0.0,79,12.7,0.0,Deactivated,27,29,0,0,8363
2026-08-24T00:45:23.495259,0,0.0,0.0,79,12.7,0.0,Deactivated,27,29,0,0,8363
2026-08-24T00:45:26.329012,0,0.0,0.0,78,12.7,0.0,Deactivated,27,29,0,0,8363
2026-08-24T00:45:28.489129,0,0.0,0.0,78,12.7,0.0,Deactivated,27,29,0,0,8363
2026-08-24T00:45:29.523731,0,0.0,0.0,78,12.7,0.0,Deactivated,27,29,0,0,8363
2026-08-24T00:45:31.323988,0,0.0,0.0,79,12.7,0.0,Deactivated,27,29,0,0,8363
2026-08-24T00:45:33.798966,0,0.0,0.0,79,12.7,0.0,Deactivated,27,29,0,0,8363
2026-08-24T00:45:35.736047,0,0.0,0.0,78,12.7,0.0,Deactivated,27,28,0,0,8363
2026-08-24T00:45:37.853776,0,0.0,0.0,78,12.7,0.0,Deactivated,27,28,0,0,8363
2026-08-24T00:45:39.515942,0,0.0,0.0,78,12.7,0.0,Deactivated,27,29,0,0,8363
2026-08-24T00:45:42.439072,0,0.0,0.0,78,12.7,0.0,Deactivated,27,28,0,0,8363
2026-08-24T00:45:44.105884,0,0.0,0.0,78,12.7,0.0,Deactivated,27,28,0,0,8363
2026-08-24T00:45:46.219598,0,0.0,0.0,79,12.7,0.0,Deactivated,27,29,0,0,8363
2026-08-24T00:45:47.749046,0,0.0,0.0,79,12.7,0.0,Deactivated,27,28,0,0,8363
2026-08-24T00:45:52.294869,0,0.0,0.0,79,12.7,0.0,Deactivated,27,28,0,0,8363
2026-08-24T00:45:52.699891,0,0.0,0.0,78,12.7,0.0,Deactivated,27,29,0,0,8363
2026-08-24T00:45:53.193898,0,0.0,0.0,78,12.7,0.0,Deactivated,27,28,0,0,8363
2026-08-24T00:45:55.265675,0,0.0,0.0,78,12.7,0.0,Deactivated,27,29,0,0,8363
2026-08-24T00:45:57.829503,0,0.0,0.0,78,12.7,0.0,Deactivated,27,29,0,0,8363
2026-08-24T00:46:01.158676,0,0.0,0.0,79,12.7,0.0,Deactivated,27,29,0,0,8363
2026-08-24T00:46:02.824263,0,0.0,0.0,79,12.7,0.0,Deactivated,27,28,0,0,8363
2026-08-24T00:46:04.489322,0,0.0,0.0,79,12.7,0.0,Deactivated,27,28,0,0,8363
2026-08-24T00:46:06.162758,0,0.0,0.0,78,12.7,0.0,Deactivated,27,29,0,0,8363
2026-08-24T00:46:09.483863,0,0.0,0.0,78,12.7,0.0,Deactivated,27,29,0,0,8363
2026-08-24T00:46:09.758615,0,0.0,0.0,78,12.7,0.0,Deactivated,27,29,0,0,8363
2026-08-24T00:46:11.287091,0,0.0,0.0,79,12.7,0.0,Deactivated,27,29,0,0,8363
2026-08-24T00:46:13.086269,0,0.0,0.0,79,12.7,0.0,Deactivated,27,29,0,0,8363
2026-08-24T00:46:16.145854,0,0.0,0.0,78,12.7,0.0,Deactivated,27,29,0,0,8363
2026-08-24T00:46:17.811616,0,0.0,0.0,78,12.7,0.0,Deactivated,27,29,0,0,8363
2026-08-24T00:46:19.477187,0,0.0,0.0,78,12.7,0.0,Deactivated,27,29,0,0,8363
2026-08-24T00:46:22.807323,0,0.0,0.0,78,12.7,0.0,Deactivated,27,28,0,0,8363
2026-08-24T00:46:23.081750,0,0.0,0.0,78,12.7,0.0,Deactivated,27,29,0,0,8363
2026-08-24T00:46:25.686165,0,0.0,0.0,78,12.7,0.0,Deactivated,27,28,0,0,8363
2026-08-24T00:46:27.350911,0,0.0,0.0,78,12.7,0.0,Deactivated,27,29,0,0,8363
2026-08-24T00:46:31.129007,0,0.0,0.0,78,12.7,0.0,Deactivated,27,28,0,0,8363
2026-08-24T00:46:32.208889,0,0.0,0.0,78,12.7,0.0,Deactivated,27,29,0,0,8363
2026-08-24T00:46:33.877322,0,0.0,0.0,78,12.7,0.0,Deactivated,27,29,0,0,8363
2026-08-24T00:46:36.259063,0,0.0,0.0,79,12.7,0.0,Deactivated,27,28,0,0,8363
2026-08-24T00:46:37.744148,0,0.0,0.0,79,12.7,0.0,Deactivated,27,29,0,0,8363
2026-08-24T00:46:40.848840,0,0.0,0.0,79,12.7,0.0,Deactivated,27,29,0,0,8363
2026-08-24T00:46:41.121058,0,0.0,0.0,78,12.7,0.0,Deactivated,27,28,0,0,8363
2026-08-24T00:46:44.449181,0,0.0,0.0,78,12.7,0.0,Deactivated,27,29,0,0,8363
2026-08-24T00:46:46.253599,0,0.0,0.0,79,12.7,0.0,Deactivated,27,29,0,0,8363
2026-08-24T00:46:47.644212,0,0.0,0.0,79,12.7,0.0,Deactivated,27,29,0,0,8363
2026-08-24T00:46:49.942462,0,0.0,0.0,79,12.7,0.0,Deactivated,27,28,0,0,8363
2026-08-24T00:46:51.110538,0,0.0,0.0,78,12.7,0.0,Deactivated,27,29,0,0,8363
2026-08-24T00:46:53.764172,0,0.0,0.0,78,12.7,0.0,Deactivated,27,28,0,0,8363
2026-08-24T00:46:56.108817,0,0.0,0.0,78,12.7,0.0,Deactivated,27,29,0,0,8363
2026-08-24T00:46:57.769562,0,0.0,0.0,78,12.7,0.0,Deactivated,27,29,0,0,8363
2026-08-24T00:46:59.572321,0,0.0,0.0,78,12.7,0.0,Deactivated,27,29,0,0,8363
2026-08-24T00:47:01.732595,0,0.0,0.0,78,12.7,0.0,Deactivated,27,28,0,0,8363
2026-08-24T00:47:03.983212,0,0.0,0.0,78,12.7,0.0,Deactivated,27,29,0,0,8363
2026-08-24T00:47:05.511570,0,0.0,0.0,79,12.7,0.0,Deactivated,27,28,0,0,8363
2026-08-24T00:47:07.219796,0,0.0,0.0,79,12.7,0.0,Deactivated,27,29,0,0,8363
2026-08-24T00:47:09.426980,0,0.0,0.0,79,12.7,0.0,Deactivated,27,29,0,0,8363
2026-08-24T00:47:11.224437,0,0.0,0.0,78,12.7,0.0,Deactivated,27,28,0,0,8363
2026-08-24T00:47:13.433167,0,0.0,0.0,78,12.7,0.0,Deactivated,27,29,0,0,8363
2026-08-24T00:47:17.165841,0,0.0,0.0,79,12.7,0.0,Deactivated,27,28,0,0,8363
2026-08-24T00:47:17.302121,0,0.0,0.0,79,12.7,0.0,Deactivated,27,28,0,0,8363
2026-08-24T00:47:19.236691,0,0.0,0.0,79,12.7,0.0,Deactivated,27,29,0,0,8363
2026-08-24T00:52:39.546446,0,0.0,0.0,78,12.7,0.0,Deactivated,27,28,0,0,8363
2026-08-24T00:52:40.361596,0,0.0,0.0,78,12.7,0.0,Deactivated,27,28,0,0,8363
2026-08-24T00:52:41.168095,0,0.0,0.0,78,12.7,0.0,Deactivated,27,28,0,0,8363
2026-08-24T00:52:41.170680,0,0.0,0.0,78,12.7,0.0,Deactivated,27,28,0,0,8363
2026-08-24T00:52:41.795332,0,0.0,0.0,78,12.7,0.0,Deactivated,27,28,0,0,8363
2026-08-24T00:52:41.797146,0,0.0,0.0,78,12.7,0.0,Deactivated,27,28,0,0,8363
2026-08-24T00:52:43.595480,0,0.0,0.0,78,12.7,0.0,Deactivated,27,28,0,0,8363
2026-08-24T00:52:43.596728,0,0.0,0.0,78,12.7,0.0,Deactivated,27,28,0,0,8363
2026-08-24T00:52:44.319416,0,0.0,0.0,78,12.7,0.0,Deactivated,27,29,0,0,8363
2026-08-24T00:52:44.321491,0,0.0,0.0,78,12.7,0.0,Deactivated,27,29,0,0,8363
2026-08-24T00:52:45.756295,0,0.0,0.0,78,12.7,0.0,Deactivated,27,29,0,0,8363
2026-08-24T00:52:45.758358,0,0.0,0.0,78,12.7,0.0,Deactivated,27,29,0,0,8363
2026-08-24T00:52:46.295646,0,0.0,0.0,80,12.7,0.0,Deactivated,27,29,0,0,8363
2026-08-24T00:52:46.297450,0,0.0,0.0,80,12.7,0.0,Deactivated,27,29,0,0,8363
2026-08-24T00:52:47.645740,0,0.0,0.0,80,12.7,0.0,Deactivated,27,29,0,0,8363
2026-08-24T00:52:47.648613,0,0.0,0.0,80,12.7,0.0,Deactivated,27,29,0,0,8363
2026-08-24T00:52:48.230097,0,0.0,0.0,80,12.7,0.0,Deactivated,27,28,0,0,8363
2026-08-24T00:52:48.232564,0,0.0,0.0,80,12.7,0.0,Deactivated,27,28,0,0,8363
2026-08-24T00:52:49.759422,0,0.0,0.0,80,12.7,0.0,Deactivated,27,28,0,0,8363
2026-08-24T00:52:49.761303,0,0.0,0.0,80,12.7,0.0,Deactivated,27,28,0,0,8363
2026-08-24T00:52:50.210188,0,0.0,0.0,80,12.7,0.0,Deactivated,27,29,0,0,8363
2026-08-24T00:52:50.214273,0,0.0,0.0,80,12.7,0.0,Deactivated,27,29,0,0,8363
2026-08-24T00:52:52.190939,0,0.0,0.0,78,12.7,0.0,Deactivated,27,28,0,0,8363
2026-08-24T00:52:52.193939,0,0.0,0.0,78,12.7,0.0,Deactivated,27,28,0,0,8363
2026-08-24T00:52:54.213268,0,0.0,0.0,78,12.7,0.0,Deactivated,27,29,0,0,8363
2026-08-24T00:52:54.215616,0,0.0,0.0,78,12.7,0.0,Deactivated,27,29,0,0,8363
2026-08-24T00:52:56.060226,0,0.0,0.0,79,12.7,0.0,Deactivated,27,29,0,0,8363
2026-08-24T00:52:56.062604,0,0.0,0.0,79,12.7,0.0,Deactivated,27,29,0,0,8363
2026-08-24T00:52:58.132792,0,0.0,0.0,79,12.7,0.0,Deactivated,27,28,0,0,8363
2026-08-24T00:52:58.135168,0,0.0,0.0,79,12.7,0.0,Deactivated,27,28,0,0,8363
2026-08-24T00:52:59.031570,0,0.0,0.0,79,12.7,0.0,Deactivated,27,28,0,0,8363
2026-08-24T00:52:59.033771,0,0.0,0.0,79,12.7,0.0,Deactivated,27,28,0,0,8363
2026-08-24T00:53:00.022427,0,0.0,0.0,79,12.7,0.0,Deactivated,27,29,0,0,8363
2026-08-24T00:53:00.025119,0,0.0,0.0,79,12.7,0.0,Deactivated,27,29,0,0,8363
2026-08-24T00:53:02.001487,0,0.0,0.0,78,12.7,0.0,Deactivated,27,28,0,0,8363
2026-08-24T00:53:02.003365,0,0.0,0.0,78,12.7,0.0,Deactivated,27,28,0,0,8363
2026-08-24T00:53:04.205516,0,0.0,0.0,78,12.7,0.0,Deactivated,27,28,0,0,8363
2026-08-24T00:53:04.206866,0,0.0,0.0,78,12.7,0.0,Deactivated,27,28,0,0,8363
2026-08-24T00:53:06.099077,0,0.0,0.0,79,12.7,0.0,Deactivated,27,28,0,0,8363
2026-08-24T00:53:06.101193,0,0.0,0.0,79,12.7,0.0,Deactivated,27,28,0,0,8363
2026-08-24T00:53:08.076767,0,0.0,0.0,79,12.7,0.0,Deactivated,27,28,0,0,8363
2026-08-24T00:53:08.079034,0,0.0,0.0,79,12.7,0.0,Deactivated,27,28,0,0,8363
2026-08-24T00:53:09.065175,0,0.0,0.0,79,12.7,0.0,Deactivated,27,28,0,0,8363
2026-08-24T00:53:09.066376,0,0.0,0.0,79,12.7,0.0,Deactivated,27,28,0,0,8363
2026-08-24T00:53:10.189026,0,0.0,0.0,79,12.7,0.0,Deactivated,27,28,0,0,8363
2026-08-24T00:53:10.191966,0,0.0,0.0,79,12.7,0.0,Deactivated,27,28,0,0,8363
2026-08-24T00:53:12.167664,0,0.0,0.0,78,12.7,0.0,Deactivated,27,29,0,0,8363
2026-08-24T00:53:12.168641,0,0.0,0.0,78,12.7,0.0,Deactivated,27,29,0,0,8363
2026-08-24T00:53:14.420110,0,0.0,0.0,78,12.7,0.0,Deactivated,27,29,0,0,8363
2026-08-24T00:53:14.421792,0,0.0,0.0,78,12.7,0.0,Deactivated,27,29,0,0,8363
2026-08-24T00:53:16.083344,0,0.0,0.0,78,12.7,0.0,Deactivated,27,29,0,0,8363
2026-08-24T00:53:16.084611,0,0.0,0.0,78,12.7,0.0,Deactivated,27,29,0,0,8363
2026-08-24T00:53:18.153162,0,0.0,0.0,78,12.7,0.0,Deactivated,27,29,0,0,8363
2026-08-24T00:53:18.154367,0,0.0,0.0,78,12.7,0.0,Deactivated,27,29,0,0,8363
2026-08-24T00:53:19.054519,0,0.0,0.0,78,12.7,0.0,Deactivated,27,28,0,0,8363
2026-08-24T00:53:19.056095,0,0.0,0.0,78,12.7,0.0,Deactivated,27,28,0,0,8363
2026-08-24T00:53:20.001367,0,0.0,0.0,78,12.7,0.0,Deactivated,27,28,0,0,8363
2026-08-24T00:53:20.003991,0,0.0,0.0,78,12.7,0.0,Deactivated,27,28,0,0,8363
2026-08-24T00:53:21.979919,0,0.0,0.0,79,12.7,0.0,Deactivated,27,29,0,0,8363
2026-08-24T00:53:21.981209,0,0.0,0.0,79,12.7,0.0,Deactivated,27,29,0,0,8363
2026-08-24T00:53:24.050849,0,0.0,0.0,79,12.7,0.0,Deactivated,27,28,0,0,8363
2026-08-24T00:53:24.051975,0,0.0,0.0,79,12.7,0.0,Deactivated,27,28,0,0,8363
2026-08-24T00:53:26.298343,0,0.0,0.0,78,12.7,0.0,Deactivated,27,29,0,0,8363
2026-08-24T00:53:26.304014,0,0.0,0.0,78,12.7,0.0,Deactivated,27,29,0,0,8363
2026-08-24T00:53:28.189853,0,0.0,0.0,78,12.7,0.0,Deactivated,27,28,0,0,8363
2026-08-24T00:53:28.191180,0,0.0,0.0,78,12.7,0.0,Deactivated,27,28,0,0,8363
2026-08-24T00:53:29.363110,0,0.0,0.0,78,12.7,0.0,Deactivated,27,28,0,0,8363
2026-08-24T00:53:29.364197,0,0.0,0.0,78,12.7,0.0,Deactivated,27,28,0,0,8363
2026-08-24T00:53:30.440152,0,0.0,0.0,78,12.7,0.0,Deactivated,27,28,0,0,8363
2026-08-24T00:53:30.441922,0,0.0,0.0,78,12.7,0.0,Deactivated,27,28,0,0,8363
2026-08-24T00:53:32.465315,0,0.0,0.0,79,12.7,0.0,Deactivated,27,29,0,0,8363
2026-08-24T00:53:32.467475,0,0.0,0.0,79,12.7,0.0,Deactivated,27,29,0,0,8363
2026-08-24T00:53:34.355258,0,0.0,0.0,79,12.7,0.0,Deactivated,27,29,0,0,8363
2026-08-24T00:53:34.357330,0,0.0,0.0,79,12.7,0.0,Deactivated,27,29,0,0,8363
2026-08-24T00:53:36.111211,0,0.0,0.0,79,12.7,0.0,Deactivated,27,28,0,0,8363
2026-08-24T00:53:36.113513,0,0.0,0.0,79,12.7,0.0,Deactivated,27,28,0,0,8363
2026-08-24T00:53:38.045089,0,0.0,0.0,79,12.7,0.0,Deactivated,27,28,0,0,8363
2026-08-24T00:53:38.046659,0,0.0,0.0,79,12.7,0.0,Deactivated,27,28,0,0,8363
2026-08-24T00:53:39.126329,0,0.0,0.0,79,12.7,0.0,Deactivated,27,29,0,0,8363
2026-08-24T00:53:39.128292,0,0.0,0.0,79,12.7,0.0,Deactivated,27,29,0,0,8363
2026-08-24T00:53:40.074283,0,0.0,0.0,79,12.7,0.0,Deactivated,27,29,0,0,8363
2026-08-24T00:53:40.075809,0,0.0,0.0,79,12.7,0.0,Deactivated,27,29,0,0,8363
2026-08-24T00:53:42.229760,0,0.0,0.0,78,12.7,0.0,Deactivated,27,29,0,0,8363
2026-08-24T00:53:42.231740,0,0.0,0.0,78,12.7,0.0,Deactivated,27,29,0,0,8363
2026-08-24T00:53:44.121531,0,0.0,0.0,78,12.7,0.0,Deactivated,27,28,0,0,8363
2026-08-24T00:53:44.123678,0,0.0,0.0,78,12.7,0.0,Deactivated,27,28,0,0,8363
2026-08-24T00:53:46.415640,0,0.0,0.0,79,12.7,0.0,Deactivated,27,28,0,0,8363
2026-08-24T00:53:46.418364,0,0.0,0.0,79,12.7,0.0,Deactivated,27,28,0,0,8363
2026-08-24T00:53:48.900447,0,0.0,0.0,79,12.7,0.0,Deactivated,27,29,0,0,8363
2026-08-24T00:53:48.903762,0,0.0,0.0,79,12.7,0.0,Deactivated,27,29,0,0,8363
2026-08-24T00:53:49.248731,0,0.0,0.0,79,12.7,0.0,Deactivated,27,29,0,0,8363
2026-08-24T00:53:49.250393,0,0.0,0.0,79,12.7,0.0,Deactivated,27,29,0,0,8363
2026-08-24T00:53:50.195962,0,0.0,0.0,79,12.7,0.0,Deactivated,27,29,0,0,8363
2026-08-24T00:53:50.199812,0,0.0,0.0,79,12.7,0.0,Deactivated,27,29,0,0,8363
2026-08-24T00:53:52.088423,0,0.0,0.0,78,12.7,0.0,Deactivated,27,29,0,0,8363
2026-08-24T00:53:52.092828,0,0.0,0.0,78,12.7,0.0,Deactivated,27,29,0,0,8363
2026-08-24T00:53:54.111067,0,0.0,0.0,78,12.7,0.0,Deactivated,27,28,0,0,8363
2026-08-24T00:53:54.113294,0,0.0,0.0,78,12.7,0.0,Deactivated,27,28,0,0,8363
2026-08-24T00:53:56.180626,0,0.0,0.0,78,12.7,0.0,Deactivated,27,29,0,0,8363
2026-08-24T00:53:56.182322,0,0.0,0.0,78,12.7,0.0,Deactivated,27,29,0,0,8363
2026-08-24T00:53:58.026375,0,0.0,0.0,78,12.7,0.0,Deactivated,27,29,0,0,8363
2026-08-24T00:53:58.028456,0,0.0,0.0,78,12.7,0.0,Deactivated,27,29,0,0,8363
2026-08-24T00:53:59.241132,0,0.0,0.0,78,12.7,0.0,Deactivated,27,28,0,0,8363
2026-08-24T00:53:59.243286,0,0.0,0.0,78,12.7,0.0,Deactivated,27,28,0,0,8363
2026-08-24T00:54:00.498932,0,0.0,0.0,78,12.7,0.0,Deactivated,27,28,0,0,8363
2026-08-24T00:54:00.500317,0,0.0,0.0,78,12.7,0.0,Deactivated,27,28,0,0,8363
2026-08-24T00:54:02.210387,0,0.0,0.0,79,12.7,0.0,Deactivated,27,29,0,0,8363
2026-08-24T00:54:02.212334,0,0.0,0.0,79,12.7,0.0,Deactivated,27,29,0,0,8363
2026-08-24T00:54:04.100786,0,0.0,0.0,79,12.7,0.0,Deactivated,27,29,0,0,8363
2026-08-24T00:54:04.102964,0,0.0,0.0,79,12.7,0.0,Deactivated,27,29,0,0,8363
2026-08-24T00:54:06.350956,0,0.0,0.0,79,12.7,0.0,Deactivated,27,29,0,0,8363
2026-08-24T00:54:06.352995,0,0.0,0.0,79,12.7,0.0,Deactivated,27,29,0,0,8363
2026-08-24T00:54:08.015567,0,0.0,0.0,79,12.7,0.0,Deactivated,27,29,0,0,8363
2026-08-24T00:54:08.016784,0,0.0,0.0,79,12.7,0.0,Deactivated,27,29,0,0,8363
2026-08-24T00:54:09.097096,0,0.0,0.0,79,12.7,0.0,Deactivated,27,28,0,0,8363
2026-08-24T00:54:09.098299,0,0.0,0.0,79,12.7,0.0,Deactivated,27,28,0,0,8363
2026-08-24T00:54:10.040065,0,0.0,0.0,79,12.7,0.0,Deactivated,27,28,0,0,8363
2026-08-24T00:54:10.041590,0,0.0,0.0,79,12.7,0.0,Deactivated,27,28,0,0,8363
2026-08-24T00:54:12.200537,0,0.0,0.0,78,12.7,0.0,Deactivated,27,28,0,0,8363
2026-08-24T00:54:12.202479,0,0.0,0.0,78,12.7,0.0,Deactivated,27,28,0,0,8363
2026-08-24T00:54:14.224607,0,0.0,0.0,78,12.7,0.0,Deactivated,27,28,0,0,8363
2026-08-24T00:54:14.225598,0,0.0,0.0,78,12.7,0.0,Deactivated,27,28,0,0,8363
2026-08-24T00:54:16.116519,0,0.0,0.0,78,12.7,0.0,Deactivated,27,28,0,0,8363
2026-08-24T00:54:16.118983,0,0.0,0.0,78,12.7,0.0,Deactivated,27,28,0,0,8363
2026-08-24T00:54:18.500059,0,0.0,0.0,78,12.7,0.0,Deactivated,27,29,0,0,8363
2026-08-24T00:54:18.501956,0,0.0,0.0,78,12.7,0.0,Deactivated,27,29,0,0,8363
2026-08-24T00:54:19.084878,0,0.0,0.0,78,12.7,0.0,Deactivated,27,28,0,0,8363
2026-08-24T00:54:19.085996,0,0.0,0.0,78,12.7,0.0,Deactivated,27,28,0,0,8363
2026-08-24T00:54:20.031180,0,0.0,0.0,78,12.7,0.0,Deactivated,27,28,0,0,8363
2026-08-24T00:54:20.033460,0,0.0,0.0,78,12.7,0.0,Deactivated,27,28,0,0,8363
2026-08-24T00:54:22.549726,0,0.0,0.0,78,12.7,0.0,Deactivated,27,28,0,0,8363
2026-08-24T00:54:22.551473,0,0.0,0.0,78,12.7,0.0,Deactivated,27,28,0,0,8363
2026-08-24T00:54:24.171085,0,0.0,0.0,78,12.7,0.0,Deactivated,27,28,0,0,8363
2026-08-24T00:54:24.173763,0,0.0,0.0,78,12.7,0.0,Deactivated,27,28,0,0,8363
2026-08-24T00:54:26.329986,0,0.0,0.0,78,12.7,0.0,Deactivated,27,29,0,0,8363
2026-08-24T00:54:26.331918,0,0.0,0.0,78,12.7,0.0,Deactivated,27,29,0,0,8363
2026-08-24T00:54:28.175898,0,0.0,0.0,78,12.7,0.0,Deactivated,27,29,0,0,8363
2026-08-24T00:54:28.177982,0,0.0,0.0,78,12.7,0.0,Deactivated,27,29,0,0,8363
2026-08-24T00:54:29.075228,0,0.0,0.0,78,12.7,0.0,Deactivated,27,29,0,0,8363
2026-08-24T00:54:29.077530,0,0.0,0.0,78,12.7,0.0,Deactivated,27,29,0,0,8363
2026-08-24T00:54:30.379863,0,0.0,0.0,78,12.7,0.0,Deactivated,27,28,0,0,8363
2026-08-24T00:54:30.381922,0,0.0,0.0,78,12.7,0.0,Deactivated,27,28,0,0,8363
2026-08-24T00:54:32.270203,0,0.0,0.0,78,12.7,0.0,Deactivated,27,29,0,0,8363
2026-08-24T00:54:32.274255,0,0.0,0.0,78,12.7,0.0,Deactivated,27,29,0,0,8363
2026-08-24T00:54:34.295347,0,0.0,0.0,78,12.7,0.0,Deactivated,27,29,0,0,8363
2026-08-24T00:54:34.297441,0,0.0,0.0,78,12.7,0.0,Deactivated,27,29,0,0,8363
2026-08-24T00:54:36.140586,0,0.0,0.0,78,12.7,0.0,Deactivated,27,29,0,0,8363
2026-08-24T00:54:36.143089,0,0.0,0.0,78,12.7,0.0,Deactivated,27,29,0,0,8363
2026-08-24T00:54:38.120579,0,0.0,0.0,78,12.7,0.0,Deactivated,27,28,0,0,8363
2026-08-24T00:54:38.122763,0,0.0,0.0,78,12.7,0.0,Deactivated,27,28,0,0,8363
2026-08-24T00:54:39.199991,0,0.0,0.0,78,12.7,0.0,Deactivated,27,28,0,0,8363
2026-08-24T00:54:39.201999,0,0.0,0.0,78,12.7,0.0,Deactivated,27,28,0,0,8363
2026-08-24T00:54:40.144249,0,0.0,0.0,78,12.7,0.0,Deactivated,27,28,0,0,8363
2026-08-24T00:54:40.146981,0,0.0,0.0,78,12.7,0.0,Deactivated,27,28,0,0,8363
2026-08-24T00:54:42.259774,0,0.0,0.0,78,12.7,0.0,Deactivated,27,28,0,0,8363
2026-08-24T00:54:42.262096,0,0.0,0.0,78,12.7,0.0,Deactivated,27,28,0,0,8363
2026-08-24T00:54:44.060917,0,0.0,0.0,78,12.7,0.0,Deactivated,27,29,0,0,8363
2026-08-24T00:54:44.062956,0,0.0,0.0,78,12.7,0.0,Deactivated,27,29,0,0,8363
2026-08-24T00:54:46.308877,0,0.0,0.0,78,12.7,0.0,Deactivated,27,28,0,0,8363
2026-08-24T00:54:46.310287,0,0.0,0.0,78,12.7,0.0,Deactivated,27,28,0,0,8363
2026-08-24T00:54:48.244408,0,0.0,0.0,79,12.7,0.0,Deactivated,27,29,0,0,8363
2026-08-24T00:54:48.246659,0,0.0,0.0,79,12.7,0.0,Deactivated,27,29,0,0,8363
2026-08-24T00:54:49.053065,0,0.0,0.0,79,12.7,0.0,Deactivated,27,29,0,0,8363
2026-08-24T00:54:49.054240,0,0.0,0.0,79,12.7,0.0,Deactivated,27,29,0,0,8363
2026-08-24T00:54:50.494897,0,0.0,0.0,79,12.7,0.0,Deactivated,27,28,0,0,8363
2026-08-24T00:54:50.497305,0,0.0,0.0,79,12.7,0.0,Deactivated,27,28,0,0,8363
2026-08-24T00:54:52.072333,0,0.0,0.0,78,12.7,0.0,Deactivated,27,28,0,0,8363
2026-08-24T00:54:52.076837,0,0.0,0.0,78,12.7,0.0,Deactivated,27,28,0,0,8363
2026-08-24T00:54:54.139442,0,0.0,0.0,78,12.7,0.0,Deactivated,27,28,0,0,8363
2026-08-24T00:54:54.142575,0,0.0,0.0,78,12.7,0.0,Deactivated,27,28,0,0,8363
2026-08-24T00:54:55.984580,0,0.0,0.0,78,12.7,0.0,Deactivated,27,28,0,0,8363
2026-08-24T00:54:55.985751,0,0.0,0.0,78,12.7,0.0,Deactivated,27,28,0,0,8363
2026-08-24T00:54:58.009730,0,0.0,0.0,78,12.7,0.0,Deactivated,27,29,0,0,8363
2026-08-24T00:54:58.011617,0,0.0,0.0,78,12.7,0.0,Deactivated,27,29,0,0,8363
2026-08-24T00:54:59.000408,0,0.0,0.0,78,12.7,0.0,Deactivated,27,28,0,0,8363
2026-08-24T00:54:59.001945,0,0.0,0.0,78,12.7,0.0,Deactivated,27,28,0,0,8363
2026-08-24T00:54:59.991264,0,0.0,0.0,78,12.7,0.0,Deactivated,27,28,0,0,8363
2026-08-24T00:54:59.992379,0,0.0,0.0,78,12.7,0.0,Deactivated,27,28,0,0,8363
2026-08-24T00:55:01.975700,0,0.0,0.0,79,12.7,0.0,Deactivated,27,29,0,0,8363
2026-08-24T00:55:01.977596,0,0.0,0.0,79,12.7,0.0,Deactivated,27,29,0,0,8363
2026-08-24T00:55:04.082701,0,0.0,0.0,79,12.7,0.0,Deactivated,27,28,0,0,8363
2026-08-24T00:55:04.084264,0,0.0,0.0,79,12.7,0.0,Deactivated,27,28,0,0,8363
2026-08-24T00:55:06.019097,0,0.0,0.0,79,12.7,0.0,Deactivated,27,28,0,0,8363
2026-08-24T00:55:06.020193,0,0.0,0.0,79,12.7,0.0,Deactivated,27,28,0,0,8363
2026-08-24T00:55:08.133003,0,0.0,0.0,78,12.7,0.0,Deactivated,27,29,0,0,8363
2026-08-24T00:55:08.134336,0,0.0,0.0,78,12.7,0.0,Deactivated,27,29,0,0,8363
2026-08-24T00:55:09.035071,0,0.0,0.0,78,12.7,0.0,Deactivated,27,29,0,0,8363
2026-08-24T00:55:09.036143,0,0.0,0.0,78,12.7,0.0,Deactivated,27,29,0,0,8363
2026-08-24T00:55:09.978755,0,0.0,0.0,78,12.7,0.0,Deactivated,27,29,0,0,8363
2026-08-24T00:55:09.979804,0,0.0,0.0,78,12.7,0.0,Deactivated,27,29,0,0,8363
2026-08-24T00:55:12.006277,0,0.0,0.0,78,12.7,0.0,Deactivated,27,28,0,0,8363
2026-08-24T00:55:12.007400,0,0.0,0.0,78,12.7,0.0,Deactivated,27,28,0,0,8363
2026-08-24T00:55:14.027577,0,0.0,0.0,78,12.7,0.0,Deactivated,27,28,0,0,8363
2026-08-24T00:55:14.031674,0,0.0,0.0,78,12.7,0.0,Deactivated,27,28,0,0,8363
2026-08-24T00:55:16.280278,0,0.0,0.0,78,12.7,0.0,Deactivated,27,28,0,0,8363
2026-08-24T00:55:16.281615,0,0.0,0.0,78,12.7,0.0,Deactivated,27,28,0,0,8363
2026-08-24T00:55:18.078469,0,0.0,0.0,78,12.7,0.0,Deactivated,27,29,0,0,8363
2026-08-24T00:55:18.079892,0,0.0,0.0,78,12.7,0.0,Deactivated,27,29,0,0,8363
2026-08-24T00:55:19.023109,0,0.0,0.0,78,12.7,0.0,Deactivated,27,28,0,0,8363
2026-08-24T00:55:19.024533,0,0.0,0.0,78,12.7,0.0,Deactivated,27,28,0,0,8363
2026-08-24T00:55:19.970594,0,0.0,0.0,78,12.7,0.0,Deactivated,27,29,0,0,8363
2026-08-24T00:55:19.972165,0,0.0,0.0,78,12.7,0.0,Deactivated,27,29,0,0,8363
2026-08-24T00:55:21.997687,0,0.0,0.0,78,12.7,0.0,Deactivated,27,28,0,0,8363
2026-08-24T00:55:21.999759,0,0.0,0.0,78,12.7,0.0,Deactivated,27,28,0,0,8363
2026-08-24T00:55:24.156715,0,0.0,0.0,78,12.7,0.0,Deactivated,27,29,0,0,8363
2026-08-24T00:55:24.158678,0,0.0,0.0,78,12.7,0.0,Deactivated,27,29,0,0,8363
2026-08-24T00:55:26.045426,0,0.0,0.0,78,12.7,0.0,Deactivated,27,29,0,0,8363
2026-08-24T00:55:26.047913,0,0.0,0.0,78,12.7,0.0,Deactivated,27,29,0,0,8363
2026-08-24T00:55:28.116036,0,0.0,0.0,78,12.7,0.0,Deactivated,27,28,0,0,8363
2026-08-24T00:55:28.119114,0,0.0,0.0,78,12.7,0.0,Deactivated,27,28,0,0,8363
2026-08-24T00:55:28.969603,0,0.0,0.0,78,12.7,0.0,Deactivated,27,28,0,0,8363
2026-08-24T00:55:28.970439,0,0.0,0.0,78,12.7,0.0,Deactivated,27,28,0,0,8363
2026-08-24T00:55:30.140283,0,0.0,0.0,78,12.7,0.0,Deactivated,27,28,0,0,8363
2026-08-24T00:55:30.142569,0,0.0,0.0,78,12.7,0.0,Deactivated,27,28,0,0,8363
2026-08-24T00:55:32.072905,0,0.0,0.0,78,12.7,0.0,Deactivated,27,29,0,0,8363
2026-08-24T00:55:32.074085,0,0.0,0.0,78,12.7,0.0,Deactivated,27,29,0,0,8363
2026-08-24T00:55:34.008778,0,0.0,0.0,78,12.7,0.0,Deactivated,27,28,0,0,8363
2026-08-24T00:55:34.012757,0,0.0,0.0,78,12.7,0.0,Deactivated,27,28,0,0,8363
2026-08-24T00:55:36.038151,0,0.0,0.0,78,12.7,0.0,Deactivated,27,28,0,0,8363
2026-08-24T00:55:36.039388,0,0.0,0.0,78,12.7,0.0,Deactivated,27,28,0,0,8363
2026-08-24T00:55:38.195616,0,0.0,0.0,79,12.7,0.0,Deactivated,27,29,0,0,8363
2026-08-24T00:55:38.197078,0,0.0,0.0,79,12.7,0.0,Deactivated,27,29,0,0,8363
2026-08-24T00:55:39.322447,0,0.0,0.0,79,12.7,0.0,Deactivated,27,28,0,0,8363
2026-08-24T00:55:39.323649,0,0.0,0.0,79,12.7,0.0,Deactivated,27,28,0,0,8363
2026-08-24T00:55:40.040078,0,0.0,0.0,79,12.7,0.0,Deactivated,27,28,0,0,8363
2026-08-24T00:55:40.041721,0,0.0,0.0,79,12.7,0.0,Deactivated,27,28,0,0,8363
2026-08-24T00:55:42.020504,0,0.0,0.0,78,12.7,0.0,Deactivated,27,29,0,0,8363
2026-08-24T00:55:42.021655,0,0.0,0.0,78,12.7,0.0,Deactivated,27,29,0,0,8363
2026-08-24T00:55:44.358734,0,0.0,0.0,78,12.7,0.0,Deactivated,27,28,0,0,8363
2026-08-24T00:55:44.360078,0,0.0,0.0,78,12.7,0.0,Deactivated,27,28,0,0,8363
2026-08-24T00:55:46.427627,0,0.0,0.0,78,12.7,0.0,Deactivated,27,28,0,0,8363
2026-08-24T00:55:46.429031,0,0.0,0.0,78,12.7,0.0,Deactivated,27,28,0,0,8363
2026-08-24T00:55:48.227688,0,0.0,0.0,78,12.7,0.0,Deactivated,27,29,0,0,8363
2026-08-24T00:55:48.229605,0,0.0,0.0,78,12.7,0.0,Deactivated,27,29,0,0,8363
2026-08-24T00:55:49.262380,0,0.0,0.0,78,12.7,0.0,Deactivated,27,28,0,0,8363
2026-08-24T00:55:49.263725,0,0.0,0.0,78,12.7,0.0,Deactivated,27,28,0,0,8363
2026-08-24T00:55:50.164337,0,0.0,0.0,78,12.7,0.0,Deactivated,27,28,0,0,8363
2026-08-24T00:55:50.171014,0,0.0,0.0,78,12.7,0.0,Deactivated,27,28,0,0,8363
2026-08-24T00:55:52.009509,0,0.0,0.0,78,12.7,0.0,Deactivated,27,29,0,0,8363
2026-08-24T00:55:52.011049,0,0.0,0.0,78,12.7,0.0,Deactivated,27,29,0,0,8363
2026-08-24T00:55:54.079430,0,0.0,0.0,78,12.7,0.0,Deactivated,27,29,0,0,8363
2026-08-24T00:55:54.080628,0,0.0,0.0,78,12.7,0.0,Deactivated,27,29,0,0,8363
2026-08-24T00:55:56.012407,0,0.0,0.0,78,12.7,0.0,Deactivated,27,29,0,0,8363
2026-08-24T00:55:56.013752,0,0.0,0.0,78,12.7,0.0,Deactivated,27,29,0,0,8363
2026-08-24T00:55:58.039238,0,0.0,0.0,78,12.7,0.0,Deactivated,27,28,0,0,8363
2026-08-24T00:55:58.040760,0,0.0,0.0,78,12.7,0.0,Deactivated,27,28,0,0,8363
2026-08-24T00:55:59.076470,0,0.0,0.0,78,12.7,0.0,Deactivated,27,29,0,0,8363
2026-08-24T00:55:59.078094,0,0.0,0.0,78,12.7,0.0,Deactivated,27,29,0,0,8363
2026-08-24T00:56:00.018252,0,0.0,0.0,78,12.7,0.0,Deactivated,27,29,0,0,8363
2026-08-24T00:56:00.019630,0,0.0,0.0,78,12.7,0.0,Deactivated,27,29,0,0,8363
2026-08-24T00:56:02.361385,0,0.0,0.0,79,12.7,0.0,Deactivated,27,29,0,0,8363
2026-08-24T00:56:02.363004,0,0.0,0.0,79,12.7,0.0,Deactivated,27,29,0,0,8363
2026-08-24T00:56:04.295281,0,0.0,0.0,79,12.7,0.0,Deactivated,27,28,0,0,8363
2026-08-24T00:56:04.296645,0,0.0,0.0,79,12.7,0.0,Deactivated,27,28,0,0,8363
2026-08-24T00:56:06.236718,0,0.0,0.0,79,12.7,0.0,Deactivated,27,28,0,0,8363
2026-08-24T00:56:06.241084,0,0.0,0.0,79,12.7,0.0,Deactivated,27,28,0,0,8363
2026-08-24T00:56:07.987899,0,0.0,0.0,78,12.7,0.0,Deactivated,27,29,0,0,8363
2026-08-24T00:56:07.989350,0,0.0,0.0,78,12.7,0.0,Deactivated,27,29,0,0,8363
2026-08-24T00:56:09.017870,0,0.0,0.0,78,12.7,0.0,Deactivated,27,29,0,0,8363
2026-08-24T00:56:09.018722,0,0.0,0.0,78,12.7,0.0,Deactivated,27,29,0,0,8363
2026-08-24T00:56:10.145318,0,0.0,0.0,78,12.7,0.0,Deactivated,27,28,0,0,8363
2026-08-24T00:56:10.146950,0,0.0,0.0,78,12.7,0.0,Deactivated,27,28,0,0,8363
2026-08-24T00:56:11.991497,0,0.0,0.0,78,12.7,0.0,Deactivated,27,28,0,0,8363
2026-08-24T00:56:11.992722,0,0.0,0.0,78,12.7,0.0,Deactivated,27,28,0,0,8363
2026-08-24T00:56:14.058734,0,0.0,0.0,78,12.7,0.0,Deactivated,27,28,0,0,8363
2026-08-24T00:56:14.060096,0,0.0,0.0,78,12.7,0.0,Deactivated,27,28,0,0,8363
2026-08-24T00:56:16.130367,0,0.0,0.0,78,12.7,0.0,Deactivated,27,29,0,0,8363
2026-08-24T00:56:16.131905,0,0.0,0.0,78,12.7,0.0,Deactivated,27,29,0,0,8363
2026-08-24T00:56:18.108061,0,0.0,0.0,79,12.7,0.0,Deactivated,27,28,0,0,8363
2026-08-24T00:56:18.109192,0,0.0,0.0,79,12.7,0.0,Deactivated,27,28,0,0,8363
2026-08-24T00:56:19.277687,0,0.0,0.0,79,12.7,0.0,Deactivated,27,28,0,0,8363
2026-08-24T00:56:19.280007,0,0.0,0.0,79,12.7,0.0,Deactivated,27,28,0,0,8363
2026-08-24T00:56:20.223648,0,0.0,0.0,79,12.7,0.0,Deactivated,27,29,0,0,8363
2026-08-24T00:56:20.225865,0,0.0,0.0,79,12.7,0.0,Deactivated,27,29,0,0,8363
2026-08-24T00:56:21.978395,0,0.0,0.0,78,12.7,0.0,Deactivated,27,29,0,0,8363
2026-08-24T00:56:21.979804,0,0.0,0.0,78,12.7,0.0,Deactivated,27,29,0,0,8363
2026-08-24T00:56:24.184145,0,0.0,0.0,78,12.7,0.0,Deactivated,27,28,0,0,8363
2026-08-24T00:56:24.185442,0,0.0,0.0,78,12.7,0.0,Deactivated,27,28,0,0,8363
2026-08-24T00:56:26.073848,0,0.0,0.0,78,12.7,0.0,Deactivated,27,28,0,0,8363
2026-08-24T00:56:26.074960,0,0.0,0.0,78,12.7,0.0,Deactivated,27,28,0,0,8363
2026-08-24T00:56:28.054337,0,0.0,0.0,78,12.7,0.0,Deactivated,27,28,0,0,8363
2026-08-24T00:56:28.056261,0,0.0,0.0,78,12.7,0.0,Deactivated,27,28,0,0,8363
2026-08-24T00:56:29.087887,0,0.0,0.0,78,12.7,0.0,Deactivated,27,29,0,0,8363
2026-08-24T00:56:29.089234,0,0.0,0.0,78,12.7,0.0,Deactivated,27,29,0,0,8363
2026-08-24T00:56:29.992730,0,0.0,0.0,78,12.7,0.0,Deactivated,27,28,0,0,8363
2026-08-24T00:56:29.993909,0,0.0,0.0,78,12.7,0.0,Deactivated,27,28,0,0,8363
2026-08-24T00:56:32.013714,0,0.0,0.0,78,12.7,0.0,Deactivated,27,28,0,0,8363
2026-08-24T00:56:32.015169,0,0.0,0.0,78,12.7,0.0,Deactivated,27,28,0,0,8363
2026-08-24T00:56:34.084153,0,0.0,0.0,78,12.7,0.0,Deactivated,27,28,0,0,8363
2026-08-24T00:56:34.085386,0,0.0,0.0,78,12.7,0.0,Deactivated,27,28,0,0,8363
2026-08-24T00:56:36.023077,0,0.0,0.0,78,12.7,0.0,Deactivated,27,29,0,0,8363
2026-08-24T00:56:36.027806,0,0.0,0.0,78,12.7,0.0,Deactivated,27,29,0,0,8363
2026-08-24T00:56:38.087721,0,0.0,0.0,78,12.7,0.0,Deactivated,27,28,0,0,8363
2026-08-24T00:56:38.088758,0,0.0,0.0,78,12.7,0.0,Deactivated,27,28,0,0,8363
2026-08-24T00:56:38.989726,0,0.0,0.0,78,12.7,0.0,Deactivated,27,28,0,0,8363
2026-08-24T00:56:38.990997,0,0.0,0.0,78,12.7,0.0,Deactivated,27,28,0,0,8363
2026-08-24T00:56:40.114386,0,0.0,0.0,78,12.7,0.0,Deactivated,27,28,0,0,8363
2026-08-24T00:56:40.115702,0,0.0,0.0,78,12.7,0.0,Deactivated,27,28,0,0,8363
2026-08-24T00:56:42.050047,0,0.0,0.0,79,12.7,0.0,Deactivated,27,29,0,0,8363
2026-08-24T00:56:42.052108,0,0.0,0.0,79,12.7,0.0,Deactivated,27,29,0,0,8363
2026-08-24T00:56:43.984025,0,0.0,0.0,79,12.7,0.0,Deactivated,27,28,0,0,8363
2026-08-24T00:56:43.985227,0,0.0,0.0,79,12.7,0.0,Deactivated,27,28,0,0,8363
2026-08-24T00:56:46.055069,0,0.0,0.0,79,12.7,0.0,Deactivated,27,28,0,0,8363
2026-08-24T00:56:46.056325,0,0.0,0.0,79,12.7,0.0,Deactivated,27,28,0,0,8363
2026-08-24T00:56:48.077602,0,0.0,0.0,79,12.7,0.0,Deactivated,27,28,0,0,8363
2026-08-24T00:56:48.078589,0,0.0,0.0,79,12.7,0.0,Deactivated,27,28,0,0,8363
2026-08-24T00:56:48.977984,0,0.0,0.0,79,12.7,0.0,Deactivated,27,28,0,0,8363
2026-08-24T00:56:48.979322,0,0.0,0.0,79,12.7,0.0,Deactivated,27,28,0,0,8363
2026-08-24T00:56:49.968016,0,0.0,0.0,79,12.7,0.0,Deactivated,27,28,0,0,8363
2026-08-24T00:56:49.969069,0,0.0,0.0,79,12.7,0.0,Deactivated,27,28,0,0,8363
2026-08-24T00:56:51.993023,0,0.0,0.0,78,12.7,0.0,Deactivated,27,28,0,0,8363
2026-08-24T00:56:51.994309,0,0.0,0.0,78,12.7,0.0,Deactivated,27,28,0,0,8363
2026-08-24T00:56:54.018091,0,0.0,0.0,78,12.7,0.0,Deactivated,27,28,0,0,8363
2026-08-24T00:56:54.019649,0,0.0,0.0,78,12.7,0.0,Deactivated,27,28,0,0,8363
2026-08-24T00:56:55.997832,0,0.0,0.0,78,12.7,0.0,Deactivated,27,29,0,0,8363
2026-08-24T00:56:55.999436,0,0.0,0.0,78,12.7,0.0,Deactivated,27,29,0,0,8363
2026-08-24T00:56:58.073220,0,0.0,0.0,79,12.7,0.0,Deactivated,27,28,0,0,8363
2026-08-24T00:56:58.081392,0,0.0,0.0,79,12.7,0.0,Deactivated,27,28,0,0,8363
2026-08-24T00:56:59.283091,0,0.0,0.0,79,12.7,0.0,Deactivated,27,28,0,0,8363
2026-08-24T00:56:59.284881,0,0.0,0.0,79,12.7,0.0,Deactivated,27,28,0,0,8363
2026-08-24T00:57:00.229884,0,0.0,0.0,79,12.7,0.0,Deactivated,27,28,0,0,8363
2026-08-24T00:57:00.232721,0,0.0,0.0,79,12.7,0.0,Deactivated,27,28,0,0,8363
2026-08-24T00:57:02.389099,0,0.0,0.0,78,12.7,0.0,Deactivated,27,29,0,0,8363
2026-08-24T00:57:02.390692,0,0.0,0.0,78,12.7,0.0,Deactivated,27,29,0,0,8363
2026-08-24T00:57:04.367705,0,0.0,0.0,78,12.7,0.0,Deactivated,27,29,0,0,8363
2026-08-24T00:57:04.369094,0,0.0,0.0,78,12.7,0.0,Deactivated,27,29,0,0,8363
2026-08-24T00:57:05.988990,0,0.0,0.0,78,12.7,0.0,Deactivated,27,29,0,0,8363
2026-08-24T00:57:05.990184,0,0.0,0.0,78,12.7,0.0,Deactivated,27,29,0,0,8363
2026-08-24T00:57:07.970367,0,0.0,0.0,78,12.7,0.0,Deactivated,27,29,0,0,8363
2026-08-24T00:57:07.971504,0,0.0,0.0,78,12.7,0.0,Deactivated,27,29,0,0,8363
2026-08-24T00:57:09.272701,0,0.0,0.0,78,12.7,0.0,Deactivated,27,28,0,0,8363
2026-08-24T00:57:09.274405,0,0.0,0.0,78,12.7,0.0,Deactivated,27,28,0,0,8363
2026-08-24T00:57:10.038856,0,0.0,0.0,78,12.7,0.0,Deactivated,27,29,0,0,8363
2026-08-24T00:57:10.040118,0,0.0,0.0,78,12.7,0.0,Deactivated,27,29,0,0,8363
2026-08-24T00:57:12.242828,0,0.0,0.0,78,12.7,0.0,Deactivated,27,28,0,0,8363
2026-08-24T00:57:12.244998,0,0.0,0.0,78,12.7,0.0,Deactivated,27,28,0,0,8363
2026-08-24T00:57:14.268852,0,0.0,0.0,78,12.7,0.0,Deactivated,27,28,0,0,8363
2026-08-24T00:57:14.269972,0,0.0,0.0,78,12.7,0.0,Deactivated,27,28,0,0,8363
2026-08-24T00:57:16.473786,0,0.0,0.0,78,12.7,0.0,Deactivated,27,28,0,0,8363
2026-08-24T00:57:16.475563,0,0.0,0.0,78,12.7,0.0,Deactivated,27,28,0,0,8363
2026-08-24T00:57:18.003597,0,0.0,0.0,79,12.7,0.0,Deactivated,27,29,0,0,8363
2026-08-24T00:57:18.006428,0,0.0,0.0,79,12.7,0.0,Deactivated,27,29,0,0,8363
2026-08-24T00:57:19.263442,0,0.0,0.0,79,12.7,0.0,Deactivated,27,29,0,0,8363
2026-08-24T00:57:19.264640,0,0.0,0.0,79,12.7,0.0,Deactivated,27,29,0,0,8363
2026-08-24T00:57:20.072621,0,0.0,0.0,79,12.7,0.0,Deactivated,27,29,0,0,8363
2026-08-24T00:57:20.073730,0,0.0,0.0,79,12.7,0.0,Deactivated,27,29,0,0,8363
2026-08-24T00:57:21.965872,0,0.0,0.0,79,12.7,0.0,Deactivated,27,28,0,0,8363
2026-08-24T00:57:21.970521,0,0.0,0.0,79,12.7,0.0,Deactivated,27,28,0,0,8363
2026-08-24T00:57:24.034142,0,0.0,0.0,79,12.7,0.0,Deactivated,27,28,0,0,8363
2026-08-24T00:57:24.036036,0,0.0,0.0,79,12.7,0.0,Deactivated,27,28,0,0,8363
2026-08-24T00:57:26.327966,0,0.0,0.0,79,12.7,0.0,Deactivated,27,28,0,0,8363
2026-08-24T00:57:26.329194,0,0.0,0.0,79,12.7,0.0,Deactivated,27,28,0,0,8363
2026-08-24T00:57:28.040045,0,0.0,0.0,79,12.7,0.0,Deactivated,27,29,0,0,8363
2026-08-24T00:57:28.042016,0,0.0,0.0,79,12.7,0.0,Deactivated,27,29,0,0,8363
2026-08-24T00:57:29.390026,0,0.0,0.0,79,12.7,0.0,Deactivated,27,29,0,0,8363
2026-08-24T00:57:29.392827,0,0.0,0.0,79,12.7,0.0,Deactivated,27,29,0,0,8363
2026-08-24T00:57:30.065164,0,0.0,0.0,79,12.7,0.0,Deactivated,27,29,0,0,8363
2026-08-24T00:57:30.070412,0,0.0,0.0,79,12.7,0.0,Deactivated,27,29,0,0,8363
2026-08-24T00:57:32.314637,0,0.0,0.0,79,12.7,0.0,Deactivated,27,28,0,0,8363
2026-08-24T00:57:32.316371,0,0.0,0.0,79,12.7,0.0,Deactivated,27,28,0,0,8363
2026-08-24T00:57:34.294443,0,0.0,0.0,79,12.7,0.0,Deactivated,27,28,0,0,8363
2026-08-24T00:57:34.298231,0,0.0,0.0,79,12.7,0.0,Deactivated,27,28,0,0,8363
2026-08-24T00:57:36.141217,0,0.0,0.0,79,12.7,0.0,Deactivated,27,28,0,0,8363
2026-08-24T00:57:36.144095,0,0.0,0.0,79,12.7,0.0,Deactivated,27,28,0,0,8363
2026-08-24T00:57:37.985695,0,0.0,0.0,78,12.7,0.0,Deactivated,27,28,0,0,8363
2026-08-24T00:57:37.987758,0,0.0,0.0,78,12.7,0.0,Deactivated,27,28,0,0,8363
2026-08-24T00:57:39.292058,0,0.0,0.0,78,12.7,0.0,Deactivated,27,28,0,0,8363
2026-08-24T00:57:39.294452,0,0.0,0.0,78,12.7,0.0,Deactivated,27,28,0,0,8363
2026-08-24T00:57:40.011924,0,0.0,0.0,78,12.7,0.0,Deactivated,27,28,0,0,8363
2026-08-24T00:57:40.647442,0,0.0,0.0,78,12.7,0.0,Deactivated,27,28,0,0,8363
2026-08-24T00:57:42.213647,0,0.0,0.0,78,12.7,0.0,Deactivated,27,28,0,0,8363
2026-08-24T00:57:42.214926,0,0.0,0.0,78,12.7,0.0,Deactivated,27,28,0,0,8363
2026-08-24T00:57:44.464161,0,0.0,0.0,78,12.7,0.0,Deactivated,27,29,0,0,8363
2026-08-24T00:57:44.465184,0,0.0,0.0,78,12.7,0.0,Deactivated,27,29,0,0,8363
2026-08-24T00:57:46.354003,0,0.0,0.0,78,12.7,0.0,Deactivated,27,28,0,0,8363
2026-08-24T00:57:46.355518,0,0.0,0.0,78,12.7,0.0,Deactivated,27,28,0,0,8363
2026-08-24T00:57:48.066080,0,0.0,0.0,78,12.7,0.0,Deactivated,27,28,0,0,8363
2026-08-24T00:57:48.067327,0,0.0,0.0,78,12.7,0.0,Deactivated,27,28,0,0,8363
2026-08-24T00:57:49.234222,0,0.0,0.0,78,12.7,0.0,Deactivated,27,28,0,0,8363
2026-08-24T00:57:49.235535,0,0.0,0.0,78,12.7,0.0,Deactivated,27,28,0,0,8363
2026-08-24T00:57:49.998758,0,0.0,0.0,78,12.7,0.0,Deactivated,27,28,0,0,8363
2026-08-24T00:57:50.000030,0,0.0,0.0,78,12.7,0.0,Deactivated,27,28,0,0,8363
2026-08-24T00:57:52.337542,0,0.0,0.0,78,12.7,0.0,Deactivated,27,28,0,0,8363
2026-08-24T00:57:52.338687,0,0.0,0.0,78,12.7,0.0,Deactivated,27,28,0,0,8363
2026-08-24T00:57:54.362545,0,0.0,0.0,78,12.7,0.0,Deactivated,27,28,0,0,8363
2026-08-24T00:57:54.363843,0,0.0,0.0,78,12.7,0.0,Deactivated,27,28,0,0,8363
2026-08-24T00:57:56.298489,0,0.0,0.0,78,12.7,0.0,Deactivated,27,28,0,0,8363
2026-08-24T00:57:56.299717,0,0.0,0.0,78,12.7,0.0,Deactivated,27,28,0,0,8363
2026-08-24T00:57:57.965455,0,0.0,0.0,78,12.7,0.0,Deactivated,27,28,0,0,8363
2026-08-24T00:57:57.966414,0,0.0,0.0,78,12.7,0.0,Deactivated,27,28,0,0,8363
2026-08-24T00:57:59.222491,0,0.0,0.0,78,12.7,0.0,Deactivated,27,29,0,0,8363
2026-08-24T00:57:59.223629,0,0.0,0.0,78,12.7,0.0,Deactivated,27,29,0,0,8363
2026-08-24T00:58:00.036479,0,0.0,0.0,78,12.7,0.0,Deactivated,27,28,0,0,8363
2026-08-24T00:58:00.038459,0,0.0,0.0,78,12.7,0.0,Deactivated,27,28,0,0,8363
2026-08-24T00:58:02.194211,0,0.0,0.0,78,12.7,0.0,Deactivated,27,28,0,0,8363
2026-08-24T00:58:02.195247,0,0.0,0.0,78,12.7,0.0,Deactivated,27,28,0,0,8363
2026-08-24T00:58:04.262417,0,0.0,0.0,78,12.7,0.0,Deactivated,27,29,0,0,8363
2026-08-24T00:58:04.263921,0,0.0,0.0,78,12.7,0.0,Deactivated,27,29,0,0,8363
2026-08-24T00:58:06.244106,0,0.0,0.0,78,12.7,0.0,Deactivated,27,28,0,0,8363
2026-08-24T00:58:06.245297,0,0.0,0.0,78,12.7,0.0,Deactivated,27,28,0,0,8363
2026-08-24T00:58:08.003309,0,0.0,0.0,78,12.7,0.0,Deactivated,27,28,0,0,8363
2026-08-24T00:58:08.006583,0,0.0,0.0,78,12.7,0.0,Deactivated,27,28,0,0,8363
2026-08-24T00:58:08.995648,0,0.0,0.0,78,12.7,0.0,Deactivated,27,28,0,0,8363
2026-08-24T00:58:08.997597,0,0.0,0.0,78,12.7,0.0,Deactivated,27,28,0,0,8363
2026-08-24T00:58:09.979171,0,0.0,0.0,78,12.7,0.0,Deactivated,27,28,0,0,8363
2026-08-24T00:58:09.982134,0,0.0,0.0,78,12.7,0.0,Deactivated,27,28,0,0,8363
2026-08-24T00:58:12.317589,0,0.0,0.0,79,12.7,0.0,Deactivated,27,28,0,0,8363
2026-08-24T00:58:12.320612,0,0.0,0.0,79,12.7,0.0,Deactivated,27,28,0,0,8363
2026-08-24T00:58:14.252152,0,0.0,0.0,79,12.7,0.0,Deactivated,27,29,0,0,8363
2026-08-24T00:58:14.253355,0,0.0,0.0,79,12.7,0.0,Deactivated,27,29,0,0,8363
2026-08-24T00:58:16.278072,0,0.0,0.0,79,12.7,0.0,Deactivated,27,28,0,0,8363
2026-08-24T00:58:16.279600,0,0.0,0.0,79,12.7,0.0,Deactivated,27,28,0,0,8363
2026-08-24T00:58:18.084239,0,0.0,0.0,78,12.7,0.0,Deactivated,27,28,0,0,8363
2026-08-24T00:58:18.089592,0,0.0,0.0,78,12.7,0.0,Deactivated,27,28,0,0,8363
2026-08-24T00:58:18.979104,0,0.0,0.0,78,12.7,0.0,Deactivated,27,28,0,0,8363
2026-08-24T00:58:18.980132,0,0.0,0.0,78,12.7,0.0,Deactivated,27,28,0,0,8363
2026-08-24T00:58:20.104699,0,0.0,0.0,78,12.7,0.0,Deactivated,27,28,0,0,8363
2026-08-24T00:58:20.106051,0,0.0,0.0,78,12.7,0.0,Deactivated,27,28,0,0,8363
2026-08-24T00:58:21.993268,0,0.0,0.0,78,12.7,0.0,Deactivated,27,28,0,0,8363
2026-08-24T00:58:21.994393,0,0.0,0.0,78,12.7,0.0,Deactivated,27,28,0,0,8363
2026-08-24T00:58:24.110180,0,0.0,0.0,78,12.7,0.0,Deactivated,27,29,0,0,8363
2026-08-24T00:58:24.113200,0,0.0,0.0,78,12.7,0.0,Deactivated,27,29,0,0,8363
2026-08-24T00:58:26.088808,0,0.0,0.0,78,12.7,0.0,Deactivated,27,28,0,0,8363
2026-08-24T00:58:26.095341,0,0.0,0.0,78,12.7,0.0,Deactivated,27,28,0,0,8363
2026-08-24T00:58:28.292259,0,0.0,0.0,79,12.7,0.0,Deactivated,27,28,0,0,8363
2026-08-24T00:58:28.293477,0,0.0,0.0,79,12.7,0.0,Deactivated,27,28,0,0,8363
2026-08-24T00:58:28.969005,0,0.0,0.0,79,12.7,0.0,Deactivated,27,28,0,0,8363
2026-08-24T00:58:28.970228,0,0.0,0.0,79,12.7,0.0,Deactivated,27,28,0,0,8363
2026-08-24T00:58:30.092335,0,0.0,0.0,79,12.7,0.0,Deactivated,27,28,0,0,8363
2026-08-24T00:58:30.093880,0,0.0,0.0,79,12.7,0.0,Deactivated,27,28,0,0,8363
2026-08-24T00:58:32.074375,0,0.0,0.0,79,12.7,0.0,Deactivated,27,28,0,0,8363
2026-08-24T00:58:32.079911,0,0.0,0.0,79,12.7,0.0,Deactivated,27,28,0,0,8363
2026-08-24T00:58:34.054349,0,0.0,0.0,79,12.7,0.0,Deactivated,27,28,0,0,8363
2026-08-24T00:58:34.056615,0,0.0,0.0,79,12.7,0.0,Deactivated,27,28,0,0,8363
2026-08-24T00:58:35.989079,0,0.0,0.0,79,12.7,0.0,Deactivated,27,28,0,0,8363
2026-08-24T00:58:35.990248,0,0.0,0.0,79,12.7,0.0,Deactivated,27,28,0,0,8363
2026-08-24T00:58:38.147524,0,0.0,0.0,78,12.7,0.0,Deactivated,27,28,0,0,8363
2026-08-24T00:58:38.149245,0,0.0,0.0,78,12.7,0.0,Deactivated,27,28,0,0,8363
2026-08-24T00:58:39.137811,0,0.0,0.0,78,12.7,0.0,Deactivated,27,29,0,0,8363
2026-08-24T00:58:39.140470,0,0.0,0.0,78,12.7,0.0,Deactivated,27,29,0,0,8363
2026-08-24T00:58:40.174318,0,0.0,0.0,78,12.7,0.0,Deactivated,27,29,0,0,8363
2026-08-24T00:58:40.175512,0,0.0,0.0,78,12.7,0.0,Deactivated,27,29,0,0,8363
2026-08-24T00:58:42.064468,0,0.0,0.0,79,12.7,0.0,Deactivated,27,29,0,0,8363
2026-08-24T00:58:42.065456,0,0.0,0.0,79,12.7,0.0,Deactivated,27,29,0,0,8363
2026-08-24T00:58:44.054484,0,0.0,0.0,79,12.7,0.0,Deactivated,27,28,0,0,8363
2026-08-24T00:58:44.057344,0,0.0,0.0,79,12.7,0.0,Deactivated,27,28,0,0,8363
2026-08-24T00:58:46.113304,0,0.0,0.0,79,12.7,0.0,Deactivated,27,28,0,0,8363
2026-08-24T00:58:46.114455,0,0.0,0.0,79,12.7,0.0,Deactivated,27,28,0,0,8363
2026-08-24T00:58:48.048299,0,0.0,0.0,78,12.7,0.0,Deactivated,27,28,0,0,8363
2026-08-24T00:58:48.049429,0,0.0,0.0,78,12.7,0.0,Deactivated,27,28,0,0,8363
2026-08-24T00:58:49.039927,0,0.0,0.0,78,12.7,0.0,Deactivated,27,28,0,0,8363
2026-08-24T00:58:49.042662,0,0.0,0.0,78,12.7,0.0,Deactivated,27,28,0,0,8363
2026-08-24T00:58:50.119266,0,0.0,0.0,78,12.7,0.0,Deactivated,27,28,0,0,8363
2026-08-24T00:58:50.120538,0,0.0,0.0,78,12.7,0.0,Deactivated,27,28,0,0,8363
2026-08-24T00:58:52.052975,0,0.0,0.0,78,12.7,0.0,Deactivated,27,29,0,0,8363
2026-08-24T00:58:52.054119,0,0.0,0.0,78,12.7,0.0,Deactivated,27,29,0,0,8363
2026-08-24T00:58:54.620934,0,0.0,0.0,78,12.7,0.0,Deactivated,27,28,0,0,8363
2026-08-24T00:58:54.624237,0,0.0,0.0,78,12.7,0.0,Deactivated,27,28,0,0,8363
2026-08-24T00:58:55.973366,0,0.0,0.0,78,12.7,0.0,Deactivated,27,28,0,0,8363
2026-08-24T00:58:55.974888,0,0.0,0.0,78,12.7,0.0,Deactivated,27,28,0,0,8363
2026-08-24T00:58:58.084794,0,0.0,0.0,78,12.7,0.0,Deactivated,27,28,0,0,8363
2026-08-24T00:58:58.085949,0,0.0,0.0,78,12.7,0.0,Deactivated,27,28,0,0,8363
2026-08-24T00:58:59.123100,0,0.0,0.0,78,12.7,0.0,Deactivated,27,29,0,0,8363
2026-08-24T00:58:59.126146,0,0.0,0.0,78,12.7,0.0,Deactivated,27,29,0,0,8363
2026-08-24T00:59:00.107745,0,0.0,0.0,78,12.7,0.0,Deactivated,27,28,0,0,8363
2026-08-24T00:59:00.111204,0,0.0,0.0,78,12.7,0.0,Deactivated,27,28,0,0,8363
2026-08-24T00:59:02.132941,0,0.0,0.0,78,12.7,0.0,Deactivated,27,28,0,0,8363
2026-08-24T00:59:02.134886,0,0.0,0.0,78,12.7,0.0,Deactivated,27,28,0,0,8363
2026-08-24T00:59:04.158052,0,0.0,0.0,78,12.7,0.0,Deactivated,27,29,0,0,8363
2026-08-24T00:59:04.159514,0,0.0,0.0,78,12.7,0.0,Deactivated,27,29,0,0,8363
2026-08-24T00:59:06.183131,0,0.0,0.0,78,12.7,0.0,Deactivated,27,29,0,0,8363
2026-08-24T00:59:06.184320,0,0.0,0.0,78,12.7,0.0,Deactivated,27,29,0,0,8363
2026-08-24T00:59:08.163468,0,0.0,0.0,78,12.7,0.0,Deactivated,27,29,0,0,8363
2026-08-24T00:59:08.165269,0,0.0,0.0,78,12.7,0.0,Deactivated,27,29,0,0,8363
2026-08-24T00:59:09.020126,0,0.0,0.0,78,12.7,0.0,Deactivated,27,28,0,0,8363
2026-08-24T00:59:09.021629,0,0.0,0.0,78,12.7,0.0,Deactivated,27,28,0,0,8363
2026-08-24T00:59:10.279215,0,0.0,0.0,78,12.7,0.0,Deactivated,27,28,0,0,8363
2026-08-24T00:59:10.282110,0,0.0,0.0,78,12.7,0.0,Deactivated,27,28,0,0,8363
2026-08-24T00:59:11.987697,0,0.0,0.0,79,12.7,0.0,Deactivated,27,28,0,0,8363
2026-08-24T00:59:11.991955,0,0.0,0.0,79,12.7,0.0,Deactivated,27,28,0,0,8363
2026-08-24T00:59:14.148944,0,0.0,0.0,79,12.7,0.0,Deactivated,27,28,0,0,8363
2026-08-24T00:59:14.156899,0,0.0,0.0,79,12.7,0.0,Deactivated,27,28,0,0,8363
2026-08-24T00:59:16.037817,0,0.0,0.0,79,12.7,0.0,Deactivated,27,28,0,0,8363
2026-08-24T00:59:16.040289,0,0.0,0.0,79,12.7,0.0,Deactivated,27,28,0,0,8363
2026-08-24T00:59:18.064002,0,0.0,0.0,78,12.7,0.0,Deactivated,27,28,0,0,8363
2026-08-24T00:59:18.065304,0,0.0,0.0,78,12.7,0.0,Deactivated,27,28,0,0,8363
2026-08-24T00:59:19.010678,0,0.0,0.0,78,12.7,0.0,Deactivated,27,28,0,0,8363
2026-08-24T00:59:19.011780,0,0.0,0.0,78,12.7,0.0,Deactivated,27,28,0,0,8363
2026-08-24T00:59:20.046214,0,0.0,0.0,78,12.7,0.0,Deactivated,27,28,0,0,8363
2026-08-24T00:59:20.047388,0,0.0,0.0,78,12.7,0.0,Deactivated,27,28,0,0,8363
2026-08-24T00:59:22.113034,0,0.0,0.0,79,12.7,0.0,Deactivated,27,29,0,0,8363
2026-08-24T00:59:22.114824,0,0.0,0.0,79,12.7,0.0,Deactivated,27,29,0,0,8363
2026-08-24T00:59:24.093021,0,0.0,0.0,79,12.7,0.0,Deactivated,27,28,0,0,8363
2026-08-24T00:59:24.096203,0,0.0,0.0,79,12.7,0.0,Deactivated,27,28,0,0,8363
2026-08-24T00:59:26.080722,0,0.0,0.0,79,12.7,0.0,Deactivated,27,28,0,0,8363
2026-08-24T00:59:26.083356,0,0.0,0.0,79,12.7,0.0,Deactivated,27,28,0,0,8363
2026-08-24T00:59:28.054471,0,0.0,0.0,78,12.7,0.0,Deactivated,27,28,0,0,8363
2026-08-24T00:59:28.057661,0,0.0,0.0,78,12.7,0.0,Deactivated,27,28,0,0,8363
2026-08-24T00:59:29.045117,0,0.0,0.0,78,12.7,0.0,Deactivated,27,28,0,0,8363
2026-08-24T00:59:29.047059,0,0.0,0.0,78,12.7,0.0,Deactivated,27,28,0,0,8363
2026-08-24T00:59:29.989308,0,0.0,0.0,78,12.7,0.0,Deactivated,27,29,0,0,8363
2026-08-24T00:59:29.990727,0,0.0,0.0,78,12.7,0.0,Deactivated,27,29,0,0,8363
2026-08-24T00:59:32.103809,0,0.0,0.0,78,12.7,0.0,Deactivated,27,28,0,0,8363
2026-08-24T00:59:32.104961,0,0.0,0.0,78,12.7,0.0,Deactivated,27,28,0,0,8363
2026-08-24T00:59:34.172702,0,0.0,0.0,78,12.7,0.0,Deactivated,27,28,0,0,8363
2026-08-24T00:59:34.173759,0,0.0,0.0,78,12.7,0.0,Deactivated,27,28,0,0,8363
2026-08-24T00:59:36.245000,0,0.0,0.0,78,12.7,0.0,Deactivated,27,28,0,0,8363
2026-08-24T00:59:36.247479,0,0.0,0.0,78,12.7,0.0,Deactivated,27,28,0,0,8363
2026-08-24T00:59:38.043827,0,0.0,0.0,78,12.7,0.0,Deactivated,27,28,0,0,8363
2026-08-24T00:59:38.045034,0,0.0,0.0,78,12.7,0.0,Deactivated,27,28,0,0,8363
2026-08-24T00:59:39.127885,0,0.0,0.0,78,12.7,0.0,Deactivated,27,28,0,0,8363
2026-08-24T00:59:39.129658,0,0.0,0.0,78,12.7,0.0,Deactivated,27,28,0,0,8363
2026-08-24T00:59:39.981839,0,0.0,0.0,78,12.7,0.0,Deactivated,27,28,0,0,8363
2026-08-24T00:59:39.983748,0,0.0,0.0,78,12.7,0.0,Deactivated,27,28,0,0,8363
2026-08-24T00:59:42.095647,0,0.0,0.0,78,12.7,0.0,Deactivated,27,29,0,0,8363
2026-08-24T00:59:42.097038,0,0.0,0.0,78,12.7,0.0,Deactivated,27,29,0,0,8363
2026-08-24T00:59:44.117596,0,0.0,0.0,78,12.7,0.0,Deactivated,27,28,0,0,8363
2026-08-24T00:59:44.118633,0,0.0,0.0,78,12.7,0.0,Deactivated,27,28,0,0,8363
2026-08-24T00:59:46.007307,0,0.0,0.0,78,12.7,0.0,Deactivated,27,28,0,0,8363
2026-08-24T00:59:46.008338,0,0.0,0.0,78,12.7,0.0,Deactivated,27,28,0,0,8363
2026-08-24T00:59:48.303044,0,0.0,0.0,78,12.7,0.0,Deactivated,27,28,0,0,8363
2026-08-24T00:59:48.304494,0,0.0,0.0,78,12.7,0.0,Deactivated,27,28,0,0,8363
2026-08-24T00:59:49.031206,0,0.0,0.0,78,12.7,0.0,Deactivated,27,28,0,0,8363
2026-08-24T00:59:49.037802,0,0.0,0.0,78,12.7,0.0,Deactivated,27,28,0,0,8363
2026-08-24T00:59:50.147842,0,0.0,0.0,78,12.7,0.0,Deactivated,27,28,0,0,8363
2026-08-24T00:59:50.148719,0,0.0,0.0,78,12.7,0.0,Deactivated,27,28,0,0,8363
2026-08-24T00:59:51.996962,0,0.0,0.0,78,12.7,0.0,Deactivated,27,28,0,0,8363
2026-08-24T00:59:51.998708,0,0.0,0.0,78,12.7,0.0,Deactivated,27,28,0,0,8363
2026-08-24T00:59:53.976727,0,0.0,0.0,78,12.7,0.0,Deactivated,27,29,0,0,8363
2026-08-24T00:59:53.978206,0,0.0,0.0,78,12.7,0.0,Deactivated,27,29,0,0,8363
2026-08-24T00:59:56.042812,0,0.0,0.0,78,12.7,0.0,Deactivated,27,28,0,0,8363
2026-08-24T00:59:56.044177,0,0.0,0.0,78,12.7,0.0,Deactivated,27,28,0,0,8363
2026-08-24T00:59:58.024820,0,0.0,0.0,78,12.7,0.0,Deactivated,27,28,0,0,8363
2026-08-24T00:59:58.026841,0,0.0,0.0,78,12.7,0.0,Deactivated,27,28,0,0,8363
2026-08-24T00:59:58.969337,0,0.0,0.0,78,12.7,0.0,Deactivated,27,28,0,0,8363
2026-08-24T00:59:58.971056,0,0.0,0.0,78,12.7,0.0,Deactivated,27,28,0,0,8363
2026-08-24T01:00:00.049684,0,0.0,0.0,78,12.7,0.0,Deactivated,27,29,0,0,8363
2026-08-24T01:00:00.051833,0,0.0,0.0,78,12.7,0.0,Deactivated,27,29,0,0,8363
2026-08-24T01:00:02.074702,0,0.0,0.0,78,12.7,0.0,Deactivated,27,28,0,0,8363
2026-08-24T01:00:02.076753,0,0.0,0.0,78,12.7,0.0,Deactivated,27,28,0,0,8363
2026-08-24T01:00:04.055045,0,0.0,0.0,78,12.7,0.0,Deactivated,27,28,0,0,8363
2026-08-24T01:00:04.057352,0,0.0,0.0,78,12.7,0.0,Deactivated,27,28,0,0,8363
2026-08-24T01:00:06.122408,0,0.0,0.0,78,12.7,0.0,Deactivated,27,28,0,0,8363
2026-08-24T01:00:06.129592,0,0.0,0.0,78,12.7,0.0,Deactivated,27,28,0,0,8363
2026-08-24T01:00:07.969860,0,0.0,0.0,78,12.7,0.0,Deactivated,27,28,0,0,8363
2026-08-24T01:00:07.971277,0,0.0,0.0,78,12.7,0.0,Deactivated,27,28,0,0,8363
2026-08-24T01:00:09.048363,0,0.0,0.0,78,12.7,0.0,Deactivated,27,28,0,0,8363
2026-08-24T01:00:09.049804,0,0.0,0.0,78,12.7,0.0,Deactivated,27,28,0,0,8363
2026-08-24T01:00:10.038941,0,0.0,0.0,78,12.7,0.0,Deactivated,27,28,0,0,8363
2026-08-24T01:00:10.040980,0,0.0,0.0,78,12.7,0.0,Deactivated,27,28,0,0,8363
2026-08-24T01:00:12.071465,0,0.0,0.0,78,12.7,0.0,Deactivated,27,28,0,0,8363
2026-08-24T01:00:12.072965,0,0.0,0.0,78,12.7,0.0,Deactivated,27,28,0,0,8363
2026-08-24T01:00:14.087899,0,0.0,0.0,78,12.7,0.0,Deactivated,27,29,0,0,8363
2026-08-24T01:00:14.091705,0,0.0,0.0,78,12.7,0.0,Deactivated,27,29,0,0,8363
2026-08-24T01:00:16.115820,0,0.0,0.0,78,12.7,0.0,Deactivated,27,29,0,0,8363
2026-08-24T01:00:16.117697,0,0.0,0.0,78,12.7,0.0,Deactivated,27,29,0,0,8363
2026-08-24T01:00:18.051807,0,0.0,0.0,79,12.7,0.0,Deactivated,27,28,0,0,8363
2026-08-24T01:00:18.053200,0,0.0,0.0,79,12.7,0.0,Deactivated,27,28,0,0,8363
2026-08-24T01:00:18.994556,0,0.0,0.0,79,12.7,0.0,Deactivated,27,28,0,0,8363
2026-08-24T01:00:18.996009,0,0.0,0.0,79,12.7,0.0,Deactivated,27,28,0,0,8363
2026-08-24T01:00:19.985840,0,0.0,0.0,79,12.7,0.0,Deactivated,27,28,0,0,8363
2026-08-24T01:00:19.987498,0,0.0,0.0,79,12.7,0.0,Deactivated,27,28,0,0,8363
2026-08-24T01:00:26.106993,0,0.0,0.0,78,12.7,0.0,Deactivated,27,28,0,0,8363
2026-08-24T01:00:26.688851,0,0.0,0.0,78,12.7,0.0,Deactivated,27,28,0,0,8363
2026-08-24T01:00:28.039420,0,0.0,0.0,79,12.7,0.0,Deactivated,27,28,0,0,8363
2026-08-24T01:00:28.040912,0,0.0,0.0,79,12.7,0.0,Deactivated,27,28,0,0,8363
2026-08-24T01:00:29.073709,0,0.0,0.0,79,12.7,0.0,Deactivated,27,28,0,0,8363
2026-08-24T01:00:29.079254,0,0.0,0.0,79,12.7,0.0,Deactivated,27,28,0,0,8363
2026-08-24T01:00:30.160416,0,0.0,0.0,79,12.7,0.0,Deactivated,27,28,0,0,8363
2026-08-24T01:00:30.161993,0,0.0,0.0,79,12.7,0.0,Deactivated,27,28,0,0,8363
2026-08-24T01:00:32.177205,0,0.0,0.0,78,12.7,0.0,Deactivated,27,29,0,0,8363
2026-08-24T01:00:32.178735,0,0.0,0.0,78,12.7,0.0,Deactivated,27,29,0,0,8363
2026-08-24T01:00:34.339775,0,0.0,0.0,78,12.7,0.0,Deactivated,27,28,0,0,8363
2026-08-24T01:00:34.341616,0,0.0,0.0,78,12.7,0.0,Deactivated,27,28,0,0,8363
2026-08-24T01:00:36.319430,0,0.0,0.0,78,12.7,0.0,Deactivated,27,28,0,0,8363
2026-08-24T01:00:36.321304,0,0.0,0.0,78,12.7,0.0,Deactivated,27,28,0,0,8363
2026-08-24T01:00:38.164986,0,0.0,0.0,78,12.7,0.0,Deactivated,27,28,0,0,8363
2026-08-24T01:00:38.167123,0,0.0,0.0,78,12.7,0.0,Deactivated,27,28,0,0,8363
2026-08-24T01:00:39.065237,0,0.0,0.0,78,12.7,0.0,Deactivated,27,28,0,0,8363
2026-08-24T01:00:39.066392,0,0.0,0.0,78,12.7,0.0,Deactivated,27,28,0,0,8363
2026-08-24T01:00:40.055227,0,0.0,0.0,78,12.7,0.0,Deactivated,27,29,0,0,8363
2026-08-24T01:00:40.057322,0,0.0,0.0,78,12.7,0.0,Deactivated,27,29,0,0,8363
2026-08-24T01:00:42.262192,0,0.0,0.0,78,12.7,0.0,Deactivated,27,29,0,0,8363
2026-08-24T01:00:42.264465,0,0.0,0.0,78,12.7,0.0,Deactivated,27,29,0,0,8363
2026-08-24T01:00:44.374235,0,0.0,0.0,78,12.7,0.0,Deactivated,27,28,0,0,8363
2026-08-24T01:00:44.376592,0,0.0,0.0,78,12.7,0.0,Deactivated,27,28,0,0,8363
2026-08-24T01:00:45.995849,0,0.0,0.0,78,12.7,0.0,Deactivated,27,28,0,0,8363
2026-08-24T01:00:45.998060,0,0.0,0.0,78,12.7,0.0,Deactivated,27,28,0,0,8363
2026-08-24T01:00:48.107719,0,0.0,0.0,78,12.7,0.0,Deactivated,27,28,0,0,8363
2026-08-24T01:00:48.109231,0,0.0,0.0,78,12.7,0.0,Deactivated,27,28,0,0,8363
2026-08-24T01:00:49.100191,0,0.0,0.0,78,12.7,0.0,Deactivated,27,28,0,0,8363
2026-08-24T01:00:49.102404,0,0.0,0.0,78,12.7,0.0,Deactivated,27,28,0,0,8363
2026-08-24T01:00:50.043761,0,0.0,0.0,78,12.7,0.0,Deactivated,27,28,0,0,8363
2026-08-24T01:00:50.044914,0,0.0,0.0,78,12.7,0.0,Deactivated,27,28,0,0,8363
2026-08-24T01:00:52.023395,0,0.0,0.0,78,12.7,0.0,Deactivated,27,29,0,0,8363
2026-08-24T01:00:52.024527,0,0.0,0.0,78,12.7,0.0,Deactivated,27,29,0,0,8363
2026-08-24T01:00:54.051734,0,0.0,0.0,78,12.7,0.0,Deactivated,27,28,0,0,8363
2026-08-24T01:00:54.054397,0,0.0,0.0,78,12.7,0.0,Deactivated,27,28,0,0,8363
2026-08-24T01:00:56.075457,0,0.0,0.0,78,12.7,0.0,Deactivated,27,28,0,0,8363
2026-08-24T01:00:56.077222,0,0.0,0.0,78,12.7,0.0,Deactivated,27,28,0,0,8363
2026-08-24T01:00:58.056795,0,0.0,0.0,78,12.7,0.0,Deactivated,27,28,0,0,8363
2026-08-24T01:00:58.059317,0,0.0,0.0,78,12.7,0.0,Deactivated,27,28,0,0,8363
2026-08-24T01:00:59.044263,0,0.0,0.0,78,12.7,0.0,Deactivated,27,29,0,0,8363
2026-08-24T01:00:59.045525,0,0.0,0.0,78,12.7,0.0,Deactivated,27,29,0,0,8363
2026-08-24T01:01:00.032407,0,0.0,0.0,78,12.7,0.0,Deactivated,27,28,0,0,8363
2026-08-24T01:01:00.033753,0,0.0,0.0,78,12.7,0.0,Deactivated,27,28,0,0,8363
2026-08-24T01:01:02.065368,0,0.0,0.0,78,12.7,0.0,Deactivated,27,28,0,0,8363
2026-08-24T01:01:02.066717,0,0.0,0.0,78,12.7,0.0,Deactivated,27,28,0,0,8363
2026-08-24T01:01:03.994876,0,0.0,0.0,78,12.7,0.0,Deactivated,27,28,0,0,8363
2026-08-24T01:01:03.995934,0,0.0,0.0,78,12.7,0.0,Deactivated,27,28,0,0,8363
2026-08-24T01:01:05.973512,0,0.0,0.0,78,12.7,0.0,Deactivated,27,28,0,0,8363
2026-08-24T01:01:05.975101,0,0.0,0.0,78,12.7,0.0,Deactivated,27,28,0,0,8363
2026-08-24T01:01:08.133550,0,0.0,0.0,78,12.7,0.0,Deactivated,27,28,0,0,8363
2026-08-24T01:01:08.135106,0,0.0,0.0,78,12.7,0.0,Deactivated,27,28,0,0,8363
2026-08-24T01:01:09.078233,0,0.0,0.0,78,12.7,0.0,Deactivated,27,28,0,0,8363
2026-08-24T01:01:09.080022,0,0.0,0.0,78,12.7,0.0,Deactivated,27,28,0,0,8363
2026-08-24T01:01:09.978612,0,0.0,0.0,78,12.7,0.0,Deactivated,27,28,0,0,8363
2026-08-24T01:01:09.980623,0,0.0,0.0,78,12.7,0.0,Deactivated,27,28,0,0,8363
2026-08-24T01:01:12.228977,0,0.0,0.0,78,12.7,0.0,Deactivated,27,28,0,0,8363
2026-08-24T01:01:12.230951,0,0.0,0.0,78,12.7,0.0,Deactivated,27,28,0,0,8363
2026-08-24T01:01:14.162921,0,0.0,0.0,78,12.7,0.0,Deactivated,27,28,0,0,8363
2026-08-24T01:01:14.163891,0,0.0,0.0,78,12.7,0.0,Deactivated,27,28,0,0,8363
2026-08-24T01:01:16.145158,0,0.0,0.0,78,12.7,0.0,Deactivated,27,28,0,0,8363
2026-08-24T01:01:16.146388,0,0.0,0.0,78,12.7,0.0,Deactivated,27,28,0,0,8363
2026-08-24T01:01:18.036492,0,0.0,0.0,79,12.7,0.0,Deactivated,27,28,0,0,8363
2026-08-24T01:01:18.038136,0,0.0,0.0,79,12.7,0.0,Deactivated,27,28,0,0,8363
2026-08-24T01:01:19.025253,0,0.0,0.0,79,12.7,0.0,Deactivated,27,29,0,0,8363
2026-08-24T01:01:19.027217,0,0.0,0.0,79,12.7,0.0,Deactivated,27,29,0,0,8363
2026-08-24T01:01:20.060219,0,0.0,0.0,79,12.7,0.0,Deactivated,27,29,0,0,8363
2026-08-24T01:01:20.061428,0,0.0,0.0,79,12.7,0.0,Deactivated,27,29,0,0,8363
2026-08-24T01:01:21.993563,0,0.0,0.0,79,12.7,0.0,Deactivated,27,28,0,0,8363
2026-08-24T01:01:21.996122,0,0.0,0.0,79,12.7,0.0,Deactivated,27,28,0,0,8363
2026-08-24T01:01:24.018936,0,0.0,0.0,78,12.7,0.0,Deactivated,27,29,0,0,8363
2026-08-24T01:01:24.020319,0,0.0,0.0,78,12.7,0.0,Deactivated,27,29,0,0,8363
2026-08-24T01:01:26.088246,0,0.0,0.0,78,12.7,0.0,Deactivated,27,28,0,0,8363
2026-08-24T01:01:26.089485,0,0.0,0.0,78,12.7,0.0,Deactivated,27,28,0,0,8363
2026-08-24T01:01:28.120176,0,0.0,0.0,78,12.7,0.0,Deactivated,27,28,0,0,8363
2026-08-24T01:01:28.121853,0,0.0,0.0,78,12.7,0.0,Deactivated,27,28,0,0,8363
2026-08-24T01:01:29.013470,0,0.0,0.0,78,12.7,0.0,Deactivated,27,29,0,0,8363
2026-08-24T01:01:29.015380,0,0.0,0.0,78,12.7,0.0,Deactivated,27,29,0,0,8363
2026-08-24T01:01:30.094519,0,0.0,0.0,78,12.7,0.0,Deactivated,27,28,0,0,8363
2026-08-24T01:01:30.096008,0,0.0,0.0,78,12.7,0.0,Deactivated,27,28,0,0,8363
2026-08-24T01:01:31.984329,0,0.0,0.0,78,12.7,0.0,Deactivated,27,28,0,0,8363
2026-08-24T01:01:31.985685,0,0.0,0.0,78,12.7,0.0,Deactivated,27,28,0,0,8363
2026-08-24T01:01:34.011436,0,0.0,0.0,80,12.7,0.0,Deactivated,27,28,0,0,8363
2026-08-24T01:01:34.013056,0,0.0,0.0,80,12.7,0.0,Deactivated,27,28,0,0,8363
2026-08-24T01:01:36.033759,0,0.0,0.0,80,12.7,0.0,Deactivated,27,28,0,0,8363
2026-08-24T01:01:36.035719,0,0.0,0.0,80,12.7,0.0,Deactivated,27,28,0,0,8363
2026-08-24T01:01:38.059513,0,0.0,0.0,78,12.7,0.0,Deactivated,27,29,0,0,8363
2026-08-24T01:01:38.061438,0,0.0,0.0,78,12.7,0.0,Deactivated,27,29,0,0,8363
2026-08-24T01:01:39.054346,0,0.0,0.0,78,12.7,0.0,Deactivated,27,28,0,0,8363
2026-08-24T01:01:39.063577,0,0.0,0.0,78,12.7,0.0,Deactivated,27,28,0,0,8363
2026-08-24T01:01:40.128331,0,0.0,0.0,78,12.7,0.0,Deactivated,27,28,0,0,8363
2026-08-24T01:01:40.130311,0,0.0,0.0,78,12.7,0.0,Deactivated,27,28,0,0,8363
2026-08-24T01:01:42.109743,0,0.0,0.0,78,12.7,0.0,Deactivated,27,29,0,0,8363
2026-08-24T01:01:42.111115,0,0.0,0.0,78,12.7,0.0,Deactivated,27,29,0,0,8363
2026-08-24T01:01:44.132847,0,0.0,0.0,79,12.7,0.0,Deactivated,27,28,0,0,8363
2026-08-24T01:01:44.133970,0,0.0,0.0,79,12.7,0.0,Deactivated,27,28,0,0,8363
2026-08-24T01:01:46.472988,0,0.0,0.0,79,12.7,0.0,Deactivated,27,28,0,0,8363
2026-08-24T01:01:46.474177,0,0.0,0.0,79,12.7,0.0,Deactivated,27,28,0,0,8363
2026-08-24T01:01:48.054705,0,0.0,0.0,78,12.7,0.0,Deactivated,27,28,0,0,8363
2026-08-24T01:01:48.055999,0,0.0,0.0,78,12.7,0.0,Deactivated,27,28,0,0,8363
2026-08-24T01:01:49.038680,0,0.0,0.0,78,12.7,0.0,Deactivated,27,29,0,0,8363
2026-08-24T01:01:49.041814,0,0.0,0.0,78,12.7,0.0,Deactivated,27,29,0,0,8363
2026-08-24T01:01:50.163097,0,0.0,0.0,78,12.7,0.0,Deactivated,27,28,0,0,8363
2026-08-24T01:01:50.164501,0,0.0,0.0,78,12.7,0.0,Deactivated,27,28,0,0,8363
2026-08-24T01:01:52.100262,0,0.0,0.0,78,12.7,0.0,Deactivated,27,28,0,0,8363
2026-08-24T01:01:52.101493,0,0.0,0.0,78,12.7,0.0,Deactivated,27,28,0,0,8363
2026-08-24T01:01:54.394759,0,0.0,0.0,79,12.7,0.0,Deactivated,27,28,0,0,8363
2026-08-24T01:01:54.399536,0,0.0,0.0,79,12.7,0.0,Deactivated,27,28,0,0,8363
2026-08-24T01:01:56.013176,0,0.0,0.0,79,12.7,0.0,Deactivated,27,28,0,0,8363
2026-08-24T01:01:56.014698,0,0.0,0.0,79,12.7,0.0,Deactivated,27,28,0,0,8363
2026-08-24T01:01:58.040239,0,0.0,0.0,78,12.7,0.0,Deactivated,27,28,0,0,8363
2026-08-24T01:01:58.041904,0,0.0,0.0,78,12.7,0.0,Deactivated,27,28,0,0,8363
2026-08-24T01:01:59.212719,0,0.0,0.0,78,12.7,0.0,Deactivated,27,29,0,0,8363
2026-08-24T01:01:59.213997,0,0.0,0.0,78,12.7,0.0,Deactivated,27,29,0,0,8363
2026-08-24T01:02:00.156593,0,0.0,0.0,78,12.7,0.0,Deactivated,27,29,0,0,8363
2026-08-24T01:02:00.158291,0,0.0,0.0,78,12.7,0.0,Deactivated,27,29,0,0,8363
2026-08-24T01:02:02.088184,0,0.0,0.0,78,12.7,0.0,Deactivated,27,29,0,0,8363
2026-08-24T01:02:02.089290,0,0.0,0.0,78,12.7,0.0,Deactivated,27,29,0,0,8363
2026-08-24T01:02:04.117278,0,0.0,0.0,78,12.7,0.0,Deactivated,27,28,0,0,8363
2026-08-24T01:02:04.118587,0,0.0,0.0,78,12.7,0.0,Deactivated,27,28,0,0,8363
2026-08-24T01:02:06.096346,0,0.0,0.0,78,12.7,0.0,Deactivated,27,29,0,0,8363
2026-08-24T01:02:06.101134,0,0.0,0.0,78,12.7,0.0,Deactivated,27,29,0,0,8363
2026-08-24T01:02:08.029166,0,0.0,0.0,78,12.7,0.0,Deactivated,27,28,0,0,8363
2026-08-24T01:02:08.033055,0,0.0,0.0,78,12.7,0.0,Deactivated,27,28,0,0,8363
2026-08-24T01:02:09.108955,0,0.0,0.0,78,12.7,0.0,Deactivated,27,29,0,0,8363
2026-08-24T01:02:09.110610,0,0.0,0.0,78,12.7,0.0,Deactivated,27,29,0,0,8363
2026-08-24T01:02:10.099690,0,0.0,0.0,78,12.7,0.0,Deactivated,27,29,0,0,8363
2026-08-24T01:02:10.102388,0,0.0,0.0,78,12.7,0.0,Deactivated,27,29,0,0,8363
2026-08-24T01:02:12.077915,0,0.0,0.0,78,12.7,0.0,Deactivated,27,28,0,0,8363
2026-08-24T01:02:12.094295,0,0.0,0.0,78,12.7,0.0,Deactivated,27,28,0,0,8363
2026-08-24T01:02:14.015479,0,0.0,0.0,78,12.7,0.0,Deactivated,27,28,0,0,8363
2026-08-24T01:02:14.016866,0,0.0,0.0,78,12.7,0.0,Deactivated,27,28,0,0,8363
2026-08-24T01:02:16.084811,0,0.0,0.0,78,12.7,0.0,Deactivated,27,28,0,0,8363
2026-08-24T01:02:16.086603,0,0.0,0.0,78,12.7,0.0,Deactivated,27,28,0,0,8363
2026-08-24T01:02:18.062736,0,0.0,0.0,78,12.7,0.0,Deactivated,27,28,0,0,8363
2026-08-24T01:02:18.064362,0,0.0,0.0,78,12.7,0.0,Deactivated,27,28,0,0,8363
2026-08-24T01:02:19.097473,0,0.0,0.0,78,12.7,0.0,Deactivated,27,28,0,0,8363
2026-08-24T01:02:19.098571,0,0.0,0.0,78,12.7,0.0,Deactivated,27,28,0,0,8363
2026-08-24T01:02:20.134588,0,0.0,0.0,78,12.7,0.0,Deactivated,27,28,0,0,8363
2026-08-24T01:02:20.136111,0,0.0,0.0,78,12.7,0.0,Deactivated,27,28,0,0,8363
2026-08-24T01:02:22.293581,0,0.0,0.0,78,12.7,0.0,Deactivated,27,28,0,0,8363
2026-08-24T01:02:22.295187,0,0.0,0.0,78,12.7,0.0,Deactivated,27,28,0,0,8363
2026-08-24T01:02:24.006542,0,0.0,0.0,78,12.7,0.0,Deactivated,27,28,0,0,8363
2026-08-24T01:02:24.011292,0,0.0,0.0,78,12.7,0.0,Deactivated,27,28,0,0,8363
2026-08-24T01:02:26.346621,0,0.0,0.0,78,12.7,0.0,Deactivated,27,28,0,0,8363
2026-08-24T01:02:26.348528,0,0.0,0.0,78,12.7,0.0,Deactivated,27,28,0,0,8363
2026-08-24T01:02:28.054207,0,0.0,0.0,79,12.7,0.0,Deactivated,27,28,0,0,8363
2026-08-24T01:02:28.056211,0,0.0,0.0,79,12.7,0.0,Deactivated,27,28,0,0,8363
2026-08-24T01:02:28.998511,0,0.0,0.0,79,12.7,0.0,Deactivated,27,28,0,0,8363
2026-08-24T01:02:29.002170,0,0.0,0.0,79,12.7,0.0,Deactivated,27,28,0,0,8363
2026-08-24T01:02:30.151985,0,0.0,0.0,79,12.7,0.0,Deactivated,27,28,0,0,8363
2026-08-24T01:02:30.154997,0,0.0,0.0,79,12.7,0.0,Deactivated,27,28,0,0,8363
2026-08-24T01:02:32.027759,0,0.0,0.0,79,12.7,0.0,Deactivated,27,28,0,0,8363
2026-08-24T01:02:32.033237,0,0.0,0.0,79,12.7,0.0,Deactivated,27,28,0,0,8363
2026-08-24T01:02:34.176980,0,0.0,0.0,78,12.7,0.0,Deactivated,27,29,0,0,8363
2026-08-24T01:02:34.180833,0,0.0,0.0,78,12.7,0.0,Deactivated,27,29,0,0,8363
2026-08-24T01:02:36.211214,0,0.0,0.0,78,12.7,0.0,Deactivated,27,28,0,0,8363
2026-08-24T01:02:36.223144,0,0.0,0.0,78,12.7,0.0,Deactivated,27,28,0,0,8363
2026-08-24T01:02:38.089921,0,0.0,0.0,78,12.7,0.0,Deactivated,27,28,0,0,8363
2026-08-24T01:02:38.133151,0,0.0,0.0,78,12.7,0.0,Deactivated,27,28,0,0,8363
2026-08-24T01:02:39.393939,0,0.0,0.0,78,12.7,0.0,Deactivated,27,28,0,0,8363
2026-08-24T01:02:39.404321,0,0.0,0.0,78,12.7,0.0,Deactivated,27,28,0,0,8363
2026-08-24T01:02:40.075782,0,0.0,0.0,78,12.7,0.0,Deactivated,27,28,0,0,8363
2026-08-24T01:02:40.083034,0,0.0,0.0,78,12.7,0.0,Deactivated,27,28,0,0,8363
2026-08-24T01:02:42.140357,0,0.0,0.0,78,12.7,0.0,Deactivated,27,29,0,0,8363
2026-08-24T01:02:42.145439,0,0.0,0.0,78,12.7,0.0,Deactivated,27,29,0,0,8363
2026-08-24T01:02:43.987986,0,0.0,0.0,79,12.7,0.0,Deactivated,27,28,0,0,8363
2026-08-24T01:02:43.996746,0,0.0,0.0,79,12.7,0.0,Deactivated,27,28,0,0,8363
2026-08-24T01:02:46.054403,0,0.0,0.0,79,12.7,0.0,Deactivated,27,28,0,0,8363
2026-08-24T01:02:46.059776,0,0.0,0.0,79,12.7,0.0,Deactivated,27,28,0,0,8363
2026-08-24T01:02:48.419468,0,0.0,0.0,78,12.7,0.0,Deactivated,27,28,0,0,8363
2026-08-24T01:02:48.427529,0,0.0,0.0,78,12.7,0.0,Deactivated,27,28,0,0,8363
2026-08-24T01:02:48.982249,0,0.0,0.0,78,12.7,0.0,Deactivated,27,28,0,0,8363
2026-08-24T01:02:48.995180,0,0.0,0.0,78,12.7,0.0,Deactivated,27,28,0,0,8363
2026-08-24T01:02:50.018019,0,0.0,0.0,78,12.7,0.0,Deactivated,27,28,0,0,8363
2026-08-24T01:02:50.027383,0,0.0,0.0,78,12.7,0.0,Deactivated,27,28,0,0,8363
2026-08-24T01:02:52.135369,0,0.0,0.0,78,12.7,0.0,Deactivated,27,28,0,0,8363
2026-08-24T01:02:52.138723,0,0.0,0.0,78,12.7,0.0,Deactivated,27,28,0,0,8363
2026-08-24T01:02:54.153473,0,0.0,0.0,78,12.7,0.0,Deactivated,27,28,0,0,8363
2026-08-24T01:02:54.156569,0,0.0,0.0,78,12.7,0.0,Deactivated,27,28,0,0,8363
2026-08-24T01:02:56.049523,0,0.0,0.0,78,12.7,0.0,Deactivated,27,29,0,0,8363
2026-08-24T01:02:56.051547,0,0.0,0.0,78,12.7,0.0,Deactivated,27,29,0,0,8363
2026-08-24T01:02:58.070405,0,0.0,0.0,78,12.7,0.0,Deactivated,27,28,0,0,8363
2026-08-24T01:02:58.076482,0,0.0,0.0,78,12.7,0.0,Deactivated,27,28,0,0,8363
2026-08-24T01:02:58.975023,0,0.0,0.0,78,12.7,0.0,Deactivated,27,29,0,0,8363
2026-08-24T01:02:59.000063,0,0.0,0.0,78,12.7,0.0,Deactivated,27,29,0,0,8363
2026-08-24T01:03:00.049793,0,0.0,0.0,78,12.7,0.0,Deactivated,27,28,0,0,8363
2026-08-24T01:03:00.052001,0,0.0,0.0,78,12.7,0.0,Deactivated,27,28,0,0,8363
2026-08-24T01:03:02.234639,0,0.0,0.0,78,12.7,0.0,Deactivated,27,28,0,0,8363
2026-08-24T01:03:02.239496,0,0.0,0.0,78,12.7,0.0,Deactivated,27,28,0,0,8363
2026-08-24T01:03:04.240960,0,0.0,0.0,79,12.7,0.0,Deactivated,27,28,0,0,8363
2026-08-24T01:03:04.243087,0,0.0,0.0,79,12.7,0.0,Deactivated,27,28,0,0,8363
2026-08-24T01:03:06.077990,0,0.0,0.0,79,12.7,0.0,Deactivated,27,28,0,0,8363
2026-08-24T01:03:06.079712,0,0.0,0.0,79,12.7,0.0,Deactivated,27,28,0,0,8363
2026-08-24T01:03:08.057546,0,0.0,0.0,78,12.7,0.0,Deactivated,27,28,0,0,8363
2026-08-24T01:03:08.058943,0,0.0,0.0,78,12.7,0.0,Deactivated,27,28,0,0,8363
2026-08-24T01:03:09.005469,0,0.0,0.0,78,12.7,0.0,Deactivated,27,28,0,0,8363
2026-08-24T01:03:09.006792,0,0.0,0.0,78,12.7,0.0,Deactivated,27,28,0,0,8363
2026-08-24T01:03:10.083911,0,0.0,0.0,78,12.7,0.0,Deactivated,27,28,0,0,8363
2026-08-24T01:03:10.085490,0,0.0,0.0,78,12.7,0.0,Deactivated,27,28,0,0,8363
2026-08-24T01:03:12.110615,0,0.0,0.0,78,12.7,0.0,Deactivated,27,28,0,0,8363
2026-08-24T01:03:12.112494,0,0.0,0.0,78,12.7,0.0,Deactivated,27,28,0,0,8363
2026-08-24T01:03:14.046132,0,0.0,0.0,78,12.7,0.0,Deactivated,27,29,0,0,8363
2026-08-24T01:03:14.048531,0,0.0,0.0,78,12.7,0.0,Deactivated,27,29,0,0,8363
2026-08-24T01:03:15.980460,0,0.0,0.0,78,12.7,0.0,Deactivated,27,28,0,0,8363
2026-08-24T01:03:15.983253,0,0.0,0.0,78,12.7,0.0,Deactivated,27,28,0,0,8363
2026-08-24T01:03:18.003921,0,0.0,0.0,78,12.7,0.0,Deactivated,27,28,0,0,8363
2026-08-24T01:03:18.005938,0,0.0,0.0,78,12.7,0.0,Deactivated,27,28,0,0,8363
2026-08-24T01:03:19.038880,0,0.0,0.0,78,12.7,0.0,Deactivated,27,28,0,0,8363
2026-08-24T01:03:19.040670,0,0.0,0.0,78,12.7,0.0,Deactivated,27,28,0,0,8363
2026-08-24T01:03:20.117737,0,0.0,0.0,78,12.7,0.0,Deactivated,27,28,0,0,8363
2026-08-24T01:03:20.119305,0,0.0,0.0,78,12.7,0.0,Deactivated,27,28,0,0,8363
2026-08-24T01:03:22.097452,0,0.0,0.0,78,12.7,0.0,Deactivated,27,28,0,0,8363
2026-08-24T01:03:22.098594,0,0.0,0.0,78,12.7,0.0,Deactivated,27,28,0,0,8363
2026-08-24T01:03:24.034681,0,0.0,0.0,78,12.7,0.0,Deactivated,27,28,0,0,8363
2026-08-24T01:03:24.036208,0,0.0,0.0,78,12.7,0.0,Deactivated,27,28,0,0,8363
2026-08-24T01:03:26.060771,0,0.0,0.0,78,12.7,0.0,Deactivated,27,28,0,0,8363
2026-08-24T01:03:26.062207,0,0.0,0.0,78,12.7,0.0,Deactivated,27,28,0,0,8363
2026-08-24T01:03:28.222342,0,0.0,0.0,78,12.7,0.0,Deactivated,27,28,0,0,8363
2026-08-24T01:03:28.225049,0,0.0,0.0,78,12.7,0.0,Deactivated,27,28,0,0,8363
2026-08-24T01:03:29.032244,0,0.0,0.0,78,12.7,0.0,Deactivated,27,28,0,0,8363
2026-08-24T01:03:29.036601,0,0.0,0.0,78,12.7,0.0,Deactivated,27,28,0,0,8363
2026-08-24T01:03:30.152176,0,0.0,0.0,78,12.7,0.0,Deactivated,27,28,0,0,8363
2026-08-24T01:03:30.153819,0,0.0,0.0,78,12.7,0.0,Deactivated,27,28,0,0,8363
2026-08-24T01:03:32.090307,0,0.0,0.0,78,12.7,0.0,Deactivated,27,29,0,0,8363
2026-08-24T01:03:32.091756,0,0.0,0.0,78,12.7,0.0,Deactivated,27,29,0,0,8363
2026-08-24T01:03:34.025450,0,0.0,0.0,79,12.7,0.0,Deactivated,27,28,0,0,8363
2026-08-24T01:03:34.026887,0,0.0,0.0,79,12.7,0.0,Deactivated,27,28,0,0,8363
2026-08-24T01:03:36.049439,0,0.0,0.0,79,12.7,0.0,Deactivated,27,28,0,0,8363
2026-08-24T01:03:36.051294,0,0.0,0.0,79,12.7,0.0,Deactivated,27,28,0,0,8363
2026-08-24T01:03:38.163559,0,0.0,0.0,78,12.7,0.0,Deactivated,27,29,0,0,8363
2026-08-24T01:03:38.165208,0,0.0,0.0,78,12.7,0.0,Deactivated,27,29,0,0,8363
2026-08-24T01:03:39.023636,0,0.0,0.0,78,12.7,0.0,Deactivated,27,28,0,0,8363
2026-08-24T01:03:39.026606,0,0.0,0.0,78,12.7,0.0,Deactivated,27,28,0,0,8363
2026-08-24T01:03:40.191724,0,0.0,0.0,78,12.7,0.0,Deactivated,27,28,0,0,8363
2026-08-24T01:03:40.193116,0,0.0,0.0,78,12.7,0.0,Deactivated,27,28,0,0,8363
2026-08-24T01:03:42.123758,0,0.0,0.0,78,12.7,0.0,Deactivated,27,28,0,0,8363
2026-08-24T01:03:42.125143,0,0.0,0.0,78,12.7,0.0,Deactivated,27,28,0,0,8363
2026-08-24T01:03:44.015458,0,0.0,0.0,78,12.7,0.0,Deactivated,27,28,0,0,8363
2026-08-24T01:03:44.017844,0,0.0,0.0,78,12.7,0.0,Deactivated,27,28,0,0,8363
2026-08-24T01:03:45.993734,0,0.0,0.0,78,12.7,0.0,Deactivated,27,28,0,0,8363
2026-08-24T01:03:45.995643,0,0.0,0.0,78,12.7,0.0,Deactivated,27,28,0,0,8363
2026-08-24T01:03:48.110413,0,0.0,0.0,79,12.7,0.0,Deactivated,27,29,0,0,8363
2026-08-24T01:03:48.112300,0,0.0,0.0,79,12.7,0.0,Deactivated,27,29,0,0,8363
2026-08-24T01:03:49.008943,0,0.0,0.0,79,12.7,0.0,Deactivated,27,28,0,0,8363
2026-08-24T01:03:49.010303,0,0.0,0.0,79,12.7,0.0,Deactivated,27,28,0,0,8363
2026-08-24T01:03:50.091019,0,0.0,0.0,79,12.7,0.0,Deactivated,27,28,0,0,8363
2026-08-24T01:03:50.093570,0,0.0,0.0,79,12.7,0.0,Deactivated,27,28,0,0,8363
2026-08-24T01:03:52.069237,0,0.0,0.0,79,12.7,0.0,Deactivated,27,29,0,0,8363
2026-08-24T01:03:52.070659,0,0.0,0.0,79,12.7,0.0,Deactivated,27,29,0,0,8363
2026-08-24T01:03:54.275380,0,0.0,0.0,78,12.7,0.0,Deactivated,27,28,0,0,8363
2026-08-24T01:03:54.276780,0,0.0,0.0,78,12.7,0.0,Deactivated,27,28,0,0,8363
2026-08-24T01:03:56.208659,0,0.0,0.0,78,12.7,0.0,Deactivated,27,29,0,0,8363
2026-08-24T01:03:56.209674,0,0.0,0.0,78,12.7,0.0,Deactivated,27,29,0,0,8363
2026-08-24T01:03:58.053981,0,0.0,0.0,78,12.7,0.0,Deactivated,27,29,0,0,8363
2026-08-24T01:03:58.055379,0,0.0,0.0,78,12.7,0.0,Deactivated,27,29,0,0,8363
2026-08-24T01:03:59.179486,0,0.0,0.0,78,12.7,0.0,Deactivated,27,29,0,0,8363
2026-08-24T01:03:59.180896,0,0.0,0.0,78,12.7,0.0,Deactivated,27,29,0,0,8363
2026-08-24T01:04:00.123324,0,0.0,0.0,78,12.7,0.0,Deactivated,27,28,0,0,8363
2026-08-24T01:04:00.125500,0,0.0,0.0,78,12.7,0.0,Deactivated,27,28,0,0,8363
2026-08-24T01:04:02.148660,0,0.0,0.0,78,12.7,0.0,Deactivated,27,28,0,0,8363
2026-08-24T01:04:02.151614,0,0.0,0.0,78,12.7,0.0,Deactivated,27,28,0,0,8363
2026-08-24T01:04:04.083150,0,0.0,0.0,78,12.7,0.0,Deactivated,27,28,0,0,8363
2026-08-24T01:04:04.085347,0,0.0,0.0,78,12.7,0.0,Deactivated,27,28,0,0,8363
2026-08-24T01:04:06.019512,0,0.0,0.0,78,12.7,0.0,Deactivated,27,29,0,0,8363
2026-08-24T01:04:06.020662,0,0.0,0.0,78,12.7,0.0,Deactivated,27,29,0,0,8363
2026-08-24T01:04:08.000721,0,0.0,0.0,78,12.7,0.0,Deactivated,27,29,0,0,8363
2026-08-24T01:04:08.001974,0,0.0,0.0,78,12.7,0.0,Deactivated,27,29,0,0,8363
2026-08-24T01:04:09.483828,0,0.0,0.0,78,12.7,0.0,Deactivated,27,28,0,0,8363
2026-08-24T01:04:09.485292,0,0.0,0.0,78,12.7,0.0,Deactivated,27,28,0,0,8363
2026-08-24T01:04:10.071785,0,0.0,0.0,78,12.7,0.0,Deactivated,27,28,0,0,8363
2026-08-24T01:04:10.072960,0,0.0,0.0,78,12.7,0.0,Deactivated,27,28,0,0,8363
2026-08-24T01:04:12.050496,0,0.0,0.0,78,12.7,0.0,Deactivated,27,28,0,0,8363
2026-08-24T01:04:12.052241,0,0.0,0.0,78,12.7,0.0,Deactivated,27,28,0,0,8363
2026-08-24T01:04:13.987586,0,0.0,0.0,78,12.7,0.0,Deactivated,27,28,0,0,8363
2026-08-24T01:04:13.988733,0,0.0,0.0,78,12.7,0.0,Deactivated,27,28,0,0,8363
2026-08-24T01:04:16.233322,0,0.0,0.0,78,12.7,0.0,Deactivated,27,28,0,0,8363
2026-08-24T01:04:16.235034,0,0.0,0.0,78,12.7,0.0,Deactivated,27,28,0,0,8363
2026-08-24T01:04:18.033483,0,0.0,0.0,78,12.7,0.0,Deactivated,27,28,0,0,8363
2026-08-24T01:04:18.035142,0,0.0,0.0,78,12.7,0.0,Deactivated,27,28,0,0,8363
2026-08-24T01:04:19.248186,0,0.0,0.0,78,12.7,0.0,Deactivated,27,29,0,0,8363
2026-08-24T01:04:19.250866,0,0.0,0.0,78,12.7,0.0,Deactivated,27,29,0,0,8363
2026-08-24T01:04:20.195805,0,0.0,0.0,78,12.7,0.0,Deactivated,27,28,0,0,8363
2026-08-24T01:04:20.197233,0,0.0,0.0,78,12.7,0.0,Deactivated,27,28,0,0,8363
2026-08-24T01:04:22.040246,0,0.0,0.0,78,12.7,0.0,Deactivated,27,29,0,0,8363
2026-08-24T01:04:22.041900,0,0.0,0.0,78,12.7,0.0,Deactivated,27,29,0,0,8363
2026-08-24T01:04:23.975985,0,0.0,0.0,79,12.7,0.0,Deactivated,27,28,0,0,8363
2026-08-24T01:04:23.978406,0,0.0,0.0,79,12.7,0.0,Deactivated,27,28,0,0,8363
2026-08-24T01:04:25.999881,0,0.0,0.0,79,12.7,0.0,Deactivated,27,28,0,0,8363
2026-08-24T01:04:26.001610,0,0.0,0.0,79,12.7,0.0,Deactivated,27,28,0,0,8363
2026-08-24T01:04:27.979031,0,0.0,0.0,78,12.7,0.0,Deactivated,27,28,0,0,8363
2026-08-24T01:04:27.980432,0,0.0,0.0,78,12.7,0.0,Deactivated,27,28,0,0,8363
2026-08-24T01:04:29.198458,0,0.0,0.0,78,12.7,0.0,Deactivated,27,28,0,0,8363
2026-08-24T01:04:29.199948,0,0.0,0.0,78,12.7,0.0,Deactivated,27,28,0,0,8363
2026-08-24T01:04:30.051426,0,0.0,0.0,78,12.7,0.0,Deactivated,27,28,0,0,8363
2026-08-24T01:04:30.053188,0,0.0,0.0,78,12.7,0.0,Deactivated,27,28,0,0,8363
2026-08-24T01:04:32.077390,0,0.0,0.0,78,12.7,0.0,Deactivated,27,29,0,0,8363
2026-08-24T01:04:32.078723,0,0.0,0.0,78,12.7,0.0,Deactivated,27,29,0,0,8363
2026-08-24T01:04:33.963917,0,0.0,0.0,78,12.7,0.0,Deactivated,27,28,0,0,8363
2026-08-24T01:04:33.965454,0,0.0,0.0,78,12.7,0.0,Deactivated,27,28,0,0,8363
2026-08-24T01:04:35.990449,0,0.0,0.0,78,12.7,0.0,Deactivated,27,28,0,0,8363
2026-08-24T01:04:35.992300,0,0.0,0.0,78,12.7,0.0,Deactivated,27,28,0,0,8363
2026-08-24T01:04:38.148290,0,0.0,0.0,78,12.7,0.0,Deactivated,27,28,0,0,8363
2026-08-24T01:04:38.149364,0,0.0,0.0,78,12.7,0.0,Deactivated,27,28,0,0,8363
2026-08-24T01:04:39.048448,0,0.0,0.0,78,12.7,0.0,Deactivated,27,28,0,0,8363
2026-08-24T01:04:39.049868,0,0.0,0.0,78,12.7,0.0,Deactivated,27,28,0,0,8363
2026-08-24T01:04:40.041770,0,0.0,0.0,78,12.7,0.0,Deactivated,27,28,0,0,8363
2026-08-24T01:04:40.043578,0,0.0,0.0,78,12.7,0.0,Deactivated,27,28,0,0,8363
2026-08-24T01:04:42.063356,0,0.0,0.0,78,12.7,0.0,Deactivated,27,28,0,0,8363
2026-08-24T01:04:42.064646,0,0.0,0.0,78,12.7,0.0,Deactivated,27,28,0,0,8363
2026-08-24T01:04:44.133360,0,0.0,0.0,78,12.7,0.0,Deactivated,27,28,0,0,8363
2026-08-24T01:04:44.135079,0,0.0,0.0,78,12.7,0.0,Deactivated,27,28,0,0,8363
2026-08-24T01:04:46.023103,0,0.0,0.0,78,12.7,0.0,Deactivated,27,28,0,0,8363
2026-08-24T01:04:46.024464,0,0.0,0.0,78,12.7,0.0,Deactivated,27,28,0,0,8363
2026-08-24T01:04:48.005466,0,0.0,0.0,78,12.7,0.0,Deactivated,27,28,0,0,8363
2026-08-24T01:04:48.006605,0,0.0,0.0,78,12.7,0.0,Deactivated,27,28,0,0,8363
2026-08-24T01:04:49.129457,0,0.0,0.0,78,12.7,0.0,Deactivated,27,29,0,0,8363
2026-08-24T01:04:49.130991,0,0.0,0.0,78,12.7,0.0,Deactivated,27,29,0,0,8363
2026-08-24T01:04:50.028246,0,0.0,0.0,78,12.7,0.0,Deactivated,27,28,0,0,8363
2026-08-24T01:04:50.029458,0,0.0,0.0,78,12.7,0.0,Deactivated,27,28,0,0,8363
2026-08-24T01:04:52.053413,0,0.0,0.0,78,12.7,0.0,Deactivated,27,28,0,0,8363
2026-08-24T01:04:52.055068,0,0.0,0.0,78,12.7,0.0,Deactivated,27,28,0,0,8363
2026-08-24T01:04:54.035029,0,0.0,0.0,78,12.7,0.0,Deactivated,27,28,0,0,8363
2026-08-24T01:04:54.036887,0,0.0,0.0,78,12.7,0.0,Deactivated,27,28,0,0,8363
2026-08-24T01:04:56.105332,0,0.0,0.0,78,12.7,0.0,Deactivated,27,28,0,0,8363
2026-08-24T01:04:56.107295,0,0.0,0.0,78,12.7,0.0,Deactivated,27,28,0,0,8363
2026-08-24T01:04:58.039548,0,0.0,0.0,78,12.7,0.0,Deactivated,27,29,0,0,8363
2026-08-24T01:04:58.041085,0,0.0,0.0,78,12.7,0.0,Deactivated,27,29,0,0,8363
2026-08-24T01:04:59.073005,0,0.0,0.0,78,12.7,0.0,Deactivated,27,28,0,0,8363
2026-08-24T01:04:59.074701,0,0.0,0.0,78,12.7,0.0,Deactivated,27,28,0,0,8363
2026-08-24T01:05:00.020846,0,0.0,0.0,78,12.7,0.0,Deactivated,27,28,0,0,8363
2026-08-24T01:05:00.022869,0,0.0,0.0,78,12.7,0.0,Deactivated,27,28,0,0,8363
2026-08-24T01:05:01.999241,0,0.0,0.0,78,12.7,0.0,Deactivated,27,28,0,0,8363
2026-08-24T01:05:02.000621,0,0.0,0.0,78,12.7,0.0,Deactivated,27,28,0,0,8363
2026-08-24T01:05:04.026159,0,0.0,0.0,78,12.7,0.0,Deactivated,27,28,0,0,8363
2026-08-24T01:05:04.027854,0,0.0,0.0,78,12.7,0.0,Deactivated,27,28,0,0,8363
2026-08-24T01:05:06.050080,0,0.0,0.0,78,12.7,0.0,Deactivated,27,28,0,0,8363
2026-08-24T01:05:06.051449,0,0.0,0.0,78,12.7,0.0,Deactivated,27,28,0,0,8363
2026-08-24T01:05:07.984979,0,0.0,0.0,78,12.7,0.0,Deactivated,27,28,0,0,8363
2026-08-24T01:05:07.985895,0,0.0,0.0,78,12.7,0.0,Deactivated,27,28,0,0,8363
2026-08-24T01:05:09.198263,0,0.0,0.0,78,12.7,0.0,Deactivated,27,28,0,0,8363
2026-08-24T01:05:09.199668,0,0.0,0.0,78,12.7,0.0,Deactivated,27,28,0,0,8363
2026-08-24T01:05:10.010058,0,0.0,0.0,78,12.7,0.0,Deactivated,27,28,0,0,8363
2026-08-24T01:05:10.013305,0,0.0,0.0,78,12.7,0.0,Deactivated,27,28,0,0,8363
2026-08-24T01:05:12.122832,0,0.0,0.0,78,12.7,0.0,Deactivated,27,28,0,0,8363
2026-08-24T01:05:12.126628,0,0.0,0.0,78,12.7,0.0,Deactivated,27,28,0,0,8363
2026-08-24T01:05:14.058011,0,0.0,0.0,78,12.7,0.0,Deactivated,27,28,0,0,8363
2026-08-24T01:05:14.060530,0,0.0,0.0,78,12.7,0.0,Deactivated,27,28,0,0,8363
2026-08-24T01:05:16.085771,0,0.0,0.0,78,12.7,0.0,Deactivated,27,28,0,0,8363
2026-08-24T01:05:16.088098,0,0.0,0.0,78,12.7,0.0,Deactivated,27,28,0,0,8363
2026-08-24T01:05:18.065496,0,0.0,0.0,78,12.7,0.0,Deactivated,27,28,0,0,8363
2026-08-24T01:05:18.069035,0,0.0,0.0,78,12.7,0.0,Deactivated,27,28,0,0,8363
2026-08-24T01:05:19.145825,0,0.0,0.0,78,12.7,0.0,Deactivated,27,28,0,0,8363
2026-08-24T01:05:19.147884,0,0.0,0.0,78,12.7,0.0,Deactivated,27,28,0,0,8363
2026-08-24T01:05:20.090719,0,0.0,0.0,78,12.7,0.0,Deactivated,27,28,0,0,8363
2026-08-24T01:05:20.092190,0,0.0,0.0,78,12.7,0.0,Deactivated,27,28,0,0,8363
2026-08-24T01:05:21.981526,0,0.0,0.0,78,12.7,0.0,Deactivated,27,28,0,0,8363
2026-08-24T01:05:21.984917,0,0.0,0.0,78,12.7,0.0,Deactivated,27,28,0,0,8363
2026-08-24T01:05:24.141559,0,0.0,0.0,78,12.7,0.0,Deactivated,27,28,0,0,8363
2026-08-24T01:05:24.144352,0,0.0,0.0,78,12.7,0.0,Deactivated,27,28,0,0,8363
2026-08-24T01:05:26.076602,0,0.0,0.0,78,12.7,0.0,Deactivated,27,28,0,0,8363
2026-08-24T01:05:26.088698,0,0.0,0.0,78,12.7,0.0,Deactivated,27,28,0,0,8363
2026-08-24T01:05:27.963968,0,0.0,0.0,78,12.7,0.0,Deactivated,27,28,0,0,8363
2026-08-24T01:05:28.670834,0,0.0,0.0,78,12.7,0.0,Deactivated,27,28,0,0,8363
2026-08-24T01:05:29.001792,0,0.0,0.0,78,12.7,0.0,Deactivated,27,29,0,0,8363
2026-08-24T01:05:29.005515,0,0.0,0.0,78,12.7,0.0,Deactivated,27,29,0,0,8363
2026-08-24T01:05:29.990258,0,0.0,0.0,78,12.7,0.0,Deactivated,27,29,0,0,8363
2026-08-24T01:05:29.993518,0,0.0,0.0,78,12.7,0.0,Deactivated,27,29,0,0,8363
2026-08-24T01:05:32.017226,0,0.0,0.0,78,12.7,0.0,Deactivated,27,28,0,0,8363
2026-08-24T01:05:32.019815,0,0.0,0.0,78,12.7,0.0,Deactivated,27,28,0,0,8363
2026-08-24T01:05:34.175166,0,0.0,0.0,78,12.7,0.0,Deactivated,27,29,0,0,8363
2026-08-24T01:05:34.178300,0,0.0,0.0,78,12.7,0.0,Deactivated,27,29,0,0,8363
2026-08-24T01:05:36.021520,0,0.0,0.0,78,12.7,0.0,Deactivated,27,28,0,0,8363
2026-08-24T01:05:36.025551,0,0.0,0.0,78,12.7,0.0,Deactivated,27,28,0,0,8363
2026-08-24T01:05:38.046033,0,0.0,0.0,78,12.7,0.0,Deactivated,27,28,0,0,8363
2026-08-24T01:05:38.049235,0,0.0,0.0,78,12.7,0.0,Deactivated,27,28,0,0,8363
2026-08-24T01:05:39.172726,0,0.0,0.0,78,12.7,0.0,Deactivated,27,28,0,0,8363
2026-08-24T01:05:39.176412,0,0.0,0.0,78,12.7,0.0,Deactivated,27,28,0,0,8363
2026-08-24T01:05:39.981617,0,0.0,0.0,78,12.7,0.0,Deactivated,27,28,0,0,8363
2026-08-24T01:05:39.984836,0,0.0,0.0,78,12.7,0.0,Deactivated,27,28,0,0,8363
2026-08-24T01:05:42.093871,0,0.0,0.0,78,12.7,0.0,Deactivated,27,28,0,0,8363
2026-08-24T01:05:42.095884,0,0.0,0.0,78,12.7,0.0,Deactivated,27,28,0,0,8363
2026-08-24T01:05:44.030593,0,0.0,0.0,78,12.7,0.0,Deactivated,27,28,0,0,8363
2026-08-24T01:05:44.032859,0,0.0,0.0,78,12.7,0.0,Deactivated,27,28,0,0,8363
2026-08-24T01:05:46.011674,0,0.0,0.0,78,12.7,0.0,Deactivated,27,28,0,0,8363
2026-08-24T01:05:46.014936,0,0.0,0.0,78,12.7,0.0,Deactivated,27,28,0,0,8363
2026-08-24T01:05:48.217006,0,0.0,0.0,78,12.7,0.0,Deactivated,27,28,0,0,8363
2026-08-24T01:05:48.220623,0,0.0,0.0,78,12.7,0.0,Deactivated,27,28,0,0,8363
2026-08-24T01:05:49.159123,0,0.0,0.0,78,12.7,0.0,Deactivated,27,29,0,0,8363
2026-08-24T01:05:49.161035,0,0.0,0.0,78,12.7,0.0,Deactivated,27,29,0,0,8363
2026-08-24T01:05:50.372834,0,0.0,0.0,78,12.7,0.0,Deactivated,27,28,0,0,8363
2026-08-24T01:05:50.373851,0,0.0,0.0,78,12.7,0.0,Deactivated,27,28,0,0,8363
2026-08-24T01:05:51.997208,0,0.0,0.0,78,12.7,0.0,Deactivated,27,28,0,0,8363
2026-08-24T01:05:52.000680,0,0.0,0.0,78,12.7,0.0,Deactivated,27,28,0,0,8363
2026-08-24T01:05:53.976129,0,0.0,0.0,79,12.7,0.0,Deactivated,27,28,0,0,8363
2026-08-24T01:05:53.978976,0,0.0,0.0,79,12.7,0.0,Deactivated,27,28,0,0,8363
2026-08-24T01:05:56.184894,0,0.0,0.0,79,12.7,0.0,Deactivated,27,28,0,0,8363
2026-08-24T01:05:56.187421,0,0.0,0.0,79,12.7,0.0,Deactivated,27,28,0,0,8363
2026-08-24T01:05:57.980246,0,0.0,0.0,79,12.7,0.0,Deactivated,27,28,0,0,8363
2026-08-24T01:05:57.984014,0,0.0,0.0,79,12.7,0.0,Deactivated,27,28,0,0,8363
2026-08-24T01:05:58.970702,0,0.0,0.0,78,12.7,0.0,Deactivated,27,28,0,0,8363
2026-08-24T01:05:58.973348,0,0.0,0.0,78,12.7,0.0,Deactivated,27,28,0,0,8363
2026-08-24T01:06:00.094504,0,0.0,0.0,78,12.7,0.0,Deactivated,27,28,0,0,8363
2026-08-24T01:06:00.096812,0,0.0,0.0,78,12.7,0.0,Deactivated,27,28,0,0,8363
2026-08-24T01:06:02.166132,0,0.0,0.0,78,12.7,0.0,Deactivated,27,28,0,0,8363
2026-08-24T01:06:02.169202,0,0.0,0.0,78,12.7,0.0,Deactivated,27,28,0,0,8363
2026-08-24T01:06:03.966862,0,0.0,0.0,79,12.7,0.0,Deactivated,27,29,0,0,8363
2026-08-24T01:06:03.969579,0,0.0,0.0,79,12.7,0.0,Deactivated,27,29,0,0,8363
2026-08-24T01:06:06.034484,0,0.0,0.0,79,12.7,0.0,Deactivated,27,28,0,0,8363
2026-08-24T01:06:06.036132,0,0.0,0.0,79,12.7,0.0,Deactivated,27,28,0,0,8363
2026-08-24T01:06:08.105510,0,0.0,0.0,78,12.7,0.0,Deactivated,27,29,0,0,8363
2026-08-24T01:06:08.106594,0,0.0,0.0,78,12.7,0.0,Deactivated,27,29,0,0,8363
2026-08-24T01:06:09.186916,0,0.0,0.0,78,12.7,0.0,Deactivated,27,29,0,0,8363
2026-08-24T01:06:09.189388,0,0.0,0.0,78,12.7,0.0,Deactivated,27,29,0,0,8363
2026-08-24T01:06:10.354921,0,0.0,0.0,78,12.7,0.0,Deactivated,27,29,0,0,8363
2026-08-24T01:06:10.356034,0,0.0,0.0,78,12.7,0.0,Deactivated,27,29,0,0,8363
2026-08-24T01:06:12.156664,0,0.0,0.0,78,12.7,0.0,Deactivated,27,28,0,0,8363
2026-08-24T01:06:12.158749,0,0.0,0.0,78,12.7,0.0,Deactivated,27,28,0,0,8363
2026-08-24T01:06:14.002058,0,0.0,0.0,78,12.7,0.0,Deactivated,27,28,0,0,8363
2026-08-24T01:06:14.004626,0,0.0,0.0,78,12.7,0.0,Deactivated,27,28,0,0,8363
2026-08-24T01:06:15.980687,0,0.0,0.0,78,12.7,0.0,Deactivated,27,28,0,0,8363
2026-08-24T01:06:15.982034,0,0.0,0.0,78,12.7,0.0,Deactivated,27,28,0,0,8363
2026-08-24T01:06:18.186413,0,0.0,0.0,78,12.7,0.0,Deactivated,27,28,0,0,8363
2026-08-24T01:06:18.189121,0,0.0,0.0,78,12.7,0.0,Deactivated,27,28,0,0,8363
2026-08-24T01:06:18.994868,0,0.0,0.0,78,12.7,0.0,Deactivated,27,28,0,0,8363
2026-08-24T01:06:18.997891,0,0.0,0.0,78,12.7,0.0,Deactivated,27,28,0,0,8363
2026-08-24T01:06:20.033060,0,0.0,0.0,78,12.7,0.0,Deactivated,27,28,0,0,8363
2026-08-24T01:06:20.035424,0,0.0,0.0,78,12.7,0.0,Deactivated,27,28,0,0,8363
2026-08-24T01:06:22.056571,0,0.0,0.0,78,12.7,0.0,Deactivated,27,28,0,0,8363
2026-08-24T01:06:22.058347,0,0.0,0.0,78,12.7,0.0,Deactivated,27,28,0,0,8363
2026-08-24T01:06:24.124664,0,0.0,0.0,78,12.7,0.0,Deactivated,27,29,0,0,8363
2026-08-24T01:06:24.126575,0,0.0,0.0,78,12.7,0.0,Deactivated,27,29,0,0,8363
2026-08-24T01:06:26.061321,0,0.0,0.0,78,12.7,0.0,Deactivated,27,28,0,0,8363
2026-08-24T01:06:26.063790,0,0.0,0.0,78,12.7,0.0,Deactivated,27,28,0,0,8363
2026-08-24T01:06:28.084035,0,0.0,0.0,78,12.7,0.0,Deactivated,27,28,0,0,8363
2026-08-24T01:06:28.086368,0,0.0,0.0,78,12.7,0.0,Deactivated,27,28,0,0,8363
2026-08-24T01:06:28.988506,0,0.0,0.0,78,12.7,0.0,Deactivated,27,28,0,0,8363
2026-08-24T01:06:28.992232,0,0.0,0.0,78,12.7,0.0,Deactivated,27,28,0,0,8363
2026-08-24T01:06:30.112463,0,0.0,0.0,78,12.7,0.0,Deactivated,27,28,0,0,8363
2026-08-24T01:06:30.122909,0,0.0,0.0,78,12.7,0.0,Deactivated,27,28,0,0,8363
2026-08-24T01:06:32.044751,0,0.0,0.0,78,12.7,0.0,Deactivated,27,28,0,0,8363
2026-08-24T01:06:32.046582,0,0.0,0.0,78,12.7,0.0,Deactivated,27,28,0,0,8363
2026-08-24T01:06:34.023551,0,0.0,0.0,78,12.7,0.0,Deactivated,27,28,0,0,8363
2026-08-24T01:06:34.024725,0,0.0,0.0,78,12.7,0.0,Deactivated,27,28,0,0,8363
2026-08-24T01:06:36.049296,0,0.0,0.0,78,12.7,0.0,Deactivated,27,28,0,0,8363
2026-08-24T01:06:36.051087,0,0.0,0.0,78,12.7,0.0,Deactivated,27,28,0,0,8363
2026-08-24T01:06:37.987865,0,0.0,0.0,78,12.7,0.0,Deactivated,27,29,0,0,8363
2026-08-24T01:06:37.989911,0,0.0,0.0,78,12.7,0.0,Deactivated,27,29,0,0,8363
2026-08-24T01:06:39.019465,0,0.0,0.0,78,12.7,0.0,Deactivated,27,29,0,0,8363
2026-08-24T01:06:39.021167,0,0.0,0.0,78,12.7,0.0,Deactivated,27,29,0,0,8363
2026-08-24T01:06:39.966398,0,0.0,0.0,78,12.7,0.0,Deactivated,27,28,0,0,8363
2026-08-24T01:06:39.967647,0,0.0,0.0,78,12.7,0.0,Deactivated,27,28,0,0,8363
2026-08-24T01:06:41.988899,0,0.0,0.0,78,12.7,0.0,Deactivated,27,28,0,0,8363
2026-08-24T01:06:41.990453,0,0.0,0.0,78,12.7,0.0,Deactivated,27,28,0,0,8363
2026-08-24T01:06:44.061803,0,0.0,0.0,78,12.7,0.0,Deactivated,27,28,0,0,8363
2026-08-24T01:06:44.063965,0,0.0,0.0,78,12.7,0.0,Deactivated,27,28,0,0,8363
2026-08-24T01:06:45.995536,0,0.0,0.0,78,12.7,0.0,Deactivated,27,28,0,0,8363
2026-08-24T01:06:45.997800,0,0.0,0.0,78,12.7,0.0,Deactivated,27,28,0,0,8363
2026-08-24T01:06:47.974019,0,0.0,0.0,78,12.7,0.0,Deactivated,27,28,0,0,8363
2026-08-24T01:06:47.978002,0,0.0,0.0,78,12.7,0.0,Deactivated,27,28,0,0,8363
2026-08-24T01:06:49.053733,0,0.0,0.0,78,12.7,0.0,Deactivated,27,28,0,0,8363
2026-08-24T01:06:49.054990,0,0.0,0.0,78,12.7,0.0,Deactivated,27,28,0,0,8363
2026-08-24T01:06:50.091213,0,0.0,0.0,78,12.7,0.0,Deactivated,27,28,0,0,8363
2026-08-24T01:06:50.092342,0,0.0,0.0,78,12.7,0.0,Deactivated,27,28,0,0,8363
2026-08-24T01:06:51.978627,0,0.0,0.0,78,12.7,0.0,Deactivated,27,28,0,0,8363
2026-08-24T01:06:51.980035,0,0.0,0.0,78,12.7,0.0,Deactivated,27,28,0,0,8363
2026-08-24T01:06:54.051564,0,0.0,0.0,78,12.7,0.0,Deactivated,27,28,0,0,8363
2026-08-24T01:06:54.052710,0,0.0,0.0,78,12.7,0.0,Deactivated,27,28,0,0,8363
2026-08-24T01:06:55.987181,0,0.0,0.0,78,12.7,0.0,Deactivated,27,28,0,0,8363
2026-08-24T01:06:55.988552,0,0.0,0.0,78,12.7,0.0,Deactivated,27,28,0,0,8363
2026-08-24T01:06:58.053764,0,0.0,0.0,78,12.7,0.0,Deactivated,27,28,0,0,8363
2026-08-24T01:06:58.055616,0,0.0,0.0,78,12.7,0.0,Deactivated,27,28,0,0,8363
2026-08-24T01:06:59.089334,0,0.0,0.0,78,12.7,0.0,Deactivated,27,28,0,0,8363
2026-08-24T01:06:59.091499,0,0.0,0.0,78,12.7,0.0,Deactivated,27,28,0,0,8363
2026-08-24T01:06:59.992732,0,0.0,0.0,78,12.7,0.0,Deactivated,27,28,0,0,8363
2026-08-24T01:06:59.994467,0,0.0,0.0,78,12.7,0.0,Deactivated,27,28,0,0,8363
2026-08-24T01:07:02.015535,0,0.0,0.0,78,12.7,0.0,Deactivated,27,28,0,0,8363
2026-08-24T01:07:02.019031,0,0.0,0.0,78,12.7,0.0,Deactivated,27,28,0,0,8363
2026-08-24T01:07:04.128436,0,0.0,0.0,79,12.7,0.0,Deactivated,27,28,0,0,8363
2026-08-24T01:07:04.130106,0,0.0,0.0,79,12.7,0.0,Deactivated,27,28,0,0,8363
2026-08-24T01:07:06.018556,0,0.0,0.0,79,12.7,0.0,Deactivated,27,28,0,0,8363
2026-08-24T01:07:06.020752,0,0.0,0.0,79,12.7,0.0,Deactivated,27,28,0,0,8363
2026-08-24T01:07:08.046309,0,0.0,0.0,79,12.7,0.0,Deactivated,27,28,0,0,8363
2026-08-24T01:07:08.047587,0,0.0,0.0,79,12.7,0.0,Deactivated,27,28,0,0,8363
2026-08-24T01:07:09.080556,0,0.0,0.0,78,12.7,0.0,Deactivated,27,28,0,0,8363
2026-08-24T01:07:09.082637,0,0.0,0.0,78,12.7,0.0,Deactivated,27,28,0,0,8363
2026-08-24T01:07:10.026831,0,0.0,0.0,78,12.7,0.0,Deactivated,27,28,0,0,8363
2026-08-24T01:07:10.029378,0,0.0,0.0,78,12.7,0.0,Deactivated,27,28,0,0,8363
2026-08-24T01:07:11.960975,0,0.0,0.0,78,12.7,0.0,Deactivated,27,28,0,0,8363
2026-08-24T01:07:11.965039,0,0.0,0.0,78,12.7,0.0,Deactivated,27,28,0,0,8363
2026-08-24T01:07:14.163920,0,0.0,0.0,78,12.7,0.0,Deactivated,27,28,0,0,8363
2026-08-24T01:07:14.165177,0,0.0,0.0,78,12.7,0.0,Deactivated,27,28,0,0,8363
2026-08-24T01:07:16.011436,0,0.0,0.0,78,12.7,0.0,Deactivated,27,29,0,0,8363
2026-08-24T01:07:16.012517,0,0.0,0.0,78,12.7,0.0,Deactivated,27,29,0,0,8363
2026-08-24T01:07:18.123395,0,0.0,0.0,78,12.7,0.0,Deactivated,27,29,0,0,8363
2026-08-24T01:07:18.124799,0,0.0,0.0,78,12.7,0.0,Deactivated,27,29,0,0,8363
2026-08-24T01:07:18.980882,0,0.0,0.0,76,12.7,0.0,Deactivated,27,28,0,0,8363
2026-08-24T01:07:18.986691,0,0.0,0.0,76,12.7,0.0,Deactivated,27,28,0,0,8363
2026-08-24T01:07:20.149407,0,0.0,0.0,76,12.7,0.0,Deactivated,27,28,0,0,8363
2026-08-24T01:07:20.151128,0,0.0,0.0,76,12.7,0.0,Deactivated,27,28,0,0,8363
2026-08-24T01:07:22.173441,0,0.0,0.0,76,12.7,0.0,Deactivated,27,28,0,0,8363
2026-08-24T01:07:22.175280,0,0.0,0.0,76,12.7,0.0,Deactivated,27,28,0,0,8363
2026-08-24T01:07:23.975369,0,0.0,0.0,78,12.7,0.0,Deactivated,27,28,0,0,8363
2026-08-24T01:07:23.976833,0,0.0,0.0,78,12.7,0.0,Deactivated,27,28,0,0,8363
2026-08-24T01:07:26.046796,0,0.0,0.0,78,12.7,0.0,Deactivated,27,28,0,0,8363
2026-08-24T01:07:26.047895,0,0.0,0.0,78,12.7,0.0,Deactivated,27,28,0,0,8363
2026-08-24T01:07:28.023217,0,0.0,0.0,78,12.7,0.0,Deactivated,27,28,0,0,8363
2026-08-24T01:07:28.024301,0,0.0,0.0,78,12.7,0.0,Deactivated,27,28,0,0,8363
2026-08-24T01:07:28.971020,0,0.0,0.0,78,12.7,0.0,Deactivated,27,28,0,0,8363
2026-08-24T01:07:28.972319,0,0.0,0.0,78,12.7,0.0,Deactivated,27,28,0,0,8363
2026-08-24T01:07:30.093632,0,0.0,0.0,78,12.7,0.0,Deactivated,27,29,0,0,8363
2026-08-24T01:07:30.094600,0,0.0,0.0,78,12.7,0.0,Deactivated,27,29,0,0,8363
2026-08-24T01:07:32.074480,0,0.0,0.0,78,12.7,0.0,Deactivated,27,28,0,0,8363
2026-08-24T01:07:32.075471,0,0.0,0.0,78,12.7,0.0,Deactivated,27,28,0,0,8363
2026-08-24T01:07:34.008691,0,0.0,0.0,78,12.7,0.0,Deactivated,27,28,0,0,8363
2026-08-24T01:07:34.010391,0,0.0,0.0,78,12.7,0.0,Deactivated,27,28,0,0,8363
2026-08-24T01:07:36.439941,0,0.0,0.0,78,12.7,0.0,Deactivated,27,28,0,0,8363
2026-08-24T01:07:36.442077,0,0.0,0.0,78,12.7,0.0,Deactivated,27,28,0,0,8363
2026-08-24T01:07:38.015751,0,0.0,0.0,78,12.7,0.0,Deactivated,27,28,0,0,8363
2026-08-24T01:07:38.019121,0,0.0,0.0,78,12.7,0.0,Deactivated,27,28,0,0,8363
2026-08-24T01:07:39.138299,0,0.0,0.0,78,12.7,0.0,Deactivated,27,28,0,0,8363
2026-08-24T01:07:39.139357,0,0.0,0.0,78,12.7,0.0,Deactivated,27,28,0,0,8363
2026-08-24T01:07:39.996764,0,0.0,0.0,78,12.7,0.0,Deactivated,27,28,0,0,8363
2026-08-24T01:07:39.999093,0,0.0,0.0,78,12.7,0.0,Deactivated,27,28,0,0,8363
2026-08-24T01:07:42.155209,0,0.0,0.0,78,12.7,0.0,Deactivated,27,29,0,0,8363
2026-08-24T01:07:42.156656,0,0.0,0.0,78,12.7,0.0,Deactivated,27,29,0,0,8363
2026-08-24T01:07:44.002903,0,0.0,0.0,78,12.7,0.0,Deactivated,27,28,0,0,8363
2026-08-24T01:07:44.005655,0,0.0,0.0,78,12.7,0.0,Deactivated,27,28,0,0,8363
2026-08-24T01:07:46.027491,0,0.0,0.0,78,12.7,0.0,Deactivated,27,28,0,0,8363
2026-08-24T01:07:46.029454,0,0.0,0.0,78,12.7,0.0,Deactivated,27,28,0,0,8363
2026-08-24T01:07:48.008455,0,0.0,0.0,78,12.7,0.0,Deactivated,27,28,0,0,8363
2026-08-24T01:07:48.012354,0,0.0,0.0,78,12.7,0.0,Deactivated,27,28,0,0,8363
2026-08-24T01:07:49.220114,0,0.0,0.0,79,12.7,0.0,Deactivated,27,28,0,0,8363
2026-08-24T01:07:49.222253,0,0.0,0.0,79,12.7,0.0,Deactivated,27,28,0,0,8363
2026-08-24T01:07:50.075892,0,0.0,0.0,79,12.7,0.0,Deactivated,27,28,0,0,8363
2026-08-24T01:07:50.078362,0,0.0,0.0,79,12.7,0.0,Deactivated,27,28,0,0,8363
2026-08-24T01:07:51.968321,0,0.0,0.0,79,12.7,0.0,Deactivated,27,28,0,0,8363
2026-08-24T01:07:51.971122,0,0.0,0.0,79,12.7,0.0,Deactivated,27,28,0,0,8363
2026-08-24T01:07:53.992890,0,0.0,0.0,78,12.7,0.0,Deactivated,27,28,0,0,8363
2026-08-24T01:07:53.995624,0,0.0,0.0,78,12.7,0.0,Deactivated,27,28,0,0,8363
2026-08-24T01:07:56.104483,0,0.0,0.0,78,12.7,0.0,Deactivated,27,28,0,0,8363
2026-08-24T01:07:56.107026,0,0.0,0.0,78,12.7,0.0,Deactivated,27,28,0,0,8363
2026-08-24T01:07:58.044345,0,0.0,0.0,78,12.7,0.0,Deactivated,27,28,0,0,8363
2026-08-24T01:07:58.048164,0,0.0,0.0,78,12.7,0.0,Deactivated,27,28,0,0,8363
2026-08-24T01:07:58.987934,0,0.0,0.0,79,12.7,0.0,Deactivated,27,28,0,0,8363
2026-08-24T01:07:58.990906,0,0.0,0.0,79,12.7,0.0,Deactivated,27,28,0,0,8363
2026-08-24T01:08:00.019655,0,0.0,0.0,79,12.7,0.0,Deactivated,27,28,0,0,8363
2026-08-24T01:08:00.022046,0,0.0,0.0,79,12.7,0.0,Deactivated,27,28,0,0,8363
2026-08-24T01:08:02.136446,0,0.0,0.0,79,12.7,0.0,Deactivated,27,28,0,0,8363
2026-08-24T01:08:02.139336,0,0.0,0.0,79,12.7,0.0,Deactivated,27,28,0,0,8363
2026-08-24T01:08:03.980575,0,0.0,0.0,78,12.7,0.0,Deactivated,27,28,0,0,8363
2026-08-24T01:08:03.981900,0,0.0,0.0,78,12.7,0.0,Deactivated,27,28,0,0,8363
2026-08-24T01:08:06.052756,0,0.0,0.0,78,12.7,0.0,Deactivated,27,29,0,0,8363
2026-08-24T01:08:06.055023,0,0.0,0.0,78,12.7,0.0,Deactivated,27,29,0,0,8363
2026-08-24T01:08:08.026622,0,0.0,0.0,78,12.7,0.0,Deactivated,27,28,0,0,8363
2026-08-24T01:08:08.028505,0,0.0,0.0,78,12.7,0.0,Deactivated,27,28,0,0,8363
2026-08-24T01:08:09.108400,0,0.0,0.0,78,12.7,0.0,Deactivated,27,29,0,0,8363
2026-08-24T01:08:09.109431,0,0.0,0.0,78,12.7,0.0,Deactivated,27,29,0,0,8363
2026-08-24T01:08:09.968934,0,0.0,0.0,78,12.7,0.0,Deactivated,27,28,0,0,8363
2026-08-24T01:08:09.971205,0,0.0,0.0,78,12.7,0.0,Deactivated,27,28,0,0,8363
2026-08-24T01:08:12.036034,0,0.0,0.0,78,12.7,0.0,Deactivated,27,28,0,0,8363
2026-08-24T01:08:12.038369,0,0.0,0.0,78,12.7,0.0,Deactivated,27,28,0,0,8363
2026-08-24T01:08:13.970967,0,0.0,0.0,78,12.7,0.0,Deactivated,27,28,0,0,8363
2026-08-24T01:08:13.974033,0,0.0,0.0,78,12.7,0.0,Deactivated,27,28,0,0,8363
2026-08-24T01:08:15.997957,0,0.0,0.0,78,12.7,0.0,Deactivated,27,29,0,0,8363
2026-08-24T01:08:16.000627,0,0.0,0.0,78,12.7,0.0,Deactivated,27,29,0,0,8363
2026-08-24T01:08:18.067815,0,0.0,0.0,78,12.7,0.0,Deactivated,27,28,0,0,8363
2026-08-24T01:08:18.070359,0,0.0,0.0,78,12.7,0.0,Deactivated,27,28,0,0,8363
2026-08-24T01:08:19.325726,0,0.0,0.0,78,12.7,0.0,Deactivated,27,28,0,0,8363
2026-08-24T01:08:19.328055,0,0.0,0.0,78,12.7,0.0,Deactivated,27,28,0,0,8363
2026-08-24T01:08:20.048027,0,0.0,0.0,78,12.7,0.0,Deactivated,27,29,0,0,8363
2026-08-24T01:08:20.050106,0,0.0,0.0,78,12.7,0.0,Deactivated,27,29,0,0,8363
2026-08-24T01:08:22.161023,0,0.0,0.0,78,12.7,0.0,Deactivated,27,29,0,0,8363
2026-08-24T01:08:22.163330,0,0.0,0.0,78,12.7,0.0,Deactivated,27,29,0,0,8363
2026-08-24T01:08:23.962293,0,0.0,0.0,78,12.7,0.0,Deactivated,27,28,0,0,8363
2026-08-24T01:08:23.964873,0,0.0,0.0,78,12.7,0.0,Deactivated,27,28,0,0,8363
2026-08-24T01:08:25.986062,0,0.0,0.0,78,12.7,0.0,Deactivated,27,28,0,0,8363
2026-08-24T01:08:25.992249,0,0.0,0.0,78,12.7,0.0,Deactivated,27,28,0,0,8363
2026-08-24T01:08:28.056153,0,0.0,0.0,78,12.7,0.0,Deactivated,27,28,0,0,8363
2026-08-24T01:08:28.058830,0,0.0,0.0,78,12.7,0.0,Deactivated,27,28,0,0,8363
2026-08-24T01:08:29.091138,0,0.0,0.0,78,12.7,0.0,Deactivated,27,28,0,0,8363
2026-08-24T01:08:29.092629,0,0.0,0.0,78,12.7,0.0,Deactivated,27,28,0,0,8363
2026-08-24T01:08:30.035680,0,0.0,0.0,78,12.7,0.0,Deactivated,27,28,0,0,8363
2026-08-24T01:08:30.038032,0,0.0,0.0,78,12.7,0.0,Deactivated,27,28,0,0,8363
2026-08-24T01:08:32.107071,0,0.0,0.0,78,12.7,0.0,Deactivated,27,28,0,0,8363
2026-08-24T01:08:32.109736,0,0.0,0.0,78,12.7,0.0,Deactivated,27,28,0,0,8363
2026-08-24T01:08:34.310119,0,0.0,0.0,78,12.7,0.0,Deactivated,27,28,0,0,8363
2026-08-24T01:08:34.312642,0,0.0,0.0,78,12.7,0.0,Deactivated,27,28,0,0,8363
2026-08-24T01:08:36.064503,0,0.0,0.0,78,12.7,0.0,Deactivated,27,28,0,0,8363
2026-08-24T01:08:36.066082,0,0.0,0.0,78,12.7,0.0,Deactivated,27,28,0,0,8363
2026-08-24T01:08:38.002652,0,0.0,0.0,78,12.7,0.0,Deactivated,27,28,0,0,8363
2026-08-24T01:08:38.005643,0,0.0,0.0,78,12.7,0.0,Deactivated,27,28,0,0,8363
2026-08-24T01:08:38.990659,0,0.0,0.0,78,12.7,0.0,Deactivated,27,29,0,0,8363
2026-08-24T01:08:38.991848,0,0.0,0.0,78,12.7,0.0,Deactivated,27,29,0,0,8363
2026-08-24T01:08:40.161519,0,0.0,0.0,78,12.7,0.0,Deactivated,27,28,0,0,8363
2026-08-24T01:08:40.164543,0,0.0,0.0,78,12.7,0.0,Deactivated,27,28,0,0,8363
2026-08-24T01:08:42.094220,0,0.0,0.0,78,12.7,0.0,Deactivated,27,28,0,0,8363
2026-08-24T01:08:42.095582,0,0.0,0.0,78,12.7,0.0,Deactivated,27,28,0,0,8363
2026-08-24T01:08:43.986434,0,0.0,0.0,78,12.7,0.0,Deactivated,27,28,0,0,8363
2026-08-24T01:08:43.988974,0,0.0,0.0,78,12.7,0.0,Deactivated,27,28,0,0,8363
2026-08-24T01:08:46.011410,0,0.0,0.0,78,12.7,0.0,Deactivated,27,28,0,0,8363
2026-08-24T01:08:46.013838,0,0.0,0.0,78,12.7,0.0,Deactivated,27,28,0,0,8363
2026-08-24T01:08:47.991663,0,0.0,0.0,78,12.7,0.0,Deactivated,27,28,0,0,8363
2026-08-24T01:08:47.994191,0,0.0,0.0,78,12.7,0.0,Deactivated,27,28,0,0,8363
2026-08-24T01:08:49.080396,0,0.0,0.0,78,12.7,0.0,Deactivated,27,28,0,0,8363
2026-08-24T01:08:49.082818,0,0.0,0.0,78,12.7,0.0,Deactivated,27,28,0,0,8363
2026-08-24T01:08:49.971707,0,0.0,0.0,78,12.7,0.0,Deactivated,27,28,0,0,8363
2026-08-24T01:08:49.974118,0,0.0,0.0,78,12.7,0.0,Deactivated,27,28,0,0,8363
2026-08-24T01:08:52.084002,0,0.0,0.0,78,12.7,0.0,Deactivated,27,28,0,0,8363
2026-08-24T01:08:52.085339,0,0.0,0.0,78,12.7,0.0,Deactivated,27,28,0,0,8363
2026-08-24T01:08:54.110712,0,0.0,0.0,78,12.7,0.0,Deactivated,27,28,0,0,8363
2026-08-24T01:08:54.113089,0,0.0,0.0,78,12.7,0.0,Deactivated,27,28,0,0,8363
2026-08-24T01:08:56.226872,0,0.0,0.0,78,12.7,0.0,Deactivated,27,28,0,0,8363
2026-08-24T01:08:56.229029,0,0.0,0.0,78,12.7,0.0,Deactivated,27,28,0,0,8363
2026-08-24T01:08:58.250669,0,0.0,0.0,78,12.7,0.0,Deactivated,27,28,0,0,8363
2026-08-24T01:08:58.253454,0,0.0,0.0,78,12.7,0.0,Deactivated,27,28,0,0,8363
2026-08-24T01:08:59.016346,0,0.0,0.0,78,12.7,0.0,Deactivated,27,29,0,0,8363
2026-08-24T01:08:59.018662,0,0.0,0.0,78,12.7,0.0,Deactivated,27,29,0,0,8363
2026-08-24T01:08:59.961318,0,0.0,0.0,78,12.7,0.0,Deactivated,27,28,0,0,8363
2026-08-24T01:08:59.963450,0,0.0,0.0,78,12.7,0.0,Deactivated,27,28,0,0,8363
2026-08-24T01:09:01.984725,0,0.0,0.0,78,12.7,0.0,Deactivated,27,28,0,0,8363
2026-08-24T01:09:01.987221,0,0.0,0.0,78,12.7,0.0,Deactivated,27,28,0,0,8363
2026-08-24T01:09:04.100311,0,0.0,0.0,78,12.7,0.0,Deactivated,27,28,0,0,8363
2026-08-24T01:09:04.102436,0,0.0,0.0,78,12.7,0.0,Deactivated,27,28,0,0,8363
2026-08-24T01:09:05.994113,0,0.0,0.0,78,12.7,0.0,Deactivated,27,28,0,0,8363
2026-08-24T01:09:05.996472,0,0.0,0.0,78,12.7,0.0,Deactivated,27,28,0,0,8363
2026-08-24T01:09:07.969792,0,0.0,0.0,78,12.7,0.0,Deactivated,27,28,0,0,8363
2026-08-24T01:09:07.971046,0,0.0,0.0,78,12.7,0.0,Deactivated,27,28,0,0,8363
2026-08-24T01:09:08.959993,0,0.0,0.0,78,12.7,0.0,Deactivated,27,29,0,0,8363
2026-08-24T01:09:08.961366,0,0.0,0.0,78,12.7,0.0,Deactivated,27,29,0,0,8363
2026-08-24T01:09:09.996891,0,0.0,0.0,78,12.7,0.0,Deactivated,27,28,0,0,8363
2026-08-24T01:09:09.999285,0,0.0,0.0,78,12.7,0.0,Deactivated,27,28,0,0,8363
2026-08-24T01:09:12.154821,0,0.0,0.0,78,12.7,0.0,Deactivated,27,28,0,0,8363
2026-08-24T01:09:12.156173,0,0.0,0.0,78,12.7,0.0,Deactivated,27,28,0,0,8363
2026-08-24T01:09:14.044032,0,0.0,0.0,78,12.7,0.0,Deactivated,27,28,0,0,8363
2026-08-24T01:09:14.045931,0,0.0,0.0,78,12.7,0.0,Deactivated,27,28,0,0,8363
2026-08-24T01:09:16.071691,0,0.0,0.0,78,12.7,0.0,Deactivated,27,28,0,0,8363
2026-08-24T01:09:16.072890,0,0.0,0.0,78,12.7,0.0,Deactivated,27,28,0,0,8363
2026-08-24T01:09:18.230704,0,0.0,0.0,78,12.7,0.0,Deactivated,27,28,0,0,8363
2026-08-24T01:09:18.232970,0,0.0,0.0,78,12.7,0.0,Deactivated,27,28,0,0,8363
2026-08-24T01:09:19.043472,0,0.0,0.0,79,12.7,0.0,Deactivated,27,28,0,0,8363
2026-08-24T01:09:19.046106,0,0.0,0.0,79,12.7,0.0,Deactivated,27,28,0,0,8363
2026-08-24T01:09:19.985743,0,0.0,0.0,79,12.7,0.0,Deactivated,27,29,0,0,8363
2026-08-24T01:09:19.988138,0,0.0,0.0,79,12.7,0.0,Deactivated,27,29,0,0,8363
2026-08-24T01:09:21.967307,0,0.0,0.0,79,12.7,0.0,Deactivated,27,28,0,0,8363
2026-08-24T01:09:21.970015,0,0.0,0.0,79,12.7,0.0,Deactivated,27,28,0,0,8363
2026-08-24T01:09:24.036597,0,0.0,0.0,78,12.7,0.0,Deactivated,27,29,0,0,8363
2026-08-24T01:09:24.038125,0,0.0,0.0,78,12.7,0.0,Deactivated,27,29,0,0,8363
2026-08-24T01:09:26.238877,0,0.0,0.0,78,12.7,0.0,Deactivated,27,28,0,0,8363
2026-08-24T01:09:26.240744,0,0.0,0.0,78,12.7,0.0,Deactivated,27,28,0,0,8363
2026-08-24T01:09:27.996947,0,0.0,0.0,78,12.7,0.0,Deactivated,27,29,0,0,8363
2026-08-24T01:09:27.999412,0,0.0,0.0,78,12.7,0.0,Deactivated,27,29,0,0,8363
2026-08-24T01:09:29.029863,0,0.0,0.0,78,12.7,0.0,Deactivated,27,28,0,0,8363
2026-08-24T01:09:29.031718,0,0.0,0.0,78,12.7,0.0,Deactivated,27,28,0,0,8363
2026-08-24T01:09:29.977689,0,0.0,0.0,78,12.7,0.0,Deactivated,27,28,0,0,8363
2026-08-24T01:09:29.979786,0,0.0,0.0,78,12.7,0.0,Deactivated,27,28,0,0,8363
2026-08-24T01:09:32.045780,0,0.0,0.0,78,12.7,0.0,Deactivated,27,28,0,0,8363
2026-08-24T01:09:32.048209,0,0.0,0.0,78,12.7,0.0,Deactivated,27,28,0,0,8363
2026-08-24T01:09:34.072483,0,0.0,0.0,78,12.7,0.0,Deactivated,27,28,0,0,8363
2026-08-24T01:09:34.076243,0,0.0,0.0,78,12.7,0.0,Deactivated,27,28,0,0,8363
2026-08-24T01:09:36.052448,0,0.0,0.0,78,12.7,0.0,Deactivated,27,29,0,0,8363
2026-08-24T01:09:36.054947,0,0.0,0.0,78,12.7,0.0,Deactivated,27,29,0,0,8363
2026-08-24T01:09:38.076498,0,0.0,0.0,78,12.7,0.0,Deactivated,27,28,0,0,8363
2026-08-24T01:09:38.080023,0,0.0,0.0,78,12.7,0.0,Deactivated,27,28,0,0,8363
2026-08-24T01:09:39.201582,0,0.0,0.0,79,12.7,0.0,Deactivated,27,28,0,0,8363
2026-08-24T01:09:39.204174,0,0.0,0.0,79,12.7,0.0,Deactivated,27,28,0,0,8363
2026-08-24T01:09:40.056347,0,0.0,0.0,79,12.7,0.0,Deactivated,27,29,0,0,8363
2026-08-24T01:09:40.059491,0,0.0,0.0,79,12.7,0.0,Deactivated,27,29,0,0,8363
2026-08-24T01:09:42.037615,0,0.0,0.0,79,12.7,0.0,Deactivated,27,28,0,0,8363
2026-08-24T01:09:42.040662,0,0.0,0.0,79,12.7,0.0,Deactivated,27,28,0,0,8363
2026-08-24T01:09:43.975128,0,0.0,0.0,78,12.7,0.0,Deactivated,27,29,0,0,8363
2026-08-24T01:09:43.977231,0,0.0,0.0,78,12.7,0.0,Deactivated,27,29,0,0,8363
2026-08-24T01:09:46.174982,0,0.0,0.0,78,12.7,0.0,Deactivated,27,28,0,0,8363
2026-08-24T01:09:46.176803,0,0.0,0.0,78,12.7,0.0,Deactivated,27,28,0,0,8363
2026-08-24T01:09:48.018881,0,0.0,0.0,78,12.7,0.0,Deactivated,27,28,0,0,8363
2026-08-24T01:09:48.020258,0,0.0,0.0,78,12.7,0.0,Deactivated,27,28,0,0,8363
2026-08-24T01:09:49.010975,0,0.0,0.0,78,12.7,0.0,Deactivated,27,28,0,0,8363
2026-08-24T01:09:49.013274,0,0.0,0.0,78,12.7,0.0,Deactivated,27,28,0,0,8363
2026-08-24T01:09:50.003719,0,0.0,0.0,78,12.7,0.0,Deactivated,27,28,0,0,8363
2026-08-24T01:09:50.006002,0,0.0,0.0,78,12.7,0.0,Deactivated,27,28,0,0,8363
2026-08-24T01:09:52.029066,0,0.0,0.0,78,12.7,0.0,Deactivated,27,28,0,0,8363
2026-08-24T01:09:52.031182,0,0.0,0.0,78,12.7,0.0,Deactivated,27,28,0,0,8363
2026-08-24T01:09:54.139326,0,0.0,0.0,78,12.7,0.0,Deactivated,27,28,0,0,8363
2026-08-24T01:09:54.140310,0,0.0,0.0,78,12.7,0.0,Deactivated,27,28,0,0,8363
2026-08-24T01:09:56.208834,0,0.0,0.0,78,12.7,0.0,Deactivated,27,28,0,0,8363
2026-08-24T01:09:56.210259,0,0.0,0.0,78,12.7,0.0,Deactivated,27,28,0,0,8363
2026-08-24T01:09:58.190596,0,0.0,0.0,78,12.7,0.0,Deactivated,27,28,0,0,8363
2026-08-24T01:09:58.191995,0,0.0,0.0,78,12.7,0.0,Deactivated,27,28,0,0,8363
2026-08-24T01:09:59.088405,0,0.0,0.0,78,12.7,0.0,Deactivated,27,28,0,0,8363
2026-08-24T01:09:59.089587,0,0.0,0.0,78,12.7,0.0,Deactivated,27,28,0,0,8363
2026-08-24T01:10:00.080665,0,0.0,0.0,78,12.7,0.0,Deactivated,27,28,0,0,8363
2026-08-24T01:10:00.082015,0,0.0,0.0,78,12.7,0.0,Deactivated,27,28,0,0,8363
2026-08-24T01:10:02.104066,0,0.0,0.0,78,12.7,0.0,Deactivated,27,28,0,0,8363
2026-08-24T01:10:02.105638,0,0.0,0.0,78,12.7,0.0,Deactivated,27,28,0,0,8363
2026-08-24T01:10:03.996832,0,0.0,0.0,78,12.7,0.0,Deactivated,27,28,0,0,8363
2026-08-24T01:10:03.998957,0,0.0,0.0,78,12.7,0.0,Deactivated,27,28,0,0,8363
2026-08-24T01:10:06.023238,0,0.0,0.0,78,12.7,0.0,Deactivated,27,28,0,0,8363
2026-08-24T01:10:06.026288,0,0.0,0.0,78,12.7,0.0,Deactivated,27,28,0,0,8363
2026-08-24T01:10:08.271038,0,0.0,0.0,78,12.7,0.0,Deactivated,27,28,0,0,8363
2026-08-24T01:10:08.272542,0,0.0,0.0,78,12.7,0.0,Deactivated,27,28,0,0,8363
2026-08-24T01:10:09.034021,0,0.0,0.0,79,12.7,0.0,Deactivated,27,28,0,0,8363
2026-08-24T01:10:09.035466,0,0.0,0.0,79,12.7,0.0,Deactivated,27,28,0,0,8363
2026-08-24T01:10:10.115654,0,0.0,0.0,79,12.7,0.0,Deactivated,27,28,0,0,8363
2026-08-24T01:10:10.117304,0,0.0,0.0,79,12.7,0.0,Deactivated,27,28,0,0,8363
2026-08-24T01:10:12.140467,0,0.0,0.0,79,12.7,0.0,Deactivated,27,28,0,0,8363
2026-08-24T01:10:12.144202,0,0.0,0.0,79,12.7,0.0,Deactivated,27,28,0,0,8363
2026-08-24T01:10:14.032712,0,0.0,0.0,78,12.7,0.0,Deactivated,27,28,0,0,8363
2026-08-24T01:10:14.034862,0,0.0,0.0,78,12.7,0.0,Deactivated,27,28,0,0,8363
2026-08-24T01:10:16.147502,0,0.0,0.0,78,12.7,0.0,Deactivated,27,28,0,0,8363
2026-08-24T01:10:16.149741,0,0.0,0.0,78,12.7,0.0,Deactivated,27,28,0,0,8363
2026-08-24T01:10:18.083405,0,0.0,0.0,78,12.7,0.0,Deactivated,27,28,0,0,8363
2026-08-24T01:10:18.086757,0,0.0,0.0,78,12.7,0.0,Deactivated,27,28,0,0,8363
2026-08-24T01:10:19.026055,0,0.0,0.0,79,12.7,0.0,Deactivated,27,29,0,0,8363
2026-08-24T01:10:19.027741,0,0.0,0.0,79,12.7,0.0,Deactivated,27,29,0,0,8363
2026-08-24T01:10:20.105478,0,0.0,0.0,79,12.7,0.0,Deactivated,27,28,0,0,8363
2026-08-24T01:10:20.107261,0,0.0,0.0,79,12.7,0.0,Deactivated,27,28,0,0,8363
2026-08-24T01:10:22.085864,0,0.0,0.0,79,12.7,0.0,Deactivated,27,28,0,0,8363
2026-08-24T01:10:22.086840,0,0.0,0.0,79,12.7,0.0,Deactivated,27,28,0,0,8363
2026-08-24T01:10:24.022487,0,0.0,0.0,78,12.7,0.0,Deactivated,27,28,0,0,8363
2026-08-24T01:10:24.024813,0,0.0,0.0,78,12.7,0.0,Deactivated,27,28,0,0,8363
2026-08-24T01:10:26.223829,0,0.0,0.0,78,12.7,0.0,Deactivated,27,28,0,0,8363
2026-08-24T01:10:26.225209,0,0.0,0.0,78,12.7,0.0,Deactivated,27,28,0,0,8363
2026-08-24T01:10:28.025753,0,0.0,0.0,78,12.7,0.0,Deactivated,27,28,0,0,8363
2026-08-24T01:10:28.906799,0,0.0,0.0,78,12.7,0.0,Deactivated,27,28,0,0,8363
2026-08-24T01:10:29.105966,0,0.0,0.0,78,12.7,0.0,Deactivated,27,28,0,0,8363
2026-08-24T01:10:29.107406,0,0.0,0.0,78,12.7,0.0,Deactivated,27,28,0,0,8363
2026-08-24T01:10:30.049783,0,0.0,0.0,78,12.7,0.0,Deactivated,27,28,0,0,8363
2026-08-24T01:10:30.050979,0,0.0,0.0,78,12.7,0.0,Deactivated,27,28,0,0,8363
2026-08-24T01:10:32.075407,0,0.0,0.0,78,12.7,0.0,Deactivated,27,28,0,0,8363
2026-08-24T01:10:32.076407,0,0.0,0.0,78,12.7,0.0,Deactivated,27,28,0,0,8363
2026-08-24T01:10:34.056867,0,0.0,0.0,78,12.7,0.0,Deactivated,27,28,0,0,8363
2026-08-24T01:10:34.058376,0,0.0,0.0,78,12.7,0.0,Deactivated,27,28,0,0,8363
2026-08-24T01:10:36.173196,0,0.0,0.0,78,12.7,0.0,Deactivated,27,28,0,0,8363
2026-08-24T01:10:36.175352,0,0.0,0.0,78,12.7,0.0,Deactivated,27,28,0,0,8363
2026-08-24T01:10:38.238745,0,0.0,0.0,78,12.7,0.0,Deactivated,27,28,0,0,8363
2026-08-24T01:10:38.239988,0,0.0,0.0,78,12.7,0.0,Deactivated,27,28,0,0,8363
2026-08-24T01:10:39.052079,0,0.0,0.0,78,12.7,0.0,Deactivated,27,28,0,0,8363
2026-08-24T01:10:39.054461,0,0.0,0.0,78,12.7,0.0,Deactivated,27,28,0,0,8363
2026-08-24T01:10:39.998000,0,0.0,0.0,78,12.7,0.0,Deactivated,27,28,0,0,8363
2026-08-24T01:10:40.000577,0,0.0,0.0,78,12.7,0.0,Deactivated,27,28,0,0,8363
2026-08-24T01:10:42.108653,0,0.0,0.0,78,12.7,0.0,Deactivated,27,28,0,0,8363
2026-08-24T01:10:42.109854,0,0.0,0.0,78,12.7,0.0,Deactivated,27,28,0,0,8363
2026-08-24T01:10:44.272443,0,0.0,0.0,78,12.7,0.0,Deactivated,27,28,0,0,8363
2026-08-24T01:10:44.276549,0,0.0,0.0,78,12.7,0.0,Deactivated,27,28,0,0,8363
2026-08-24T01:10:46.070934,0,0.0,0.0,78,12.7,0.0,Deactivated,27,28,0,0,8363
2026-08-24T01:10:46.072617,0,0.0,0.0,78,12.7,0.0,Deactivated,27,28,0,0,8363
2026-08-24T01:10:48.007393,0,0.0,0.0,78,12.7,0.0,Deactivated,27,29,0,0,8363
2026-08-24T01:10:48.009309,0,0.0,0.0,78,12.7,0.0,Deactivated,27,29,0,0,8363
2026-08-24T01:10:49.132681,0,0.0,0.0,78,12.7,0.0,Deactivated,27,28,0,0,8363
2026-08-24T01:10:49.134857,0,0.0,0.0,78,12.7,0.0,Deactivated,27,28,0,0,8363
2026-08-24T01:10:50.079281,0,0.0,0.0,78,12.7,0.0,Deactivated,27,29,0,0,8363
2026-08-24T01:10:50.080653,0,0.0,0.0,78,12.7,0.0,Deactivated,27,29,0,0,8363
2026-08-24T01:10:51.967514,0,0.0,0.0,78,12.7,0.0,Deactivated,27,28,0,0,8363
2026-08-24T01:10:51.972539,0,0.0,0.0,78,12.7,0.0,Deactivated,27,28,0,0,8363
2026-08-24T01:10:54.125530,0,0.0,0.0,78,12.7,0.0,Deactivated,27,28,0,0,8363
2026-08-24T01:10:54.128294,0,0.0,0.0,78,12.7,0.0,Deactivated,27,28,0,0,8363
2026-08-24T01:10:56.061955,0,0.0,0.0,78,12.7,0.0,Deactivated,27,28,0,0,8363
2026-08-24T01:10:56.064227,0,0.0,0.0,78,12.7,0.0,Deactivated,27,28,0,0,8363
2026-08-24T01:10:58.221361,0,0.0,0.0,78,12.7,0.0,Deactivated,27,28,0,0,8363
2026-08-24T01:10:58.224397,0,0.0,0.0,78,12.7,0.0,Deactivated,27,28,0,0,8363
2026-08-24T01:10:59.211198,0,0.0,0.0,78,12.7,0.0,Deactivated,27,28,0,0,8363
2026-08-24T01:10:59.213821,0,0.0,0.0,78,12.7,0.0,Deactivated,27,28,0,0,8363
2026-08-24T01:11:00.067475,0,0.0,0.0,78,12.7,0.0,Deactivated,27,28,0,0,8363
2026-08-24T01:11:00.074582,0,0.0,0.0,78,12.7,0.0,Deactivated,27,28,0,0,8363
2026-08-24T01:11:02.092058,0,0.0,0.0,78,12.7,0.0,Deactivated,27,28,0,0,8363
2026-08-24T01:11:02.094574,0,0.0,0.0,78,12.7,0.0,Deactivated,27,28,0,0,8363
2026-08-24T01:11:04.117132,0,0.0,0.0,78,12.7,0.0,Deactivated,27,28,0,0,8363
2026-08-24T01:11:04.119858,0,0.0,0.0,78,12.7,0.0,Deactivated,27,28,0,0,8363
2026-08-24T01:11:05.963161,0,0.0,0.0,78,12.7,0.0,Deactivated,27,28,0,0,8363
2026-08-24T01:11:05.965415,0,0.0,0.0,78,12.7,0.0,Deactivated,27,28,0,0,8363
2026-08-24T01:11:08.208223,0,0.0,0.0,78,12.7,0.0,Deactivated,27,28,0,0,8363
2026-08-24T01:11:08.210226,0,0.0,0.0,78,12.7,0.0,Deactivated,27,28,0,0,8363
2026-08-24T01:11:09.109610,0,0.0,0.0,78,12.7,0.0,Deactivated,27,28,0,0,8363
2026-08-24T01:11:09.111492,0,0.0,0.0,78,12.7,0.0,Deactivated,27,28,0,0,8363
2026-08-24T01:11:10.102368,0,0.0,0.0,78,12.7,0.0,Deactivated,27,28,0,0,8363
2026-08-24T01:11:10.105201,0,0.0,0.0,78,12.7,0.0,Deactivated,27,28,0,0,8363
2026-08-24T01:11:12.081169,0,0.0,0.0,78,12.7,0.0,Deactivated,27,28,0,0,8363
2026-08-24T01:11:12.083590,0,0.0,0.0,78,12.7,0.0,Deactivated,27,28,0,0,8363
2026-08-24T01:11:14.195159,0,0.0,0.0,78,12.7,0.0,Deactivated,27,28,0,0,8363
2026-08-24T01:11:14.196459,0,0.0,0.0,78,12.7,0.0,Deactivated,27,28,0,0,8363
2026-08-24T01:11:16.042629,0,0.0,0.0,78,12.7,0.0,Deactivated,27,28,0,0,8363
2026-08-24T01:11:16.045024,0,0.0,0.0,78,12.7,0.0,Deactivated,27,28,0,0,8363
2026-08-24T01:11:17.974862,0,0.0,0.0,78,12.7,0.0,Deactivated,27,29,0,0,8363
2026-08-24T01:11:17.975994,0,0.0,0.0,78,12.7,0.0,Deactivated,27,29,0,0,8363
2026-08-24T01:11:19.145739,0,0.0,0.0,79,12.7,0.0,Deactivated,27,28,0,0,8363
2026-08-24T01:11:19.147447,0,0.0,0.0,79,12.7,0.0,Deactivated,27,28,0,0,8363
2026-08-24T01:11:20.134979,0,0.0,0.0,79,12.7,0.0,Deactivated,27,28,0,0,8363
2026-08-24T01:11:20.136250,0,0.0,0.0,79,12.7,0.0,Deactivated,27,28,0,0,8363
2026-08-24T01:11:22.114721,0,0.0,0.0,79,12.7,0.0,Deactivated,27,28,0,0,8363
2026-08-24T01:11:22.116375,0,0.0,0.0,79,12.7,0.0,Deactivated,27,28,0,0,8363
2026-08-24T01:11:24.007383,0,0.0,0.0,78,12.7,0.0,Deactivated,27,28,0,0,8363
2026-08-24T01:11:24.008860,0,0.0,0.0,78,12.7,0.0,Deactivated,27,28,0,0,8363
2026-08-24T01:11:26.119865,0,0.0,0.0,78,12.7,0.0,Deactivated,27,28,0,0,8363
2026-08-24T01:11:26.123679,0,0.0,0.0,78,12.7,0.0,Deactivated,27,28,0,0,8363
2026-08-24T01:11:28.012430,0,0.0,0.0,78,12.7,0.0,Deactivated,27,28,0,0,8363
2026-08-24T01:11:28.013868,0,0.0,0.0,78,12.7,0.0,Deactivated,27,28,0,0,8363
2026-08-24T01:11:29.090635,0,0.0,0.0,78,12.7,0.0,Deactivated,27,28,0,0,8363
2026-08-24T01:11:29.097138,0,0.0,0.0,78,12.7,0.0,Deactivated,27,28,0,0,8363
2026-08-24T01:11:29.989324,0,0.0,0.0,78,12.7,0.0,Deactivated,27,28,0,0,8363
2026-08-24T01:11:30.000601,0,0.0,0.0,78,12.7,0.0,Deactivated,27,28,0,0,8363
2026-08-24T01:11:32.014007,0,0.0,0.0,78,12.7,0.0,Deactivated,27,28,0,0,8363
2026-08-24T01:11:32.015960,0,0.0,0.0,78,12.7,0.0,Deactivated,27,28,0,0,8363
2026-08-24T01:11:34.130281,0,0.0,0.0,78,12.7,0.0,Deactivated,27,28,0,0,8363
2026-08-24T01:11:34.131720,0,0.0,0.0,78,12.7,0.0,Deactivated,27,28,0,0,8363
2026-08-24T01:11:36.155383,0,0.0,0.0,78,12.7,0.0,Deactivated,27,28,0,0,8363
2026-08-24T01:11:36.158063,0,0.0,0.0,78,12.7,0.0,Deactivated,27,28,0,0,8363
2026-08-24T01:11:38.089831,0,0.0,0.0,78,12.7,0.0,Deactivated,27,28,0,0,8363
2026-08-24T01:11:38.093466,0,0.0,0.0,78,12.7,0.0,Deactivated,27,28,0,0,8363
2026-08-24T01:11:39.214915,0,0.0,0.0,78,12.7,0.0,Deactivated,27,28,0,0,8363
2026-08-24T01:11:39.216304,0,0.0,0.0,78,12.7,0.0,Deactivated,27,28,0,0,8363
2026-08-24T01:11:40.204111,0,0.0,0.0,78,12.7,0.0,Deactivated,27,28,0,0,8363
2026-08-24T01:11:40.205489,0,0.0,0.0,78,12.7,0.0,Deactivated,27,28,0,0,8363
2026-08-24T01:11:42.004492,0,0.0,0.0,78,12.7,0.0,Deactivated,27,28,0,0,8363
2026-08-24T01:11:42.005690,0,0.0,0.0,78,12.7,0.0,Deactivated,27,28,0,0,8363
2026-08-24T01:11:44.075519,0,0.0,0.0,78,12.7,0.0,Deactivated,27,28,0,0,8363
2026-08-24T01:11:44.076867,0,0.0,0.0,78,12.7,0.0,Deactivated,27,28,0,0,8363
2026-08-24T01:11:46.191297,0,0.0,0.0,78,12.7,0.0,Deactivated,27,28,0,0,8363
2026-08-24T01:11:46.198042,0,0.0,0.0,78,12.7,0.0,Deactivated,27,28,0,0,8363
2026-08-24T01:11:48.214430,0,0.0,0.0,78,12.7,0.0,Deactivated,27,28,0,0,8363
2026-08-24T01:11:48.215820,0,0.0,0.0,78,12.7,0.0,Deactivated,27,28,0,0,8363
2026-08-24T01:11:49.254635,0,0.0,0.0,78,12.7,0.0,Deactivated,27,28,0,0,8363
2026-08-24T01:11:49.256381,0,0.0,0.0,78,12.7,0.0,Deactivated,27,28,0,0,8363
2026-08-24T01:11:50.148920,0,0.0,0.0,78,12.7,0.0,Deactivated,27,28,0,0,8363
2026-08-24T01:11:50.152463,0,0.0,0.0,78,12.7,0.0,Deactivated,27,28,0,0,8363
2026-08-24T01:11:52.219524,0,0.0,0.0,78,12.7,0.0,Deactivated,27,28,0,0,8363
2026-08-24T01:11:52.220832,0,0.0,0.0,78,12.7,0.0,Deactivated,27,28,0,0,8363
2026-08-24T01:11:54.247790,0,0.0,0.0,78,12.7,0.0,Deactivated,27,28,0,0,8363
2026-08-24T01:11:54.249434,0,0.0,0.0,78,12.7,0.0,Deactivated,27,28,0,0,8363
2026-08-24T01:11:56.134614,0,0.0,0.0,78,12.7,0.0,Deactivated,27,28,0,0,8363
2026-08-24T01:11:56.136105,0,0.0,0.0,78,12.7,0.0,Deactivated,27,28,0,0,8363
2026-08-24T01:11:58.116486,0,0.0,0.0,78,12.7,0.0,Deactivated,27,28,0,0,8363
2026-08-24T01:11:58.118278,0,0.0,0.0,78,12.7,0.0,Deactivated,27,28,0,0,8363
2026-08-24T01:11:59.017788,0,0.0,0.0,78,12.7,0.0,Deactivated,27,28,0,0,8363
2026-08-24T01:11:59.019261,0,0.0,0.0,78,12.7,0.0,Deactivated,27,28,0,0,8363
2026-08-24T01:11:59.960566,0,0.0,0.0,78,12.7,0.0,Deactivated,27,28,0,0,8363
2026-08-24T01:11:59.962263,0,0.0,0.0,78,12.7,0.0,Deactivated,27,28,0,0,8363
2026-08-24T01:12:02.348111,0,0.0,0.0,78,12.7,0.0,Deactivated,27,28,0,0,8363
2026-08-24T01:12:02.349267,0,0.0,0.0,78,12.7,0.0,Deactivated,27,28,0,0,8363
2026-08-24T01:12:04.237225,0,0.0,0.0,78,12.7,0.0,Deactivated,27,28,0,0,8363
2026-08-24T01:12:04.240446,0,0.0,0.0,78,12.7,0.0,Deactivated,27,28,0,0,8363
2026-08-24T01:12:06.169707,0,0.0,0.0,78,12.7,0.0,Deactivated,27,28,0,0,8363
2026-08-24T01:12:06.175613,0,0.0,0.0,78,12.7,0.0,Deactivated,27,28,0,0,8363
2026-08-24T01:12:08.104458,0,0.0,0.0,78,12.7,0.0,Deactivated,27,28,0,0,8363
2026-08-24T01:12:08.106020,0,0.0,0.0,78,12.7,0.0,Deactivated,27,28,0,0,8363
2026-08-24T01:12:09.050530,0,0.0,0.0,78,12.7,0.0,Deactivated,27,28,0,0,8363
2026-08-24T01:12:09.054258,0,0.0,0.0,78,12.7,0.0,Deactivated,27,28,0,0,8363
2026-08-24T01:12:10.129586,0,0.0,0.0,78,12.7,0.0,Deactivated,27,28,0,0,8363
2026-08-24T01:12:10.130935,0,0.0,0.0,78,12.7,0.0,Deactivated,27,28,0,0,8363
2026-08-24T01:12:11.974475,0,0.0,0.0,78,12.7,0.0,Deactivated,27,28,0,0,8363
2026-08-24T01:12:11.976310,0,0.0,0.0,78,12.7,0.0,Deactivated,27,28,0,0,8363
2026-08-24T01:12:13.999298,0,0.0,0.0,78,12.7,0.0,Deactivated,27,28,0,0,8363
2026-08-24T01:12:14.000656,0,0.0,0.0,78,12.7,0.0,Deactivated,27,28,0,0,8363
2026-08-24T01:12:16.069751,0,0.0,0.0,78,12.7,0.0,Deactivated,27,28,0,0,8363
2026-08-24T01:12:16.072522,0,0.0,0.0,78,12.7,0.0,Deactivated,27,28,0,0,8363
2026-08-24T01:12:18.049751,0,0.0,0.0,78,12.7,0.0,Deactivated,27,28,0,0,8363
2026-08-24T01:12:18.051439,0,0.0,0.0,78,12.7,0.0,Deactivated,27,28,0,0,8363
2026-08-24T01:12:19.039967,0,0.0,0.0,78,12.7,0.0,Deactivated,27,28,0,0,8363
2026-08-24T01:12:19.041873,0,0.0,0.0,78,12.7,0.0,Deactivated,27,28,0,0,8363
2026-08-24T01:12:20.166468,0,0.0,0.0,78,12.7,0.0,Deactivated,27,29,0,0,8363
2026-08-24T01:12:20.168265,0,0.0,0.0,78,12.7,0.0,Deactivated,27,29,0,0,8363
2026-08-24T01:12:22.191836,0,0.0,0.0,78,12.7,0.0,Deactivated,27,28,0,0,8363
2026-08-24T01:12:22.193284,0,0.0,0.0,78,12.7,0.0,Deactivated,27,28,0,0,8363
2026-08-24T01:12:23.993966,0,0.0,0.0,78,12.7,0.0,Deactivated,27,28,0,0,8363
2026-08-24T01:12:23.997403,0,0.0,0.0,78,12.7,0.0,Deactivated,27,28,0,0,8363
2026-08-24T01:12:26.019665,0,0.0,0.0,78,12.7,0.0,Deactivated,27,28,0,0,8363
2026-08-24T01:12:26.022291,0,0.0,0.0,78,12.7,0.0,Deactivated,27,28,0,0,8363
2026-08-24T01:12:28.043576,0,0.0,0.0,78,12.7,0.0,Deactivated,27,28,0,0,8363
2026-08-24T01:12:28.045448,0,0.0,0.0,78,12.7,0.0,Deactivated,27,28,0,0,8363
2026-08-24T01:12:28.987280,0,0.0,0.0,78,12.7,0.0,Deactivated,27,28,0,0,8363
2026-08-24T01:12:28.988510,0,0.0,0.0,78,12.7,0.0,Deactivated,27,28,0,0,8363
2026-08-24T01:12:29.974565,0,0.0,0.0,78,12.7,0.0,Deactivated,27,28,0,0,8363
2026-08-24T01:12:29.976370,0,0.0,0.0,78,12.7,0.0,Deactivated,27,28,0,0,8363
2026-08-24T01:12:32.361950,0,0.0,0.0,78,12.7,0.0,Deactivated,27,28,0,0,8363
2026-08-24T01:12:32.363884,0,0.0,0.0,78,12.7,0.0,Deactivated,27,28,0,0,8363
2026-08-24T01:12:34.294494,0,0.0,0.0,78,12.7,0.0,Deactivated,27,28,0,0,8363
2026-08-24T01:12:34.298458,0,0.0,0.0,78,12.7,0.0,Deactivated,27,28,0,0,8363
2026-08-24T01:12:36.005645,0,0.0,0.0,78,12.7,0.0,Deactivated,27,28,0,0,8363
2026-08-24T01:12:36.007017,0,0.0,0.0,78,12.7,0.0,Deactivated,27,28,0,0,8363
2026-08-24T01:12:38.167699,0,0.0,0.0,78,12.7,0.0,Deactivated,27,28,0,0,8363
2026-08-24T01:12:38.170085,0,0.0,0.0,78,12.7,0.0,Deactivated,27,28,0,0,8363
2026-08-24T01:12:39.201816,0,0.0,0.0,79,12.7,0.0,Deactivated,27,28,0,0,8363
2026-08-24T01:12:39.204693,0,0.0,0.0,79,12.7,0.0,Deactivated,27,28,0,0,8363
2026-08-24T01:12:40.146654,0,0.0,0.0,79,12.7,0.0,Deactivated,27,28,0,0,8363
2026-08-24T01:12:40.149272,0,0.0,0.0,79,12.7,0.0,Deactivated,27,28,0,0,8363
2026-08-24T01:12:42.172460,0,0.0,0.0,79,12.7,0.0,Deactivated,27,28,0,0,8363
2026-08-24T01:12:42.175515,0,0.0,0.0,79,12.7,0.0,Deactivated,27,28,0,0,8363
2026-08-24T01:12:44.106976,0,0.0,0.0,79,12.7,0.0,Deactivated,27,28,0,0,8363
2026-08-24T01:12:44.108566,0,0.0,0.0,79,12.7,0.0,Deactivated,27,28,0,0,8363
2026-08-24T01:12:46.087595,0,0.0,0.0,79,12.7,0.0,Deactivated,27,28,0,0,8363
2026-08-24T01:12:46.091290,0,0.0,0.0,79,12.7,0.0,Deactivated,27,28,0,0,8363
2026-08-24T01:12:48.291525,0,0.0,0.0,79,12.7,0.0,Deactivated,27,28,0,0,8363
2026-08-24T01:12:48.294538,0,0.0,0.0,79,12.7,0.0,Deactivated,27,28,0,0,8363
2026-08-24T01:12:49.056150,0,0.0,0.0,79,12.7,0.0,Deactivated,27,28,0,0,8363
2026-08-24T01:12:49.059891,0,0.0,0.0,79,12.7,0.0,Deactivated,27,28,0,0,8363
2026-08-24T01:12:50.184279,0,0.0,0.0,78,12.7,0.0,Deactivated,27,28,0,0,8363
2026-08-24T01:12:50.187282,0,0.0,0.0,78,12.7,0.0,Deactivated,27,28,0,0,8363
2026-08-24T01:12:52.159646,0,0.0,0.0,78,12.7,0.0,Deactivated,27,28,0,0,8363
2026-08-24T01:12:52.161898,0,0.0,0.0,78,12.7,0.0,Deactivated,27,28,0,0,8363
2026-08-24T01:12:54.006265,0,0.0,0.0,78,12.7,0.0,Deactivated,27,28,0,0,8363
2026-08-24T01:12:54.007715,0,0.0,0.0,78,12.7,0.0,Deactivated,27,28,0,0,8363
2026-08-24T01:12:56.209400,0,0.0,0.0,78,12.7,0.0,Deactivated,27,28,0,0,8363
2026-08-24T01:12:56.210659,0,0.0,0.0,78,12.7,0.0,Deactivated,27,28,0,0,8363
2026-08-24T01:12:58.146021,0,0.0,0.0,78,12.7,0.0,Deactivated,27,28,0,0,8363
2026-08-24T01:12:58.147376,0,0.0,0.0,78,12.7,0.0,Deactivated,27,28,0,0,8363
2026-08-24T01:12:59.362675,0,0.0,0.0,78,12.7,0.0,Deactivated,27,28,0,0,8363
2026-08-24T01:12:59.364245,0,0.0,0.0,78,12.7,0.0,Deactivated,27,28,0,0,8363
2026-08-24T01:13:00.171278,0,0.0,0.0,78,12.7,0.0,Deactivated,27,28,0,0,8363
2026-08-24T01:13:00.174195,0,0.0,0.0,78,12.7,0.0,Deactivated,27,28,0,0,8363
2026-08-24T01:13:02.374124,0,0.0,0.0,78,12.7,0.0,Deactivated,27,28,0,0,8363
2026-08-24T01:13:02.375241,0,0.0,0.0,78,12.7,0.0,Deactivated,27,28,0,0,8363
2026-08-24T01:13:04.178515,0,0.0,0.0,78,12.7,0.0,Deactivated,27,28,0,0,8363
2026-08-24T01:13:04.180339,0,0.0,0.0,78,12.7,0.0,Deactivated,27,28,0,0,8363
2026-08-24T01:13:06.109309,0,0.0,0.0,78,12.7,0.0,Deactivated,27,28,0,0,8363
2026-08-24T01:13:06.110473,0,0.0,0.0,78,12.7,0.0,Deactivated,27,28,0,0,8363
2026-08-24T01:13:08.091479,0,0.0,0.0,78,12.7,0.0,Deactivated,27,28,0,0,8363
2026-08-24T01:13:08.093085,0,0.0,0.0,78,12.7,0.0,Deactivated,27,28,0,0,8363
2026-08-24T01:13:09.035371,0,0.0,0.0,78,12.7,0.0,Deactivated,27,28,0,0,8363
2026-08-24T01:13:09.036881,0,0.0,0.0,78,12.7,0.0,Deactivated,27,28,0,0,8363
2026-08-24T01:13:10.160208,0,0.0,0.0,78,12.7,0.0,Deactivated,27,28,0,0,8363
2026-08-24T01:13:10.161540,0,0.0,0.0,78,12.7,0.0,Deactivated,27,28,0,0,8363
2026-08-24T01:13:12.139062,0,0.0,0.0,78,12.7,0.0,Deactivated,27,28,0,0,8363
2026-08-24T01:13:12.140418,0,0.0,0.0,78,12.7,0.0,Deactivated,27,28,0,0,8363
2026-08-24T01:13:14.164730,0,0.0,0.0,78,12.7,0.0,Deactivated,27,28,0,0,8363
2026-08-24T01:13:14.165819,0,0.0,0.0,78,12.7,0.0,Deactivated,27,28,0,0,8363
2026-08-24T01:13:16.099698,0,0.0,0.0,79,12.7,0.0,Deactivated,27,28,0,0,8363
2026-08-24T01:13:16.101886,0,0.0,0.0,79,12.7,0.0,Deactivated,27,28,0,0,8363
2026-08-24T01:13:18.214372,0,0.0,0.0,79,12.7,0.0,Deactivated,27,28,0,0,8363
2026-08-24T01:13:18.215496,0,0.0,0.0,79,12.7,0.0,Deactivated,27,28,0,0,8363
2026-08-24T01:13:19.026279,0,0.0,0.0,79,12.7,0.0,Deactivated,27,28,0,0,8363
2026-08-24T01:13:19.028282,0,0.0,0.0,79,12.7,0.0,Deactivated,27,28,0,0,8363
2026-08-24T01:13:19.972272,0,0.0,0.0,78,12.7,0.0,Deactivated,27,28,0,0,8363
2026-08-24T01:13:19.975236,0,0.0,0.0,78,12.7,0.0,Deactivated,27,28,0,0,8363
2026-08-24T01:13:22.084222,0,0.0,0.0,78,12.7,0.0,Deactivated,27,28,0,0,8363
2026-08-24T01:13:22.085742,0,0.0,0.0,78,12.7,0.0,Deactivated,27,28,0,0,8363
2026-08-24T01:13:23.976348,0,0.0,0.0,78,12.7,0.0,Deactivated,27,28,0,0,8363
2026-08-24T01:13:23.978442,0,0.0,0.0,78,12.7,0.0,Deactivated,27,28,0,0,8363
2026-08-24T01:13:26.089491,0,0.0,0.0,78,12.7,0.0,Deactivated,27,28,0,0,8363
2026-08-24T01:13:26.091500,0,0.0,0.0,78,12.7,0.0,Deactivated,27,28,0,0,8363
2026-08-24T01:13:28.163973,0,0.0,0.0,78,12.7,0.0,Deactivated,27,28,0,0,8363
2026-08-24T01:13:28.165700,0,0.0,0.0,78,12.7,0.0,Deactivated,27,28,0,0,8363
2026-08-24T01:13:29.017106,0,0.0,0.0,78,12.7,0.0,Deactivated,27,28,0,0,8363
2026-08-24T01:13:29.018464,0,0.0,0.0,78,12.7,0.0,Deactivated,27,28,0,0,8363
2026-08-24T01:13:29.961261,0,0.0,0.0,78,12.7,0.0,Deactivated,27,28,0,0,8363
2026-08-24T01:13:29.962549,0,0.0,0.0,78,12.7,0.0,Deactivated,27,28,0,0,8363
2026-08-24T01:13:31.986991,0,0.0,0.0,78,12.7,0.0,Deactivated,27,28,0,0,8363
2026-08-24T01:13:31.988375,0,0.0,0.0,78,12.7,0.0,Deactivated,27,28,0,0,8363
2026-08-24T01:13:34.012628,0,0.0,0.0,78,12.7,0.0,Deactivated,27,28,0,0,8363
2026-08-24T01:13:34.014005,0,0.0,0.0,78,12.7,0.0,Deactivated,27,28,0,0,8363
2026-08-24T01:13:36.081440,0,0.0,0.0,78,12.7,0.0,Deactivated,27,28,0,0,8363
2026-08-24T01:13:36.083799,0,0.0,0.0,78,12.7,0.0,Deactivated,27,28,0,0,8363
2026-08-24T01:13:37.971074,0,0.0,0.0,78,12.7,0.0,Deactivated,27,28,0,0,8363
2026-08-24T01:13:37.972425,0,0.0,0.0,78,12.7,0.0,Deactivated,27,28,0,0,8363
2026-08-24T01:13:39.007110,0,0.0,0.0,78,12.7,0.0,Deactivated,27,28,0,0,8363
2026-08-24T01:13:39.008727,0,0.0,0.0,78,12.7,0.0,Deactivated,27,28,0,0,8363
2026-08-24T01:13:40.042348,0,0.0,0.0,79,12.7,0.0,Deactivated,27,28,0,0,8363
2026-08-24T01:13:40.043930,0,0.0,0.0,79,12.7,0.0,Deactivated,27,28,0,0,8363
2026-08-24T01:13:41.976433,0,0.0,0.0,79,12.7,0.0,Deactivated,27,29,0,0,8363
2026-08-24T01:13:41.979463,0,0.0,0.0,79,12.7,0.0,Deactivated,27,29,0,0,8363
2026-08-24T01:13:44.000769,0,0.0,0.0,79,12.7,0.0,Deactivated,27,28,0,0,8363
2026-08-24T01:13:44.001880,0,0.0,0.0,79,12.7,0.0,Deactivated,27,28,0,0,8363
2026-08-24T01:13:46.031856,0,0.0,0.0,79,12.7,0.0,Deactivated,27,28,0,0,8363
2026-08-24T01:13:46.033245,0,0.0,0.0,79,12.7,0.0,Deactivated,27,28,0,0,8363
2026-08-24T01:13:48.006554,0,0.0,0.0,79,12.7,0.0,Deactivated,27,28,0,0,8363
2026-08-24T01:13:48.016381,0,0.0,0.0,79,12.7,0.0,Deactivated,27,28,0,0,8363
2026-08-24T01:13:49.039432,0,0.0,0.0,79,12.7,0.0,Deactivated,27,28,0,0,8363
2026-08-24T01:13:49.042140,0,0.0,0.0,79,12.7,0.0,Deactivated,27,28,0,0,8363
2026-08-24T01:13:49.985854,0,0.0,0.0,78,12.7,0.0,Deactivated,27,28,0,0,8363
2026-08-24T01:13:49.987315,0,0.0,0.0,78,12.7,0.0,Deactivated,27,28,0,0,8363
2026-08-24T01:13:51.966285,0,0.0,0.0,78,12.7,0.0,Deactivated,27,28,0,0,8363
2026-08-24T01:13:51.968123,0,0.0,0.0,78,12.7,0.0,Deactivated,27,28,0,0,8363
2026-08-24T01:13:54.038394,0,0.0,0.0,78,12.7,0.0,Deactivated,27,29,0,0,8363
2026-08-24T01:13:54.046436,0,0.0,0.0,78,12.7,0.0,Deactivated,27,29,0,0,8363
2026-08-24T01:13:56.062425,0,0.0,0.0,78,12.7,0.0,Deactivated,27,28,0,0,8363
2026-08-24T01:13:56.064543,0,0.0,0.0,78,12.7,0.0,Deactivated,27,28,0,0,8363
2026-08-24T01:13:58.265903,0,0.0,0.0,78,12.7,0.0,Deactivated,27,29,0,0,8363
2026-08-24T01:13:58.267580,0,0.0,0.0,78,12.7,0.0,Deactivated,27,29,0,0,8363
2026-08-24T01:13:59.165624,0,0.0,0.0,78,12.7,0.0,Deactivated,27,28,0,0,8363
2026-08-24T01:13:59.167297,0,0.0,0.0,78,12.7,0.0,Deactivated,27,28,0,0,8363
2026-08-24T01:14:00.023068,0,0.0,0.0,78,12.7,0.0,Deactivated,27,28,0,0,8363
2026-08-24T01:14:00.025887,0,0.0,0.0,78,12.7,0.0,Deactivated,27,28,0,0,8363
2026-08-24T01:14:02.045189,0,0.0,0.0,78,12.7,0.0,Deactivated,27,28,0,0,8363
2026-08-24T01:14:02.046501,0,0.0,0.0,78,12.7,0.0,Deactivated,27,28,0,0,8363
2026-08-24T01:14:04.028355,0,0.0,0.0,78,12.7,0.0,Deactivated,27,28,0,0,8363
2026-08-24T01:14:04.031448,0,0.0,0.0,78,12.7,0.0,Deactivated,27,28,0,0,8363
2026-08-24T01:14:06.186239,0,0.0,0.0,78,12.7,0.0,Deactivated,27,28,0,0,8363
2026-08-24T01:14:06.188512,0,0.0,0.0,78,12.7,0.0,Deactivated,27,28,0,0,8363
2026-08-24T01:14:08.033298,0,0.0,0.0,78,12.7,0.0,Deactivated,27,28,0,0,8363
2026-08-24T01:14:08.037039,0,0.0,0.0,78,12.7,0.0,Deactivated,27,28,0,0,8363
2026-08-24T01:14:09.021576,0,0.0,0.0,78,12.7,0.0,Deactivated,27,28,0,0,8363
2026-08-24T01:14:09.025660,0,0.0,0.0,78,12.7,0.0,Deactivated,27,28,0,0,8363
2026-08-24T01:14:10.325778,0,0.0,0.0,78,12.7,0.0,Deactivated,27,28,0,0,8363
2026-08-24T01:14:10.327835,0,0.0,0.0,78,12.7,0.0,Deactivated,27,28,0,0,8363
2026-08-24T01:14:12.351402,0,0.0,0.0,78,12.7,0.0,Deactivated,27,28,0,0,8363
2026-08-24T01:14:12.353825,0,0.0,0.0,78,12.7,0.0,Deactivated,27,28,0,0,8363
2026-08-24T01:14:14.107762,0,0.0,0.0,78,12.7,0.0,Deactivated,27,28,0,0,8363
2026-08-24T01:14:14.110240,0,0.0,0.0,78,12.7,0.0,Deactivated,27,28,0,0,8363
2026-08-24T01:14:16.039669,0,0.0,0.0,78,12.7,0.0,Deactivated,27,28,0,0,8363
2026-08-24T01:14:16.041159,0,0.0,0.0,78,12.7,0.0,Deactivated,27,28,0,0,8363
2026-08-24T01:14:18.019572,0,0.0,0.0,78,12.7,0.0,Deactivated,27,29,0,0,8363
2026-08-24T01:14:18.021773,0,0.0,0.0,78,12.7,0.0,Deactivated,27,29,0,0,8363
2026-08-24T01:14:19.010616,0,0.0,0.0,78,12.7,0.0,Deactivated,27,28,0,0,8363
2026-08-24T01:14:19.012767,0,0.0,0.0,78,12.7,0.0,Deactivated,27,28,0,0,8363
2026-08-24T01:14:20.137149,0,0.0,0.0,79,12.7,0.0,Deactivated,27,28,0,0,8363
2026-08-24T01:14:20.138349,0,0.0,0.0,79,12.7,0.0,Deactivated,27,28,0,0,8363
2026-08-24T01:14:22.026053,0,0.0,0.0,79,12.7,0.0,Deactivated,27,28,0,0,8363
2026-08-24T01:14:22.027796,0,0.0,0.0,79,12.7,0.0,Deactivated,27,28,0,0,8363
2026-08-24T01:14:24.010579,0,0.0,0.0,79,12.7,0.0,Deactivated,27,28,0,0,8363
2026-08-24T01:14:24.013456,0,0.0,0.0,79,12.7,0.0,Deactivated,27,28,0,0,8363
2026-08-24T01:14:26.077681,0,0.0,0.0,78,12.7,0.0,Deactivated,27,28,0,0,8363
2026-08-24T01:14:26.080813,0,0.0,0.0,78,12.7,0.0,Deactivated,27,28,0,0,8363
2026-08-24T01:14:28.012279,0,0.0,0.0,78,12.7,0.0,Deactivated,27,28,0,0,8363
2026-08-24T01:14:28.014903,0,0.0,0.0,78,12.7,0.0,Deactivated,27,28,0,0,8363
2026-08-24T01:14:29.004320,0,0.0,0.0,78,12.7,0.0,Deactivated,27,28,0,0,8363
2026-08-24T01:14:29.006659,0,0.0,0.0,78,12.7,0.0,Deactivated,27,28,0,0,8363
2026-08-24T01:14:30.306727,0,0.0,0.0,78,12.7,0.0,Deactivated,27,28,0,0,8363
2026-08-24T01:14:30.310281,0,0.0,0.0,78,12.7,0.0,Deactivated,27,28,0,0,8363
2026-08-24T01:14:31.972536,0,0.0,0.0,78,12.7,0.0,Deactivated,27,28,0,0,8363
2026-08-24T01:14:31.974751,0,0.0,0.0,78,12.7,0.0,Deactivated,27,28,0,0,8363
2026-08-24T01:14:34.042670,0,0.0,0.0,78,12.7,0.0,Deactivated,27,28,0,0,8363
2026-08-24T01:14:34.045087,0,0.0,0.0,78,12.7,0.0,Deactivated,27,28,0,0,8363
2026-08-24T01:14:36.157010,0,0.0,0.0,78,12.7,0.0,Deactivated,27,28,0,0,8363
2026-08-24T01:14:36.159982,0,0.0,0.0,78,12.7,0.0,Deactivated,27,28,0,0,8363
2026-08-24T01:14:38.002149,0,0.0,0.0,78,12.7,0.0,Deactivated,27,28,0,0,8363
2026-08-24T01:14:38.005184,0,0.0,0.0,78,12.7,0.0,Deactivated,27,28,0,0,8363
2026-08-24T01:14:38.994115,0,0.0,0.0,78,12.7,0.0,Deactivated,27,28,0,0,8363
2026-08-24T01:14:38.996822,0,0.0,0.0,78,12.7,0.0,Deactivated,27,28,0,0,8363
2026-08-24T01:14:40.025550,0,0.0,0.0,78,12.7,0.0,Deactivated,27,28,0,0,8363
2026-08-24T01:14:40.029376,0,0.0,0.0,78,12.7,0.0,Deactivated,27,28,0,0,8363
2026-08-24T01:14:42.050189,0,0.0,0.0,78,12.7,0.0,Deactivated,27,28,0,0,8363
2026-08-24T01:14:42.051593,0,0.0,0.0,78,12.7,0.0,Deactivated,27,28,0,0,8363
2026-08-24T01:14:44.032730,0,0.0,0.0,78,12.7,0.0,Deactivated,27,28,0,0,8363
2026-08-24T01:14:44.034245,0,0.0,0.0,78,12.7,0.0,Deactivated,27,28,0,0,8363
2026-08-24T01:14:46.011854,0,0.0,0.0,78,12.7,0.0,Deactivated,27,28,0,0,8363
2026-08-24T01:14:46.013545,0,0.0,0.0,78,12.7,0.0,Deactivated,27,28,0,0,8363
2026-08-24T01:14:48.169949,0,0.0,0.0,78,12.7,0.0,Deactivated,27,28,0,0,8363
2026-08-24T01:14:48.175505,0,0.0,0.0,78,12.7,0.0,Deactivated,27,28,0,0,8363
2026-08-24T01:14:49.024831,0,0.0,0.0,78,12.7,0.0,Deactivated,27,28,0,0,8363
2026-08-24T01:14:49.027260,0,0.0,0.0,78,12.7,0.0,Deactivated,27,28,0,0,8363
2026-08-24T01:14:50.017109,0,0.0,0.0,78,12.7,0.0,Deactivated,27,28,0,0,8363
2026-08-24T01:14:50.018802,0,0.0,0.0,78,12.7,0.0,Deactivated,27,28,0,0,8363
2026-08-24T01:14:52.039679,0,0.0,0.0,78,12.7,0.0,Deactivated,27,28,0,0,8363
2026-08-24T01:14:52.041953,0,0.0,0.0,78,12.7,0.0,Deactivated,27,28,0,0,8363
2026-08-24T01:14:54.067692,0,0.0,0.0,78,12.7,0.0,Deactivated,27,28,0,0,8363
2026-08-24T01:14:54.070545,0,0.0,0.0,78,12.7,0.0,Deactivated,27,28,0,0,8363
2026-08-24T01:14:56.139482,0,0.0,0.0,78,12.7,0.0,Deactivated,27,28,0,0,8363
2026-08-24T01:14:56.141969,0,0.0,0.0,78,12.7,0.0,Deactivated,27,28,0,0,8363
2026-08-24T01:14:58.162680,0,0.0,0.0,78,12.7,0.0,Deactivated,27,28,0,0,8363
2026-08-24T01:14:58.164823,0,0.0,0.0,78,12.7,0.0,Deactivated,27,28,0,0,8363
2026-08-24T01:14:59.152187,0,0.0,0.0,78,12.7,0.0,Deactivated,27,28,0,0,8363
2026-08-24T01:14:59.154992,0,0.0,0.0,78,12.7,0.0,Deactivated,27,28,0,0,8363
2026-08-24T01:15:00.008947,0,0.0,0.0,78,12.7,0.0,Deactivated,27,28,0,0,8363
2026-08-24T01:15:00.011172,0,0.0,0.0,78,12.7,0.0,Deactivated,27,28,0,0,8363
2026-08-24T01:15:02.030275,0,0.0,0.0,78,12.7,0.0,Deactivated,27,28,0,0,8363
2026-08-24T01:15:02.035345,0,0.0,0.0,78,12.7,0.0,Deactivated,27,28,0,0,8363
2026-08-24T01:15:03.967813,0,0.0,0.0,78,12.7,0.0,Deactivated,27,28,0,0,8363
2026-08-24T01:15:03.970613,0,0.0,0.0,78,12.7,0.0,Deactivated,27,28,0,0,8363
2026-08-24T01:15:06.082956,0,0.0,0.0,78,12.7,0.0,Deactivated,27,28,0,0,8363
2026-08-24T01:15:06.085125,0,0.0,0.0,78,12.7,0.0,Deactivated,27,28,0,0,8363
2026-08-24T01:15:08.242552,0,0.0,0.0,78,12.7,0.0,Deactivated,27,28,0,0,8363
2026-08-24T01:15:08.244776,0,0.0,0.0,78,12.7,0.0,Deactivated,27,28,0,0,8363
2026-08-24T01:15:09.099410,0,0.0,0.0,78,12.7,0.0,Deactivated,27,28,0,0,8363
2026-08-24T01:15:09.101009,0,0.0,0.0,78,12.7,0.0,Deactivated,27,28,0,0,8363
2026-08-24T01:15:10.222145,0,0.0,0.0,79,12.7,0.0,Deactivated,27,28,0,0,8363
2026-08-24T01:15:10.224562,0,0.0,0.0,79,12.7,0.0,Deactivated,27,28,0,0,8363
2026-08-24T01:15:12.289965,0,0.0,0.0,79,12.7,0.0,Deactivated,27,28,0,0,8363
2026-08-24T01:15:12.291168,0,0.0,0.0,79,12.7,0.0,Deactivated,27,28,0,0,8363
2026-08-24T01:15:14.004308,0,0.0,0.0,79,12.7,0.0,Deactivated,27,28,0,0,8363
2026-08-24T01:15:14.007170,0,0.0,0.0,79,12.7,0.0,Deactivated,27,28,0,0,8363
2026-08-24T01:15:16.115123,0,0.0,0.0,78,12.7,0.0,Deactivated,27,28,0,0,8363
2026-08-24T01:15:16.116332,0,0.0,0.0,78,12.7,0.0,Deactivated,27,28,0,0,8363
2026-08-24T01:15:18.232478,0,0.0,0.0,78,12.7,0.0,Deactivated,27,28,0,0,8363
2026-08-24T01:15:18.234818,0,0.0,0.0,78,12.7,0.0,Deactivated,27,28,0,0,8363
2026-08-24T01:15:19.087345,0,0.0,0.0,78,12.7,0.0,Deactivated,27,28,0,0,8363
2026-08-24T01:15:19.090363,0,0.0,0.0,78,12.7,0.0,Deactivated,27,28,0,0,8363
2026-08-24T01:15:20.344922,0,0.0,0.0,78,12.7,0.0,Deactivated,27,28,0,0,8363
2026-08-24T01:15:20.346341,0,0.0,0.0,78,12.7,0.0,Deactivated,27,28,0,0,8363
2026-08-24T01:15:22.191055,0,0.0,0.0,78,12.7,0.0,Deactivated,27,28,0,0,8363
2026-08-24T01:15:22.192213,0,0.0,0.0,78,12.7,0.0,Deactivated,27,28,0,0,8363
2026-08-24T01:15:23.992264,0,0.0,0.0,78,12.7,0.0,Deactivated,27,28,0,0,8363
2026-08-24T01:15:23.995281,0,0.0,0.0,78,12.7,0.0,Deactivated,27,28,0,0,8363
2026-08-24T01:15:26.015104,0,0.0,0.0,78,12.7,0.0,Deactivated,27,29,0,0,8363
2026-08-24T01:15:26.016695,0,0.0,0.0,78,12.7,0.0,Deactivated,27,29,0,0,8363
2026-08-24T01:15:28.088068,0,0.0,0.0,78,12.7,0.0,Deactivated,27,28,0,0,8363
2026-08-24T01:15:28.959887,0,0.0,0.0,78,12.7,0.0,Deactivated,27,28,0,0,8363
2026-08-24T01:15:28.989449,0,0.0,0.0,78,12.7,0.0,Deactivated,27,28,0,0,8363
2026-08-24T01:15:28.991014,0,0.0,0.0,78,12.7,0.0,Deactivated,27,28,0,0,8363
2026-08-24T01:15:29.976979,0,0.0,0.0,78,12.7,0.0,Deactivated,27,28,0,0,8363
2026-08-24T01:15:29.978191,0,0.0,0.0,78,12.7,0.0,Deactivated,27,28,0,0,8363
2026-08-24T01:15:32.046453,0,0.0,0.0,78,12.7,0.0,Deactivated,27,28,0,0,8363
2026-08-24T01:15:32.051999,0,0.0,0.0,78,12.7,0.0,Deactivated,27,28,0,0,8363
2026-08-24T01:15:34.026887,0,0.0,0.0,78,12.7,0.0,Deactivated,27,28,0,0,8363
2026-08-24T01:15:34.029712,0,0.0,0.0,78,12.7,0.0,Deactivated,27,28,0,0,8363
2026-08-24T01:15:36.009640,0,0.0,0.0,78,12.7,0.0,Deactivated,27,28,0,0,8363
2026-08-24T01:15:36.012759,0,0.0,0.0,78,12.7,0.0,Deactivated,27,28,0,0,8363
2026-08-24T01:15:38.077975,0,0.0,0.0,78,12.7,0.0,Deactivated,27,28,0,0,8363
2026-08-24T01:15:38.080744,0,0.0,0.0,78,12.7,0.0,Deactivated,27,28,0,0,8363
2026-08-24T01:15:38.979583,0,0.0,0.0,78,12.7,0.0,Deactivated,27,28,0,0,8363
2026-08-24T01:15:38.982969,0,0.0,0.0,78,12.7,0.0,Deactivated,27,28,0,0,8363
2026-08-24T01:15:39.968151,0,0.0,0.0,78,12.7,0.0,Deactivated,27,28,0,0,8363
2026-08-24T01:15:39.972039,0,0.0,0.0,78,12.7,0.0,Deactivated,27,28,0,0,8363
2026-08-24T01:15:41.993023,0,0.0,0.0,78,12.7,0.0,Deactivated,27,28,0,0,8363
2026-08-24T01:15:41.995430,0,0.0,0.0,78,12.7,0.0,Deactivated,27,28,0,0,8363
2026-08-24T01:15:44.061783,0,0.0,0.0,78,12.7,0.0,Deactivated,27,28,0,0,8363
2026-08-24T01:15:44.066484,0,0.0,0.0,78,12.7,0.0,Deactivated,27,28,0,0,8363
2026-08-24T01:15:46.048830,0,0.0,0.0,78,12.7,0.0,Deactivated,27,28,0,0,8363
2026-08-24T01:15:46.050363,0,0.0,0.0,78,12.7,0.0,Deactivated,27,28,0,0,8363
2026-08-24T01:15:48.112771,0,0.0,0.0,78,12.7,0.0,Deactivated,27,28,0,0,8363
2026-08-24T01:15:48.115077,0,0.0,0.0,78,12.7,0.0,Deactivated,27,28,0,0,8363
2026-08-24T01:15:49.014334,0,0.0,0.0,78,12.7,0.0,Deactivated,27,28,0,0,8363
2026-08-24T01:15:49.016810,0,0.0,0.0,78,12.7,0.0,Deactivated,27,28,0,0,8363
2026-08-24T01:15:50.095478,0,0.0,0.0,78,12.7,0.0,Deactivated,27,28,0,0,8363
2026-08-24T01:15:50.096582,0,0.0,0.0,78,12.7,0.0,Deactivated,27,28,0,0,8363
2026-08-24T01:15:51.982175,0,0.0,0.0,78,12.7,0.0,Deactivated,27,28,0,0,8363
2026-08-24T01:15:51.983326,0,0.0,0.0,78,12.7,0.0,Deactivated,27,28,0,0,8363
2026-08-24T01:15:54.007827,0,0.0,0.0,78,12.7,0.0,Deactivated,27,28,0,0,8363
2026-08-24T01:15:54.010106,0,0.0,0.0,78,12.7,0.0,Deactivated,27,28,0,0,8363
2026-08-24T01:15:56.029528,0,0.0,0.0,78,12.7,0.0,Deactivated,27,28,0,0,8363
2026-08-24T01:15:56.030403,0,0.0,0.0,78,12.7,0.0,Deactivated,27,28,0,0,8363
2026-08-24T01:15:58.103918,0,0.0,0.0,78,12.7,0.0,Deactivated,27,28,0,0,8363
2026-08-24T01:15:58.106444,0,0.0,0.0,78,12.7,0.0,Deactivated,27,28,0,0,8363
2026-08-24T01:15:59.002622,0,0.0,0.0,78,12.7,0.0,Deactivated,27,28,0,0,8363
2026-08-24T01:15:59.004603,0,0.0,0.0,78,12.7,0.0,Deactivated,27,28,0,0,8363
2026-08-24T01:15:59.994095,0,0.0,0.0,79,12.7,0.0,Deactivated,27,28,0,0,8363
2026-08-24T01:15:59.997977,0,0.0,0.0,79,12.7,0.0,Deactivated,27,28,0,0,8363
2026-08-24T01:16:02.017603,0,0.0,0.0,79,12.7,0.0,Deactivated,27,28,0,0,8363
2026-08-24T01:16:02.021058,0,0.0,0.0,79,12.7,0.0,Deactivated,27,28,0,0,8363
2026-08-24T01:16:04.086951,0,0.0,0.0,79,12.7,0.0,Deactivated,27,28,0,0,8363
2026-08-24T01:16:04.087915,0,0.0,0.0,79,12.7,0.0,Deactivated,27,28,0,0,8363
2026-08-24T01:16:05.978503,0,0.0,0.0,78,12.7,0.0,Deactivated,27,28,0,0,8363
2026-08-24T01:16:05.981414,0,0.0,0.0,78,12.7,0.0,Deactivated,27,28,0,0,8363
2026-08-24T01:16:08.049548,0,0.0,0.0,78,12.7,0.0,Deactivated,27,28,0,0,8363
2026-08-24T01:16:08.052300,0,0.0,0.0,78,12.7,0.0,Deactivated,27,28,0,0,8363
2026-08-24T01:16:09.038510,0,0.0,0.0,78,12.7,0.0,Deactivated,27,29,0,0,8363
2026-08-24T01:16:09.042285,0,0.0,0.0,78,12.7,0.0,Deactivated,27,29,0,0,8363
2026-08-24T01:16:10.117435,0,0.0,0.0,78,12.7,0.0,Deactivated,27,28,0,0,8363
2026-08-24T01:16:10.119685,0,0.0,0.0,78,12.7,0.0,Deactivated,27,28,0,0,8363
2026-08-24T01:16:12.006133,0,0.0,0.0,78,12.7,0.0,Deactivated,27,28,0,0,8363
2026-08-24T01:16:12.008128,0,0.0,0.0,78,12.7,0.0,Deactivated,27,28,0,0,8363
2026-08-24T01:16:13.987986,0,0.0,0.0,78,12.7,0.0,Deactivated,27,28,0,0,8363
2026-08-24T01:16:13.990045,0,0.0,0.0,78,12.7,0.0,Deactivated,27,28,0,0,8363
2026-08-24T01:16:16.011164,0,0.0,0.0,79,12.7,0.0,Deactivated,27,28,0,0,8363
2026-08-24T01:16:16.012449,0,0.0,0.0,79,12.7,0.0,Deactivated,27,28,0,0,8363
2026-08-24T01:16:18.217974,0,0.0,0.0,79,12.7,0.0,Deactivated,27,28,0,0,8363
2026-08-24T01:16:18.220889,0,0.0,0.0,79,12.7,0.0,Deactivated,27,28,0,0,8363
2026-08-24T01:16:18.984705,0,0.0,0.0,79,12.7,0.0,Deactivated,27,28,0,0,8363
2026-08-24T01:16:18.987576,0,0.0,0.0,79,12.7,0.0,Deactivated,27,28,0,0,8363
2026-08-24T01:16:20.062677,0,0.0,0.0,78,12.7,0.0,Deactivated,27,28,0,0,8363
2026-08-24T01:16:20.065174,0,0.0,0.0,78,12.7,0.0,Deactivated,27,28,0,0,8363
2026-08-24T01:16:21.997021,0,0.0,0.0,78,12.7,0.0,Deactivated,27,28,0,0,8363
2026-08-24T01:16:21.999786,0,0.0,0.0,78,12.7,0.0,Deactivated,27,28,0,0,8363
2026-08-24T01:16:24.110974,0,0.0,0.0,78,12.7,0.0,Deactivated,27,28,0,0,8363
2026-08-24T01:16:24.112645,0,0.0,0.0,78,12.7,0.0,Deactivated,27,28,0,0,8363
2026-08-24T01:16:26.135534,0,0.0,0.0,78,12.7,0.0,Deactivated,27,28,0,0,8363
2026-08-24T01:16:26.136703,0,0.0,0.0,78,12.7,0.0,Deactivated,27,28,0,0,8363
2026-08-24T01:16:28.028193,0,0.0,0.0,78,12.7,0.0,Deactivated,27,28,0,0,8363
2026-08-24T01:16:28.029965,0,0.0,0.0,78,12.7,0.0,Deactivated,27,28,0,0,8363
2026-08-24T01:16:28.971834,0,0.0,0.0,78,12.7,0.0,Deactivated,27,28,0,0,8363
2026-08-24T01:16:28.974058,0,0.0,0.0,78,12.7,0.0,Deactivated,27,28,0,0,8363
2026-08-24T01:16:30.140664,0,0.0,0.0,78,12.7,0.0,Deactivated,27,28,0,0,8363
2026-08-24T01:16:30.142161,0,0.0,0.0,78,12.7,0.0,Deactivated,27,28,0,0,8363
2026-08-24T01:16:32.210455,0,0.0,0.0,78,12.7,0.0,Deactivated,27,28,0,0,8363
2026-08-24T01:16:32.211803,0,0.0,0.0,78,12.7,0.0,Deactivated,27,28,0,0,8363
2026-08-24T01:16:34.013013,0,0.0,0.0,78,12.7,0.0,Deactivated,27,28,0,0,8363
2026-08-24T01:16:34.017323,0,0.0,0.0,78,12.7,0.0,Deactivated,27,28,0,0,8363
2026-08-24T01:16:35.995050,0,0.0,0.0,78,12.7,0.0,Deactivated,27,28,0,0,8363
2026-08-24T01:16:35.996638,0,0.0,0.0,78,12.7,0.0,Deactivated,27,28,0,0,8363
2026-08-24T01:16:38.150920,0,0.0,0.0,78,12.7,0.0,Deactivated,27,28,0,0,8363
2026-08-24T01:16:38.151925,0,0.0,0.0,78,12.7,0.0,Deactivated,27,28,0,0,8363
2026-08-24T01:16:39.050625,0,0.0,0.0,78,12.7,0.0,Deactivated,27,28,0,0,8363
2026-08-24T01:16:39.053059,0,0.0,0.0,78,12.7,0.0,Deactivated,27,28,0,0,8363
2026-08-24T01:16:40.040357,0,0.0,0.0,78,12.7,0.0,Deactivated,27,28,0,0,8363
2026-08-24T01:16:40.041841,0,0.0,0.0,78,12.7,0.0,Deactivated,27,28,0,0,8363
2026-08-24T01:16:41.976633,0,0.0,0.0,78,12.7,0.0,Deactivated,27,28,0,0,8363
2026-08-24T01:16:41.977859,0,0.0,0.0,78,12.7,0.0,Deactivated,27,28,0,0,8363
2026-08-24T01:16:44.048435,0,0.0,0.0,78,12.7,0.0,Deactivated,27,28,0,0,8363
2026-08-24T01:16:44.055744,0,0.0,0.0,78,12.7,0.0,Deactivated,27,28,0,0,8363
2026-08-24T01:16:45.981159,0,0.0,0.0,79,12.7,0.0,Deactivated,27,28,0,0,8363
2026-08-24T01:16:45.982273,0,0.0,0.0,79,12.7,0.0,Deactivated,27,28,0,0,8363
2026-08-24T01:16:48.052344,0,0.0,0.0,79,12.7,0.0,Deactivated,27,28,0,0,8363
2026-08-24T01:16:48.054192,0,0.0,0.0,79,12.7,0.0,Deactivated,27,28,0,0,8363
2026-08-24T01:16:49.042992,0,0.0,0.0,79,12.7,0.0,Deactivated,27,28,0,0,8363
2026-08-24T01:16:49.045173,0,0.0,0.0,79,12.7,0.0,Deactivated,27,28,0,0,8363
2026-08-24T01:16:50.031405,0,0.0,0.0,78,12.7,0.0,Deactivated,27,29,0,0,8363
2026-08-24T01:16:50.032549,0,0.0,0.0,78,12.7,0.0,Deactivated,27,29,0,0,8363
2026-08-24T01:16:51.967996,0,0.0,0.0,78,12.7,0.0,Deactivated,27,28,0,0,8363
2026-08-24T01:16:51.970674,0,0.0,0.0,78,12.7,0.0,Deactivated,27,28,0,0,8363
2026-08-24T01:16:53.993192,0,0.0,0.0,78,12.7,0.0,Deactivated,27,28,0,0,8363
2026-08-24T01:16:53.996125,0,0.0,0.0,78,12.7,0.0,Deactivated,27,28,0,0,8363
2026-08-24T01:16:56.018096,0,0.0,0.0,78,12.7,0.0,Deactivated,27,28,0,0,8363
2026-08-24T01:16:56.021467,0,0.0,0.0,78,12.7,0.0,Deactivated,27,28,0,0,8363
2026-08-24T01:16:58.088155,0,0.0,0.0,78,12.7,0.0,Deactivated,27,28,0,0,8363
2026-08-24T01:16:58.090232,0,0.0,0.0,78,12.7,0.0,Deactivated,27,28,0,0,8363
2026-08-24T01:16:59.075547,0,0.0,0.0,78,12.7,0.0,Deactivated,27,28,0,0,8363
2026-08-24T01:16:59.076760,0,0.0,0.0,78,12.7,0.0,Deactivated,27,28,0,0,8363
2026-08-24T01:17:00.066850,0,0.0,0.0,78,12.7,0.0,Deactivated,27,28,0,0,8363
2026-08-24T01:17:00.068507,0,0.0,0.0,78,12.7,0.0,Deactivated,27,28,0,0,8363
2026-08-24T01:17:02.047634,0,0.0,0.0,78,12.7,0.0,Deactivated,27,28,0,0,8363
2026-08-24T01:17:02.049563,0,0.0,0.0,78,12.7,0.0,Deactivated,27,28,0,0,8363
2026-08-24T01:17:03.980532,0,0.0,0.0,78,12.7,0.0,Deactivated,27,28,0,0,8363
2026-08-24T01:17:03.982857,0,0.0,0.0,78,12.7,0.0,Deactivated,27,28,0,0,8363
2026-08-24T01:17:05.963443,0,0.0,0.0,78,12.7,0.0,Deactivated,27,28,0,0,8363
2026-08-24T01:17:05.965774,0,0.0,0.0,78,12.7,0.0,Deactivated,27,28,0,0,8363
2026-08-24T01:17:08.121688,0,0.0,0.0,78,12.7,0.0,Deactivated,27,28,0,0,8363
2026-08-24T01:17:08.128598,0,0.0,0.0,78,12.7,0.0,Deactivated,27,28,0,0,8363
2026-08-24T01:17:09.112869,0,0.0,0.0,78,12.7,0.0,Deactivated,27,28,0,0,8363
2026-08-24T01:17:09.116251,0,0.0,0.0,78,12.7,0.0,Deactivated,27,28,0,0,8363
2026-08-24T01:17:10.056822,0,0.0,0.0,78,12.7,0.0,Deactivated,27,28,0,0,8363
2026-08-24T01:17:10.059413,0,0.0,0.0,78,12.7,0.0,Deactivated,27,28,0,0,8363
2026-08-24T01:17:12.083286,0,0.0,0.0,78,12.7,0.0,Deactivated,27,28,0,0,8363
2026-08-24T01:17:12.085525,0,0.0,0.0,78,12.7,0.0,Deactivated,27,28,0,0,8363
2026-08-24T01:17:14.016468,0,0.0,0.0,78,12.7,0.0,Deactivated,27,28,0,0,8363
2026-08-24T01:17:14.018752,0,0.0,0.0,78,12.7,0.0,Deactivated,27,28,0,0,8363
2026-08-24T01:17:16.221808,0,0.0,0.0,78,12.7,0.0,Deactivated,27,28,0,0,8363
2026-08-24T01:17:16.224186,0,0.0,0.0,78,12.7,0.0,Deactivated,27,28,0,0,8363
2026-08-24T01:17:17.979577,0,0.0,0.0,78,12.7,0.0,Deactivated,27,28,0,0,8363
2026-08-24T01:17:17.981706,0,0.0,0.0,78,12.7,0.0,Deactivated,27,28,0,0,8363
2026-08-24T01:17:19.058132,0,0.0,0.0,78,12.7,0.0,Deactivated,27,28,0,0,8363
2026-08-24T01:17:19.060442,0,0.0,0.0,78,12.7,0.0,Deactivated,27,28,0,0,8363
2026-08-24T01:17:20.001505,0,0.0,0.0,78,12.7,0.0,Deactivated,27,28,0,0,8363
2026-08-24T01:17:20.003099,0,0.0,0.0,78,12.7,0.0,Deactivated,27,28,0,0,8363
2026-08-24T01:17:22.163273,0,0.0,0.0,78,12.7,0.0,Deactivated,27,28,0,0,8363
2026-08-24T01:17:22.165730,0,0.0,0.0,78,12.7,0.0,Deactivated,27,28,0,0,8363
2026-08-24T01:17:24.098689,0,0.0,0.0,78,12.7,0.0,Deactivated,27,28,0,0,8363
2026-08-24T01:17:24.100257,0,0.0,0.0,78,12.7,0.0,Deactivated,27,28,0,0,8363
2026-08-24T01:17:26.034003,0,0.0,0.0,79,12.7,0.0,Deactivated,27,28,0,0,8363
2026-08-24T01:17:26.036585,0,0.0,0.0,79,12.7,0.0,Deactivated,27,28,0,0,8363
2026-08-24T01:17:28.102748,0,0.0,0.0,79,12.7,0.0,Deactivated,27,28,0,0,8363
2026-08-24T01:17:28.105075,0,0.0,0.0,79,12.7,0.0,Deactivated,27,28,0,0,8363
2026-08-24T01:17:29.003781,0,0.0,0.0,79,12.7,0.0,Deactivated,27,28,0,0,8363
2026-08-24T01:17:29.006089,0,0.0,0.0,79,12.7,0.0,Deactivated,27,28,0,0,8363
2026-08-24T01:17:30.036873,0,0.0,0.0,78,12.7,0.0,Deactivated,27,28,0,0,8363
2026-08-24T01:17:30.038623,0,0.0,0.0,78,12.7,0.0,Deactivated,27,28,0,0,8363
2026-08-24T01:17:32.018257,0,0.0,0.0,78,12.7,0.0,Deactivated,27,28,0,0,8363
2026-08-24T01:17:32.020451,0,0.0,0.0,78,12.7,0.0,Deactivated,27,28,0,0,8363
2026-08-24T01:17:34.047043,0,0.0,0.0,78,12.7,0.0,Deactivated,27,28,0,0,8363
2026-08-24T01:17:34.048331,0,0.0,0.0,78,12.7,0.0,Deactivated,27,28,0,0,8363
2026-08-24T01:17:36.202928,0,0.0,0.0,78,12.7,0.0,Deactivated,27,28,0,0,8363
2026-08-24T01:17:36.205844,0,0.0,0.0,78,12.7,0.0,Deactivated,27,28,0,0,8363
2026-08-24T01:17:38.002522,0,0.0,0.0,78,12.7,0.0,Deactivated,27,28,0,0,8363
2026-08-24T01:17:38.003766,0,0.0,0.0,78,12.7,0.0,Deactivated,27,28,0,0,8363
2026-08-24T01:17:39.172604,0,0.0,0.0,78,12.7,0.0,Deactivated,27,28,0,0,8363
2026-08-24T01:17:39.175165,0,0.0,0.0,78,12.7,0.0,Deactivated,27,28,0,0,8363
2026-08-24T01:17:39.982543,0,0.0,0.0,78,12.7,0.0,Deactivated,27,28,0,0,8363
2026-08-24T01:17:39.984328,0,0.0,0.0,78,12.7,0.0,Deactivated,27,28,0,0,8363
2026-08-24T01:17:42.051052,0,0.0,0.0,78,12.7,0.0,Deactivated,27,28,0,0,8363
2026-08-24T01:17:42.052795,0,0.0,0.0,78,12.7,0.0,Deactivated,27,28,0,0,8363
2026-08-24T01:17:44.076821,0,0.0,0.0,78,12.7,0.0,Deactivated,27,28,0,0,8363
2026-08-24T01:17:44.079800,0,0.0,0.0,78,12.7,0.0,Deactivated,27,28,0,0,8363
2026-08-24T01:17:46.100037,0,0.0,0.0,78,12.7,0.0,Deactivated,27,28,0,0,8363
2026-08-24T01:17:46.101560,0,0.0,0.0,78,12.7,0.0,Deactivated,27,28,0,0,8363
2026-08-24T01:17:48.084798,0,0.0,0.0,78,12.7,0.0,Deactivated,27,28,0,0,8363
2026-08-24T01:17:48.087539,0,0.0,0.0,78,12.7,0.0,Deactivated,27,28,0,0,8363
2026-08-24T01:17:48.982574,0,0.0,0.0,78,12.7,0.0,Deactivated,27,28,0,0,8363
2026-08-24T01:17:48.983948,0,0.0,0.0,78,12.7,0.0,Deactivated,27,28,0,0,8363
2026-08-24T01:17:50.064456,0,0.0,0.0,78,12.7,0.0,Deactivated,27,28,0,0,8363
2026-08-24T01:17:50.065826,0,0.0,0.0,78,12.7,0.0,Deactivated,27,28,0,0,8363
2026-08-24T01:17:52.221426,0,0.0,0.0,78,12.7,0.0,Deactivated,27,28,0,0,8363
2026-08-24T01:17:52.223773,0,0.0,0.0,78,12.7,0.0,Deactivated,27,28,0,0,8363
2026-08-24T01:17:54.203629,0,0.0,0.0,78,12.7,0.0,Deactivated,27,28,0,0,8363
2026-08-24T01:17:54.205452,0,0.0,0.0,78,12.7,0.0,Deactivated,27,28,0,0,8363
2026-08-24T01:17:56.050608,0,0.0,0.0,78,12.7,0.0,Deactivated,27,28,0,0,8363
2026-08-24T01:17:56.053047,0,0.0,0.0,78,12.7,0.0,Deactivated,27,28,0,0,8363
2026-08-24T01:17:57.983810,0,0.0,0.0,78,12.7,0.0,Deactivated,27,28,0,0,8363
2026-08-24T01:17:57.985835,0,0.0,0.0,78,12.7,0.0,Deactivated,27,28,0,0,8363
2026-08-24T01:17:59.107780,0,0.0,0.0,78,12.7,0.0,Deactivated,27,28,0,0,8363
2026-08-24T01:17:59.109223,0,0.0,0.0,78,12.7,0.0,Deactivated,27,28,0,0,8363
2026-08-24T01:18:00.008579,0,0.0,0.0,78,12.7,0.0,Deactivated,27,28,0,0,8363
2026-08-24T01:18:00.010094,0,0.0,0.0,78,12.7,0.0,Deactivated,27,28,0,0,8363
2026-08-24T01:18:02.075963,0,0.0,0.0,78,12.7,0.0,Deactivated,27,28,0,0,8363
2026-08-24T01:18:02.077422,0,0.0,0.0,78,12.7,0.0,Deactivated,27,28,0,0,8363
2026-08-24T01:18:04.192378,0,0.0,0.0,78,12.7,0.0,Deactivated,27,28,0,0,8363
2026-08-24T01:18:04.196012,0,0.0,0.0,78,12.7,0.0,Deactivated,27,28,0,0,8363
2026-08-24T01:18:06.262713,0,0.0,0.0,78,12.7,0.0,Deactivated,27,28,0,0,8363
2026-08-24T01:18:06.264613,0,0.0,0.0,78,12.7,0.0,Deactivated,27,28,0,0,8363
2026-08-24T01:18:08.152839,0,0.0,0.0,78,12.7,0.0,Deactivated,27,29,0,0,8363
2026-08-24T01:18:08.153894,0,0.0,0.0,78,12.7,0.0,Deactivated,27,29,0,0,8363
2026-08-24T01:18:09.053309,0,0.0,0.0,78,12.7,0.0,Deactivated,27,28,0,0,8363
2026-08-24T01:18:09.056158,0,0.0,0.0,78,12.7,0.0,Deactivated,27,28,0,0,8363
2026-08-24T01:18:10.130933,0,0.0,0.0,78,12.7,0.0,Deactivated,27,28,0,0,8363
2026-08-24T01:18:10.132024,0,0.0,0.0,78,12.7,0.0,Deactivated,27,28,0,0,8363
2026-08-24T01:18:11.977978,0,0.0,0.0,78,12.7,0.0,Deactivated,27,29,0,0,8363
2026-08-24T01:18:11.980381,0,0.0,0.0,78,12.7,0.0,Deactivated,27,29,0,0,8363
2026-08-24T01:18:14.049695,0,0.0,0.0,78,12.7,0.0,Deactivated,27,28,0,0,8363
2026-08-24T01:18:14.052595,0,0.0,0.0,78,12.7,0.0,Deactivated,27,28,0,0,8363
2026-08-24T01:18:16.025230,0,0.0,0.0,78,12.7,0.0,Deactivated,27,28,0,0,8363
2026-08-24T01:18:16.026824,0,0.0,0.0,78,12.7,0.0,Deactivated,27,28,0,0,8363
2026-08-24T01:18:18.051376,0,0.0,0.0,78,12.7,0.0,Deactivated,27,28,0,0,8363
2026-08-24T01:18:18.052660,0,0.0,0.0,78,12.7,0.0,Deactivated,27,28,0,0,8363
2026-08-24T01:18:18.998301,0,0.0,0.0,78,12.7,0.0,Deactivated,27,28,0,0,8363
2026-08-24T01:18:18.999803,0,0.0,0.0,78,12.7,0.0,Deactivated,27,28,0,0,8363
2026-08-24T01:18:19.987816,0,0.0,0.0,78,12.7,0.0,Deactivated,27,28,0,0,8363
2026-08-24T01:18:19.991327,0,0.0,0.0,78,12.7,0.0,Deactivated,27,28,0,0,8363
2026-08-24T01:18:22.012557,0,0.0,0.0,78,12.7,0.0,Deactivated,27,28,0,0,8363
2026-08-24T01:18:22.015272,0,0.0,0.0,78,12.7,0.0,Deactivated,27,28,0,0,8363
2026-08-24T01:18:24.172366,0,0.0,0.0,78,12.7,0.0,Deactivated,27,28,0,0,8363
2026-08-24T01:18:24.173573,0,0.0,0.0,78,12.7,0.0,Deactivated,27,28,0,0,8363
2026-08-24T01:18:26.066510,0,0.0,0.0,78,12.7,0.0,Deactivated,27,28,0,0,8363
2026-08-24T01:18:26.068283,0,0.0,0.0,78,12.7,0.0,Deactivated,27,28,0,0,8363
2026-08-24T01:18:28.042306,0,0.0,0.0,78,12.7,0.0,Deactivated,27,28,0,0,8363
2026-08-24T01:18:28.045816,0,0.0,0.0,78,12.7,0.0,Deactivated,27,28,0,0,8363
2026-08-24T01:18:29.035333,0,0.0,0.0,78,12.7,0.0,Deactivated,27,29,0,0,8363
2026-08-24T01:18:29.037696,0,0.0,0.0,78,12.7,0.0,Deactivated,27,29,0,0,8363
2026-08-24T01:18:29.978980,0,0.0,0.0,78,12.7,0.0,Deactivated,27,29,0,0,8363
2026-08-24T01:18:29.981082,0,0.0,0.0,78,12.7,0.0,Deactivated,27,29,0,0,8363
2026-08-24T01:18:32.093839,0,0.0,0.0,78,12.7,0.0,Deactivated,27,28,0,0,8363
2026-08-24T01:18:32.096343,0,0.0,0.0,78,12.7,0.0,Deactivated,27,28,0,0,8363
2026-08-24T01:18:34.118513,0,0.0,0.0,78,12.7,0.0,Deactivated,27,28,0,0,8363
2026-08-24T01:18:34.120946,0,0.0,0.0,78,12.7,0.0,Deactivated,27,28,0,0,8363
2026-08-24T01:18:36.006285,0,0.0,0.0,78,12.7,0.0,Deactivated,27,28,0,0,8363
2026-08-24T01:18:36.007512,0,0.0,0.0,78,12.7,0.0,Deactivated,27,28,0,0,8363
2026-08-24T01:18:37.988052,0,0.0,0.0,78,12.7,0.0,Deactivated,27,28,0,0,8363
2026-08-24T01:18:37.990718,0,0.0,0.0,78,12.7,0.0,Deactivated,27,28,0,0,8363
2026-08-24T01:18:39.021411,0,0.0,0.0,78,12.7,0.0,Deactivated,27,28,0,0,8363
2026-08-24T01:18:39.025770,0,0.0,0.0,78,12.7,0.0,Deactivated,27,28,0,0,8363
2026-08-24T01:18:39.969470,0,0.0,0.0,78,12.7,0.0,Deactivated,27,28,0,0,8363
2026-08-24T01:18:39.971760,0,0.0,0.0,78,12.7,0.0,Deactivated,27,28,0,0,8363
2026-08-24T01:18:41.993115,0,0.0,0.0,78,12.7,0.0,Deactivated,27,28,0,0,8363
2026-08-24T01:18:41.996131,0,0.0,0.0,78,12.7,0.0,Deactivated,27,28,0,0,8363
2026-08-24T01:18:44.017481,0,0.0,0.0,78,12.7,0.0,Deactivated,27,28,0,0,8363
2026-08-24T01:18:44.020243,0,0.0,0.0,78,12.7,0.0,Deactivated,27,28,0,0,8363
2026-08-24T01:18:45.998018,0,0.0,0.0,78,12.7,0.0,Deactivated,27,28,0,0,8363
2026-08-24T01:18:46.000530,0,0.0,0.0,78,12.7,0.0,Deactivated,27,28,0,0,8363
2026-08-24T01:18:47.978760,0,0.0,0.0,78,12.7,0.0,Deactivated,27,29,0,0,8363
2026-08-24T01:18:47.981878,0,0.0,0.0,78,12.7,0.0,Deactivated,27,29,0,0,8363
2026-08-24T01:18:49.012949,0,0.0,0.0,78,12.7,0.0,Deactivated,27,29,0,0,8363
2026-08-24T01:18:49.016186,0,0.0,0.0,78,12.7,0.0,Deactivated,27,29,0,0,8363
2026-08-24T01:18:50.001905,0,0.0,0.0,78,12.7,0.0,Deactivated,27,28,0,0,8363
2026-08-24T01:18:50.003828,0,0.0,0.0,78,12.7,0.0,Deactivated,27,28,0,0,8363
2026-08-24T01:18:51.983510,0,0.0,0.0,78,12.7,0.0,Deactivated,27,28,0,0,8363
2026-08-24T01:18:51.986407,0,0.0,0.0,78,12.7,0.0,Deactivated,27,28,0,0,8363
2026-08-24T01:18:53.963090,0,0.0,0.0,78,12.7,0.0,Deactivated,27,28,0,0,8363
2026-08-24T01:18:53.965596,0,0.0,0.0,78,12.7,0.0,Deactivated,27,28,0,0,8363
2026-08-24T01:18:55.986497,0,0.0,0.0,78,12.7,0.0,Deactivated,27,28,0,0,8363
2026-08-24T01:18:55.987808,0,0.0,0.0,78,12.7,0.0,Deactivated,27,28,0,0,8363
2026-08-24T01:18:58.011766,0,0.0,0.0,78,12.7,0.0,Deactivated,27,28,0,0,8363
2026-08-24T01:18:58.015497,0,0.0,0.0,78,12.7,0.0,Deactivated,27,28,0,0,8363
2026-08-24T01:18:59.001516,0,0.0,0.0,78,12.7,0.0,Deactivated,27,28,0,0,8363
2026-08-24T01:18:59.002890,0,0.0,0.0,78,12.7,0.0,Deactivated,27,28,0,0,8363
2026-08-24T01:19:00.037683,0,0.0,0.0,78,12.7,0.0,Deactivated,27,28,0,0,8363
2026-08-24T01:19:00.040446,0,0.0,0.0,78,12.7,0.0,Deactivated,27,28,0,0,8363
2026-08-24T01:19:01.975787,0,0.0,0.0,78,12.7,0.0,Deactivated,27,28,0,0,8363
2026-08-24T01:19:01.978562,0,0.0,0.0,78,12.7,0.0,Deactivated,27,28,0,0,8363
2026-08-24T01:19:04.087643,0,0.0,0.0,78,12.7,0.0,Deactivated,27,28,0,0,8363
2026-08-24T01:19:04.090457,0,0.0,0.0,78,12.7,0.0,Deactivated,27,28,0,0,8363
2026-08-24T01:19:06.113569,0,0.0,0.0,78,12.7,0.0,Deactivated,27,28,0,0,8363
2026-08-24T01:19:06.116461,0,0.0,0.0,78,12.7,0.0,Deactivated,27,28,0,0,8363
2026-08-24T01:19:08.093013,0,0.0,0.0,78,12.7,0.0,Deactivated,27,28,0,0,8363
2026-08-24T01:19:08.094672,0,0.0,0.0,78,12.7,0.0,Deactivated,27,28,0,0,8363
2026-08-24T01:19:09.127943,0,0.0,0.0,78,12.7,0.0,Deactivated,27,28,0,0,8363
2026-08-24T01:19:09.129886,0,0.0,0.0,78,12.7,0.0,Deactivated,27,28,0,0,8363
2026-08-24T01:19:10.118990,0,0.0,0.0,78,12.7,0.0,Deactivated,27,28,0,0,8363
2026-08-24T01:19:10.121334,0,0.0,0.0,78,12.7,0.0,Deactivated,27,28,0,0,8363
2026-08-24T01:19:12.096842,0,0.0,0.0,78,12.7,0.0,Deactivated,27,28,0,0,8363
2026-08-24T01:19:12.098438,0,0.0,0.0,78,12.7,0.0,Deactivated,27,28,0,0,8363
2026-08-24T01:19:13.985678,0,0.0,0.0,78,12.7,0.0,Deactivated,27,28,0,0,8363
2026-08-24T01:19:13.986978,0,0.0,0.0,78,12.7,0.0,Deactivated,27,28,0,0,8363
2026-08-24T01:19:16.013522,0,0.0,0.0,79,12.7,0.0,Deactivated,27,28,0,0,8363
2026-08-24T01:19:16.015953,0,0.0,0.0,79,12.7,0.0,Deactivated,27,28,0,0,8363
2026-08-24T01:19:17.990596,0,0.0,0.0,79,12.7,0.0,Deactivated,27,28,0,0,8363
2026-08-24T01:19:17.991778,0,0.0,0.0,79,12.7,0.0,Deactivated,27,28,0,0,8363
2026-08-24T01:19:19.071388,0,0.0,0.0,79,12.7,0.0,Deactivated,27,28,0,0,8363
2026-08-24T01:19:19.072972,0,0.0,0.0,79,12.7,0.0,Deactivated,27,28,0,0,8363
2026-08-24T01:19:19.975563,0,0.0,0.0,79,12.7,0.0,Deactivated,27,29,0,0,8363
2026-08-24T01:19:19.977653,0,0.0,0.0,79,12.7,0.0,Deactivated,27,29,0,0,8363
2026-08-24T01:19:22.040966,0,0.0,0.0,78,12.7,0.0,Deactivated,27,28,0,0,8363
2026-08-24T01:19:22.044383,0,0.0,0.0,78,12.7,0.0,Deactivated,27,28,0,0,8363
2026-08-24T01:19:23.978911,0,0.0,0.0,78,12.7,0.0,Deactivated,27,28,0,0,8363
2026-08-24T01:19:23.981377,0,0.0,0.0,78,12.7,0.0,Deactivated,27,28,0,0,8363
2026-08-24T01:19:26.092947,0,0.0,0.0,78,12.7,0.0,Deactivated,27,28,0,0,8363
2026-08-24T01:19:26.096110,0,0.0,0.0,78,12.7,0.0,Deactivated,27,28,0,0,8363
2026-08-24T01:19:28.118869,0,0.0,0.0,78,12.7,0.0,Deactivated,27,28,0,0,8363
2026-08-24T01:19:28.122058,0,0.0,0.0,78,12.7,0.0,Deactivated,27,28,0,0,8363
2026-08-24T01:19:28.971992,0,0.0,0.0,78,12.7,0.0,Deactivated,27,29,0,0,8363
2026-08-24T01:19:28.974433,0,0.0,0.0,78,12.7,0.0,Deactivated,27,29,0,0,8363
2026-08-24T01:19:29.963582,0,0.0,0.0,78,12.7,0.0,Deactivated,27,28,0,0,8363
2026-08-24T01:19:29.965318,0,0.0,0.0,78,12.7,0.0,Deactivated,27,28,0,0,8363
2026-08-24T01:19:31.986403,0,0.0,0.0,78,12.7,0.0,Deactivated,27,28,0,0,8363
2026-08-24T01:19:31.989119,0,0.0,0.0,78,12.7,0.0,Deactivated,27,28,0,0,8363
2026-08-24T01:19:34.238113,0,0.0,0.0,78,12.7,0.0,Deactivated,27,28,0,0,8363
2026-08-24T01:19:34.240693,0,0.0,0.0,78,12.7,0.0,Deactivated,27,28,0,0,8363
2026-08-24T01:19:36.083338,0,0.0,0.0,78,12.7,0.0,Deactivated,27,28,0,0,8363
2026-08-24T01:19:36.086032,0,0.0,0.0,78,12.7,0.0,Deactivated,27,28,0,0,8363
2026-08-24T01:19:37.974488,0,0.0,0.0,78,12.7,0.0,Deactivated,27,28,0,0,8363
2026-08-24T01:19:37.977601,0,0.0,0.0,78,12.7,0.0,Deactivated,27,28,0,0,8363
2026-08-24T01:19:39.187084,0,0.0,0.0,78,12.7,0.0,Deactivated,27,28,0,0,8363
2026-08-24T01:19:39.190159,0,0.0,0.0,78,12.7,0.0,Deactivated,27,28,0,0,8363
2026-08-24T01:19:40.087008,0,0.0,0.0,78,12.7,0.0,Deactivated,27,28,0,0,8363
2026-08-24T01:19:40.090416,0,0.0,0.0,78,12.7,0.0,Deactivated,27,28,0,0,8363
2026-08-24T01:19:42.068096,0,0.0,0.0,78,12.7,0.0,Deactivated,27,28,0,0,8363
2026-08-24T01:19:42.071137,0,0.0,0.0,78,12.7,0.0,Deactivated,27,28,0,0,8363
2026-08-24T01:19:44.092299,0,0.0,0.0,78,12.7,0.0,Deactivated,27,28,0,0,8363
2026-08-24T01:19:44.094999,0,0.0,0.0,78,12.7,0.0,Deactivated,27,28,0,0,8363
2026-08-24T01:19:46.298445,0,0.0,0.0,79,12.7,0.0,Deactivated,27,28,0,0,8363
2026-08-24T01:19:46.301468,0,0.0,0.0,79,12.7,0.0,Deactivated,27,28,0,0,8363
2026-08-24T01:19:48.323040,0,0.0,0.0,79,12.7,0.0,Deactivated,27,28,0,0,8363
2026-08-24T01:19:48.325833,0,0.0,0.0,79,12.7,0.0,Deactivated,27,28,0,0,8363
2026-08-24T01:19:49.267513,0,0.0,0.0,79,12.7,0.0,Deactivated,27,28,0,0,8363
2026-08-24T01:19:49.270826,0,0.0,0.0,79,12.7,0.0,Deactivated,27,28,0,0,8363
2026-08-24T01:19:50.123975,0,0.0,0.0,79,12.7,0.0,Deactivated,27,28,0,0,8363
2026-08-24T01:19:50.128303,0,0.0,0.0,79,12.7,0.0,Deactivated,27,28,0,0,8363
2026-08-24T01:19:52.149095,0,0.0,0.0,78,12.7,0.0,Deactivated,27,28,0,0,8363
2026-08-24T01:19:52.150445,0,0.0,0.0,78,12.7,0.0,Deactivated,27,28,0,0,8363
2026-08-24T01:19:54.083607,0,0.0,0.0,78,12.7,0.0,Deactivated,27,28,0,0,8363
2026-08-24T01:19:54.085155,0,0.0,0.0,78,12.7,0.0,Deactivated,27,28,0,0,8363
2026-08-24T01:19:56.242682,0,0.0,0.0,79,12.7,0.0,Deactivated,27,28,0,0,8363
2026-08-24T01:19:56.250334,0,0.0,0.0,79,12.7,0.0,Deactivated,27,28,0,0,8363
2026-08-24T01:19:58.043012,0,0.0,0.0,79,12.7,0.0,Deactivated,27,28,0,0,8363
2026-08-24T01:19:58.047677,0,0.0,0.0,79,12.7,0.0,Deactivated,27,28,0,0,8363
2026-08-24T01:19:59.079499,0,0.0,0.0,79,12.7,0.0,Deactivated,27,28,0,0,8363
2026-08-24T01:19:59.081464,0,0.0,0.0,79,12.7,0.0,Deactivated,27,28,0,0,8363
2026-08-24T01:20:00.381441,0,0.0,0.0,79,12.7,0.0,Deactivated,27,28,0,0,8363
2026-08-24T01:20:00.384181,0,0.0,0.0,79,12.7,0.0,Deactivated,27,28,0,0,8363
2026-08-24T01:20:02.137069,0,0.0,0.0,78,12.7,0.0,Deactivated,27,29,0,0,8363
2026-08-24T01:20:02.139847,0,0.0,0.0,78,12.7,0.0,Deactivated,27,29,0,0,8363
2026-08-24T01:20:04.027923,0,0.0,0.0,78,12.7,0.0,Deactivated,27,28,0,0,8363
2026-08-24T01:20:04.029836,0,0.0,0.0,78,12.7,0.0,Deactivated,27,28,0,0,8363
2026-08-24T01:20:05.967527,0,0.0,0.0,78,12.7,0.0,Deactivated,27,28,0,0,8363
2026-08-24T01:20:05.969017,0,0.0,0.0,78,12.7,0.0,Deactivated,27,28,0,0,8363
2026-08-24T01:20:08.032730,0,0.0,0.0,78,12.7,0.0,Deactivated,27,28,0,0,8363
2026-08-24T01:20:08.035920,0,0.0,0.0,78,12.7,0.0,Deactivated,27,28,0,0,8363
2026-08-24T01:20:09.111680,0,0.0,0.0,78,12.7,0.0,Deactivated,27,28,0,0,8363
2026-08-24T01:20:09.113222,0,0.0,0.0,78,12.7,0.0,Deactivated,27,28,0,0,8363
2026-08-24T01:20:10.101294,0,0.0,0.0,78,12.7,0.0,Deactivated,27,29,0,0,8363
2026-08-24T01:20:10.102907,0,0.0,0.0,78,12.7,0.0,Deactivated,27,29,0,0,8363
2026-08-24T01:20:12.126420,0,0.0,0.0,78,12.7,0.0,Deactivated,27,28,0,0,8363
2026-08-24T01:20:12.131450,0,0.0,0.0,78,12.7,0.0,Deactivated,27,28,0,0,8363
2026-08-24T01:20:14.063978,0,0.0,0.0,78,12.7,0.0,Deactivated,27,28,0,0,8363
2026-08-24T01:20:14.065833,0,0.0,0.0,78,12.7,0.0,Deactivated,27,28,0,0,8363
2026-08-24T01:20:16.221091,0,0.0,0.0,78,12.7,0.0,Deactivated,27,28,0,0,8363
2026-08-24T01:20:16.222425,0,0.0,0.0,78,12.7,0.0,Deactivated,27,28,0,0,8363
2026-08-24T01:20:18.067537,0,0.0,0.0,78,12.7,0.0,Deactivated,27,28,0,0,8363
2026-08-24T01:20:18.068708,0,0.0,0.0,78,12.7,0.0,Deactivated,27,28,0,0,8363
2026-08-24T01:20:19.057111,0,0.0,0.0,78,12.7,0.0,Deactivated,27,28,0,0,8363
2026-08-24T01:20:19.058266,0,0.0,0.0,78,12.7,0.0,Deactivated,27,28,0,0,8363
2026-08-24T01:20:20.135702,0,0.0,0.0,78,12.7,0.0,Deactivated,27,28,0,0,8363
2026-08-24T01:20:20.137046,0,0.0,0.0,78,12.7,0.0,Deactivated,27,28,0,0,8363
2026-08-24T01:20:22.164535,0,0.0,0.0,78,12.7,0.0,Deactivated,27,28,0,0,8363
2026-08-24T01:20:22.166298,0,0.0,0.0,78,12.7,0.0,Deactivated,27,28,0,0,8363
2026-08-24T01:20:24.008296,0,0.0,0.0,78,12.7,0.0,Deactivated,27,28,0,0,8363
2026-08-24T01:20:24.014738,0,0.0,0.0,78,12.7,0.0,Deactivated,27,28,0,0,8363
2026-08-24T01:20:26.121123,0,0.0,0.0,78,12.7,0.0,Deactivated,27,28,0,0,8363
2026-08-24T01:20:26.123418,0,0.0,0.0,78,12.7,0.0,Deactivated,27,28,0,0,8363
2026-08-24T01:20:28.011151,0,0.0,0.0,78,12.7,0.0,Deactivated,27,28,0,0,8363
2026-08-24T01:20:28.013577,0,0.0,0.0,78,12.7,0.0,Deactivated,27,28,0,0,8363
2026-08-24T01:20:29.001936,0,0.0,0.0,78,12.7,0.0,Deactivated,27,28,0,0,8363
2026-08-24T01:20:29.608490,0,0.0,0.0,78,12.7,0.0,Deactivated,27,28,0,0,8363
2026-08-24T01:20:30.170876,0,0.0,0.0,78,12.7,0.0,Deactivated,27,28,0,0,8363
2026-08-24T01:20:30.172361,0,0.0,0.0,78,12.7,0.0,Deactivated,27,28,0,0,8363
2026-08-24T01:20:31.974175,0,0.0,0.0,79,12.7,0.0,Deactivated,27,28,0,0,8363
2026-08-24T01:20:31.976836,0,0.0,0.0,79,12.7,0.0,Deactivated,27,28,0,0,8363
2026-08-24T01:20:33.999986,0,0.0,0.0,79,12.7,0.0,Deactivated,27,28,0,0,8363
2026-08-24T01:20:34.002613,0,0.0,0.0,79,12.7,0.0,Deactivated,27,28,0,0,8363
2026-08-24T01:20:36.113699,0,0.0,0.0,78,12.7,0.0,Deactivated,27,28,0,0,8363
2026-08-24T01:20:36.116587,0,0.0,0.0,78,12.7,0.0,Deactivated,27,28,0,0,8363
2026-08-24T01:20:38.005208,0,0.0,0.0,78,12.7,0.0,Deactivated,27,28,0,0,8363
2026-08-24T01:20:38.007096,0,0.0,0.0,78,12.7,0.0,Deactivated,27,28,0,0,8363
2026-08-24T01:20:38.991681,0,0.0,0.0,78,12.7,0.0,Deactivated,27,28,0,0,8363
2026-08-24T01:20:38.994414,0,0.0,0.0,78,12.7,0.0,Deactivated,27,28,0,0,8363
2026-08-24T01:20:40.251275,0,0.0,0.0,78,12.7,0.0,Deactivated,27,28,0,0,8363
2026-08-24T01:20:40.252404,0,0.0,0.0,78,12.7,0.0,Deactivated,27,28,0,0,8363
2026-08-24T01:20:42.052484,0,0.0,0.0,78,12.7,0.0,Deactivated,27,28,0,0,8363
2026-08-24T01:20:42.054746,0,0.0,0.0,78,12.7,0.0,Deactivated,27,28,0,0,8363
2026-08-24T01:20:44.033185,0,0.0,0.0,78,12.7,0.0,Deactivated,27,28,0,0,8363
2026-08-24T01:20:44.036161,0,0.0,0.0,78,12.7,0.0,Deactivated,27,28,0,0,8363
2026-08-24T01:20:46.014431,0,0.0,0.0,78,12.7,0.0,Deactivated,27,28,0,0,8363
2026-08-24T01:20:46.017430,0,0.0,0.0,78,12.7,0.0,Deactivated,27,28,0,0,8363
2026-08-24T01:20:48.127092,0,0.0,0.0,78,12.7,0.0,Deactivated,27,28,0,0,8363
2026-08-24T01:20:48.129216,0,0.0,0.0,78,12.7,0.0,Deactivated,27,28,0,0,8363
2026-08-24T01:20:49.027147,0,0.0,0.0,78,12.7,0.0,Deactivated,27,28,0,0,8363
2026-08-24T01:20:49.030647,0,0.0,0.0,78,12.7,0.0,Deactivated,27,28,0,0,8363
2026-08-24T01:20:49.975289,0,0.0,0.0,78,12.7,0.0,Deactivated,27,28,0,0,8363
2026-08-24T01:20:49.976612,0,0.0,0.0,78,12.7,0.0,Deactivated,27,28,0,0,8363
2026-08-24T01:20:52.181493,0,0.0,0.0,78,12.7,0.0,Deactivated,27,28,0,0,8363
2026-08-24T01:20:52.184243,0,0.0,0.0,78,12.7,0.0,Deactivated,27,28,0,0,8363
2026-08-24T01:20:53.977166,0,0.0,0.0,78,12.7,0.0,Deactivated,27,28,0,0,8363
2026-08-24T01:20:53.979338,0,0.0,0.0,78,12.7,0.0,Deactivated,27,28,0,0,8363
2026-08-24T01:20:56.093745,0,0.0,0.0,78,12.7,0.0,Deactivated,27,28,0,0,8363
2026-08-24T01:20:56.095821,0,0.0,0.0,78,12.7,0.0,Deactivated,27,28,0,0,8363
2026-08-24T01:20:58.162266,0,0.0,0.0,78,12.7,0.0,Deactivated,27,28,0,0,8363
2026-08-24T01:20:58.164386,0,0.0,0.0,78,12.7,0.0,Deactivated,27,28,0,0,8363
2026-08-24T01:20:58.978192,0,0.0,0.0,78,12.7,0.0,Deactivated,27,28,0,0,8363
2026-08-24T01:20:58.979650,0,0.0,0.0,78,12.7,0.0,Deactivated,27,28,0,0,8363
2026-08-24T01:21:00.051900,0,0.0,0.0,78,12.7,0.0,Deactivated,27,28,0,0,8363
2026-08-24T01:21:00.054031,0,0.0,0.0,78,12.7,0.0,Deactivated,27,28,0,0,8363
2026-08-24T01:21:02.075494,0,0.0,0.0,78,12.7,0.0,Deactivated,27,28,0,0,8363
2026-08-24T01:21:02.076816,0,0.0,0.0,78,12.7,0.0,Deactivated,27,28,0,0,8363
2026-08-24T01:21:03.969626,0,0.0,0.0,78,12.7,0.0,Deactivated,27,28,0,0,8363
2026-08-24T01:21:03.971961,0,0.0,0.0,78,12.7,0.0,Deactivated,27,28,0,0,8363
2026-08-24T01:21:06.038872,0,0.0,0.0,78,12.7,0.0,Deactivated,27,28,0,0,8363
2026-08-24T01:21:06.041261,0,0.0,0.0,78,12.7,0.0,Deactivated,27,28,0,0,8363
2026-08-24T01:21:07.975559,0,0.0,0.0,78,12.7,0.0,Deactivated,27,28,0,0,8363
2026-08-24T01:21:07.978278,0,0.0,0.0,78,12.7,0.0,Deactivated,27,28,0,0,8363
2026-08-24T01:21:09.053507,0,0.0,0.0,78,12.7,0.0,Deactivated,27,28,0,0,8363
2026-08-24T01:21:09.056036,0,0.0,0.0,78,12.7,0.0,Deactivated,27,28,0,0,8363
2026-08-24T01:21:09.999845,0,0.0,0.0,78,12.7,0.0,Deactivated,27,28,0,0,8363
2026-08-24T01:21:10.002578,0,0.0,0.0,78,12.7,0.0,Deactivated,27,28,0,0,8363
2026-08-24T01:21:12.025477,0,0.0,0.0,78,12.7,0.0,Deactivated,27,28,0,0,8363
2026-08-24T01:21:12.030067,0,0.0,0.0,78,12.7,0.0,Deactivated,27,28,0,0,8363
2026-08-24T01:21:14.048595,0,0.0,0.0,78,12.7,0.0,Deactivated,27,28,0,0,8363
2026-08-24T01:21:14.051671,0,0.0,0.0,78,12.7,0.0,Deactivated,27,28,0,0,8363
2026-08-24T01:21:16.071645,0,0.0,0.0,78,12.7,0.0,Deactivated,27,28,0,0,8363
2026-08-24T01:21:16.073228,0,0.0,0.0,78,12.7,0.0,Deactivated,27,28,0,0,8363
2026-08-24T01:21:18.009121,0,0.0,0.0,78,12.7,0.0,Deactivated,27,28,0,0,8363
2026-08-24T01:21:18.011704,0,0.0,0.0,78,12.7,0.0,Deactivated,27,28,0,0,8363
2026-08-24T01:21:19.042393,0,0.0,0.0,78,12.7,0.0,Deactivated,27,28,0,0,8363
2026-08-24T01:21:19.044683,0,0.0,0.0,78,12.7,0.0,Deactivated,27,28,0,0,8363
2026-08-24T01:21:19.987329,0,0.0,0.0,78,12.7,0.0,Deactivated,27,28,0,0,8363
2026-08-24T01:21:19.990039,0,0.0,0.0,78,12.7,0.0,Deactivated,27,28,0,0,8363
2026-08-24T01:21:22.059235,0,0.0,0.0,78,12.7,0.0,Deactivated,27,28,0,0,8363
2026-08-24T01:21:22.061417,0,0.0,0.0,78,12.7,0.0,Deactivated,27,28,0,0,8363
2026-08-24T01:21:24.038704,0,0.0,0.0,78,12.7,0.0,Deactivated,27,28,0,0,8363
2026-08-24T01:21:24.040422,0,0.0,0.0,78,12.7,0.0,Deactivated,27,28,0,0,8363
2026-08-24T01:21:26.062665,0,0.0,0.0,78,12.7,0.0,Deactivated,27,28,0,0,8363
2026-08-24T01:21:26.065135,0,0.0,0.0,78,12.7,0.0,Deactivated,27,28,0,0,8363
2026-08-24T01:21:27.999018,0,0.0,0.0,78,12.7,0.0,Deactivated,27,28,0,0,8363
2026-08-24T01:21:28.001578,0,0.0,0.0,78,12.7,0.0,Deactivated,27,28,0,0,8363
2026-08-24T01:21:28.988284,0,0.0,0.0,78,12.7,0.0,Deactivated,27,28,0,0,8363
2026-08-24T01:21:28.990434,0,0.0,0.0,78,12.7,0.0,Deactivated,27,28,0,0,8363
2026-08-24T01:21:29.979237,0,0.0,0.0,78,12.7,0.0,Deactivated,27,28,0,0,8363
2026-08-24T01:21:29.982210,0,0.0,0.0,78,12.7,0.0,Deactivated,27,28,0,0,8363
2026-08-24T01:21:32.004509,0,0.0,0.0,79,12.7,0.0,Deactivated,27,28,0,0,8363
2026-08-24T01:21:32.006933,0,0.0,0.0,79,12.7,0.0,Deactivated,27,28,0,0,8363
2026-08-24T01:21:34.027714,0,0.0,0.0,79,12.7,0.0,Deactivated,27,28,0,0,8363
2026-08-24T01:21:34.029767,0,0.0,0.0,79,12.7,0.0,Deactivated,27,28,0,0,8363
2026-08-24T01:21:36.233363,0,0.0,0.0,78,12.7,0.0,Deactivated,27,28,0,0,8363
2026-08-24T01:21:36.235753,0,0.0,0.0,78,12.7,0.0,Deactivated,27,28,0,0,8363
2026-08-24T01:21:37.988271,0,0.0,0.0,78,12.7,0.0,Deactivated,27,28,0,0,8363
2026-08-24T01:21:37.990582,0,0.0,0.0,78,12.7,0.0,Deactivated,27,28,0,0,8363
2026-08-24T01:21:39.112926,0,0.0,0.0,78,12.7,0.0,Deactivated,27,28,0,0,8363
2026-08-24T01:21:39.114347,0,0.0,0.0,78,12.7,0.0,Deactivated,27,28,0,0,8363
2026-08-24T01:21:39.968495,0,0.0,0.0,78,12.7,0.0,Deactivated,27,28,0,0,8363
2026-08-24T01:21:39.970398,0,0.0,0.0,78,12.7,0.0,Deactivated,27,28,0,0,8363
2026-08-24T01:21:41.993744,0,0.0,0.0,78,12.7,0.0,Deactivated,27,28,0,0,8363
2026-08-24T01:21:41.996666,0,0.0,0.0,78,12.7,0.0,Deactivated,27,28,0,0,8363
2026-08-24T01:21:44.198678,0,0.0,0.0,78,12.7,0.0,Deactivated,27,28,0,0,8363
2026-08-24T01:21:44.201203,0,0.0,0.0,78,12.7,0.0,Deactivated,27,28,0,0,8363
2026-08-24T01:21:46.042053,0,0.0,0.0,78,12.7,0.0,Deactivated,27,28,0,0,8363
2026-08-24T01:21:46.043882,0,0.0,0.0,78,12.7,0.0,Deactivated,27,28,0,0,8363
2026-08-24T01:21:47.978563,0,0.0,0.0,78,12.7,0.0,Deactivated,27,28,0,0,8363
2026-08-24T01:21:47.981743,0,0.0,0.0,78,12.7,0.0,Deactivated,27,28,0,0,8363
2026-08-24T01:21:49.056723,0,0.0,0.0,78,12.7,0.0,Deactivated,27,28,0,0,8363
2026-08-24T01:21:49.058349,0,0.0,0.0,78,12.7,0.0,Deactivated,27,28,0,0,8363
2026-08-24T01:21:50.004577,0,0.0,0.0,78,12.7,0.0,Deactivated,27,28,0,0,8363
2026-08-24T01:21:50.007098,0,0.0,0.0,78,12.7,0.0,Deactivated,27,28,0,0,8363
2026-08-24T01:21:52.073861,0,0.0,0.0,78,12.7,0.0,Deactivated,27,28,0,0,8363
2026-08-24T01:21:52.076436,0,0.0,0.0,78,12.7,0.0,Deactivated,27,28,0,0,8363
2026-08-24T01:21:53.964793,0,0.0,0.0,78,12.7,0.0,Deactivated,27,28,0,0,8363
2026-08-24T01:21:53.966837,0,0.0,0.0,78,12.7,0.0,Deactivated,27,28,0,0,8363
2026-08-24T01:21:56.214396,0,0.0,0.0,78,12.7,0.0,Deactivated,27,28,0,0,8363
2026-08-24T01:21:56.215543,0,0.0,0.0,78,12.7,0.0,Deactivated,27,28,0,0,8363
2026-08-24T01:21:57.971358,0,0.0,0.0,78,12.7,0.0,Deactivated,27,28,0,0,8363
2026-08-24T01:21:57.974091,0,0.0,0.0,78,12.7,0.0,Deactivated,27,28,0,0,8363
2026-08-24T01:21:59.047123,0,0.0,0.0,78,12.7,0.0,Deactivated,27,28,0,0,8363
2026-08-24T01:21:59.048845,0,0.0,0.0,78,12.7,0.0,Deactivated,27,28,0,0,8363
2026-08-24T01:22:00.038299,0,0.0,0.0,78,12.7,0.0,Deactivated,27,28,0,0,8363
2026-08-24T01:22:00.041014,0,0.0,0.0,78,12.7,0.0,Deactivated,27,28,0,0,8363
2026-08-24T01:22:01.974529,0,0.0,0.0,79,12.7,0.0,Deactivated,27,28,0,0,8363
2026-08-24T01:22:01.976900,0,0.0,0.0,79,12.7,0.0,Deactivated,27,28,0,0,8363
2026-08-24T01:22:04.042899,0,0.0,0.0,79,12.7,0.0,Deactivated,27,28,0,0,8363
2026-08-24T01:22:04.045972,0,0.0,0.0,79,12.7,0.0,Deactivated,27,28,0,0,8363
2026-08-24T01:22:05.977943,0,0.0,0.0,78,12.7,0.0,Deactivated,27,28,0,0,8363
2026-08-24T01:22:05.980395,0,0.0,0.0,78,12.7,0.0,Deactivated,27,28,0,0,8363
2026-08-24T01:22:07.958541,0,0.0,0.0,78,12.7,0.0,Deactivated,27,28,0,0,8363
2026-08-24T01:22:07.960889,0,0.0,0.0,78,12.7,0.0,Deactivated,27,28,0,0,8363
2026-08-24T01:22:08.995341,0,0.0,0.0,78,12.7,0.0,Deactivated,27,28,0,0,8363
2026-08-24T01:22:08.996750,0,0.0,0.0,78,12.7,0.0,Deactivated,27,28,0,0,8363
2026-08-24T01:22:09.983708,0,0.0,0.0,78,12.7,0.0,Deactivated,27,29,0,0,8363
2026-08-24T01:22:09.986725,0,0.0,0.0,78,12.7,0.0,Deactivated,27,29,0,0,8363
2026-08-24T01:22:11.965455,0,0.0,0.0,78,12.7,0.0,Deactivated,27,28,0,0,8363
2026-08-24T01:22:11.968124,0,0.0,0.0,78,12.7,0.0,Deactivated,27,28,0,0,8363
2026-08-24T01:22:14.031717,0,0.0,0.0,78,12.7,0.0,Deactivated,27,28,0,0,8363
2026-08-24T01:22:14.033301,0,0.0,0.0,78,12.7,0.0,Deactivated,27,28,0,0,8363
2026-08-24T01:22:15.967202,0,0.0,0.0,78,12.7,0.0,Deactivated,27,28,0,0,8363
2026-08-24T01:22:15.969039,0,0.0,0.0,78,12.7,0.0,Deactivated,27,28,0,0,8363
2026-08-24T01:22:18.129378,0,0.0,0.0,78,12.7,0.0,Deactivated,27,28,0,0,8363
2026-08-24T01:22:18.132634,0,0.0,0.0,78,12.7,0.0,Deactivated,27,28,0,0,8363
2026-08-24T01:22:19.028153,0,0.0,0.0,78,12.7,0.0,Deactivated,27,28,0,0,8363
2026-08-24T01:22:19.030399,0,0.0,0.0,78,12.7,0.0,Deactivated,27,28,0,0,8363
2026-08-24T01:22:20.019710,0,0.0,0.0,78,12.7,0.0,Deactivated,27,28,0,0,8363
2026-08-24T01:22:20.021941,0,0.0,0.0,78,12.7,0.0,Deactivated,27,28,0,0,8363
2026-08-24T01:22:21.998302,0,0.0,0.0,78,12.7,0.0,Deactivated,27,28,0,0,8363
2026-08-24T01:22:22.000940,0,0.0,0.0,78,12.7,0.0,Deactivated,27,28,0,0,8363
2026-08-24T01:22:24.023960,0,0.0,0.0,78,12.7,0.0,Deactivated,27,28,0,0,8363
2026-08-24T01:22:24.028498,0,0.0,0.0,78,12.7,0.0,Deactivated,27,28,0,0,8363
2026-08-24T01:22:26.003863,0,0.0,0.0,78,12.7,0.0,Deactivated,27,28,0,0,8363
2026-08-24T01:22:26.005376,0,0.0,0.0,78,12.7,0.0,Deactivated,27,28,0,0,8363
2026-08-24T01:22:27.983472,0,0.0,0.0,78,12.7,0.0,Deactivated,27,28,0,0,8363
2026-08-24T01:22:27.984781,0,0.0,0.0,78,12.7,0.0,Deactivated,27,28,0,0,8363
2026-08-24T01:22:29.016691,0,0.0,0.0,78,12.7,0.0,Deactivated,27,28,0,0,8363
2026-08-24T01:22:29.019560,0,0.0,0.0,78,12.7,0.0,Deactivated,27,28,0,0,8363
2026-08-24T01:22:30.006362,0,0.0,0.0,78,12.7,0.0,Deactivated,27,28,0,0,8363
2026-08-24T01:22:30.007516,0,0.0,0.0,78,12.7,0.0,Deactivated,27,28,0,0,8363
2026-08-24T01:22:31.987389,0,0.0,0.0,79,12.7,0.0,Deactivated,27,28,0,0,8363
2026-08-24T01:22:31.988532,0,0.0,0.0,79,12.7,0.0,Deactivated,27,28,0,0,8363
2026-08-24T01:22:34.013123,0,0.0,0.0,79,12.7,0.0,Deactivated,27,28,0,0,8363
2026-08-24T01:22:34.014306,0,0.0,0.0,79,12.7,0.0,Deactivated,27,28,0,0,8363
2026-08-24T01:22:36.126968,0,0.0,0.0,78,12.7,0.0,Deactivated,27,28,0,0,8363
2026-08-24T01:22:36.128428,0,0.0,0.0,78,12.7,0.0,Deactivated,27,28,0,0,8363
2026-08-24T01:22:37.972828,0,0.0,0.0,78,12.7,0.0,Deactivated,27,28,0,0,8363
2026-08-24T01:22:37.976091,0,0.0,0.0,78,12.7,0.0,Deactivated,27,28,0,0,8363
2026-08-24T01:22:39.006730,0,0.0,0.0,78,12.7,0.0,Deactivated,27,28,0,0,8363
2026-08-24T01:22:39.008453,0,0.0,0.0,78,12.7,0.0,Deactivated,27,28,0,0,8363
2026-08-24T01:22:39.997085,0,0.0,0.0,78,12.7,0.0,Deactivated,27,28,0,0,8363
2026-08-24T01:22:39.999087,0,0.0,0.0,78,12.7,0.0,Deactivated,27,28,0,0,8363
2026-08-24T01:22:42.023493,0,0.0,0.0,78,12.7,0.0,Deactivated,27,28,0,0,8363
2026-08-24T01:22:42.024850,0,0.0,0.0,78,12.7,0.0,Deactivated,27,28,0,0,8363
2026-08-24T01:22:44.003930,0,0.0,0.0,78,12.7,0.0,Deactivated,27,28,0,0,8363
2026-08-24T01:22:44.005251,0,0.0,0.0,78,12.7,0.0,Deactivated,27,28,0,0,8363
2026-08-24T01:22:45.983124,0,0.0,0.0,78,12.7,0.0,Deactivated,27,28,0,0,8363
2026-08-24T01:22:45.985070,0,0.0,0.0,78,12.7,0.0,Deactivated,27,28,0,0,8363
2026-08-24T01:22:48.006724,0,0.0,0.0,78,12.7,0.0,Deactivated,27,28,0,0,8363
2026-08-24T01:22:48.007958,0,0.0,0.0,78,12.7,0.0,Deactivated,27,28,0,0,8363
2026-08-24T01:22:49.088436,0,0.0,0.0,78,12.7,0.0,Deactivated,27,28,0,0,8363
2026-08-24T01:22:49.095344,0,0.0,0.0,78,12.7,0.0,Deactivated,27,28,0,0,8363
2026-08-24T01:22:49.988270,0,0.0,0.0,78,12.7,0.0,Deactivated,27,28,0,0,8363
2026-08-24T01:22:49.989307,0,0.0,0.0,78,12.7,0.0,Deactivated,27,28,0,0,8363
2026-08-24T01:22:52.012785,0,0.0,0.0,79,12.7,0.0,Deactivated,27,28,0,0,8363
2026-08-24T01:22:52.014084,0,0.0,0.0,79,12.7,0.0,Deactivated,27,28,0,0,8363
2026-08-24T01:22:54.084053,0,0.0,0.0,79,12.7,0.0,Deactivated,27,28,0,0,8363
2026-08-24T01:22:54.085227,0,0.0,0.0,79,12.7,0.0,Deactivated,27,28,0,0,8363
2026-08-24T01:22:55.973053,0,0.0,0.0,79,12.7,0.0,Deactivated,27,28,0,0,8363
2026-08-24T01:22:55.975097,0,0.0,0.0,79,12.7,0.0,Deactivated,27,28,0,0,8363
2026-08-24T01:22:57.997571,0,0.0,0.0,79,12.7,0.0,Deactivated,27,28,0,0,8363
2026-08-24T01:22:57.999224,0,0.0,0.0,79,12.7,0.0,Deactivated,27,28,0,0,8363
2026-08-24T01:22:58.995870,0,0.0,0.0,79,12.7,0.0,Deactivated,27,28,0,0,8363
2026-08-24T01:22:59.000825,0,0.0,0.0,79,12.7,0.0,Deactivated,27,28,0,0,8363
2026-08-24T01:22:59.977520,0,0.0,0.0,79,12.7,0.0,Deactivated,27,29,0,0,8363
2026-08-24T01:22:59.978718,0,0.0,0.0,79,12.7,0.0,Deactivated,27,29,0,0,8363
2026-08-24T01:23:02.005423,0,0.0,0.0,78,12.7,0.0,Deactivated,27,28,0,0,8363
2026-08-24T01:23:02.010543,0,0.0,0.0,78,12.7,0.0,Deactivated,27,28,0,0,8363
2026-08-24T01:23:03.984314,0,0.0,0.0,78,12.7,0.0,Deactivated,27,28,0,0,8363
2026-08-24T01:23:03.985819,0,0.0,0.0,78,12.7,0.0,Deactivated,27,28,0,0,8363
2026-08-24T01:23:05.964172,0,0.0,0.0,79,12.7,0.0,Deactivated,27,28,0,0,8363
2026-08-24T01:23:05.966666,0,0.0,0.0,79,12.7,0.0,Deactivated,27,28,0,0,8363
2026-08-24T01:23:07.987423,0,0.0,0.0,79,12.7,0.0,Deactivated,27,28,0,0,8363
2026-08-24T01:23:07.988572,0,0.0,0.0,79,12.7,0.0,Deactivated,27,28,0,0,8363
2026-08-24T01:23:09.157612,0,0.0,0.0,79,12.7,0.0,Deactivated,27,28,0,0,8363
2026-08-24T01:23:09.159779,0,0.0,0.0,79,12.7,0.0,Deactivated,27,28,0,0,8363
2026-08-24T01:23:09.968701,0,0.0,0.0,79,12.7,0.0,Deactivated,27,28,0,0,8363
2026-08-24T01:23:09.970193,0,0.0,0.0,79,12.7,0.0,Deactivated,27,28,0,0,8363
2026-08-24T01:23:12.036381,0,0.0,0.0,78,12.7,0.0,Deactivated,27,28,0,0,8363
2026-08-24T01:23:12.037970,0,0.0,0.0,78,12.7,0.0,Deactivated,27,28,0,0,8363
2026-08-24T01:23:14.109912,0,0.0,0.0,78,12.7,0.0,Deactivated,27,28,0,0,8363
2026-08-24T01:23:14.114116,0,0.0,0.0,78,12.7,0.0,Deactivated,27,28,0,0,8363
2026-08-24T01:23:16.088596,0,0.0,0.0,78,12.7,0.0,Deactivated,27,28,0,0,8363
2026-08-24T01:23:16.095609,0,0.0,0.0,78,12.7,0.0,Deactivated,27,28,0,0,8363
2026-08-24T01:23:17.977860,0,0.0,0.0,78,12.7,0.0,Deactivated,27,28,0,0,8363
2026-08-24T01:23:17.981002,0,0.0,0.0,78,12.7,0.0,Deactivated,27,28,0,0,8363
2026-08-24T01:23:19.822953,0,0.0,0.0,78,12.7,0.0,Deactivated,27,28,0,0,8363
2026-08-24T01:23:19.829024,0,0.0,0.0,78,12.7,0.0,Deactivated,27,28,0,0,8363
2026-08-24T01:23:20.095415,0,0.0,0.0,78,12.7,0.0,Deactivated,27,28,0,0,8363
2026-08-24T01:23:20.096697,0,0.0,0.0,78,12.7,0.0,Deactivated,27,28,0,0,8363
2026-08-24T01:23:22.122330,0,0.0,0.0,78,12.7,0.0,Deactivated,27,28,0,0,8363
2026-08-24T01:23:22.124137,0,0.0,0.0,78,12.7,0.0,Deactivated,27,28,0,0,8363
2026-08-24T01:23:24.051760,0,0.0,0.0,78,12.7,0.0,Deactivated,27,28,0,0,8363
2026-08-24T01:23:24.053065,0,0.0,0.0,78,12.7,0.0,Deactivated,27,28,0,0,8363
2026-08-24T01:23:26.122575,0,0.0,0.0,78,12.7,0.0,Deactivated,27,28,0,0,8363
2026-08-24T01:23:26.124650,0,0.0,0.0,78,12.7,0.0,Deactivated,27,28,0,0,8363
2026-08-24T01:23:28.104438,0,0.0,0.0,78,12.7,0.0,Deactivated,27,28,0,0,8363
2026-08-24T01:23:28.105977,0,0.0,0.0,78,12.7,0.0,Deactivated,27,28,0,0,8363
2026-08-24T01:23:29.226856,0,0.0,0.0,78,12.7,0.0,Deactivated,27,28,0,0,8363
2026-08-24T01:23:29.228358,0,0.0,0.0,78,12.7,0.0,Deactivated,27,28,0,0,8363
2026-08-24T01:23:30.038656,0,0.0,0.0,78,12.7,0.0,Deactivated,27,28,0,0,8363
2026-08-24T01:23:30.040207,0,0.0,0.0,78,12.7,0.0,Deactivated,27,28,0,0,8363
2026-08-24T01:23:32.110460,0,0.0,0.0,79,12.7,0.0,Deactivated,27,28,0,0,8363
2026-08-24T01:23:32.115339,0,0.0,0.0,79,12.7,0.0,Deactivated,27,28,0,0,8363
2026-08-24T01:23:34.582295,0,0.0,0.0,79,12.7,0.0,Deactivated,27,28,0,0,8363
2026-08-24T01:23:34.583798,0,0.0,0.0,79,12.7,0.0,Deactivated,27,28,0,0,8363
2026-08-24T01:23:36.247170,0,0.0,0.0,78,12.7,0.0,Deactivated,27,28,0,0,8363
2026-08-24T01:23:36.249393,0,0.0,0.0,78,12.7,0.0,Deactivated,27,28,0,0,8363
2026-08-24T01:23:38.272612,0,0.0,0.0,78,12.7,0.0,Deactivated,27,28,0,0,8363
2026-08-24T01:23:38.274844,0,0.0,0.0,78,12.7,0.0,Deactivated,27,28,0,0,8363
2026-08-24T01:23:39.576458,0,0.0,0.0,78,12.7,0.0,Deactivated,27,28,0,0,8363
2026-08-24T01:23:39.577838,0,0.0,0.0,78,12.7,0.0,Deactivated,27,28,0,0,8363
2026-08-24T01:23:40.072742,0,0.0,0.0,78,12.7,0.0,Deactivated,27,28,0,0,8363
2026-08-24T01:23:40.074449,0,0.0,0.0,78,12.7,0.0,Deactivated,27,28,0,0,8363
2026-08-24T01:23:42.099463,0,0.0,0.0,78,12.7,0.0,Deactivated,27,28,0,0,8363
2026-08-24T01:23:42.101666,0,0.0,0.0,78,12.7,0.0,Deactivated,27,28,0,0,8363
2026-08-24T01:23:44.121958,0,0.0,0.0,78,12.7,0.0,Deactivated,27,28,0,0,8363
2026-08-24T01:23:44.123139,0,0.0,0.0,78,12.7,0.0,Deactivated,27,28,0,0,8363
2026-08-24T01:23:46.238991,0,0.0,0.0,79,12.7,0.0,Deactivated,27,28,0,0,8363
2026-08-24T01:23:46.241895,0,0.0,0.0,79,12.7,0.0,Deactivated,27,28,0,0,8363
2026-08-24T01:23:48.261648,0,0.0,0.0,79,12.7,0.0,Deactivated,27,28,0,0,8363
2026-08-24T01:23:48.262788,0,0.0,0.0,79,12.7,0.0,Deactivated,27,28,0,0,8363
2026-08-24T01:23:49.118309,0,0.0,0.0,79,12.7,0.0,Deactivated,27,28,0,0,8363
2026-08-24T01:23:49.120626,0,0.0,0.0,79,12.7,0.0,Deactivated,27,28,0,0,8363
2026-08-24T01:23:50.063542,0,0.0,0.0,79,12.7,0.0,Deactivated,27,28,0,0,8363
2026-08-24T01:23:50.065138,0,0.0,0.0,79,12.7,0.0,Deactivated,27,28,0,0,8363
2026-08-24T01:23:52.179472,0,0.0,0.0,78,12.7,0.0,Deactivated,27,28,0,0,8363
2026-08-24T01:23:52.181042,0,0.0,0.0,78,12.7,0.0,Deactivated,27,28,0,0,8363
2026-08-24T01:23:54.202326,0,0.0,0.0,78,12.7,0.0,Deactivated,27,28,0,0,8363
2026-08-24T01:23:54.203558,0,0.0,0.0,78,12.7,0.0,Deactivated,27,28,0,0,8363
2026-08-24T01:23:56.093298,0,0.0,0.0,79,12.7,0.0,Deactivated,27,28,0,0,8363
2026-08-24T01:23:56.097847,0,0.0,0.0,79,12.7,0.0,Deactivated,27,28,0,0,8363
2026-08-24T01:23:58.162440,0,0.0,0.0,79,12.7,0.0,Deactivated,27,28,0,0,8363
2026-08-24T01:23:58.164703,0,0.0,0.0,79,12.7,0.0,Deactivated,27,28,0,0,8363
2026-08-24T01:23:59.107874,0,0.0,0.0,79,12.7,0.0,Deactivated,27,28,0,0,8363
2026-08-24T01:23:59.110606,0,0.0,0.0,79,12.7,0.0,Deactivated,27,28,0,0,8363
2026-08-24T01:24:00.414002,0,0.0,0.0,79,12.7,0.0,Deactivated,27,28,0,0,8363
2026-08-24T01:24:00.415829,0,0.0,0.0,79,12.7,0.0,Deactivated,27,28,0,0,8363
2026-08-24T01:24:02.528832,0,0.0,0.0,78,12.7,0.0,Deactivated,27,28,0,0,8363
2026-08-24T01:24:02.530501,0,0.0,0.0,78,12.7,0.0,Deactivated,27,28,0,0,8363
2026-08-24T01:24:04.555043,0,0.0,0.0,78,12.7,0.0,Deactivated,27,28,0,0,8363
2026-08-24T01:24:04.558685,0,0.0,0.0,78,12.7,0.0,Deactivated,27,28,0,0,8363
2026-08-24T01:24:06.217581,0,0.0,0.0,78,12.7,0.0,Deactivated,27,28,0,0,8363
2026-08-24T01:24:06.219114,0,0.0,0.0,78,12.7,0.0,Deactivated,27,28,0,0,8363
2026-08-24T01:24:08.288565,0,0.0,0.0,78,12.7,0.0,Deactivated,27,28,0,0,8363
2026-08-24T01:24:08.289819,0,0.0,0.0,78,12.7,0.0,Deactivated,27,28,0,0,8363
2026-08-24T01:24:09.101608,0,0.0,0.0,78,12.7,0.0,Deactivated,27,28,0,0,8363
2026-08-24T01:24:09.103593,0,0.0,0.0,78,12.7,0.0,Deactivated,27,28,0,0,8363
2026-08-24T01:24:10.402412,0,0.0,0.0,78,12.7,0.0,Deactivated,27,28,0,0,8363
2026-08-24T01:24:10.404571,0,0.0,0.0,78,12.7,0.0,Deactivated,27,28,0,0,8363
2026-08-24T01:24:12.249207,0,0.0,0.0,78,12.7,0.0,Deactivated,27,28,0,0,8363
2026-08-24T01:24:12.251037,0,0.0,0.0,78,12.7,0.0,Deactivated,27,28,0,0,8363
2026-08-24T01:24:14.092237,0,0.0,0.0,78,12.7,0.0,Deactivated,27,28,0,0,8363
2026-08-24T01:24:14.093757,0,0.0,0.0,78,12.7,0.0,Deactivated,27,28,0,0,8363
2026-08-24T01:24:16.207569,0,0.0,0.0,79,12.7,0.0,Deactivated,27,28,0,0,8363
2026-08-24T01:24:16.209573,0,0.0,0.0,79,12.7,0.0,Deactivated,27,28,0,0,8363
2026-08-24T01:24:18.103234,0,0.0,0.0,79,12.7,0.0,Deactivated,27,28,0,0,8363
2026-08-24T01:24:18.104543,0,0.0,0.0,79,12.7,0.0,Deactivated,27,28,0,0,8363
2026-08-24T01:24:19.312496,0,0.0,0.0,79,12.7,0.0,Deactivated,27,28,0,0,8363
2026-08-24T01:24:19.319430,0,0.0,0.0,79,12.7,0.0,Deactivated,27,28,0,0,8363
2026-08-24T01:24:20.530917,0,0.0,0.0,79,12.7,0.0,Deactivated,27,28,0,0,8363
2026-08-24T01:24:20.532659,0,0.0,0.0,79,12.7,0.0,Deactivated,27,28,0,0,8363
2026-08-24T01:24:22.509942,0,0.0,0.0,78,12.7,0.0,Deactivated,27,28,0,0,8363
2026-08-24T01:24:22.512938,0,0.0,0.0,78,12.7,0.0,Deactivated,27,28,0,0,8363
2026-08-24T01:24:24.039449,0,0.0,0.0,78,12.7,0.0,Deactivated,27,28,0,0,8363
2026-08-24T01:24:24.042065,0,0.0,0.0,78,12.7,0.0,Deactivated,27,28,0,0,8363
2026-08-24T01:24:26.065980,0,0.0,0.0,78,12.7,0.0,Deactivated,27,28,0,0,8363
2026-08-24T01:24:26.068641,0,0.0,0.0,78,12.7,0.0,Deactivated,27,28,0,0,8363
2026-08-24T01:24:28.133383,0,0.0,0.0,78,12.7,0.0,Deactivated,27,28,0,0,8363
2026-08-24T01:24:28.136420,0,0.0,0.0,78,12.7,0.0,Deactivated,27,28,0,0,8363
2026-08-24T01:24:29.033967,0,0.0,0.0,78,12.7,0.0,Deactivated,27,28,0,0,8363
2026-08-24T01:24:29.036127,0,0.0,0.0,78,12.7,0.0,Deactivated,27,28,0,0,8363
2026-08-24T01:24:30.025016,0,0.0,0.0,78,12.7,0.0,Deactivated,27,28,0,0,8363
2026-08-24T01:24:30.027275,0,0.0,0.0,78,12.7,0.0,Deactivated,27,28,0,0,8363
2026-08-24T01:24:32.005922,0,0.0,0.0,78,12.7,0.0,Deactivated,27,28,0,0,8363
2026-08-24T01:24:32.010727,0,0.0,0.0,78,12.7,0.0,Deactivated,27,28,0,0,8363
2026-08-24T01:24:34.073901,0,0.0,0.0,78,12.7,0.0,Deactivated,27,28,0,0,8363
2026-08-24T01:24:34.080171,0,0.0,0.0,78,12.7,0.0,Deactivated,27,28,0,0,8363
2026-08-24T01:24:36.143076,0,0.0,0.0,78,12.7,0.0,Deactivated,27,28,0,0,8363
2026-08-24T01:24:36.144154,0,0.0,0.0,78,12.7,0.0,Deactivated,27,28,0,0,8363
2026-08-24T01:24:38.032311,0,0.0,0.0,79,12.7,0.0,Deactivated,27,28,0,0,8363
2026-08-24T01:24:38.036209,0,0.0,0.0,79,12.7,0.0,Deactivated,27,28,0,0,8363
2026-08-24T01:24:39.021976,0,0.0,0.0,79,12.7,0.0,Deactivated,27,28,0,0,8363
2026-08-24T01:24:39.023883,0,0.0,0.0,79,12.7,0.0,Deactivated,27,28,0,0,8363
2026-08-24T01:24:40.060654,0,0.0,0.0,79,12.7,0.0,Deactivated,27,28,0,0,8363
2026-08-24T01:24:40.061970,0,0.0,0.0,79,12.7,0.0,Deactivated,27,28,0,0,8363
2026-08-24T01:24:41.992854,0,0.0,0.0,78,12.7,0.0,Deactivated,27,28,0,0,8363
2026-08-24T01:24:41.994085,0,0.0,0.0,78,12.7,0.0,Deactivated,27,28,0,0,8363
2026-08-24T01:24:43.976696,0,0.0,0.0,78,12.7,0.0,Deactivated,27,28,0,0,8363
2026-08-24T01:24:43.981271,0,0.0,0.0,78,12.7,0.0,Deactivated,27,28,0,0,8363
2026-08-24T01:24:46.087065,0,0.0,0.0,79,12.7,0.0,Deactivated,27,28,0,0,8363
2026-08-24T01:24:46.088188,0,0.0,0.0,79,12.7,0.0,Deactivated,27,28,0,0,8363
2026-08-24T01:24:48.114564,0,0.0,0.0,79,12.7,0.0,Deactivated,27,28,0,0,8363
2026-08-24T01:24:48.115784,0,0.0,0.0,79,12.7,0.0,Deactivated,27,28,0,0,8363
2026-08-24T01:24:49.015235,0,0.0,0.0,79,12.7,0.0,Deactivated,27,28,0,0,8363
2026-08-24T01:24:49.016720,0,0.0,0.0,79,12.7,0.0,Deactivated,27,28,0,0,8363
2026-08-24T01:24:49.959344,0,0.0,0.0,79,12.7,0.0,Deactivated,27,28,0,0,8363
2026-08-24T01:24:49.960905,0,0.0,0.0,79,12.7,0.0,Deactivated,27,28,0,0,8363
2026-08-24T01:24:52.027034,0,0.0,0.0,78,12.7,0.0,Deactivated,27,28,0,0,8363
2026-08-24T01:24:52.029347,0,0.0,0.0,78,12.7,0.0,Deactivated,27,28,0,0,8363
2026-08-24T01:24:53.962151,0,0.0,0.0,78,12.7,0.0,Deactivated,27,28,0,0,8363
2026-08-24T01:24:53.963622,0,0.0,0.0,78,12.7,0.0,Deactivated,27,28,0,0,8363
2026-08-24T01:24:56.036329,0,0.0,0.0,78,12.7,0.0,Deactivated,27,28,0,0,8363
2026-08-24T01:24:56.043014,0,0.0,0.0,78,12.7,0.0,Deactivated,27,28,0,0,8363
2026-08-24T01:24:58.015667,0,0.0,0.0,78,12.7,0.0,Deactivated,27,28,0,0,8363
2026-08-24T01:24:58.017064,0,0.0,0.0,78,12.7,0.0,Deactivated,27,28,0,0,8363
2026-08-24T01:24:59.003312,0,0.0,0.0,78,12.7,0.0,Deactivated,27,28,0,0,8363
2026-08-24T01:24:59.007380,0,0.0,0.0,78,12.7,0.0,Deactivated,27,28,0,0,8363
2026-08-24T01:24:59.993043,0,0.0,0.0,78,12.7,0.0,Deactivated,27,28,0,0,8363
2026-08-24T01:24:59.994524,0,0.0,0.0,78,12.7,0.0,Deactivated,27,28,0,0,8363
2026-08-24T01:25:01.977379,0,0.0,0.0,78,12.7,0.0,Deactivated,27,28,0,0,8363
2026-08-24T01:25:01.982027,0,0.0,0.0,78,12.7,0.0,Deactivated,27,28,0,0,8363
2026-08-24T01:25:04.042180,0,0.0,0.0,78,12.7,0.0,Deactivated,27,28,0,0,8363
2026-08-24T01:25:04.047898,0,0.0,0.0,78,12.7,0.0,Deactivated,27,28,0,0,8363
2026-08-24T01:25:06.069555,0,0.0,0.0,78,12.7,0.0,Deactivated,27,28,0,0,8363
2026-08-24T01:25:06.071304,0,0.0,0.0,78,12.7,0.0,Deactivated,27,28,0,0,8363
2026-08-24T01:25:08.094470,0,0.0,0.0,78,12.7,0.0,Deactivated,27,28,0,0,8363
2026-08-24T01:25:08.096509,0,0.0,0.0,78,12.7,0.0,Deactivated,27,28,0,0,8363
2026-08-24T01:25:09.039145,0,0.0,0.0,78,12.7,0.0,Deactivated,27,28,0,0,8363
2026-08-24T01:25:09.040827,0,0.0,0.0,78,12.7,0.0,Deactivated,27,28,0,0,8363
2026-08-24T01:25:10.034241,0,0.0,0.0,78,12.7,0.0,Deactivated,27,28,0,0,8363
2026-08-24T01:25:10.036083,0,0.0,0.0,78,12.7,0.0,Deactivated,27,28,0,0,8363
2026-08-24T01:25:12.007135,0,0.0,0.0,78,12.7,0.0,Deactivated,27,28,0,0,8363
2026-08-24T01:25:12.008717,0,0.0,0.0,78,12.7,0.0,Deactivated,27,28,0,0,8363
2026-08-24T01:25:20Z,0,0.0,0.00,78,12.7,0.00,Deactivated,27,28,0,0,8363
2026-08-24T01:25:20Z,0,0.0,0.00,78,12.7,0.00,Deactivated,27,28,0,0,8363
2026-08-24T01:25:21Z,0,0.0,0.00,78,12.7,0.00,Deactivated,27,28,0,0,8363
2026-08-24T01:25:21Z,0,0.0,0.00,78,12.7,0.00,Deactivated,27,28,0,0,8363
2026-08-24T01:25:24Z,0,0.0,0.00,78,12.7,0.00,Deactivated,27,28,0,0,8363
2026-08-24T01:25:24Z,0,0.0,0.00,78,12.7,0.00,Deactivated,27,28,0,0,8363
2026-08-24T01:25:26Z,0,0.0,0.00,78,12.7,0.00,Deactivated,27,28,0,0,8363
2026-08-24T01:25:26Z,0,0.0,0.00,78,12.7,0.00,Deactivated,27,28,0,0,8363
2026-08-24T01:25:27Z,0,0.0,0.00,78,12.7,0.00,Deactivated,27,28,0,0,8363
2026-08-24T01:25:27Z,0,0.0,0.00,78,12.7,0.00,Deactivated,27,28,0,0,8363
2026-08-24T01:25:29Z,0,0.0,0.00,78,12.7,0.00,Deactivated,27,28,0,0,8363
2026-08-24T01:25:29Z,0,0.0,0.00,78,12.7,0.00,Deactivated,27,28,0,0,8363
2026-08-24T01:25:29Z,0,0.0,0.00,78,12.7,0.00,Deactivated,27,28,0,0,8363
2026-08-24T01:25:29Z,0,0.0,0.00,78,12.7,0.00,Deactivated,27,28,0,0,8363
2026-08-24T01:25:31Z,0,0.0,0.00,78,12.7,0.00,Deactivated,27,28,0,0,8363
2026-08-24T01:25:31Z,0,0.0,0.00,78,12.7,0.00,Deactivated,27,28,0,0,8363
2026-08-24T01:25:34Z,0,0.0,0.00,78,12.7,0.00,Deactivated,27,28,0,0,8363
2026-08-24T01:25:34Z,0,0.0,0.00,78,12.7,0.00,Deactivated,27,28,0,0,8363
2026-08-24T01:25:35Z,0,0.0,0.00,78,12.7,0.00,Deactivated,27,28,0,0,8363
2026-08-24T01:25:35Z,0,0.0,0.00,78,12.7,0.00,Deactivated,27,28,0,0,8363
2026-08-24T01:25:37Z,0,0.0,0.00,78,12.7,0.00,Deactivated,27,28,0,0,8363
2026-08-24T01:25:37Z,0,0.0,0.00,78,12.7,0.00,Deactivated,27,28,0,0,8363
2026-08-24T01:25:39Z,0,0.0,0.00,78,12.7,0.00,Deactivated,27,28,0,0,8363
2026-08-24T01:25:39Z,0,0.0,0.00,78,12.7,0.00,Deactivated,27,28,0,0,8363
2026-08-24T01:25:40Z,0,0.0,0.00,78,12.7,0.00,Deactivated,27,28,0,0,8363
2026-08-24T01:25:40Z,0,0.0,0.00,78,12.7,0.00,Deactivated,27,28,0,0,8363
2026-08-24T01:25:41Z,0,0.0,0.00,78,12.7,0.00,Deactivated,27,28,0,0,8363
2026-08-24T01:25:41Z,0,0.0,0.00,78,12.7,0.00,Deactivated,27,28,0,0,8363
2026-08-24T01:25:44Z,0,0.0,0.00,78,12.7,0.00,Deactivated,27,28,0,0,8363
2026-08-24T01:25:44Z,0,0.0,0.00,78,12.7,0.00,Deactivated,27,28,0,0,8363
2026-08-24T01:25:46Z,0,0.0,0.00,78,12.7,0.00,Deactivated,27,28,0,0,8363
2026-08-24T01:25:46Z,0,0.0,0.00,78,12.7,0.00,Deactivated,27,28,0,0,8363
2026-08-24T01:25:47Z,0,0.0,0.00,78,12.7,0.00,Deactivated,27,28,0,0,8363
2026-08-24T01:25:47Z,0,0.0,0.00,78,12.7,0.00,Deactivated,27,28,0,0,8363
2026-08-24T01:25:48Z,0,0.0,0.00,78,12.7,0.00,Deactivated,27,28,0,0,8363
2026-08-24T01:25:48Z,0,0.0,0.00,78,12.7,0.00,Deactivated,27,28,0,0,8363
2026-08-24T01:25:49Z,0,0.0,0.00,78,12.7,0.00,Deactivated,27,28,0,0,8363
2026-08-24T01:25:49Z,0,0.0,0.00,78,12.7,0.00,Deactivated,27,28,0,0,8363
2026-08-24T01:25:51Z,0,0.0,0.00,78,12.7,0.00,Deactivated,27,28,0,0,8363
2026-08-24T01:25:51Z,0,0.0,0.00,78,12.7,0.00,Deactivated,27,28,0,0,8363
2026-08-24T01:25:53Z,0,0.0,0.00,78,12.7,0.00,Deactivated,27,28,0,0,8363
2026-08-24T01:25:53Z,0,0.0,0.00,78,12.7,0.00,Deactivated,27,28,0,0,8363
2026-08-24T01:25:55Z,0,0.0,0.00,78,12.7,0.00,Deactivated,27,28,0,0,8363
2026-08-24T01:25:55Z,0,0.0,0.00,78,12.7,0.00,Deactivated,27,28,0,0,8363
2026-08-24T01:25:58Z,0,0.0,0.00,78,12.7,0.00,Deactivated,27,28,0,0,8363
2026-08-24T01:25:58Z,0,0.0,0.00,78,12.7,0.00,Deactivated,27,28,0,0,8363
2026-08-24T01:25:58Z,0,0.0,0.00,78,12.7,0.00,Deactivated,27,28,0,0,8363
2026-08-24T01:25:58Z,0,0.0,0.00,78,12.7,0.00,Deactivated,27,28,0,0,8363
2026-08-24T01:26:00Z,0,0.0,0.00,78,12.7,0.00,Deactivated,27,28,0,0,8363
2026-08-24T01:26:00Z,0,0.0,0.00,78,12.7,0.00,Deactivated,27,28,0,0,8363
2026-08-24T01:26:01Z,0,0.0,0.00,78,12.7,0.00,Deactivated,27,28,0,0,8363
2026-08-24T01:26:01Z,0,0.0,0.00,78,12.7,0.00,Deactivated,27,28,0,0,8363
2026-08-24T01:26:04Z,0,0.0,0.00,78,12.7,0.00,Deactivated,27,28,0,0,8363
2026-08-24T01:26:04Z,0,0.0,0.00,78,12.7,0.00,Deactivated,27,28,0,0,8363
2026-08-24T01:26:06Z,0,0.0,0.00,78,12.7,0.00,Deactivated,27,28,0,0,8363
2026-08-24T01:26:06Z,0,0.0,0.00,78,12.7,0.00,Deactivated,27,28,0,0,8363
2026-08-24T01:26:08Z,0,0.0,0.00,78,12.7,0.00,Deactivated,27,28,0,0,8363
2026-08-24T01:26:08Z,0,0.0,0.00,78,12.7,0.00,Deactivated,27,28,0,0,8363
2026-08-24T01:26:08Z,0,0.0,0.00,78,12.7,0.00,Deactivated,27,28,0,0,8363
2026-08-24T01:26:08Z,0,0.0,0.00,78,12.7,0.00,Deactivated,27,28,0,0,8363
2026-08-24T01:26:09Z,0,0.0,0.00,78,12.7,0.00,Deactivated,27,28,0,0,8363
2026-08-24T01:26:09Z,0,0.0,0.00,78,12.7,0.00,Deactivated,27,28,0,0,8363
2026-08-24T01:26:12Z,0,0.0,0.00,79,12.7,0.00,Deactivated,27,28,0,0,8363
2026-08-24T01:26:12Z,0,0.0,0.00,79,12.7,0.00,Deactivated,27,28,0,0,8363
2026-08-24T01:26:13Z,0,0.0,0.00,79,12.7,0.00,Deactivated,27,28,0,0,8363
2026-08-24T01:26:13Z,0,0.0,0.00,79,12.7,0.00,Deactivated,27,28,0,0,8363
2026-08-24T01:26:16Z,0,0.0,0.00,79,12.7,0.00,Deactivated,27,28,0,0,8363
2026-08-24T01:26:16Z,0,0.0,0.00,79,12.7,0.00,Deactivated,27,28,0,0,8363
2026-08-24T01:26:18Z,0,0.0,0.00,79,12.7,0.00,Deactivated,27,28,0,0,8363
2026-08-24T01:26:18Z,0,0.0,0.00,79,12.7,0.00,Deactivated,27,28,0,0,8363
2026-08-24T01:26:18Z,0,0.0,0.00,79,12.7,0.00,Deactivated,27,28,0,0,8363
2026-08-24T01:26:18Z,0,0.0,0.00,79,12.7,0.00,Deactivated,27,28,0,0,8363
2026-08-24T01:26:20Z,0,0.0,0.00,79,12.7,0.00,Deactivated,27,28,0,0,8363
2026-08-24T01:26:20Z,0,0.0,0.00,79,12.7,0.00,Deactivated,27,28,0,0,8363
2026-08-24T01:26:22Z,0,0.0,0.00,78,12.7,0.00,Deactivated,27,28,0,0,8363
2026-08-24T01:26:22Z,0,0.0,0.00,78,12.7,0.00,Deactivated,27,28,0,0,8363
2026-08-24T01:26:23Z,0,0.0,0.00,78,12.7,0.00,Deactivated,27,28,0,0,8363
2026-08-24T01:26:23Z,0,0.0,0.00,78,12.7,0.00,Deactivated,27,28,0,0,8363
2026-08-24T01:26:26Z,0,0.0,0.00,78,12.7,0.00,Deactivated,27,28,0,0,8363
2026-08-24T01:26:26Z,0,0.0,0.00,78,12.7,0.00,Deactivated,27,28,0,0,8363
2026-08-24T01:26:28Z,0,0.0,0.00,78,12.7,0.00,Deactivated,27,28,0,0,8363
2026-08-24T01:26:28Z,0,0.0,0.00,78,12.7,0.00,Deactivated,27,28,0,0,8363
2026-08-24T01:26:28Z,0,0.0,0.00,78,12.7,0.00,Deactivated,27,28,0,0,8363
2026-08-24T01:26:28Z,0,0.0,0.00,78,12.7,0.00,Deactivated,27,28,0,0,8363
2026-08-24T01:26:30Z,0,0.0,0.00,78,12.7,0.00,Deactivated,27,28,0,0,8363
2026-08-24T01:26:30Z,0,0.0,0.00,78,12.7,0.00,Deactivated,27,28,0,0,8363
2026-08-24T01:26:32Z,0,0.0,0.00,78,12.7,0.00,Deactivated,27,28,0,0,8363
2026-08-24T01:26:32Z,0,0.0,0.00,78,12.7,0.00,Deactivated,27,28,0,0,8363
2026-08-24T01:26:34Z,0,0.0,0.00,78,12.7,0.00,Deactivated,27,28,0,0,8363
2026-08-24T01:26:34Z,0,0.0,0.00,78,12.7,0.00,Deactivated,27,28,0,0,8363
2026-08-24T01:26:36Z,0,0.0,0.00,78,12.7,0.00,Deactivated,27,28,0,0,8363
2026-08-24T01:26:36Z,0,0.0,0.00,78,12.7,0.00,Deactivated,27,28,0,0,8363
2026-08-24T01:26:37Z,0,0.0,0.00,78,12.7,0.00,Deactivated,27,28,0,0,8363
2026-08-24T01:26:37Z,0,0.0,0.00,78,12.7,0.00,Deactivated,27,28,0,0,8363
2026-08-24T01:26:38Z,0,0.0,0.00,78,12.7,0.00,Deactivated,27,28,0,0,8363
2026-08-24T01:26:38Z,0,0.0,0.00,78,12.7,0.00,Deactivated,27,28,0,0,8363
2026-08-24T01:26:39Z,0,0.0,0.00,78,12.7,0.00,Deactivated,27,28,0,0,8363
2026-08-24T01:26:39Z,0,0.0,0.00,78,12.7,0.00,Deactivated,27,28,0,0,8363
2026-08-24T01:26:40Z,0,0.0,0.00,78,12.7,0.00,Deactivated,27,28,0,0,8363
2026-08-24T01:26:40Z,0,0.0,0.00,78,12.7,0.00,Deactivated,27,28,0,0,8363
2026-08-24T01:26:42Z,0,0.0,0.00,78,12.7,0.00,Deactivated,27,28,0,0,8363
2026-08-24T01:26:42Z,0,0.0,0.00,78,12.7,0.00,Deactivated,27,28,0,0,8363
2026-08-24T01:26:44Z,0,0.0,0.00,78,12.7,0.00,Deactivated,27,28,0,0,8363
2026-08-24T01:26:44Z,0,0.0,0.00,78,12.7,0.00,Deactivated,27,28,0,0,8363
2026-08-24T01:26:46Z,0,0.0,0.00,78,12.7,0.00,Deactivated,27,28,0,0,8363
2026-08-24T01:26:46Z,0,0.0,0.00,78,12.7,0.00,Deactivated,27,28,0,0,8363
2026-08-24T01:26:48Z,0,0.0,0.00,78,12.7,0.00,Deactivated,27,28,0,0,8363
2026-08-24T01:26:48Z,0,0.0,0.00,78,12.7,0.00,Deactivated,27,28,0,0,8363
2026-08-24T01:26:50Z,0,0.0,0.00,78,12.7,0.00,Deactivated,27,28,0,0,8363
2026-08-24T01:26:50Z,0,0.0,0.00,78,12.7,0.00,Deactivated,27,28,0,0,8363
2026-08-24T01:26:50Z,0,0.0,0.00,78,12.7,0.00,Deactivated,27,28,0,0,8363
2026-08-24T01:26:50Z,0,0.0,0.00,78,12.7,0.00,Deactivated,27,28,0,0,8363
2026-08-24T01:26:52Z,0,0.0,0.00,78,12.7,0.00,Deactivated,27,28,0,0,8363
2026-08-24T01:26:52Z,0,0.0,0.00,78,12.7,0.00,Deactivated,27,28,0,0,8363
2026-08-24T01:26:52Z,0,0.0,0.00,78,12.7,0.00,Deactivated,27,28,0,0,8363
2026-08-24T01:26:52Z,0,0.0,0.00,78,12.7,0.00,Deactivated,27,28,0,0,8363
2026-08-24T01:26:54Z,0,0.0,0.00,78,12.7,0.00,Deactivated,27,28,0,0,8363
2026-08-24T01:26:54Z,0,0.0,0.00,78,12.7,0.00,Deactivated,27,28,0,0,8363
2026-08-24T01:26:56Z,0,0.0,0.00,78,12.7,0.00,Deactivated,27,28,0,0,8363
2026-08-24T01:26:56Z,0,0.0,0.00,78,12.7,0.00,Deactivated,27,28,0,0,8363
2026-08-24T01:26:56Z,0,0.0,0.00,78,12.7,0.00,Deactivated,27,28,0,0,8363
2026-08-24T01:26:56Z,0,0.0,0.00,78,12.7,0.00,Deactivated,27,28,0,0,8363
2026-08-24T01:26:58Z,0,0.0,0.00,78,12.7,0.00,Deactivated,27,28,0,0,8363
2026-08-24T01:26:58Z,0,0.0,0.00,78,12.7,0.00,Deactivated,27,28,0,0,8363
2026-08-24T01:27:00Z,0,0.0,0.00,78,12.7,0.00,Deactivated,27,28,0,0,8363
2026-08-24T01:27:00Z,0,0.0,0.00,78,12.7,0.00,Deactivated,27,28,0,0,8363
2026-08-24T01:27:01Z,0,0.0,0.00,79,12.7,0.00,Deactivated,27,28,0,0,8363
2026-08-24T01:27:01Z,0,0.0,0.00,79,12.7,0.00,Deactivated,27,28,0,0,8363
2026-08-24T01:27:02Z,0,0.0,0.00,79,12.7,0.00,Deactivated,27,28,0,0,8363
2026-08-24T01:27:02Z,0,0.0,0.00,79,12.7,0.00,Deactivated,27,28,0,0,8363
2026-08-24T01:27:04Z,0,0.0,0.00,79,12.7,0.00,Deactivated,27,28,0,0,8363
2026-08-24T01:27:04Z,0,0.0,0.00,79,12.7,0.00,Deactivated,27,28,0,0,8363
2026-08-24T01:27:06Z,0,0.0,0.00,79,12.7,0.00,Deactivated,27,28,0,0,8363
2026-08-24T01:27:06Z,0,0.0,0.00,79,12.7,0.00,Deactivated,27,28,0,0,8363
2026-08-24T01:27:07Z,0,0.0,0.00,79,12.7,0.00,Deactivated,27,28,0,0,8363
2026-08-24T01:27:07Z,0,0.0,0.00,79,12.7,0.00,Deactivated,27,28,0,0,8363
2026-08-24T01:27:08Z,0,0.0,0.00,79,12.7,0.00,Deactivated,27,28,0,0,8363
2026-08-24T01:27:08Z,0,0.0,0.00,79,12.7,0.00,Deactivated,27,28,0,0,8363
2026-08-24T01:27:10Z,0,0.0,0.00,79,12.7,0.00,Deactivated,27,28,0,0,8363
2026-08-24T01:27:10Z,0,0.0,0.00,79,12.7,0.00,Deactivated,27,28,0,0,8363
2026-08-24T01:27:10Z,0,0.0,0.00,79,12.7,0.00,Deactivated,27,28,0,0,8363
2026-08-24T01:27:10Z,0,0.0,0.00,79,12.7,0.00,Deactivated,27,28,0,0,8363
2026-08-24T01:27:12Z,0,0.0,0.00,78,12.7,0.00,Deactivated,27,28,0,0,8363
2026-08-24T01:27:12Z,0,0.0,0.00,78,12.7,0.00,Deactivated,27,28,0,0,8363
2026-08-24T01:27:14Z,0,0.0,0.00,78,12.7,0.00,Deactivated,27,28,0,0,8363
2026-08-24T01:27:14Z,0,0.0,0.00,78,12.7,0.00,Deactivated,27,28,0,0,8363
2026-08-24T01:27:14Z,0,0.0,0.00,78,12.7,0.00,Deactivated,27,28,0,0,8363
2026-08-24T01:27:14Z,0,0.0,0.00,78,12.7,0.00,Deactivated,27,28,0,0,8363
2026-08-24T01:27:15Z,0,0.0,0.00,78,12.7,0.00,Deactivated,27,28,0,0,8363
2026-08-24T01:27:15Z,0,0.0,0.00,78,12.7,0.00,Deactivated,27,28,0,0,8363
2026-08-24T01:27:16Z,0,0.0,0.00,78,12.7,0.00,Deactivated,27,28,0,0,8363
2026-08-24T01:27:16Z,0,0.0,0.00,78,12.7,0.00,Deactivated,27,28,0,0,8363
2026-08-24T01:27:18Z,0,0.0,0.00,78,12.7,0.00,Deactivated,27,28,0,0,8363
2026-08-24T01:27:18Z,0,0.0,0.00,78,12.7,0.00,Deactivated,27,28,0,0,8363
2026-08-24T01:27:19Z,0,0.0,0.00,78,12.7,0.00,Deactivated,27,28,0,0,8363
2026-08-24T01:27:19Z,0,0.0,0.00,78,12.7,0.00,Deactivated,27,28,0,0,8363
2026-08-24T01:27:20Z,0,0.0,0.00,78,12.7,0.00,Deactivated,27,28,0,0,8363
2026-08-24T01:27:20Z,0,0.0,0.00,78,12.7,0.00,Deactivated,27,28,0,0,8363
2026-08-24T01:27:21Z,0,0.0,0.00,78,12.7,0.00,Deactivated,27,28,0,0,8363
2026-08-24T01:27:21Z,0,0.0,0.00,78,12.7,0.00,Deactivated,27,28,0,0,8363
2026-08-24T01:27:22Z,0,0.0,0.00,79,12.7,0.00,Deactivated,27,28,0,0,8363
2026-08-24T01:27:22Z,0,0.0,0.00,79,12.7,0.00,Deactivated,27,28,0,0,8363
2026-08-24T01:27:22Z,0,0.0,0.00,79,12.7,0.00,Deactivated,27,28,0,0,8363
2026-08-24T01:27:22Z,0,0.0,0.00,79,12.7,0.00,Deactivated,27,28,0,0,8363
2026-08-24T01:27:24Z,0,0.0,0.00,79,12.7,0.00,Deactivated,27,28,0,0,8363
2026-08-24T01:27:24Z,0,0.0,0.00,79,12.7,0.00,Deactivated,27,28,0,0,8363
2026-08-24T01:27:24Z,0,0.0,0.00,79,12.7,0.00,Deactivated,27,28,0,0,8363
2026-08-24T01:27:24Z,0,0.0,0.00,79,12.7,0.00,Deactivated,27,28,0,0,8363
2026-08-24T01:27:26Z,0,0.0,0.00,79,12.7,0.00,Deactivated,27,28,0,0,8363
2026-08-24T01:27:26Z,0,0.0,0.00,79,12.7,0.00,Deactivated,27,28,0,0,8363
2026-08-24T01:27:27Z,0,0.0,0.00,78,12.7,0.00,Deactivated,27,28,0,0,8363
2026-08-24T01:27:27Z,0,0.0,0.00,78,12.7,0.00,Deactivated,27,28,0,0,8363
2026-08-24T01:27:28Z,0,0.0,0.00,78,12.7,0.00,Deactivated,27,28,0,0,8363
2026-08-24T01:27:28Z,0,0.0,0.00,78,12.7,0.00,Deactivated,27,28,0,0,8363
2026-08-24T01:27:28Z,0,0.0,0.00,78,12.7,0.00,Deactivated,27,28,0,0,8363
2026-08-24T01:27:28Z,0,0.0,0.00,78,12.7,0.00,Deactivated,27,28,0,0,8363
2026-08-24T01:27:29Z,0,0.0,0.00,78,12.7,0.00,Deactivated,27,28,0,0,8363
2026-08-24T01:27:29Z,0,0.0,0.00,78,12.7,0.00,Deactivated,27,28,0,0,8363
2026-08-24T01:27:31Z,0,0.0,0.00,78,12.7,0.00,Deactivated,27,28,0,0,8363
2026-08-24T01:27:31Z,0,0.0,0.00,78,12.7,0.00,Deactivated,27,28,0,0,8363
2026-08-24T01:27:32Z,0,0.0,0.00,78,12.7,0.00,Deactivated,27,28,0,0,8363
2026-08-24T01:27:32Z,0,0.0,0.00,78,12.7,0.00,Deactivated,27,28,0,0,8363
2026-08-24T01:27:33Z,0,0.0,0.00,78,12.7,0.00,Deactivated,27,28,0,0,8363
2026-08-24T01:27:33Z,0,0.0,0.00,78,12.7,0.00,Deactivated,27,28,0,0,8363
2026-08-24T01:27:34Z,0,0.0,0.00,78,12.7,0.00,Deactivated,27,28,0,0,8363
2026-08-24T01:27:34Z,0,0.0,0.00,78,12.7,0.00,Deactivated,27,28,0,0,8363
2026-08-24T01:27:35Z,0,0.0,0.00,78,12.7,0.00,Deactivated,27,28,0,0,8363
2026-08-24T01:27:35Z,0,0.0,0.00,78,12.7,0.00,Deactivated,27,28,0,0,8363
2026-08-24T01:27:36Z,0,0.0,0.00,78,12.7,0.00,Deactivated,27,28,0,0,8363
2026-08-24T01:27:36Z,0,0.0,0.00,78,12.7,0.00,Deactivated,27,28,0,0,8363
2026-08-24T01:27:37Z,0,0.0,0.00,78,12.7,0.00,Deactivated,27,28,0,0,8363
2026-08-24T01:27:37Z,0,0.0,0.00,78,12.7,0.00,Deactivated,27,28,0,0,8363
2026-08-24T01:27:38Z,0,0.0,0.00,78,12.7,0.00,Deactivated,27,28,0,0,8363
2026-08-24T01:27:38Z,0,0.0,0.00,78,12.7,0.00,Deactivated,27,28,0,0,8363
2026-08-24T01:27:38Z,0,0.0,0.00,78,12.7,0.00,Deactivated,27,28,0,0,8363
2026-08-24T01:27:38Z,0,0.0,0.00,78,12.7,0.00,Deactivated,27,28,0,0,8363
2026-08-24T01:27:40Z,0,0.0,0.00,78,12.7,0.00,Deactivated,27,28,0,0,8363
2026-08-24T01:27:40Z,0,0.0,0.00,78,12.7,0.00,Deactivated,27,28,0,0,8363
2026-08-24T01:27:41Z,0,0.0,0.00,78,12.7,0.00,Deactivated,27,28,0,0,8363
2026-08-24T01:27:41Z,0,0.0,0.00,78,12.7,0.00,Deactivated,27,28,0,0,8363
2026-08-24T01:27:41Z,0,0.0,0.00,78,12.7,0.00,Deactivated,27,28,0,0,8363
2026-08-24T01:27:41Z,0,0.0,0.00,78,12.7,0.00,Deactivated,27,28,0,0,8363
2026-08-24T01:27:43Z,0,0.0,0.00,78,12.7,0.00,Deactivated,27,28,0,0,8363
2026-08-24T01:27:43Z,0,0.0,0.00,78,12.7,0.00,Deactivated,27,28,0,0,8363
2026-08-24T01:27:44Z,0,0.0,0.00,78,12.7,0.00,Deactivated,27,28,0,0,8363
2026-08-24T01:27:44Z,0,0.0,0.00,78,12.7,0.00,Deactivated,27,28,0,0,8363
2026-08-24T01:27:44Z,0,0.0,0.00,78,12.7,0.00,Deactivated,27,28,0,0,8363
2026-08-24T01:27:44Z,0,0.0,0.00,78,12.7,0.00,Deactivated,27,28,0,0,8363
2026-08-24T01:27:46Z,0,0.0,0.00,78,12.7,0.00,Deactivated,27,28,0,0,8363
2026-08-24T01:27:46Z,0,0.0,0.00,78,12.7,0.00,Deactivated,27,28,0,0,8363
2026-08-24T01:27:47Z,0,0.0,0.00,78,12.7,0.00,Deactivated,27,28,0,0,8363
2026-08-24T01:27:47Z,0,0.0,0.00,78,12.7,0.00,Deactivated,27,28,0,0,8363
2026-08-24T01:27:48Z,0,0.0,0.00,78,12.7,0.00,Deactivated,27,28,0,0,8363
2026-08-24T01:27:48Z,0,0.0,0.00,78,12.7,0.00,Deactivated,27,28,0,0,8363
2026-08-24T01:27:49Z,0,0.0,0.00,78,12.7,0.00,Deactivated,27,28,0,0,8363
2026-08-24T01:27:49Z,0,0.0,0.00,78,12.7,0.00,Deactivated,27,28,0,0,8363
2026-08-24T01:27:50Z,0,0.0,0.00,78,12.7,0.00,Deactivated,27,28,0,0,8363
2026-08-24T01:27:50Z,0,0.0,0.00,78,12.7,0.00,Deactivated,27,28,0,0,8363
2026-08-24T01:27:50Z,0,0.0,0.00,78,12.7,0.00,Deactivated,27,28,0,0,8363
2026-08-24T01:27:50Z,0,0.0,0.00,78,12.7,0.00,Deactivated,27,28,0,0,8363
2026-08-24T01:27:52Z,0,0.0,0.00,78,12.7,0.00,Deactivated,27,28,0,0,8363
2026-08-24T01:27:52Z,0,0.0,0.00,78,12.7,0.00,Deactivated,27,28,0,0,8363
2026-08-24T01:27:53Z,0,0.0,0.00,78,12.7,0.00,Deactivated,27,28,0,0,8363
2026-08-24T01:27:53Z,0,0.0,0.00,78,12.7,0.00,Deactivated,27,28,0,0,8363
2026-08-24T01:27:54Z,0,0.0,0.00,78,12.7,0.00,Deactivated,27,28,0,0,8363
2026-08-24T01:27:54Z,0,0.0,0.00,78,12.7,0.00,Deactivated,27,28,0,0,8363
2026-08-24T01:27:55Z,0,0.0,0.00,78,12.7,0.00,Deactivated,27,28,0,0,8363
2026-08-24T01:27:55Z,0,0.0,0.00,78,12.7,0.00,Deactivated,27,28,0,0,8363
2026-08-24T01:27:55Z,0,0.0,0.00,78,12.7,0.00,Deactivated,27,28,0,0,8363
2026-08-24T01:27:55Z,0,0.0,0.00,78,12.7,0.00,Deactivated,27,28,0,0,8363
2026-08-24T01:27:57Z,0,0.0,0.00,78,12.7,0.00,Deactivated,27,28,0,0,8363
2026-08-24T01:27:57Z,0,0.0,0.00,78,12.7,0.00,Deactivated,27,28,0,0,8363
2026-08-24T01:27:58Z,0,0.0,0.00,78,12.7,0.00,Deactivated,27,29,0,0,8363
2026-08-24T01:27:58Z,0,0.0,0.00,78,12.7,0.00,Deactivated,27,29,0,0,8363
2026-08-24T01:27:59Z,0,0.0,0.00,78,12.7,0.00,Deactivated,27,28,0,0,8363
2026-08-24T01:27:59Z,0,0.0,0.00,78,12.7,0.00,Deactivated,27,28,0,0,8363
2026-08-24T01:27:59Z,0,0.0,0.00,78,12.7,0.00,Deactivated,27,28,0,0,8363
2026-08-24T01:27:59Z,0,0.0,0.00,78,12.7,0.00,Deactivated,27,28,0,0,8363
2026-08-24T01:28:01Z,0,0.0,0.00,78,12.7,0.00,Deactivated,27,28,0,0,8363
2026-08-24T01:28:01Z,0,0.0,0.00,78,12.7,0.00,Deactivated,27,28,0,0,8363
2026-08-24T01:28:01Z,0,0.0,0.00,78,12.7,0.00,Deactivated,27,28,0,0,8363
2026-08-24T01:28:01Z,0,0.0,0.00,78,12.7,0.00,Deactivated,27,28,0,0,8363
2026-08-24T01:28:03Z,0,0.0,0.00,78,12.7,0.00,Deactivated,27,28,0,0,8363
2026-08-24T01:28:03Z,0,0.0,0.00,78,12.7,0.00,Deactivated,27,28,0,0,8363
2026-08-24T01:28:04Z,0,0.0,0.00,78,12.7,0.00,Deactivated,27,28,0,0,8363
2026-08-24T01:28:04Z,0,0.0,0.00,78,12.7,0.00,Deactivated,27,28,0,0,8363
2026-08-24T01:28:04Z,0,0.0,0.00,78,12.7,0.00,Deactivated,27,28,0,0,8363
2026-08-24T01:28:04Z,0,0.0,0.00,78,12.7,0.00,Deactivated,27,28,0,0,8363
2026-08-24T01:28:06Z,0,0.0,0.00,78,12.7,0.00,Deactivated,27,28,0,0,8363
2026-08-24T01:28:06Z,0,0.0,0.00,78,12.7,0.00,Deactivated,27,28,0,0,8363
2026-08-24T01:28:06Z,0,0.0,0.00,78,12.7,0.00,Deactivated,27,28,0,0,8363
2026-08-24T01:28:06Z,0,0.0,0.00,78,12.7,0.00,Deactivated,27,28,0,0,8363
2026-08-24T01:28:08Z,0,0.0,0.00,78,12.7,0.00,Deactivated,27,28,0,0,8363
2026-08-24T01:28:08Z,0,0.0,0.00,78,12.7,0.00,Deactivated,27,28,0,0,8363
2026-08-24T01:28:08Z,0,0.0,0.00,78,12.7,0.00,Deactivated,27,28,0,0,8363
2026-08-24T01:28:08Z,0,0.0,0.00,78,12.7,0.00,Deactivated,27,28,0,0,8363
2026-08-24T01:28:09Z,0,0.0,0.00,78,12.7,0.00,Deactivated,27,28,0,0,8363
2026-08-24T01:28:09Z,0,0.0,0.00,78,12.7,0.00,Deactivated,27,28,0,0,8363
2026-08-24T01:28:11Z,0,0.0,0.00,78,12.7,0.00,Deactivated,27,28,0,0,8363
2026-08-24T01:28:11Z,0,0.0,0.00,78,12.7,0.00,Deactivated,27,28,0,0,8363
2026-08-24T01:28:12Z,0,0.0,0.00,78,12.7,0.00,Deactivated,27,28,0,0,8363
2026-08-24T01:28:12Z,0,0.0,0.00,78,12.7,0.00,Deactivated,27,28,0,0,8363
2026-08-24T01:28:13Z,0,0.0,0.00,78,12.7,0.00,Deactivated,27,28,0,0,8363
2026-08-24T01:28:13Z,0,0.0,0.00,78,12.7,0.00,Deactivated,27,28,0,0,8363
2026-08-24T01:28:14Z,0,0.0,0.00,78,12.7,0.00,Deactivated,27,28,0,0,8363
2026-08-24T01:28:14Z,0,0.0,0.00,78,12.7,0.00,Deactivated,27,28,0,0,8363
2026-08-24T01:28:14Z,0,0.0,0.00,78,12.7,0.00,Deactivated,27,28,0,0,8363
2026-08-24T01:28:14Z,0,0.0,0.00,78,12.7,0.00,Deactivated,27,28,0,0,8363
2026-08-24T01:28:16Z,0,0.0,0.00,78,12.7,0.00,Deactivated,27,28,0,0,8363
2026-08-24T01:28:16Z,0,0.0,0.00,78,12.7,0.00,Deactivated,27,28,0,0,8363
2026-08-24T01:28:17Z,0,0.0,0.00,79,12.7,0.00,Deactivated,27,28,0,0,8363
2026-08-24T01:28:17Z,0,0.0,0.00,79,12.7,0.00,Deactivated,27,28,0,0,8363
2026-08-24T01:28:18Z,0,0.0,0.00,79,12.7,0.00,Deactivated,27,28,0,0,8363
2026-08-24T01:28:18Z,0,0.0,0.00,79,12.7,0.00,Deactivated,27,28,0,0,8363
2026-08-24T01:28:18Z,0,0.0,0.00,79,12.7,0.00,Deactivated,27,28,0,0,8363
2026-08-24T01:28:18Z,0,0.0,0.00,79,12.7,0.00,Deactivated,27,28,0,0,8363
2026-08-24T01:28:19Z,0,0.0,0.00,79,12.7,0.00,Deactivated,27,28,0,0,8363
2026-08-24T01:28:19Z,0,0.0,0.00,79,12.7,0.00,Deactivated,27,28,0,0,8363
2026-08-24T01:28:21Z,0,0.0,0.00,79,12.7,0.00,Deactivated,27,28,0,0,8363
2026-08-24T01:28:21Z,0,0.0,0.00,79,12.7,0.00,Deactivated,27,28,0,0,8363
2026-08-24T01:28:22Z,0,0.0,0.00,78,12.7,0.00,Deactivated,27,28,0,0,8363
2026-08-24T01:28:22Z,0,0.0,0.00,78,12.7,0.00,Deactivated,27,28,0,0,8363
2026-08-24T01:28:22Z,0,0.0,0.00,78,12.7,0.00,Deactivated,27,28,0,0,8363
2026-08-24T01:28:22Z,0,0.0,0.00,78,12.7,0.00,Deactivated,27,28,0,0,8363
2026-08-24T01:28:24Z,0,0.0,0.00,78,12.7,0.00,Deactivated,27,28,0,0,8363
2026-08-24T01:28:24Z,0,0.0,0.00,78,12.7,0.00,Deactivated,27,28,0,0,8363
2026-08-24T01:28:24Z,0,0.0,0.00,78,12.7,0.00,Deactivated,27,28,0,0,8363
2026-08-24T01:28:24Z,0,0.0,0.00,78,12.7,0.00,Deactivated,27,28,0,0,8363
2026-08-24T01:28:26Z,0,0.0,0.00,78,12.7,0.00,Deactivated,27,28,0,0,8363
2026-08-24T01:28:26Z,0,0.0,0.00,78,12.7,0.00,Deactivated,27,28,0,0,8363
2026-08-24T01:28:27Z,0,0.0,0.00,79,12.7,0.00,Deactivated,27,28,0,0,8363
2026-08-24T01:28:27Z,0,0.0,0.00,79,12.7,0.00,Deactivated,27,28,0,0,8363
2026-08-24T01:28:28Z,0,0.0,0.00,79,12.7,0.00,Deactivated,27,28,0,0,8363
2026-08-24T01:28:28Z,0,0.0,0.00,79,12.7,0.00,Deactivated,27,28,0,0,8363
2026-08-24T01:28:29Z,0,0.0,0.00,79,12.7,0.00,Deactivated,27,28,0,0,8363
2026-08-24T01:28:29Z,0,0.0,0.00,79,12.7,0.00,Deactivated,27,28,0,0,8363
2026-08-24T01:28:30Z,0,0.0,0.00,79,12.7,0.00,Deactivated,27,28,0,0,8363
2026-08-24T01:28:30Z,0,0.0,0.00,79,12.7,0.00,Deactivated,27,28,0,0,8363
2026-08-24T01:28:31Z,0,0.0,0.00,79,12.7,0.00,Deactivated,27,28,0,0,8363
2026-08-24T01:28:31Z,0,0.0,0.00,79,12.7,0.00,Deactivated,27,28,0,0,8363
2026-08-24T01:28:32Z,0,0.0,0.00,79,12.7,0.00,Deactivated,27,28,0,0,8363
2026-08-24T01:28:32Z,0,0.0,0.00,79,12.7,0.00,Deactivated,27,28,0,0,8363
2026-08-24T01:28:32Z,0,0.0,0.00,79,12.7,0.00,Deactivated,27,28,0,0,8363
2026-08-24T01:28:32Z,0,0.0,0.00,79,12.7,0.00,Deactivated,27,28,0,0,8363
2026-08-24T01:28:34Z,0,0.0,0.00,79,12.7,0.00,Deactivated,27,28,0,0,8363
2026-08-24T01:28:34Z,0,0.0,0.00,79,12.7,0.00,Deactivated,27,28,0,0,8363
2026-08-24T01:28:34Z,0,0.0,0.00,79,12.7,0.00,Deactivated,27,28,0,0,8363
2026-08-24T01:28:34Z,0,0.0,0.00,79,12.7,0.00,Deactivated,27,28,0,0,8363
2026-08-24T01:28:36Z,0,0.0,0.00,79,12.7,0.00,Deactivated,27,28,0,0,8363
2026-08-24T01:28:36Z,0,0.0,0.00,79,12.7,0.00,Deactivated,27,28,0,0,8363
2026-08-24T01:28:37Z,0,0.0,0.00,78,12.7,0.00,Deactivated,27,28,0,0,8363
2026-08-24T01:28:37Z,0,0.0,0.00,78,12.7,0.00,Deactivated,27,28,0,0,8363
2026-08-24T01:28:38Z,0,0.0,0.00,78,12.7,0.00,Deactivated,27,28,0,0,8363
2026-08-24T01:28:38Z,0,0.0,0.00,78,12.7,0.00,Deactivated,27,28,0,0,8363
2026-08-24T01:28:39Z,0,0.0,0.00,78,12.7,0.00,Deactivated,27,28,0,0,8363
2026-08-24T01:28:39Z,0,0.0,0.00,78,12.7,0.00,Deactivated,27,28,0,0,8363
2026-08-24T01:28:39Z,0,0.0,0.00,78,12.7,0.00,Deactivated,27,28,0,0,8363
2026-08-24T01:28:39Z,0,0.0,0.00,78,12.7,0.00,Deactivated,27,28,0,0,8363
2026-08-24T01:28:41Z,0,0.0,0.00,78,12.7,0.00,Deactivated,27,28,0,0,8363
2026-08-24T01:28:41Z,0,0.0,0.00,78,12.7,0.00,Deactivated,27,28,0,0,8363
2026-08-24T01:28:42Z,0,0.0,0.00,78,12.7,0.00,Deactivated,27,29,0,0,8363
2026-08-24T01:28:42Z,0,0.0,0.00,78,12.7,0.00,Deactivated,27,29,0,0,8363
2026-08-24T01:28:42Z,0,0.0,0.00,78,12.7,0.00,Deactivated,27,28,0,0,8363
2026-08-24T01:28:42Z,0,0.0,0.00,78,12.7,0.00,Deactivated,27,28,0,0,8363
2026-08-24T01:28:48Z,0,0.0,0.00,78,12.7,0.00,Deactivated,27,28,0,0,8363
2026-08-24T01:28:48Z,0,0.0,0.00,78,12.7,0.00,Deactivated,27,28,0,0,8363
2026-08-24T01:28:49Z,0,0.0,0.00,78,12.7,0.00,Deactivated,27,28,0,0,8363
2026-08-24T01:28:49Z,0,0.0,0.00,78,12.7,0.00,Deactivated,27,28,0,0,8363
2026-08-24T01:28:49Z,0,0.0,0.00,78,12.7,0.00,Deactivated,27,28,0,0,8363
2026-08-24T01:28:49Z,0,0.0,0.00,78,12.7,0.00,Deactivated,27,28,0,0,8363
2026-08-24T01:28:51Z,0,0.0,0.00,78,12.7,0.00,Deactivated,27,28,0,0,8363
2026-08-24T01:28:51Z,0,0.0,0.00,78,12.7,0.00,Deactivated,27,28,0,0,8363
2026-08-24T01:28:52Z,0,0.0,0.00,78,12.7,0.00,Deactivated,27,28,0,0,8363
2026-08-24T01:28:52Z,0,0.0,0.00,78,12.7,0.00,Deactivated,27,28,0,0,8363
2026-08-24T01:28:52Z,0,0.0,0.00,78,12.7,0.00,Deactivated,27,28,0,0,8363
2026-08-24T01:28:52Z,0,0.0,0.00,78,12.7,0.00,Deactivated,27,28,0,0,8363
2026-08-24T01:28:54Z,0,0.0,0.00,78,12.7,0.00,Deactivated,27,28,0,0,8363
2026-08-24T01:28:54Z,0,0.0,0.00,78,12.7,0.00,Deactivated,27,28,0,0,8363
2026-08-24T01:28:54Z,0,0.0,0.00,78,12.7,0.00,Deactivated,27,28,0,0,8363
2026-08-24T01:28:54Z,0,0.0,0.00,78,12.7,0.00,Deactivated,27,28,0,0,8363
2026-08-24T01:28:55Z,0,0.0,0.00,78,12.7,0.00,Deactivated,27,28,0,0,8363
2026-08-24T01:28:55Z,0,0.0,0.00,78,12.7,0.00,Deactivated,27,28,0,0,8363
2026-08-24T01:28:57Z,0,0.0,0.00,78,12.7,0.00,Deactivated,27,28,0,0,8363
2026-08-24T01:28:57Z,0,0.0,0.00,78,12.7,0.00,Deactivated,27,28,0,0,8363
2026-08-24T01:28:57Z,0,0.0,0.00,78,12.7,0.00,Deactivated,27,28,0,0,8363
2026-08-24T01:28:57Z,0,0.0,0.00,78,12.7,0.00,Deactivated,27,28,0,0,8363
2026-08-24T01:28:59Z,0,0.0,0.00,78,12.7,0.00,Deactivated,27,28,0,0,8363
2026-08-24T01:28:59Z,0,0.0,0.00,78,12.7,0.00,Deactivated,27,28,0,0,8363
2026-08-24T01:28:59Z,0,0.0,0.00,78,12.7,0.00,Deactivated,27,28,0,0,8363
2026-08-24T01:28:59Z,0,0.0,0.00,78,12.7,0.00,Deactivated,27,28,0,0,8363
2026-08-24T01:29:01Z,0,0.0,0.00,78,12.7,0.00,Deactivated,27,28,0,0,8363
2026-08-24T01:29:01Z,0,0.0,0.00,78,12.7,0.00,Deactivated,27,28,0,0,8363
2026-08-24T01:29:02Z,0,0.0,0.00,79,12.7,0.00,Deactivated,27,28,0,0,8363
2026-08-24T01:29:02Z,0,0.0,0.00,79,12.7,0.00,Deactivated,27,28,0,0,8363
2026-08-24T01:29:03Z,0,0.0,0.00,79,12.7,0.00,Deactivated,27,28,0,0,8363
2026-08-24T01:29:03Z,0,0.0,0.00,79,12.7,0.00,Deactivated,27,28,0,0,8363
2026-08-24T01:29:04Z,0,0.0,0.00,79,12.7,0.00,Deactivated,27,28,0,0,8363
2026-08-24T01:29:04Z,0,0.0,0.00,79,12.7,0.00,Deactivated,27,28,0,0,8363
2026-08-24T01:29:04Z,0,0.0,0.00,79,12.7,0.00,Deactivated,27,28,0,0,8363
2026-08-24T01:29:04Z,0,0.0,0.00,79,12.7,0.00,Deactivated,27,28,0,0,8363
2026-08-24T01:29:06Z,0,0.0,0.00,79,12.7,0.00,Deactivated,27,28,0,0,8363
2026-08-24T01:29:06Z,0,0.0,0.00,79,12.7,0.00,Deactivated,27,28,0,0,8363
2026-08-24T01:29:07Z,0,0.0,0.00,78,12.7,0.00,Deactivated,27,28,0,0,8363
2026-08-24T01:29:07Z,0,0.0,0.00,78,12.7,0.00,Deactivated,27,28,0,0,8363
2026-08-24T01:29:08Z,0,0.0,0.00,78,12.7,0.00,Deactivated,27,28,0,0,8363
2026-08-24T01:29:08Z,0,0.0,0.00,78,12.7,0.00,Deactivated,27,28,0,0,8363
2026-08-24T01:29:09Z,0,0.0,0.00,78,12.7,0.00,Deactivated,27,28,0,0,8363
2026-08-24T01:29:09Z,0,0.0,0.00,78,12.7,0.00,Deactivated,27,28,0,0,8363
2026-08-24T01:29:09Z,0,0.0,0.00,78,12.7,0.00,Deactivated,27,28,0,0,8363
2026-08-24T01:29:09Z,0,0.0,0.00,78,12.7,0.00,Deactivated,27,28,0,0,8363
2026-08-24T01:29:10Z,0,0.0,0.00,78,12.7,0.00,Deactivated,27,28,0,0,8363
2026-08-24T01:29:10Z,0,0.0,0.00,78,12.7,0.00,Deactivated,27,28,0,0,8363
2026-08-24T01:29:12Z,0,0.0,0.00,79,12.7,0.00,Deactivated,27,28,0,0,8363
2026-08-24T01:29:12Z,0,0.0,0.00,79,12.7,0.00,Deactivated,27,28,0,0,8363
2026-08-24T01:29:13Z,0,0.0,0.00,79,12.7,0.00,Deactivated,27,28,0,0,8363
2026-08-24T01:29:13Z,0,0.0,0.00,79,12.7,0.00,Deactivated,27,28,0,0,8363
2026-08-24T01:29:14Z,0,0.0,0.00,79,12.7,0.00,Deactivated,27,28,0,0,8363
2026-08-24T01:29:14Z,0,0.0,0.00,79,12.7,0.00,Deactivated,27,28,0,0,8363
2026-08-24T01:29:14Z,0,0.0,0.00,79,12.7,0.00,Deactivated,27,28,0,0,8363
2026-08-24T01:29:14Z,0,0.0,0.00,79,12.7,0.00,Deactivated,27,28,0,0,8363
2026-08-24T01:29:16Z,0,0.0,0.00,79,12.7,0.00,Deactivated,27,28,0,0,8363
2026-08-24T01:29:16Z,0,0.0,0.00,79,12.7,0.00,Deactivated,27,28,0,0,8363
2026-08-24T01:29:17Z,0,0.0,0.00,78,12.7,0.00,Deactivated,27,28,0,0,8363
2026-08-24T01:29:17Z,0,0.0,0.00,78,12.7,0.00,Deactivated,27,28,0,0,8363
2026-08-24T01:29:18Z,0,0.0,0.00,78,12.7,0.00,Deactivated,27,28,0,0,8363
2026-08-24T01:29:18Z,0,0.0,0.00,78,12.7,0.00,Deactivated,27,28,0,0,8363
2026-08-24T01:29:19Z,0,0.0,0.00,78,12.7,0.00,Deactivated,27,28,0,0,8363
2026-08-24T01:29:19Z,0,0.0,0.00,78,12.7,0.00,Deactivated,27,28,0,0,8363
2026-08-24T01:29:19Z,0,0.0,0.00,78,12.7,0.00,Deactivated,27,28,0,0,8363
2026-08-24T01:29:19Z,0,0.0,0.00,78,12.7,0.00,Deactivated,27,28,0,0,8363
2026-08-24T01:29:21Z,0,0.0,0.00,78,12.7,0.00,Deactivated,27,28,0,0,8363
2026-08-24T01:29:21Z,0,0.0,0.00,78,12.7,0.00,Deactivated,27,28,0,0,8363
2026-08-24T01:29:22Z,0,0.0,0.00,78,12.7,0.00,Deactivated,27,28,0,0,8363
2026-08-24T01:29:22Z,0,0.0,0.00,78,12.7,0.00,Deactivated,27,28,0,0,8363
2026-08-24T01:29:23Z,0,0.0,0.00,78,12.7,0.00,Deactivated,27,28,0,0,8363
2026-08-24T01:29:23Z,0,0.0,0.00,78,12.7,0.00,Deactivated,27,28,0,0,8363
2026-08-24T01:29:24Z,0,0.0,0.00,78,12.7,0.00,Deactivated,27,28,0,0,8363
2026-08-24T01:29:24Z,0,0.0,0.00,78,12.7,0.00,Deactivated,27,28,0,0,8363
2026-08-24T01:29:25Z,0,0.0,0.00,78,12.7,0.00,Deactivated,27,28,0,0,8363
2026-08-24T01:29:25Z,0,0.0,0.00,78,12.7,0.00,Deactivated,27,28,0,0,8363
2026-08-24T01:29:25Z,0,0.0,0.00,78,12.7,0.00,Deactivated,27,28,0,0,8363
2026-08-24T01:29:25Z,0,0.0,0.00,78,12.7,0.00,Deactivated,27,28,0,0,8363
2026-08-24T01:29:27Z,0,0.0,0.00,78,12.7,0.00,Deactivated,27,28,0,0,8363
2026-08-24T01:29:27Z,0,0.0,0.00,78,12.7,0.00,Deactivated,27,28,0,0,8363
2026-08-24T01:29:28Z,0,0.0,0.00,78,12.7,0.00,Deactivated,27,28,0,0,8363
2026-08-24T01:29:28Z,0,0.0,0.00,78,12.7,0.00,Deactivated,27,28,0,0,8363
2026-08-24T01:29:29Z,0,0.0,0.00,78,12.7,0.00,Deactivated,27,28,0,0,8363
2026-08-24T01:29:29Z,0,0.0,0.00,78,12.7,0.00,Deactivated,27,28,0,0,8363
2026-08-24T01:29:30Z,0,0.0,0.00,78,12.7,0.00,Deactivated,27,28,0,0,8363
2026-08-24T01:29:30Z,0,0.0,0.00,78,12.7,0.00,Deactivated,27,28,0,0,8363
2026-08-24T01:29:30Z,0,0.0,0.00,78,12.7,0.00,Deactivated,27,28,0,0,8363
2026-08-24T01:29:30Z,0,0.0,0.00,78,12.7,0.00,Deactivated,27,28,0,0,8363
2026-08-24T01:29:32Z,0,0.0,0.00,78,12.7,0.00,Deactivated,27,28,0,0,8363
2026-08-24T01:29:32Z,0,0.0,0.00,78,12.7,0.00,Deactivated,27,28,0,0,8363
2026-08-24T01:29:33Z,0,0.0,0.00,78,12.7,0.00,Deactivated,27,28,0,0,8363
2026-08-24T01:29:33Z,0,0.0,0.00,78,12.7,0.00,Deactivated,27,28,0,0,8363
2026-08-24T01:29:34Z,0,0.0,0.00,78,12.7,0.00,Deactivated,27,28,0,0,8363
2026-08-24T01:29:34Z,0,0.0,0.00,78,12.7,0.00,Deactivated,27,28,0,0,8363
2026-08-24T01:29:35Z,0,0.0,0.00,78,12.7,0.00,Deactivated,27,28,0,0,8363
2026-08-24T01:29:35Z,0,0.0,0.00,78,12.7,0.00,Deactivated,27,28,0,0,8363
2026-08-24T01:29:35Z,0,0.0,0.00,78,12.7,0.00,Deactivated,27,28,0,0,8363
2026-08-24T01:29:35Z,0,0.0,0.00,78,12.7,0.00,Deactivated,27,28,0,0,8363
2026-08-24T01:29:37Z,0,0.0,0.00,78,12.7,0.00,Deactivated,27,28,0,0,8363
2026-08-24T01:29:37Z,0,0.0,0.00,78,12.7,0.00,Deactivated,27,28,0,0,8363
2026-08-24T01:29:38Z,0,0.0,0.00,78,12.7,0.00,Deactivated,27,28,0,0,8363
2026-08-24T01:29:38Z,0,0.0,0.00,78,12.7,0.00,Deactivated,27,28,0,0,8363
2026-08-24T01:29:39Z,0,0.0,0.00,78,12.7,0.00,Deactivated,27,28,0,0,8363
2026-08-24T01:29:39Z,0,0.0,0.00,78,12.7,0.00,Deactivated,27,28,0,0,8363
2026-08-24T01:29:40Z,0,0.0,0.00,78,12.7,0.00,Deactivated,27,28,0,0,8363
2026-08-24T01:29:40Z,0,0.0,0.00,78,12.7,0.00,Deactivated,27,28,0,0,8363
2026-08-24T01:29:41Z,0,0.0,0.00,78,12.7,0.00,Deactivated,27,28,0,0,8363
2026-08-24T01:29:41Z,0,0.0,0.00,78,12.7,0.00,Deactivated,27,28,0,0,8363
2026-08-24T01:29:41Z,0,0.0,0.00,78,12.7,0.00,Deactivated,27,28,0,0,8363
2026-08-24T01:29:41Z,0,0.0,0.00,78,12.7,0.00,Deactivated,27,28,0,0,8363
2026-08-24T01:29:42Z,0,0.0,0.00,78,12.7,0.00,Deactivated,27,28,0,0,8363
2026-08-24T01:29:42Z,0,0.0,0.00,78,12.7,0.00,Deactivated,27,28,0,0,8363
2026-08-24T01:29:44Z,0,0.0,0.00,78,12.7,0.00,Deactivated,27,28,0,0,8363
2026-08-24T01:29:44Z,0,0.0,0.00,78,12.7,0.00,Deactivated,27,28,0,0,8363
2026-08-24T01:29:45Z,0,0.0,0.00,78,12.7,0.00,Deactivated,27,28,0,0,8363
2026-08-24T01:29:45Z,0,0.0,0.00,78,12.7,0.00,Deactivated,27,28,0,0,8363
2026-08-24T01:29:46Z,0,0.0,0.00,78,12.7,0.00,Deactivated,27,28,0,0,8363
2026-08-24T01:29:46Z,0,0.0,0.00,78,12.7,0.00,Deactivated,27,28,0,0,8363
2026-08-24T01:29:47Z,0,0.0,0.00,78,12.7,0.00,Deactivated,27,28,0,0,8363
2026-08-24T01:29:47Z,0,0.0,0.00,78,12.7,0.00,Deactivated,27,28,0,0,8363
2026-08-24T01:29:48Z,0,0.0,0.00,78,12.7,0.00,Deactivated,27,28,0,0,8363
2026-08-24T01:29:48Z,0,0.0,0.00,78,12.7,0.00,Deactivated,27,28,0,0,8363
2026-08-24T01:29:49Z,0,0.0,0.00,78,12.7,0.00,Deactivated,27,28,0,0,8363
2026-08-24T01:29:49Z,0,0.0,0.00,78,12.7,0.00,Deactivated,27,28,0,0,8363
2026-08-24T01:29:50Z,0,0.0,0.00,78,12.7,0.00,Deactivated,27,28,0,0,8363
2026-08-24T01:29:50Z,0,0.0,0.00,78,12.7,0.00,Deactivated,27,28,0,0,8363
2026-08-24T01:29:51Z,0,0.0,0.00,78,12.7,0.00,Deactivated,27,28,0,0,8363
2026-08-24T01:29:51Z,0,0.0,0.00,78,12.7,0.00,Deactivated,27,28,0,0,8363
2026-08-24T01:29:52Z,0,0.0,0.00,79,12.7,0.00,Deactivated,27,28,0,0,8363
2026-08-24T01:29:52Z,0,0.0,0.00,79,12.7,0.00,Deactivated,27,28,0,0,8363
2026-08-24T01:29:53Z,0,0.0,0.00,79,12.7,0.00,Deactivated,27,28,0,0,8363
2026-08-24T01:29:53Z,0,0.0,0.00,79,12.7,0.00,Deactivated,27,28,0,0,8363
2026-08-24T01:29:54Z,0,0.0,0.00,79,12.7,0.00,Deactivated,27,28,0,0,8363
2026-08-24T01:29:54Z,0,0.0,0.00,79,12.7,0.00,Deactivated,27,28,0,0,8363
2026-08-24T01:29:55Z,0,0.0,0.00,79,12.7,0.00,Deactivated,27,28,0,0,8363
2026-08-24T01:29:55Z,0,0.0,0.00,79,12.7,0.00,Deactivated,27,28,0,0,8363
2026-08-24T01:29:56Z,0,0.0,0.00,79,12.7,0.00,Deactivated,27,29,0,0,8363
2026-08-24T01:29:56Z,0,0.0,0.00,79,12.7,0.00,Deactivated,27,29,0,0,8363
2026-08-24T01:29:57Z,0,0.0,0.00,78,12.7,0.00,Deactivated,27,28,0,0,8363
2026-08-24T01:29:57Z,0,0.0,0.00,78,12.7,0.00,Deactivated,27,28,0,0,8363
2026-08-24T01:29:58Z,0,0.0,0.00,78,12.7,0.00,Deactivated,27,28,0,0,8363
2026-08-24T01:29:58Z,0,0.0,0.00,78,12.7,0.00,Deactivated,27,28,0,0,8363
2026-08-24T01:29:59Z,0,0.0,0.00,78,12.7,0.00,Deactivated,27,28,0,0,8363
2026-08-24T01:29:59Z,0,0.0,0.00,78,12.7,0.00,Deactivated,27,28,0,0,8363
2026-08-24T01:30:00Z,0,0.0,0.00,78,12.7,0.00,Deactivated,27,28,0,0,8363
2026-08-24T01:30:00Z,0,0.0,0.00,78,12.7,0.00,Deactivated,27,28,0,0,8363
2026-08-24T01:30:00Z,0,0.0,0.00,78,12.7,0.00,Deactivated,27,28,0,0,8363
2026-08-24T01:30:00Z,0,0.0,0.00,78,12.7,0.00,Deactivated,27,28,0,0,8363
2026-08-24T01:30:02Z,0,0.0,0.00,78,12.7,0.00,Deactivated,27,28,0,0,8363
2026-08-24T01:30:02Z,0,0.0,0.00,78,12.7,0.00,Deactivated,27,28,0,0,8363
2026-08-24T01:30:03Z,0,0.0,0.00,78,12.7,0.00,Deactivated,27,28,0,0,8363
2026-08-24T01:30:03Z,0,0.0,0.00,78,12.7,0.00,Deactivated,27,28,0,0,8363
2026-08-24T01:30:04Z,0,0.0,0.00,78,12.7,0.00,Deactivated,27,28,0,0,8363
2026-08-24T01:30:04Z,0,0.0,0.00,78,12.7,0.00,Deactivated,27,28,0,0,8363
2026-08-24T01:30:05Z,0,0.0,0.00,78,12.7,0.00,Deactivated,27,28,0,0,8363
2026-08-24T01:30:05Z,0,0.0,0.00,78,12.7,0.00,Deactivated,27,28,0,0,8363
2026-08-24T01:30:06Z,0,0.0,0.00,78,12.7,0.00,Deactivated,27,28,0,0,8363
2026-08-24T01:30:06Z,0,0.0,0.00,78,12.7,0.00,Deactivated,27,28,0,0,8363
2026-08-24T01:30:07Z,0,0.0,0.00,79,12.7,0.00,Deactivated,27,28,0,0,8363
2026-08-24T01:30:07Z,0,0.0,0.00,79,12.7,0.00,Deactivated,27,28,0,0,8363
2026-08-24T01:30:07Z,0,0.0,0.00,79,12.7,0.00,Deactivated,27,28,0,0,8363
2026-08-24T01:30:07Z,0,0.0,0.00,79,12.7,0.00,Deactivated,27,28,0,0,8363
2026-08-24T01:30:09Z,0,0.0,0.00,79,12.7,0.00,Deactivated,27,28,0,0,8363
2026-08-24T01:30:09Z,0,0.0,0.00,79,12.7,0.00,Deactivated,27,28,0,0,8363
2026-08-24T01:30:10Z,0,0.0,0.00,79,12.7,0.00,Deactivated,27,28,0,0,8363
2026-08-24T01:30:10Z,0,0.0,0.00,79,12.7,0.00,Deactivated,27,28,0,0,8363
2026-08-24T01:30:11Z,0,0.0,0.00,79,12.7,0.00,Deactivated,27,28,0,0,8363
2026-08-24T01:30:11Z,0,0.0,0.00,79,12.7,0.00,Deactivated,27,28,0,0,8363
2026-08-24T01:30:12Z,0,0.0,0.00,78,12.7,0.00,Deactivated,27,28,0,0,8363
2026-08-24T01:30:12Z,0,0.0,0.00,78,12.7,0.00,Deactivated,27,28,0,0,8363
2026-08-24T01:30:12Z,0,0.0,0.00,78,12.7,0.00,Deactivated,27,28,0,0,8363
2026-08-24T01:30:12Z,0,0.0,0.00,78,12.7,0.00,Deactivated,27,28,0,0,8363
2026-08-24T01:30:14Z,0,0.0,0.00,78,12.7,0.00,Deactivated,27,28,0,0,8363
2026-08-24T01:30:14Z,0,0.0,0.00,78,12.7,0.00,Deactivated,27,28,0,0,8363
2026-08-24T01:30:15Z,0,0.0,0.00,78,12.7,0.00,Deactivated,27,28,0,0,8363
2026-08-24T01:30:15Z,0,0.0,0.00,78,12.7,0.00,Deactivated,27,28,0,0,8363
2026-08-24T01:30:16Z,0,0.0,0.00,78,12.7,0.00,Deactivated,27,28,0,0,8363
2026-08-24T01:30:16Z,0,0.0,0.00,78,12.7,0.00,Deactivated,27,28,0,0,8363
2026-08-24T01:30:17Z,0,0.0,0.00,78,12.7,0.00,Deactivated,27,28,0,0,8363
2026-08-24T01:30:17Z,0,0.0,0.00,78,12.7,0.00,Deactivated,27,28,0,0,8363
2026-08-24T01:30:18Z,0,0.0,0.00,78,12.7,0.00,Deactivated,27,28,0,0,8363
2026-08-24T01:30:18Z,0,0.0,0.00,78,12.7,0.00,Deactivated,27,28,0,0,8363
2026-08-24T01:30:19Z,0,0.0,0.00,78,12.7,0.00,Deactivated,27,28,0,0,8363
2026-08-24T01:30:19Z,0,0.0,0.00,78,12.7,0.00,Deactivated,27,28,0,0,8363
2026-08-24T01:30:19Z,0,0.0,0.00,78,12.7,0.00,Deactivated,27,28,0,0,8363
2026-08-24T01:30:19Z,0,0.0,0.00,78,12.7,0.00,Deactivated,27,28,0,0,8363
2026-08-24T01:30:21Z,0,0.0,0.00,78,12.7,0.00,Deactivated,27,28,0,0,8363
2026-08-24T01:30:21Z,0,0.0,0.00,78,12.7,0.00,Deactivated,27,28,0,0,8363
2026-08-24T01:30:22Z,0,0.0,0.00,78,12.7,0.00,Deactivated,27,28,0,0,8363
2026-08-24T01:30:22Z,0,0.0,0.00,78,12.7,0.00,Deactivated,27,28,0,0,8363
2026-08-24T01:30:23Z,0,0.0,0.00,78,12.7,0.00,Deactivated,27,28,0,0,8363
2026-08-24T01:30:23Z,0,0.0,0.00,78,12.7,0.00,Deactivated,27,28,0,0,8363
2026-08-24T01:30:23Z,0,0.0,0.00,78,12.7,0.00,Deactivated,27,28,0,0,8363
2026-08-24T01:30:23Z,0,0.0,0.00,78,12.7,0.00,Deactivated,27,28,0,0,8363
2026-08-24T01:30:24Z,0,0.0,0.00,78,12.7,0.00,Deactivated,27,28,0,0,8363
2026-08-24T01:30:24Z,0,0.0,0.00,78,12.7,0.00,Deactivated,27,28,0,0,8363
2026-08-24T01:30:25Z,0,0.0,0.00,78,12.7,0.00,Deactivated,27,28,0,0,8363
2026-08-24T01:30:25Z,0,0.0,0.00,78,12.7,0.00,Deactivated,27,28,0,0,8363
2026-08-24T01:30:26Z,0,0.0,0.00,78,12.7,0.00,Deactivated,27,28,0,0,8363
2026-08-24T01:30:26Z,0,0.0,0.00,78,12.7,0.00,Deactivated,27,28,0,0,8363
2026-08-24T01:30:28Z,0,0.0,0.00,78,12.7,0.00,Deactivated,27,28,0,0,8363
2026-08-24T01:30:28Z,0,0.0,0.00,78,12.7,0.00,Deactivated,27,28,0,0,8363
2026-08-24T01:30:28Z,0,0.0,0.00,78,12.7,0.00,Deactivated,27,28,0,0,8363
2026-08-24T01:30:28Z,0,0.0,0.00,78,12.7,0.00,Deactivated,27,28,0,0,8363
2026-08-24T01:30:29Z,0,0.0,0.00,78,12.7,0.00,Deactivated,27,28,0,0,8363
2026-08-24T01:30:29Z,0,0.0,0.00,78,12.7,0.00,Deactivated,27,28,0,0,8363
2026-08-24T01:30:31Z,0,0.0,0.00,78,12.7,0.00,Deactivated,27,28,0,0,8363
2026-08-24T01:30:31Z,0,0.0,0.00,78,12.7,0.00,Deactivated,27,28,0,0,8363
2026-08-24T01:30:32Z,0,0.0,0.00,78,12.7,0.00,Deactivated,27,28,0,0,8363
2026-08-24T01:30:32Z,0,0.0,0.00,78,12.7,0.00,Deactivated,27,28,0,0,8363
2026-08-24T01:30:32Z,0,0.0,0.00,78,12.7,0.00,Deactivated,27,28,0,0,8363
2026-08-24T01:30:32Z,0,0.0,0.00,78,12.7,0.00,Deactivated,27,28,0,0,8363
2026-08-24T01:30:34Z,0,0.0,0.00,78,12.7,0.00,Deactivated,27,28,0,0,8363
2026-08-24T01:30:34Z,0,0.0,0.00,78,12.7,0.00,Deactivated,27,28,0,0,8363
2026-08-24T01:30:34Z,0,0.0,0.00,78,12.7,0.00,Deactivated,27,28,0,0,8363
2026-08-24T01:30:34Z,0,0.0,0.00,78,12.7,0.00,Deactivated,27,28,0,0,8363
2026-08-24T01:30:36Z,0,0.0,0.00,78,12.7,0.00,Deactivated,27,28,0,0,8363
2026-08-24T01:30:36Z,0,0.0,0.00,78,12.7,0.00,Deactivated,27,28,0,0,8363
2026-08-24T01:30:37Z,0,0.0,0.00,78,12.7,0.00,Deactivated,27,28,0,0,8363
2026-08-24T01:30:37Z,0,0.0,0.00,78,12.7,0.00,Deactivated,27,28,0,0,8363
2026-08-24T01:30:37Z,0,0.0,0.00,78,12.7,0.00,Deactivated,27,28,0,0,8363
2026-08-24T01:30:37Z,0,0.0,0.00,78,12.7,0.00,Deactivated,27,28,0,0,8363
2026-08-24T01:30:38Z,0,0.0,0.00,78,12.7,0.00,Deactivated,27,28,0,0,8363
2026-08-24T01:30:38Z,0,0.0,0.00,78,12.7,0.00,Deactivated,27,28,0,0,8363
2026-08-24T01:30:39Z,0,0.0,0.00,78,12.7,0.00,Deactivated,27,28,0,0,8363
2026-08-24T01:30:39Z,0,0.0,0.00,78,12.7,0.00,Deactivated,27,28,0,0,8363
2026-08-24T01:30:41Z,0,0.0,0.00,78,12.7,0.00,Deactivated,27,28,0,0,8363
2026-08-24T01:30:41Z,0,0.0,0.00,78,12.7,0.00,Deactivated,27,28,0,0,8363
2026-08-24T01:30:42Z,0,0.0,0.00,78,12.7,0.00,Deactivated,27,28,0,0,8363
2026-08-24T01:30:42Z,0,0.0,0.00,78,12.7,0.00,Deactivated,27,28,0,0,8363
2026-08-24T01:30:43Z,0,0.0,0.00,78,12.7,0.00,Deactivated,27,28,0,0,8363
2026-08-24T01:30:43Z,0,0.0,0.00,78,12.7,0.00,Deactivated,27,28,0,0,8363
2026-08-24T01:30:43Z,0,0.0,0.00,78,12.7,0.00,Deactivated,27,28,0,0,8363
2026-08-24T01:30:43Z,0,0.0,0.00,78,12.7,0.00,Deactivated,27,28,0,0,8363
2026-08-24T01:30:44Z,0,0.0,0.00,78,12.7,0.00,Deactivated,27,28,0,0,8363
2026-08-24T01:30:44Z,0,0.0,0.00,78,12.7,0.00,Deactivated,27,28,0,0,8363
2026-08-24T01:30:46Z,0,0.0,0.00,78,12.7,0.00,Deactivated,27,28,0,0,8363
2026-08-24T01:30:46Z,0,0.0,0.00,78,12.7,0.00,Deactivated,27,28,0,0,8363
2026-08-24T01:30:47Z,0,0.0,0.00,78,12.7,0.00,Deactivated,27,28,0,0,8363
2026-08-24T01:30:47Z,0,0.0,0.00,78,12.7,0.00,Deactivated,27,28,0,0,8363
2026-08-24T01:30:48Z,0,0.0,0.00,78,12.7,0.00,Deactivated,27,28,0,0,8363
2026-08-24T01:30:48Z,0,0.0,0.00,78,12.7,0.00,Deactivated,27,28,0,0,8363
2026-08-24T01:30:49Z,0,0.0,0.00,78,12.7,0.00,Deactivated,27,28,0,0,8363
2026-08-24T01:30:49Z,0,0.0,0.00,78,12.7,0.00,Deactivated,27,28,0,0,8363
2026-08-24T01:30:49Z,0,0.0,0.00,78,12.7,0.00,Deactivated,27,28,0,0,8363
2026-08-24T01:30:49Z,0,0.0,0.00,78,12.7,0.00,Deactivated,27,28,0,0,8363
2026-08-24T01:30:50Z,0,0.0,0.00,78,12.7,0.00,Deactivated,27,28,0,0,8363
2026-08-24T01:30:50Z,0,0.0,0.00,78,12.7,0.00,Deactivated,27,28,0,0,8363
2026-08-24T01:30:52Z,0,0.0,0.00,78,12.7,0.00,Deactivated,27,28,0,0,8363
2026-08-24T01:30:52Z,0,0.0,0.00,78,12.7,0.00,Deactivated,27,28,0,0,8363
2026-08-24T01:30:53Z,0,0.0,0.00,78,12.7,0.00,Deactivated,27,28,0,0,8363
2026-08-24T01:30:53Z,0,0.0,0.00,78,12.7,0.00,Deactivated,27,28,0,0,8363
2026-08-24T01:30:53Z,0,0.0,0.00,78,12.7,0.00,Deactivated,27,28,0,0,8363
2026-08-24T01:30:53Z,0,0.0,0.00,78,12.7,0.00,Deactivated,27,28,0,0,8363
2026-08-24T01:30:55Z,0,0.0,0.00,78,12.7,0.00,Deactivated,27,28,0,0,8363
2026-08-24T01:30:55Z,0,0.0,0.00,78,12.7,0.00,Deactivated,27,28,0,0,8363
2026-08-24T01:30:56Z,0,0.0,0.00,78,12.7,0.00,Deactivated,27,28,0,0,8363
2026-08-24T01:30:56Z,0,0.0,0.00,78,12.7,0.00,Deactivated,27,28,0,0,8363
2026-08-24T01:30:57Z,0,0.0,0.00,78,12.7,0.00,Deactivated,27,28,0,0,8363
2026-08-24T01:30:57Z,0,0.0,0.00,78,12.7,0.00,Deactivated,27,28,0,0,8363
2026-08-24T01:30:58Z,0,0.0,0.00,78,12.7,0.00,Deactivated,27,28,0,0,8363
2026-08-24T01:30:58Z,0,0.0,0.00,78,12.7,0.00,Deactivated,27,28,0,0,8363
2026-08-24T01:30:59Z,0,0.0,0.00,78,12.7,0.00,Deactivated,27,28,0,0,8363
2026-08-24T01:30:59Z,0,0.0,0.00,78,12.7,0.00,Deactivated,27,28,0,0,8363
2026-08-24T01:31:00Z,0,0.0,0.00,78,12.7,0.00,Deactivated,27,28,0,0,8363
2026-08-24T01:31:00Z,0,0.0,0.00,78,12.7,0.00,Deactivated,27,28,0,0,8363
2026-08-24T01:31:00Z,0,0.0,0.00,78,12.7,0.00,Deactivated,27,28,0,0,8363
2026-08-24T01:31:00Z,0,0.0,0.00,78,12.7,0.00,Deactivated,27,28,0,0,8363
2026-08-24T01:31:02Z,0,0.0,0.00,78,12.7,0.00,Deactivated,27,28,0,0,8363
2026-08-24T01:31:02Z,0,0.0,0.00,78,12.7,0.00,Deactivated,27,28,0,0,8363
2026-08-24T01:31:03Z,0,0.0,0.00,78,12.7,0.00,Deactivated,27,28,0,0,8363
2026-08-24T01:31:03Z,0,0.0,0.00,78,12.7,0.00,Deactivated,27,28,0,0,8363
2026-08-24T01:31:04Z,0,0.0,0.00,78,12.7,0.00,Deactivated,27,28,0,0,8363
2026-08-24T01:31:04Z,0,0.0,0.00,78,12.7,0.00,Deactivated,27,28,0,0,8363
2026-08-24T01:31:04Z,0,0.0,0.00,78,12.7,0.00,Deactivated,27,28,0,0,8363
2026-08-24T01:31:04Z,0,0.0,0.00,78,12.7,0.00,Deactivated,27,28,0,0,8363
2026-08-24T01:31:06Z,0,0.0,0.00,78,12.7,0.00,Deactivated,27,28,0,0,8363
2026-08-24T01:31:06Z,0,0.0,0.00,78,12.7,0.00,Deactivated,27,28,0,0,8363
2026-08-24T01:31:07Z,0,0.0,0.00,78,12.7,0.00,Deactivated,27,28,0,0,8363
2026-08-24T01:31:07Z,0,0.0,0.00,78,12.7,0.00,Deactivated,27,28,0,0,8363
2026-08-24T01:31:07Z,0,0.0,0.00,78,12.7,0.00,Deactivated,27,28,0,0,8363
2026-08-24T01:31:07Z,0,0.0,0.00,78,12.7,0.00,Deactivated,27,28,0,0,8363
2026-08-24T01:31:09Z,0,0.0,0.00,78,12.7,0.00,Deactivated,27,28,0,0,8363
2026-08-24T01:31:09Z,0,0.0,0.00,78,12.7,0.00,Deactivated,27,28,0,0,8363
2026-08-24T01:31:10Z,0,0.0,0.00,78,12.7,0.00,Deactivated,27,28,0,0,8363
2026-08-24T01:31:10Z,0,0.0,0.00,78,12.7,0.00,Deactivated,27,28,0,0,8363
2026-08-24T01:31:11Z,0,0.0,0.00,78,12.7,0.00,Deactivated,27,28,0,0,8363
2026-08-24T01:31:11Z,0,0.0,0.00,78,12.7,0.00,Deactivated,27,28,0,0,8363
2026-08-24T01:31:12Z,0,0.0,0.00,78,12.7,0.00,Deactivated,27,28,0,0,8363
2026-08-24T01:31:12Z,0,0.0,0.00,78,12.7,0.00,Deactivated,27,28,0,0,8363
2026-08-24T01:31:13Z,0,0.0,0.00,78,12.7,0.00,Deactivated,27,28,0,0,8363
2026-08-24T01:31:13Z,0,0.0,0.00,78,12.7,0.00,Deactivated,27,28,0,0,8363
2026-08-24T01:31:14Z,0,0.0,0.00,78,12.7,0.00,Deactivated,27,28,0,0,8363
2026-08-24T01:31:14Z,0,0.0,0.00,78,12.7,0.00,Deactivated,27,28,0,0,8363
2026-08-24T01:31:15Z,0,0.0,0.00,78,12.7,0.00,Deactivated,27,28,0,0,8363
2026-08-24T01:31:15Z,0,0.0,0.00,78,12.7,0.00,Deactivated,27,28,0,0,8363
2026-08-24T01:31:15Z,0,0.0,0.00,78,12.7,0.00,Deactivated,27,28,0,0,8363
2026-08-24T01:31:15Z,0,0.0,0.00,78,12.7,0.00,Deactivated,27,28,0,0,8363
2026-08-24T01:31:17Z,0,0.0,0.00,78,12.7,0.00,Deactivated,27,28,0,0,8363
2026-08-24T01:31:17Z,0,0.0,0.00,78,12.7,0.00,Deactivated,27,28,0,0,8363
2026-08-24T01:31:18Z,0,0.0,0.00,78,12.7,0.00,Deactivated,27,28,0,0,8363
2026-08-24T01:31:18Z,0,0.0,0.00,78,12.7,0.00,Deactivated,27,28,0,0,8363
2026-08-24T01:31:19Z,0,0.0,0.00,78,12.7,0.00,Deactivated,27,28,0,0,8363
2026-08-24T01:31:19Z,0,0.0,0.00,78,12.7,0.00,Deactivated,27,28,0,0,8363
2026-08-24T01:31:19Z,0,0.0,0.00,78,12.7,0.00,Deactivated,27,28,0,0,8363
2026-08-24T01:31:19Z,0,0.0,0.00,78,12.7,0.00,Deactivated,27,28,0,0,8363
2026-08-24T01:31:21Z,0,0.0,0.00,78,12.7,0.00,Deactivated,27,28,0,0,8363
2026-08-24T01:31:21Z,0,0.0,0.00,78,12.7,0.00,Deactivated,27,28,0,0,8363
2026-08-24T01:31:22Z,0,0.0,0.00,78,12.7,0.00,Deactivated,27,28,0,0,8363
2026-08-24T01:31:22Z,0,0.0,0.00,78,12.7,0.00,Deactivated,27,28,0,0,8363
2026-08-24T01:31:23Z,0,0.0,0.00,79,12.7,0.00,Deactivated,27,28,0,0,8363
2026-08-24T01:31:23Z,0,0.0,0.00,79,12.7,0.00,Deactivated,27,28,0,0,8363
2026-08-24T01:31:24Z,0,0.0,0.00,79,12.7,0.00,Deactivated,27,28,0,0,8363
2026-08-24T01:31:24Z,0,0.0,0.00,79,12.7,0.00,Deactivated,27,28,0,0,8363
2026-08-24T01:31:25Z,0,0.0,0.00,79,12.7,0.00,Deactivated,27,28,0,0,8363
2026-08-24T01:31:25Z,0,0.0,0.00,79,12.7,0.00,Deactivated,27,28,0,0,8363
2026-08-24T01:31:25Z,0,0.0,0.00,79,12.7,0.00,Deactivated,27,28,0,0,8363
2026-08-24T01:31:25Z,0,0.0,0.00,79,12.7,0.00,Deactivated,27,28,0,0,8363
2026-08-24T01:31:27Z,0,0.0,0.00,79,12.7,0.00,Deactivated,27,28,0,0,8363
2026-08-24T01:31:27Z,0,0.0,0.00,79,12.7,0.00,Deactivated,27,28,0,0,8363
2026-08-24T01:31:27Z,0,0.0,0.00,78,12.7,0.00,Deactivated,27,28,0,0,8363
2026-08-24T01:31:27Z,0,0.0,0.00,78,12.7,0.00,Deactivated,27,28,0,0,8363
2026-08-24T01:31:29Z,0,0.0,0.00,78,12.7,0.00,Deactivated,27,28,0,0,8363
2026-08-24T01:31:29Z,0,0.0,0.00,78,12.7,0.00,Deactivated,27,28,0,0,8363
2026-08-24T01:31:29Z,0,0.0,0.00,78,12.7,0.00,Deactivated,27,28,0,0,8363
2026-08-24T01:31:29Z,0,0.0,0.00,78,12.7,0.00,Deactivated,27,28,0,0,8363
2026-08-24T01:31:31Z,0,0.0,0.00,78,12.7,0.00,Deactivated,27,28,0,0,8363
2026-08-24T01:31:31Z,0,0.0,0.00,78,12.7,0.00,Deactivated,27,28,0,0,8363
2026-08-24T01:31:31Z,0,0.0,0.00,78,12.7,0.00,Deactivated,27,28,0,0,8363
2026-08-24T01:31:31Z,0,0.0,0.00,78,12.7,0.00,Deactivated,27,28,0,0,8363
2026-08-24T01:31:32Z,0,0.0,0.00,79,12.7,0.00,Deactivated,27,28,0,0,8363
2026-08-24T01:31:32Z,0,0.0,0.00,79,12.7,0.00,Deactivated,27,28,0,0,8363
2026-08-24T01:31:34Z,0,0.0,0.00,79,12.7,0.00,Deactivated,27,28,0,0,8363
2026-08-24T01:31:34Z,0,0.0,0.00,79,12.7,0.00,Deactivated,27,28,0,0,8363
2026-08-24T01:31:34Z,0,0.0,0.00,79,12.7,0.00,Deactivated,27,28,0,0,8363
2026-08-24T01:31:34Z,0,0.0,0.00,79,12.7,0.00,Deactivated,27,28,0,0,8363
2026-08-24T01:31:36Z,0,0.0,0.00,79,12.7,0.00,Deactivated,27,28,0,0,8363
2026-08-24T01:31:36Z,0,0.0,0.00,79,12.7,0.00,Deactivated,27,28,0,0,8363
2026-08-24T01:31:37Z,0,0.0,0.00,79,12.7,0.00,Deactivated,27,28,0,0,8363
2026-08-24T01:31:37Z,0,0.0,0.00,79,12.7,0.00,Deactivated,27,28,0,0,8363
2026-08-24T01:31:37Z,0,0.0,0.00,78,12.7,0.00,Deactivated,27,28,0,0,8363
2026-08-24T01:31:37Z,0,0.0,0.00,78,12.7,0.00,Deactivated,27,28,0,0,8363
2026-08-24T01:31:39Z,0,0.0,0.00,78,12.7,0.00,Deactivated,27,28,0,0,8363
2026-08-24T01:31:39Z,0,0.0,0.00,78,12.7,0.00,Deactivated,27,28,0,0,8363
2026-08-24T01:31:40Z,0,0.0,0.00,78,12.7,0.00,Deactivated,27,28,0,0,8363
2026-08-24T01:31:40Z,0,0.0,0.00,78,12.7,0.00,Deactivated,27,28,0,0,8363
2026-08-24T01:31:41Z,0,0.0,0.00,78,12.7,0.00,Deactivated,27,28,0,0,8363
2026-08-24T01:31:41Z,0,0.0,0.00,78,12.7,0.00,Deactivated,27,28,0,0,8363
2026-08-24T01:31:42Z,0,0.0,0.00,78,12.7,0.00,Deactivated,27,28,0,0,8363
2026-08-24T01:31:42Z,0,0.0,0.00,78,12.7,0.00,Deactivated,27,28,0,0,8363
2026-08-24T01:31:43Z,0,0.0,0.00,78,12.7,0.00,Deactivated,27,28,0,0,8363
2026-08-24T01:31:43Z,0,0.0,0.00,78,12.7,0.00,Deactivated,27,28,0,0,8363
2026-08-24T01:31:44Z,0,0.0,0.00,78,12.7,0.00,Deactivated,27,28,0,0,8363
2026-08-24T01:31:44Z,0,0.0,0.00,78,12.7,0.00,Deactivated,27,28,0,0,8363
2026-08-24T01:31:45Z,0,0.0,0.00,78,12.7,0.00,Deactivated,27,28,0,0,8363
2026-08-24T01:31:45Z,0,0.0,0.00,78,12.7,0.00,Deactivated,27,28,0,0,8363
2026-08-24T01:31:46Z,0,0.0,0.00,78,12.7,0.00,Deactivated,27,28,0,0,8363
2026-08-24T01:31:46Z,0,0.0,0.00,78,12.7,0.00,Deactivated,27,28,0,0,8363
2026-08-24T01:31:47Z,0,0.0,0.00,78,12.7,0.00,Deactivated,27,28,0,0,8363
2026-08-24T01:31:47Z,0,0.0,0.00,78,12.7,0.00,Deactivated,27,28,0,0,8363
2026-08-24T01:31:48Z,0,0.0,0.00,79,12.7,0.00,Deactivated,27,28,0,0,8363
2026-08-24T01:31:48Z,0,0.0,0.00,79,12.7,0.00,Deactivated,27,28,0,0,8363
2026-08-24T01:31:49Z,0,0.0,0.00,79,12.7,0.00,Deactivated,27,28,0,0,8363
2026-08-24T01:31:49Z,0,0.0,0.00,79,12.7,0.00,Deactivated,27,28,0,0,8363
2026-08-24T01:31:50Z,0,0.0,0.00,79,12.7,0.00,Deactivated,27,28,0,0,8363
2026-08-24T01:31:50Z,0,0.0,0.00,79,12.7,0.00,Deactivated,27,28,0,0,8363
2026-08-24T01:31:51Z,0,0.0,0.00,79,12.7,0.00,Deactivated,27,28,0,0,8363
2026-08-24T01:31:51Z,0,0.0,0.00,79,12.7,0.00,Deactivated,27,28,0,0,8363
2026-08-24T01:31:52Z,0,0.0,0.00,79,12.7,0.00,Deactivated,27,28,0,0,8363
2026-08-24T01:31:52Z,0,0.0,0.00,79,12.7,0.00,Deactivated,27,28,0,0,8363
2026-08-24T01:31:52Z,0,0.0,0.00,78,12.7,0.00,Deactivated,27,28,0,0,8363
2026-08-24T01:31:52Z,0,0.0,0.00,78,12.7,0.00,Deactivated,27,28,0,0,8363
2026-08-24T01:31:54Z,0,0.0,0.00,78,12.7,0.00,Deactivated,27,28,0,0,8363
2026-08-24T01:31:54Z,0,0.0,0.00,78,12.7,0.00,Deactivated,27,28,0,0,8363
2026-08-24T01:31:55Z,0,0.0,0.00,78,12.7,0.00,Deactivated,27,28,0,0,8363
2026-08-24T01:31:55Z,0,0.0,0.00,78,12.7,0.00,Deactivated,27,28,0,0,8363
2026-08-24T01:31:56Z,0,0.0,0.00,78,12.7,0.00,Deactivated,27,28,0,0,8363
2026-08-24T01:31:56Z,0,0.0,0.00,78,12.7,0.00,Deactivated,27,28,0,0,8363
2026-08-24T01:31:57Z,0,0.0,0.00,78,12.7,0.00,Deactivated,27,28,0,0,8363
2026-08-24T01:31:57Z,0,0.0,0.00,78,12.7,0.00,Deactivated,27,28,0,0,8363
2026-08-24T01:31:58Z,0,0.0,0.00,78,12.7,0.00,Deactivated,27,28,0,0,8363
2026-08-24T01:31:58Z,0,0.0,0.00,78,12.7,0.00,Deactivated,27,28,0,0,8363
2026-08-24T01:31:59Z,0,0.0,0.00,78,12.7,0.00,Deactivated,27,28,0,0,8363
2026-08-24T01:31:59Z,0,0.0,0.00,78,12.7,0.00,Deactivated,27,28,0,0,8363
2026-08-24T01:32:00Z,0,0.0,0.00,78,12.7,0.00,Deactivated,27,28,0,0,8363
2026-08-24T01:32:00Z,0,0.0,0.00,78,12.7,0.00,Deactivated,27,28,0,0,8363
2026-08-24T01:32:01Z,0,0.0,0.00,78,12.7,0.00,Deactivated,27,28,0,0,8363
2026-08-24T01:32:01Z,0,0.0,0.00,78,12.7,0.00,Deactivated,27,28,0,0,8363
2026-08-24T01:32:01Z,0,0.0,0.00,78,12.7,0.00,Deactivated,27,28,0,0,8363
2026-08-24T01:32:01Z,0,0.0,0.00,78,12.7,0.00,Deactivated,27,28,0,0,8363
2026-08-24T01:32:03Z,0,0.0,0.00,79,12.7,0.00,Deactivated,27,28,0,0,8363
2026-08-24T01:32:03Z,0,0.0,0.00,79,12.7,0.00,Deactivated,27,28,0,0,8363
2026-08-24T01:32:04Z,0,0.0,0.00,79,12.7,0.00,Deactivated,27,28,0,0,8363
2026-08-24T01:32:04Z,0,0.0,0.00,79,12.7,0.00,Deactivated,27,28,0,0,8363
2026-08-24T01:32:05Z,0,0.0,0.00,79,12.7,0.00,Deactivated,27,28,0,0,8363
2026-08-24T01:32:05Z,0,0.0,0.00,79,12.7,0.00,Deactivated,27,28,0,0,8363
2026-08-24T01:32:06Z,0,0.0,0.00,79,12.7,0.00,Deactivated,27,28,0,0,8363
2026-08-24T01:32:06Z,0,0.0,0.00,79,12.7,0.00,Deactivated,27,28,0,0,8363
2026-08-24T01:32:07Z,0,0.0,0.00,79,12.7,0.00,Deactivated,27,28,0,0,8363
2026-08-24T01:32:07Z,0,0.0,0.00,79,12.7,0.00,Deactivated,27,28,0,0,8363
2026-08-24T01:32:08Z,0,0.0,0.00,78,12.7,0.00,Deactivated,27,28,0,0,8363
2026-08-24T01:32:08Z,0,0.0,0.00,78,12.7,0.00,Deactivated,27,28,0,0,8363
2026-08-24T01:32:09Z,0,0.0,0.00,78,12.7,0.00,Deactivated,27,28,0,0,8363
2026-08-24T01:32:09Z,0,0.0,0.00,78,12.7,0.00,Deactivated,27,28,0,0,8363
2026-08-24T01:32:10Z,0,0.0,0.00,78,12.7,0.00,Deactivated,27,28,0,0,8363
2026-08-24T01:32:10Z,0,0.0,0.00,78,12.7,0.00,Deactivated,27,28,0,0,8363
2026-08-24T01:32:10Z,0,0.0,0.00,78,12.7,0.00,Deactivated,27,28,0,0,8363
2026-08-24T01:32:10Z,0,0.0,0.00,78,12.7,0.00,Deactivated,27,28,0,0,8363
2026-08-24T01:32:12Z,0,0.0,0.00,78,12.7,0.00,Deactivated,27,28,0,0,8363
2026-08-24T01:32:12Z,0,0.0,0.00,78,12.7,0.00,Deactivated,27,28,0,0,8363
2026-08-24T01:32:13Z,0,0.0,0.00,78,12.7,0.00,Deactivated,27,28,0,0,8363
2026-08-24T01:32:13Z,0,0.0,0.00,78,12.7,0.00,Deactivated,27,28,0,0,8363
2026-08-24T01:32:13Z,0,0.0,0.00,78,12.7,0.00,Deactivated,27,28,0,0,8363
2026-08-24T01:32:13Z,0,0.0,0.00,78,12.7,0.00,Deactivated,27,28,0,0,8363
2026-08-24T01:32:15Z,0,0.0,0.00,78,12.7,0.00,Deactivated,27,28,0,0,8363
2026-08-24T01:32:15Z,0,0.0,0.00,78,12.7,0.00,Deactivated,27,28,0,0,8363
2026-08-24T01:32:16Z,0,0.0,0.00,78,12.7,0.00,Deactivated,27,28,0,0,8363
2026-08-24T01:32:16Z,0,0.0,0.00,78,12.7,0.00,Deactivated,27,28,0,0,8363
2026-08-24T01:32:17Z,0,0.0,0.00,78,12.7,0.00,Deactivated,27,28,0,0,8363
2026-08-24T01:32:17Z,0,0.0,0.00,78,12.7,0.00,Deactivated,27,28,0,0,8363
2026-08-24T01:32:18Z,0,0.0,0.00,78,12.7,0.00,Deactivated,27,28,0,0,8363
2026-08-24T01:32:18Z,0,0.0,0.00,78,12.7,0.00,Deactivated,27,28,0,0,8363
2026-08-24T01:32:18Z,0,0.0,0.00,78,12.7,0.00,Deactivated,27,28,0,0,8363
2026-08-24T01:32:18Z,0,0.0,0.00,78,12.7,0.00,Deactivated,27,28,0,0,8363
2026-08-24T01:32:20Z,0,0.0,0.00,78,12.7,0.00,Deactivated,27,28,0,0,8363
2026-08-24T01:32:20Z,0,0.0,0.00,78,12.7,0.00,Deactivated,27,28,0,0,8363
2026-08-24T01:32:21Z,0,0.0,0.00,78,12.7,0.00,Deactivated,27,28,0,0,8363
2026-08-24T01:32:21Z,0,0.0,0.00,78,12.7,0.00,Deactivated,27,28,0,0,8363
2026-08-24T01:32:22Z,0,0.0,0.00,78,12.7,0.00,Deactivated,27,28,0,0,8363
2026-08-24T01:32:22Z,0,0.0,0.00,78,12.7,0.00,Deactivated,27,28,0,0,8363
2026-08-24T01:32:22Z,0,0.0,0.00,78,12.7,0.00,Deactivated,27,28,0,0,8363
2026-08-24T01:32:22Z,0,0.0,0.00,78,12.7,0.00,Deactivated,27,28,0,0,8363
2026-08-24T01:32:24Z,0,0.0,0.00,78,12.7,0.00,Deactivated,27,28,0,0,8363
2026-08-24T01:32:24Z,0,0.0,0.00,78,12.7,0.00,Deactivated,27,28,0,0,8363
2026-08-24T01:32:25Z,0,0.0,0.00,78,12.7,0.00,Deactivated,27,28,0,0,8363
2026-08-24T01:32:25Z,0,0.0,0.00,78,12.7,0.00,Deactivated,27,28,0,0,8363
2026-08-24T01:32:26Z,0,0.0,0.00,78,12.7,0.00,Deactivated,27,28,0,0,8363
2026-08-24T01:32:26Z,0,0.0,0.00,78,12.7,0.00,Deactivated,27,28,0,0,8363
2026-08-24T01:32:27Z,0,0.0,0.00,78,12.7,0.00,Deactivated,27,28,0,0,8363
2026-08-24T01:32:27Z,0,0.0,0.00,78,12.7,0.00,Deactivated,27,28,0,0,8363
2026-08-24T01:32:28Z,0,0.0,0.00,78,12.7,0.00,Deactivated,27,28,0,0,8363
2026-08-24T01:32:28Z,0,0.0,0.00,78,12.7,0.00,Deactivated,27,28,0,0,8363
2026-08-24T01:32:28Z,0,0.0,0.00,78,12.7,0.00,Deactivated,27,28,0,0,8363
2026-08-24T01:32:28Z,0,0.0,0.00,78,12.7,0.00,Deactivated,27,28,0,0,8363
2026-08-24T01:32:30Z,0,0.0,0.00,78,12.7,0.00,Deactivated,27,28,0,0,8363
2026-08-24T01:32:30Z,0,0.0,0.00,78,12.7,0.00,Deactivated,27,28,0,0,8363
2026-08-24T01:32:31Z,0,0.0,0.00,78,12.7,0.00,Deactivated,27,28,0,0,8363
2026-08-24T01:32:31Z,0,0.0,0.00,78,12.7,0.00,Deactivated,27,28,0,0,8363
2026-08-24T01:32:32Z,0,0.0,0.00,78,12.7,0.00,Deactivated,27,28,0,0,8363
2026-08-24T01:32:32Z,0,0.0,0.00,78,12.7,0.00,Deactivated,27,28,0,0,8363
2026-08-24T01:32:33Z,0,0.0,0.00,78,12.7,0.00,Deactivated,27,28,0,0,8363
2026-08-24T01:32:33Z,0,0.0,0.00,78,12.7,0.00,Deactivated,27,28,0,0,8363
2026-08-24T01:32:34Z,0,0.0,0.00,78,12.7,0.00,Deactivated,27,29,0,0,8363
2026-08-24T01:32:34Z,0,0.0,0.00,78,12.7,0.00,Deactivated,27,29,0,0,8363
2026-08-24T01:32:35Z,0,0.0,0.00,78,12.7,0.00,Deactivated,27,28,0,0,8363
2026-08-24T01:32:35Z,0,0.0,0.00,78,12.7,0.00,Deactivated,27,28,0,0,8363
2026-08-24T01:32:35Z,0,0.0,0.00,78,12.7,0.00,Deactivated,27,28,0,0,8363
2026-08-24T01:32:35Z,0,0.0,0.00,78,12.7,0.00,Deactivated,27,28,0,0,8363
2026-08-24T01:32:37Z,0,0.0,0.00,78,12.7,0.00,Deactivated,27,28,0,0,8363
2026-08-24T01:32:37Z,0,0.0,0.00,78,12.7,0.00,Deactivated,27,28,0,0,8363
2026-08-24T01:32:38Z,0,0.0,0.00,78,12.7,0.00,Deactivated,27,28,0,0,8363
2026-08-24T01:32:38Z,0,0.0,0.00,78,12.7,0.00,Deactivated,27,28,0,0,8363
2026-08-24T01:32:39Z,0,0.0,0.00,78,12.7,0.00,Deactivated,27,28,0,0,8363
2026-08-24T01:32:39Z,0,0.0,0.00,78,12.7,0.00,Deactivated,27,28,0,0,8363
2026-08-24T01:32:40Z,0,0.0,0.00,78,12.7,0.00,Deactivated,27,28,0,0,8363
2026-08-24T01:32:40Z,0,0.0,0.00,78,12.7,0.00,Deactivated,27,28,0,0,8363
2026-08-24T01:32:40Z,0,0.0,0.00,78,12.7,0.00,Deactivated,27,28,0,0,8363
2026-08-24T01:32:40Z,0,0.0,0.00,78,12.7,0.00,Deactivated,27,28,0,0,8363
2026-08-24T01:32:42Z,0,0.0,0.00,78,12.7,0.00,Deactivated,27,28,0,0,8363
2026-08-24T01:32:42Z,0,0.0,0.00,78,12.7,0.00,Deactivated,27,28,0,0,8363
2026-08-24T01:32:43Z,0,0.0,0.00,78,12.7,0.00,Deactivated,27,28,0,0,8363
2026-08-24T01:32:43Z,0,0.0,0.00,78,12.7,0.00,Deactivated,27,28,0,0,8363
2026-08-24T01:32:44Z,0,0.0,0.00,78,12.7,0.00,Deactivated,27,28,0,0,8363
2026-08-24T01:32:44Z,0,0.0,0.00,78,12.7,0.00,Deactivated,27,28,0,0,8363
2026-08-24T01:32:45Z,0,0.0,0.00,78,12.7,0.00,Deactivated,27,28,0,0,8363
2026-08-24T01:32:45Z,0,0.0,0.00,78,12.7,0.00,Deactivated,27,28,0,0,8363
2026-08-24T01:32:45Z,0,0.0,0.00,78,12.7,0.00,Deactivated,27,28,0,0,8363
2026-08-24T01:32:45Z,0,0.0,0.00,78,12.7,0.00,Deactivated,27,28,0,0,8363
2026-08-24T01:32:47Z,0,0.0,0.00,78,12.7,0.00,Deactivated,27,28,0,0,8363
2026-08-24T01:32:47Z,0,0.0,0.00,78,12.7,0.00,Deactivated,27,28,0,0,8363
2026-08-24T01:32:48Z,0,0.0,0.00,78,12.7,0.00,Deactivated,27,28,0,0,8363
2026-08-24T01:32:48Z,0,0.0,0.00,78,12.7,0.00,Deactivated,27,28,0,0,8363
2026-08-24T01:32:49Z,0,0.0,0.00,78,12.7,0.00,Deactivated,27,28,0,0,8363
2026-08-24T01:32:49Z,0,0.0,0.00,78,12.7,0.00,Deactivated,27,28,0,0,8363
2026-08-24T01:32:50Z,0,0.0,0.00,78,12.7,0.00,Deactivated,27,28,0,0,8363
2026-08-24T01:32:50Z,0,0.0,0.00,78,12.7,0.00,Deactivated,27,28,0,0,8363
2026-08-24T01:32:50Z,0,0.0,0.00,78,12.7,0.00,Deactivated,27,28,0,0,8363
2026-08-24T01:32:50Z,0,0.0,0.00,78,12.7,0.00,Deactivated,27,28,0,0,8363
2026-08-24T01:32:52Z,0,0.0,0.00,78,12.7,0.00,Deactivated,27,28,0,0,8363
2026-08-24T01:32:52Z,0,0.0,0.00,78,12.7,0.00,Deactivated,27,28,0,0,8363
2026-08-24T01:32:52Z,0,0.0,0.00,78,12.7,0.00,Deactivated,27,28,0,0,8363
2026-08-24T01:32:52Z,0,0.0,0.00,78,12.7,0.00,Deactivated,27,28,0,0,8363
2026-08-24T01:32:54Z,0,0.0,0.00,78,12.7,0.00,Deactivated,27,28,0,0,8363
2026-08-24T01:32:54Z,0,0.0,0.00,78,12.7,0.00,Deactivated,27,28,0,0,8363
2026-08-24T01:32:55Z,0,0.0,0.00,78,12.7,0.00,Deactivated,27,28,0,0,8363
2026-08-24T01:32:55Z,0,0.0,0.00,78,12.7,0.00,Deactivated,27,28,0,0,8363
2026-08-24T01:32:56Z,0,0.0,0.00,78,12.7,0.00,Deactivated,27,28,0,0,8363
2026-08-24T01:32:56Z,0,0.0,0.00,78,12.7,0.00,Deactivated,27,28,0,0,8363
2026-08-24T01:32:57Z,0,0.0,0.00,78,12.7,0.00,Deactivated,27,28,0,0,8363
2026-08-24T01:32:57Z,0,0.0,0.00,78,12.7,0.00,Deactivated,27,28,0,0,8363
2026-08-24T01:32:58Z,0,0.0,0.00,78,12.7,0.00,Deactivated,27,28,0,0,8363
2026-08-24T01:32:58Z,0,0.0,0.00,78,12.7,0.00,Deactivated,27,28,0,0,8363
2026-08-24T01:32:59Z,0,0.0,0.00,78,12.7,0.00,Deactivated,27,28,0,0,8363
2026-08-24T01:32:59Z,0,0.0,0.00,78,12.7,0.00,Deactivated,27,28,0,0,8363
2026-08-24T01:33:00Z,0,0.0,0.00,78,12.7,0.00,Deactivated,27,28,0,0,8363
2026-08-24T01:33:00Z,0,0.0,0.00,78,12.7,0.00,Deactivated,27,28,0,0,8363
2026-08-24T01:33:01Z,0,0.0,0.00,78,12.7,0.00,Deactivated,27,28,0,0,8363
2026-08-24T01:33:01Z,0,0.0,0.00,78,12.7,0.00,Deactivated,27,28,0,0,8363
2026-08-24T01:33:02Z,0,0.0,0.00,78,12.7,0.00,Deactivated,27,28,0,0,8363
2026-08-24T01:33:02Z,0,0.0,0.00,78,12.7,0.00,Deactivated,27,28,0,0,8363
2026-08-24T01:33:02Z,0,0.0,0.00,79,12.7,0.00,Deactivated,27,28,0,0,8363
2026-08-24T01:33:02Z,0,0.0,0.00,79,12.7,0.00,Deactivated,27,28,0,0,8363
2026-08-24T01:33:04Z,0,0.0,0.00,79,12.7,0.00,Deactivated,27,28,0,0,8363
2026-08-24T01:33:04Z,0,0.0,0.00,79,12.7,0.00,Deactivated,27,28,0,0,8363
2026-08-24T01:33:05Z,0,0.0,0.00,79,12.7,0.00,Deactivated,27,28,0,0,8363
2026-08-24T01:33:05Z,0,0.0,0.00,79,12.7,0.00,Deactivated,27,28,0,0,8363
2026-08-24T01:33:06Z,0,0.0,0.00,79,12.7,0.00,Deactivated,27,28,0,0,8363
2026-08-24T01:33:06Z,0,0.0,0.00,79,12.7,0.00,Deactivated,27,28,0,0,8363
2026-08-24T01:33:07Z,0,0.0,0.00,79,12.7,0.00,Deactivated,27,28,0,0,8363
2026-08-24T01:33:07Z,0,0.0,0.00,79,12.7,0.00,Deactivated,27,28,0,0,8363
2026-08-24T01:33:07Z,0,0.0,0.00,78,12.7,0.00,Deactivated,27,28,0,0,8363
2026-08-24T01:33:07Z,0,0.0,0.00,78,12.7,0.00,Deactivated,27,28,0,0,8363
2026-08-24T01:33:09Z,0,0.0,0.00,78,12.7,0.00,Deactivated,27,29,0,0,8363
2026-08-24T01:33:09Z,0,0.0,0.00,78,12.7,0.00,Deactivated,27,29,0,0,8363
2026-08-24T01:33:10Z,0,0.0,0.00,78,12.7,0.00,Deactivated,27,28,0,0,8363
2026-08-24T01:33:10Z,0,0.0,0.00,78,12.7,0.00,Deactivated,27,28,0,0,8363
2026-08-24T01:33:11Z,0,0.0,0.00,78,12.7,0.00,Deactivated,27,28,0,0,8363
2026-08-24T01:33:11Z,0,0.0,0.00,78,12.7,0.00,Deactivated,27,28,0,0,8363
2026-08-24T01:33:12Z,0,0.0,0.00,78,12.7,0.00,Deactivated,27,28,0,0,8363
2026-08-24T01:33:12Z,0,0.0,0.00,78,12.7,0.00,Deactivated,27,28,0,0,8363
2026-08-24T01:33:13Z,0,0.0,0.00,78,12.7,0.00,Deactivated,27,28,0,0,8363
2026-08-24T01:33:13Z,0,0.0,0.00,78,12.7,0.00,Deactivated,27,28,0,0,8363
2026-08-24T01:33:14Z,0,0.0,0.00,78,12.7,0.00,Deactivated,27,28,0,0,8363
2026-08-24T01:33:14Z,0,0.0,0.00,78,12.7,0.00,Deactivated,27,28,0,0,8363
2026-08-24T01:33:15Z,0,0.0,0.00,78,12.7,0.00,Deactivated,27,28,0,0,8363
2026-08-24T01:33:15Z,0,0.0,0.00,78,12.7,0.00,Deactivated,27,28,0,0,8363
2026-08-24T01:33:15Z,0,0.0,0.00,78,12.7,0.00,Deactivated,27,28,0,0,8363
2026-08-24T01:33:15Z,0,0.0,0.00,78,12.7,0.00,Deactivated,27,28,0,0,8363
2026-08-24T01:33:17Z,0,0.0,0.00,78,12.7,0.00,Deactivated,27,28,0,0,8363
2026-08-24T01:33:17Z,0,0.0,0.00,78,12.7,0.00,Deactivated,27,28,0,0,8363
2026-08-24T01:33:18Z,0,0.0,0.00,79,12.7,0.00,Deactivated,27,28,0,0,8363
2026-08-24T01:33:18Z,0,0.0,0.00,79,12.7,0.00,Deactivated,27,28,0,0,8363
2026-08-24T01:33:19Z,0,0.0,0.00,79,12.7,0.00,Deactivated,27,28,0,0,8363
2026-08-24T01:33:19Z,0,0.0,0.00,79,12.7,0.00,Deactivated,27,28,0,0,8363
2026-08-24T01:33:20Z,0,0.0,0.00,79,12.7,0.00,Deactivated,27,28,0,0,8363
2026-08-24T01:33:20Z,0,0.0,0.00,79,12.7,0.00,Deactivated,27,28,0,0,8363
2026-08-24T01:33:21Z,0,0.0,0.00,79,12.7,0.00,Deactivated,27,28,0,0,8363
2026-08-24T01:33:21Z,0,0.0,0.00,79,12.7,0.00,Deactivated,27,28,0,0,8363
2026-08-24T01:33:21Z,0,0.0,0.00,79,12.7,0.00,Deactivated,27,28,0,0,8363
2026-08-24T01:33:21Z,0,0.0,0.00,79,12.7,0.00,Deactivated,27,28,0,0,8363
2026-08-24T01:33:23Z,0,0.0,0.00,78,12.7,0.00,Deactivated,27,28,0,0,8363
2026-08-24T01:33:23Z,0,0.0,0.00,78,12.7,0.00,Deactivated,27,28,0,0,8363
2026-08-24T01:33:24Z,0,0.0,0.00,78,12.7,0.00,Deactivated,27,28,0,0,8363
2026-08-24T01:33:24Z,0,0.0,0.00,78,12.7,0.00,Deactivated,27,28,0,0,8363
2026-08-24T01:33:25Z,0,0.0,0.00,78,12.7,0.00,Deactivated,27,28,0,0,8363
2026-08-24T01:33:25Z,0,0.0,0.00,78,12.7,0.00,Deactivated,27,28,0,0,8363
2026-08-24T01:33:26Z,0,0.0,0.00,78,12.7,0.00,Deactivated,27,28,0,0,8363
2026-08-24T01:33:26Z,0,0.0,0.00,78,12.7,0.00,Deactivated,27,28,0,0,8363
2026-08-24T01:33:27Z,0,0.0,0.00,78,12.7,0.00,Deactivated,27,28,0,0,8363
2026-08-24T01:33:27Z,0,0.0,0.00,78,12.7,0.00,Deactivated,27,28,0,0,8363
2026-08-24T01:33:27Z,0,0.0,0.00,78,12.7,0.00,Deactivated,27,28,0,0,8363
2026-08-24T01:33:27Z,0,0.0,0.00,78,12.7,0.00,Deactivated,27,28,0,0,8363
2026-08-24T01:33:29Z,0,0.0,0.00,78,12.7,0.00,Deactivated,27,28,0,0,8363
2026-08-24T01:33:29Z,0,0.0,0.00,78,12.7,0.00,Deactivated,27,28,0,0,8363
2026-08-24T01:33:30Z,0,0.0,0.00,78,12.7,0.00,Deactivated,27,28,0,0,8363
2026-08-24T01:33:30Z,0,0.0,0.00,78,12.7,0.00,Deactivated,27,28,0,0,8363
2026-08-24T01:33:30Z,0,0.0,0.00,78,12.7,0.00,Deactivated,27,28,0,0,8363
2026-08-24T01:33:30Z,0,0.0,0.00,78,12.7,0.00,Deactivated,27,28,0,0,8363
2026-08-24T01:33:32Z,0,0.0,0.00,78,12.7,0.00,Deactivated,27,28,0,0,8363
2026-08-24T01:33:32Z,0,0.0,0.00,78,12.7,0.00,Deactivated,27,28,0,0,8363
2026-08-24T01:33:33Z,0,0.0,0.00,78,12.7,0.00,Deactivated,27,28,0,0,8363
2026-08-24T01:33:33Z,0,0.0,0.00,78,12.7,0.00,Deactivated,27,28,0,0,8363
2026-08-24T01:33:34Z,0,0.0,0.00,78,12.7,0.00,Deactivated,27,28,0,0,8363
2026-08-24T01:33:34Z,0,0.0,0.00,78,12.7,0.00,Deactivated,27,28,0,0,8363
2026-08-24T01:33:34Z,0,0.0,0.00,78,12.7,0.00,Deactivated,27,28,0,0,8363
2026-08-24T01:33:34Z,0,0.0,0.00,78,12.7,0.00,Deactivated,27,28,0,0,8363
2026-08-24T01:33:36Z,0,0.0,0.00,78,12.7,0.00,Deactivated,27,28,0,0,8363
2026-08-24T01:33:36Z,0,0.0,0.00,78,12.7,0.00,Deactivated,27,28,0,0,8363
2026-08-24T01:33:37Z,0,0.0,0.00,78,12.7,0.00,Deactivated,27,28,0,0,8363
2026-08-24T01:33:37Z,0,0.0,0.00,78,12.7,0.00,Deactivated,27,28,0,0,8363
2026-08-24T01:33:37Z,0,0.0,0.00,78,12.7,0.00,Deactivated,27,28,0,0,8363
2026-08-24T01:33:37Z,0,0.0,0.00,78,12.7,0.00,Deactivated,27,28,0,0,8363
2026-08-24T01:33:39Z,0,0.0,0.00,78,12.7,0.00,Deactivated,27,28,0,0,8363
2026-08-24T01:33:39Z,0,0.0,0.00,78,12.7,0.00,Deactivated,27,28,0,0,8363
2026-08-24T01:33:40Z,0,0.0,0.00,78,12.7,0.00,Deactivated,27,28,0,0,8363
2026-08-24T01:33:40Z,0,0.0,0.00,78,12.7,0.00,Deactivated,27,28,0,0,8363
2026-08-24T01:33:40Z,0,0.0,0.00,78,12.7,0.00,Deactivated,27,28,0,0,8363
2026-08-24T01:33:40Z,0,0.0,0.00,78,12.7,0.00,Deactivated,27,28,0,0,8363
2026-08-24T01:33:42Z,0,0.0,0.00,78,12.7,0.00,Deactivated,27,28,0,0,8363
2026-08-24T01:33:42Z,0,0.0,0.00,78,12.7,0.00,Deactivated,27,28,0,0,8363
2026-08-24T01:33:43Z,0,0.0,0.00,78,12.7,0.00,Deactivated,27,28,0,0,8363
2026-08-24T01:33:43Z,0,0.0,0.00,78,12.7,0.00,Deactivated,27,28,0,0,8363
2026-08-24T01:33:44Z,0,0.0,0.00,78,12.7,0.00,Deactivated,27,28,0,0,8363
2026-08-24T01:33:44Z,0,0.0,0.00,78,12.7,0.00,Deactivated,27,28,0,0,8363
2026-08-24T01:33:45Z,0,0.0,0.00,78,12.7,0.00,Deactivated,27,28,0,0,8363
2026-08-24T01:33:45Z,0,0.0,0.00,78,12.7,0.00,Deactivated,27,28,0,0,8363
2026-08-24T01:33:46Z,0,0.0,0.00,78,12.7,0.00,Deactivated,27,28,0,0,8363
2026-08-24T01:33:46Z,0,0.0,0.00,78,12.7,0.00,Deactivated,27,28,0,0,8363
2026-08-24T01:33:47Z,0,0.0,0.00,78,12.7,0.00,Deactivated,27,28,0,0,8363
2026-08-24T01:33:47Z,0,0.0,0.00,78,12.7,0.00,Deactivated,27,28,0,0,8363
2026-08-24T01:33:48Z,0,0.0,0.00,78,12.7,0.00,Deactivated,27,28,0,0,8363
2026-08-24T01:33:48Z,0,0.0,0.00,78,12.7,0.00,Deactivated,27,28,0,0,8363
2026-08-24T01:33:49Z,0,0.0,0.00,78,12.7,0.00,Deactivated,27,28,0,0,8363
2026-08-24T01:33:49Z,0,0.0,0.00,78,12.7,0.00,Deactivated,27,28,0,0,8363
2026-08-24T01:33:49Z,0,0.0,0.00,78,12.7,0.00,Deactivated,27,28,0,0,8363
2026-08-24T01:33:49Z,0,0.0,0.00,78,12.7,0.00,Deactivated,27,28,0,0,8363
2026-08-24T01:33:50Z,0,0.0,0.00,78,12.7,0.00,Deactivated,27,28,0,0,8363
2026-08-24T01:33:50Z,0,0.0,0.00,78,12.7,0.00,Deactivated,27,28,0,0,8363
2026-08-24T01:33:51Z,0,0.0,0.00,78,12.7,0.00,Deactivated,27,28,0,0,8363
2026-08-24T01:33:51Z,0,0.0,0.00,78,12.7,0.00,Deactivated,27,28,0,0,8363
2026-08-24T01:33:53Z,0,0.0,0.00,79,12.7,0.00,Deactivated,27,28,0,0,8363
2026-08-24T01:33:53Z,0,0.0,0.00,79,12.7,0.00,Deactivated,27,28,0,0,8363
2026-08-24T01:33:54Z,0,0.0,0.00,79,12.7,0.00,Deactivated,27,28,0,0,8363
2026-08-24T01:33:54Z,0,0.0,0.00,79,12.7,0.00,Deactivated,27,28,0,0,8363
2026-08-24T01:33:55Z,0,0.0,0.00,79,12.7,0.00,Deactivated,27,28,0,0,8363
2026-08-24T01:33:55Z,0,0.0,0.00,79,12.7,0.00,Deactivated,27,28,0,0,8363
2026-08-24T01:33:55Z,0,0.0,0.00,79,12.7,0.00,Deactivated,27,28,0,0,8363
2026-08-24T01:33:55Z,0,0.0,0.00,79,12.7,0.00,Deactivated,27,28,0,0,8363
2026-08-24T01:33:57Z,0,0.0,0.00,79,12.7,0.00,Deactivated,27,28,0,0,8363
2026-08-24T01:33:57Z,0,0.0,0.00,79,12.7,0.00,Deactivated,27,28,0,0,8363
2026-08-24T01:33:58Z,0,0.0,0.00,78,12.7,0.00,Deactivated,27,28,0,0,8363
2026-08-24T01:33:58Z,0,0.0,0.00,78,12.7,0.00,Deactivated,27,28,0,0,8363
2026-08-24T01:33:59Z,0,0.0,0.00,78,12.7,0.00,Deactivated,27,28,0,0,8363
2026-08-24T01:33:59Z,0,0.0,0.00,78,12.7,0.00,Deactivated,27,28,0,0,8363
2026-08-24T01:34:00Z,0,0.0,0.00,78,12.7,0.00,Deactivated,27,28,0,0,8363
2026-08-24T01:34:00Z,0,0.0,0.00,78,12.7,0.00,Deactivated,27,28,0,0,8363
2026-08-24T01:34:01Z,0,0.0,0.00,78,12.7,0.00,Deactivated,27,28,0,0,8363
2026-08-24T01:34:01Z,0,0.0,0.00,78,12.7,0.00,Deactivated,27,28,0,0,8363
2026-08-24T01:34:02Z,0,0.0,0.00,78,12.7,0.00,Deactivated,27,28,0,0,8363
2026-08-24T01:34:02Z,0,0.0,0.00,78,12.7,0.00,Deactivated,27,28,0,0,8363
2026-08-24T01:34:03Z,0,0.0,0.00,79,12.7,0.00,Deactivated,27,28,0,0,8363
2026-08-24T01:34:03Z,0,0.0,0.00,79,12.7,0.00,Deactivated,27,28,0,0,8363
2026-08-24T01:34:04Z,0,0.0,0.00,79,12.7,0.00,Deactivated,27,28,0,0,8363
2026-08-24T01:34:04Z,0,0.0,0.00,79,12.7,0.00,Deactivated,27,28,0,0,8363
2026-08-24T01:34:05Z,0,0.0,0.00,79,12.7,0.00,Deactivated,27,28,0,0,8363
2026-08-24T01:34:05Z,0,0.0,0.00,79,12.7,0.00,Deactivated,27,28,0,0,8363
2026-08-24T01:34:06Z,0,0.0,0.00,79,12.7,0.00,Deactivated,27,28,0,0,8363
2026-08-24T01:34:06Z,0,0.0,0.00,79,12.7,0.00,Deactivated,27,28,0,0,8363
2026-08-24T01:34:07Z,0,0.0,0.00,79,12.7,0.00,Deactivated,27,28,0,0,8363
2026-08-24T01:34:07Z,0,0.0,0.00,79,12.7,0.00,Deactivated,27,28,0,0,8363
2026-08-24T01:34:08Z,0,0.0,0.00,77,12.7,0.00,Deactivated,27,28,0,0,8363
2026-08-24T01:34:08Z,0,0.0,0.00,77,12.7,0.00,Deactivated,27,28,0,0,8363
2026-08-24T01:34:09Z,0,0.0,0.00,77,12.7,0.00,Deactivated,27,28,0,0,8363
2026-08-24T01:34:09Z,0,0.0,0.00,77,12.7,0.00,Deactivated,27,28,0,0,8363
2026-08-24T01:34:10Z,0,0.0,0.00,77,12.7,0.00,Deactivated,27,28,0,0,8363
2026-08-24T01:34:10Z,0,0.0,0.00,77,12.7,0.00,Deactivated,27,28,0,0,8363
2026-08-24T01:34:11Z,0,0.0,0.00,77,12.7,0.00,Deactivated,27,28,0,0,8363
2026-08-24T01:34:11Z,0,0.0,0.00,77,12.7,0.00,Deactivated,27,28,0,0,8363
2026-08-24T01:34:12Z,0,0.0,0.00,77,12.7,0.00,Deactivated,27,28,0,0,8363
2026-08-24T01:34:12Z,0,0.0,0.00,77,12.7,0.00,Deactivated,27,28,0,0,8363
2026-08-24T01:34:13Z,0,0.0,0.00,78,12.7,0.00,Deactivated,27,28,0,0,8363
2026-08-24T01:34:13Z,0,0.0,0.00,78,12.7,0.00,Deactivated,27,28,0,0,8363
2026-08-24T01:34:14Z,0,0.0,0.00,78,12.7,0.00,Deactivated,27,28,0,0,8363
2026-08-24T01:34:14Z,0,0.0,0.00,78,12.7,0.00,Deactivated,27,28,0,0,8363
2026-08-24T01:34:15Z,0,0.0,0.00,78,12.7,0.00,Deactivated,27,28,0,0,8363
2026-08-24T01:34:15Z,0,0.0,0.00,78,12.7,0.00,Deactivated,27,28,0,0,8363
2026-08-24T01:34:16Z,0,0.0,0.00,78,12.7,0.00,Deactivated,27,28,0,0,8363
2026-08-24T01:34:16Z,0,0.0,0.00,78,12.7,0.00,Deactivated,27,28,0,0,8363
2026-08-24T01:34:17Z,0,0.0,0.00,78,12.7,0.00,Deactivated,27,28,0,0,8363
2026-08-24T01:34:17Z,0,0.0,0.00,78,12.7,0.00,Deactivated,27,28,0,0,8363
2026-08-24T01:34:18Z,0,0.0,0.00,78,12.7,0.00,Deactivated,27,28,0,0,8363
2026-08-24T01:34:18Z,0,0.0,0.00,78,12.7,0.00,Deactivated,27,28,0,0,8363
2026-08-24T01:34:18Z,0,0.0,0.00,78,12.7,0.00,Deactivated,27,28,0,0,8363
2026-08-24T01:34:18Z,0,0.0,0.00,78,12.7,0.00,Deactivated,27,28,0,0,8363
2026-08-24T01:34:20Z,0,0.0,0.00,78,12.7,0.00,Deactivated,27,28,0,0,8363
2026-08-24T01:34:20Z,0,0.0,0.00,78,12.7,0.00,Deactivated,27,28,0,0,8363
2026-08-24T01:34:20Z,0,0.0,0.00,78,12.7,0.00,Deactivated,27,28,0,0,8363
2026-08-24T01:34:20Z,0,0.0,0.00,78,12.7,0.00,Deactivated,27,28,0,0,8363
2026-08-24T01:34:22Z,0,0.0,0.00,78,12.7,0.00,Deactivated,27,28,0,0,8363
2026-08-24T01:34:22Z,0,0.0,0.00,78,12.7,0.00,Deactivated,27,28,0,0,8363
2026-08-24T01:34:22Z,0,0.0,0.00,78,12.7,0.00,Deactivated,27,28,0,0,8363
2026-08-24T01:34:22Z,0,0.0,0.00,78,12.7,0.00,Deactivated,27,28,0,0,8363
2026-08-24T01:34:24Z,0,0.0,0.00,78,12.7,0.00,Deactivated,27,28,0,0,8363
2026-08-24T01:34:24Z,0,0.0,0.00,78,12.7,0.00,Deactivated,27,28,0,0,8363
2026-08-24T01:34:25Z,0,0.0,0.00,78,12.7,0.00,Deactivated,27,28,0,0,8363
2026-08-24T01:34:25Z,0,0.0,0.00,78,12.7,0.00,Deactivated,27,28,0,0,8363
2026-08-24T01:34:26Z,0,0.0,0.00,78,12.7,0.00,Deactivated,27,28,0,0,8363
2026-08-24T01:34:26Z,0,0.0,0.00,78,12.7,0.00,Deactivated,27,28,0,0,8363
2026-08-24T01:34:27Z,0,0.0,0.00,78,12.7,0.00,Deactivated,27,28,0,0,8363
2026-08-24T01:34:27Z,0,0.0,0.00,78,12.7,0.00,Deactivated,27,28,0,0,8363
2026-08-24T01:34:28Z,0,0.0,0.00,78,12.7,0.00,Deactivated,27,28,0,0,8363
2026-08-24T01:34:28Z,0,0.0,0.00,78,12.7,0.00,Deactivated,27,28,0,0,8363
2026-08-24T01:34:29Z,0,0.0,0.00,78,12.7,0.00,Deactivated,27,28,0,0,8363
2026-08-24T01:34:29Z,0,0.0,0.00,78,12.7,0.00,Deactivated,27,28,0,0,8363
2026-08-24T01:34:30Z,0,0.0,0.00,78,12.7,0.00,Deactivated,27,28,0,0,8363
2026-08-24T01:34:30Z,0,0.0,0.00,78,12.7,0.00,Deactivated,27,28,0,0,8363
2026-08-24T01:34:31Z,0,0.0,0.00,78,12.7,0.00,Deactivated,27,28,0,0,8363
2026-08-24T01:34:31Z,0,0.0,0.00,78,12.7,0.00,Deactivated,27,28,0,0,8363
2026-08-24T01:34:31Z,0,0.0,0.00,78,12.7,0.00,Deactivated,27,28,0,0,8363
2026-08-24T01:34:31Z,0,0.0,0.00,78,12.7,0.00,Deactivated,27,28,0,0,8363
2026-08-24T01:34:33Z,0,0.0,0.00,78,12.7,0.00,Deactivated,27,28,0,0,8363
2026-08-24T01:34:33Z,0,0.0,0.00,78,12.7,0.00,Deactivated,27,28,0,0,8363
2026-08-24T01:34:34Z,0,0.0,0.00,78,12.7,0.00,Deactivated,27,28,0,0,8363
2026-08-24T01:34:34Z,0,0.0,0.00,78,12.7,0.00,Deactivated,27,28,0,0,8363
2026-08-24T01:34:35Z,0,0.0,0.00,78,12.7,0.00,Deactivated,27,28,0,0,8363
2026-08-24T01:34:35Z,0,0.0,0.00,78,12.7,0.00,Deactivated,27,28,0,0,8363
2026-08-24T01:34:36Z,0,0.0,0.00,78,12.7,0.00,Deactivated,27,28,0,0,8363
2026-08-24T01:34:36Z,0,0.0,0.00,78,12.7,0.00,Deactivated,27,28,0,0,8363
2026-08-24T01:34:37Z,0,0.0,0.00,78,12.7,0.00,Deactivated,27,28,0,0,8363
2026-08-24T01:34:37Z,0,0.0,0.00,78,12.7,0.00,Deactivated,27,28,0,0,8363
2026-08-24T01:34:38Z,0,0.0,0.00,78,12.7,0.00,Deactivated,27,28,0,0,8363
2026-08-24T01:34:38Z,0,0.0,0.00,78,12.7,0.00,Deactivated,27,28,0,0,8363
2026-08-24T01:34:39Z,0,0.0,0.00,78,12.7,0.00,Deactivated,27,28,0,0,8363
2026-08-24T01:34:39Z,0,0.0,0.00,78,12.7,0.00,Deactivated,27,28,0,0,8363
2026-08-24T01:34:40Z,0,0.0,0.00,78,12.7,0.00,Deactivated,27,28,0,0,8363
2026-08-24T01:34:40Z,0,0.0,0.00,78,12.7,0.00,Deactivated,27,28,0,0,8363
2026-08-24T01:34:40Z,0,0.0,0.00,78,12.7,0.00,Deactivated,27,28,0,0,8363
2026-08-24T01:34:40Z,0,0.0,0.00,78,12.7,0.00,Deactivated,27,28,0,0,8363
2026-08-24T01:34:42Z,0,0.0,0.00,78,12.7,0.00,Deactivated,27,28,0,0,8363
2026-08-24T01:34:42Z,0,0.0,0.00,78,12.7,0.00,Deactivated,27,28,0,0,8363
2026-08-24T01:34:42Z,0,0.0,0.00,78,12.7,0.00,Deactivated,27,28,0,0,8363
2026-08-24T01:34:42Z,0,0.0,0.00,78,12.7,0.00,Deactivated,27,28,0,0,8363
2026-08-24T01:34:44Z,0,0.0,0.00,78,12.7,0.00,Deactivated,27,28,0,0,8363
2026-08-24T01:34:44Z,0,0.0,0.00,78,12.7,0.00,Deactivated,27,28,0,0,8363
2026-08-24T01:34:45Z,0,0.0,0.00,78,12.7,0.00,Deactivated,27,28,0,0,8363
2026-08-24T01:34:45Z,0,0.0,0.00,78,12.7,0.00,Deactivated,27,28,0,0,8363
2026-08-24T01:34:46Z,0,0.0,0.00,78,12.7,0.00,Deactivated,27,28,0,0,8363
2026-08-24T01:34:46Z,0,0.0,0.00,78,12.7,0.00,Deactivated,27,28,0,0,8363
2026-08-24T01:34:47Z,0,0.0,0.00,78,12.7,0.00,Deactivated,27,28,0,0,8363
2026-08-24T01:34:47Z,0,0.0,0.00,78,12.7,0.00,Deactivated,27,28,0,0,8363
2026-08-24T01:34:47Z,0,0.0,0.00,78,12.7,0.00,Deactivated,27,28,0,0,8363
2026-08-24T01:34:47Z,0,0.0,0.00,78,12.7,0.00,Deactivated,27,28,0,0,8363
2026-08-24T01:34:48Z,0,0.0,0.00,78,12.7,0.00,Deactivated,27,28,0,0,8363
2026-08-24T01:34:48Z,0,0.0,0.00,78,12.7,0.00,Deactivated,27,28,0,0,8363
2026-08-24T01:34:50Z,0,0.0,0.00,78,12.7,0.00,Deactivated,27,28,0,0,8363
2026-08-24T01:34:50Z,0,0.0,0.00,78,12.7,0.00,Deactivated,27,28,0,0,8363
2026-08-24T01:34:51Z,0,0.0,0.00,78,12.7,0.00,Deactivated,27,28,0,0,8363
2026-08-24T01:34:51Z,0,0.0,0.00,78,12.7,0.00,Deactivated,27,28,0,0,8363
2026-08-24T01:34:51Z,0,0.0,0.00,78,12.7,0.00,Deactivated,27,28,0,0,8363
2026-08-24T01:34:51Z,0,0.0,0.00,78,12.7,0.00,Deactivated,27,28,0,0,8363
2026-08-24T01:34:53Z,0,0.0,0.00,78,12.7,0.00,Deactivated,27,28,0,0,8363
2026-08-24T01:34:53Z,0,0.0,0.00,78,12.7,0.00,Deactivated,27,28,0,0,8363
2026-08-24T01:34:53Z,0,0.0,0.00,78,12.7,0.00,Deactivated,27,28,0,0,8363
2026-08-24T01:34:53Z,0,0.0,0.00,78,12.7,0.00,Deactivated,27,28,0,0,8363
2026-08-24T01:34:55Z,0,0.0,0.00,78,12.7,0.00,Deactivated,27,28,0,0,8363
2026-08-24T01:34:55Z,0,0.0,0.00,78,12.7,0.00,Deactivated,27,28,0,0,8363
2026-08-24T01:34:56Z,0,0.0,0.00,78,12.7,0.00,Deactivated,27,28,0,0,8363
2026-08-24T01:34:56Z,0,0.0,0.00,78,12.7,0.00,Deactivated,27,28,0,0,8363
2026-08-24T01:34:57Z,0,0.0,0.00,78,12.7,0.00,Deactivated,27,28,0,0,8363
2026-08-24T01:34:57Z,0,0.0,0.00,78,12.7,0.00,Deactivated,27,28,0,0,8363
2026-08-24T01:34:57Z,0,0.0,0.00,78,12.7,0.00,Deactivated,27,28,0,0,8363
2026-08-24T01:34:57Z,0,0.0,0.00,78,12.7,0.00,Deactivated,27,28,0,0,8363
2026-08-24T01:34:58Z,0,0.0,0.00,78,12.7,0.00,Deactivated,27,28,0,0,8363
2026-08-24T01:34:58Z,0,0.0,0.00,78,12.7,0.00,Deactivated,27,28,0,0,8363
2026-08-24T01:35:00Z,0,0.0,0.00,78,12.7,0.00,Deactivated,27,28,0,0,8363
2026-08-24T01:35:00Z,0,0.0,0.00,78,12.7,0.00,Deactivated,27,28,0,0,8363
2026-08-24T01:35:01Z,0,0.0,0.00,78,12.7,0.00,Deactivated,27,28,0,0,8363
2026-08-24T01:35:01Z,0,0.0,0.00,78,12.7,0.00,Deactivated,27,28,0,0,8363
2026-08-24T01:35:02Z,0,0.0,0.00,78,12.7,0.00,Deactivated,27,28,0,0,8363
2026-08-24T01:35:02Z,0,0.0,0.00,78,12.7,0.00,Deactivated,27,28,0,0,8363
2026-08-24T01:35:03Z,0,0.0,0.00,79,12.7,0.00,Deactivated,27,28,0,0,8363
2026-08-24T01:35:03Z,0,0.0,0.00,79,12.7,0.00,Deactivated,27,28,0,0,8363
2026-08-24T01:35:04Z,0,0.0,0.00,79,12.7,0.00,Deactivated,27,28,0,0,8363
2026-08-24T01:35:04Z,0,0.0,0.00,79,12.7,0.00,Deactivated,27,28,0,0,8363
2026-08-24T01:35:05Z,0,0.0,0.00,79,12.7,0.00,Deactivated,27,28,0,0,8363
2026-08-24T01:35:05Z,0,0.0,0.00,79,12.7,0.00,Deactivated,27,28,0,0,8363
2026-08-24T01:35:06Z,0,0.0,0.00,79,12.7,0.00,Deactivated,27,28,0,0,8363
2026-08-24T01:35:06Z,0,0.0,0.00,79,12.7,0.00,Deactivated,27,28,0,0,8363
2026-08-24T01:35:07Z,0,0.0,0.00,79,12.7,0.00,Deactivated,27,28,0,0,8363
2026-08-24T01:35:07Z,0,0.0,0.00,79,12.7,0.00,Deactivated,27,28,0,0,8363
2026-08-24T01:35:07Z,0,0.0,0.00,78,12.7,0.00,Deactivated,27,28,0,0,8363
2026-08-24T01:35:07Z,0,0.0,0.00,78,12.7,0.00,Deactivated,27,28,0,0,8363
2026-08-24T01:35:09Z,0,0.0,0.00,78,12.7,0.00,Deactivated,27,28,0,0,8363
2026-08-24T01:35:09Z,0,0.0,0.00,78,12.7,0.00,Deactivated,27,28,0,0,8363
2026-08-24T01:35:10Z,0,0.0,0.00,78,12.7,0.00,Deactivated,27,28,0,0,8363
2026-08-24T01:35:10Z,0,0.0,0.00,78,12.7,0.00,Deactivated,27,28,0,0,8363
2026-08-24T01:35:11Z,0,0.0,0.00,78,12.7,0.00,Deactivated,27,28,0,0,8363
2026-08-24T01:35:11Z,0,0.0,0.00,78,12.7,0.00,Deactivated,27,28,0,0,8363
2026-08-24T01:35:12Z,0,0.0,0.00,78,12.7,0.00,Deactivated,27,28,0,0,8363
2026-08-24T01:35:12Z,0,0.0,0.00,78,12.7,0.00,Deactivated,27,28,0,0,8363
2026-08-24T01:35:13Z,0,0.0,0.00,78,12.7,0.00,Deactivated,27,28,0,0,8363
2026-08-24T01:35:13Z,0,0.0,0.00,78,12.7,0.00,Deactivated,27,28,0,0,8363
2026-08-24T01:35:13Z,0,0.0,0.00,78,12.7,0.00,Deactivated,27,28,0,0,8363
2026-08-24T01:35:13Z,0,0.0,0.00,78,12.7,0.00,Deactivated,27,28,0,0,8363
2026-08-24T01:35:15Z,0,0.0,0.00,78,12.7,0.00,Deactivated,27,28,0,0,8363
2026-08-24T01:35:15Z,0,0.0,0.00,78,12.7,0.00,Deactivated,27,28,0,0,8363
2026-08-24T01:35:16Z,0,0.0,0.00,78,12.7,0.00,Deactivated,27,28,0,0,8363
2026-08-24T01:35:16Z,0,0.0,0.00,78,12.7,0.00,Deactivated,27,28,0,0,8363
2026-08-24T01:35:17Z,0,0.0,0.00,78,12.7,0.00,Deactivated,27,28,0,0,8363
2026-08-24T01:35:17Z,0,0.0,0.00,78,12.7,0.00,Deactivated,27,28,0,0,8363
2026-08-24T01:35:18Z,0,0.0,0.00,78,12.7,0.00,Deactivated,27,28,0,0,8363
2026-08-24T01:35:18Z,0,0.0,0.00,78,12.7,0.00,Deactivated,27,28,0,0,8363
2026-08-24T01:35:19Z,0,0.0,0.00,78,12.7,0.00,Deactivated,27,28,0,0,8363
2026-08-24T01:35:19Z,0,0.0,0.00,78,12.7,0.00,Deactivated,27,28,0,0,8363
2026-08-24T01:35:20Z,0,0.0,0.00,78,12.7,0.00,Deactivated,27,28,0,0,8363
2026-08-24T01:35:20Z,0,0.0,0.00,78,12.7,0.00,Deactivated,27,28,0,0,8363
2026-08-24T01:35:21Z,0,0.0,0.00,78,12.7,0.00,Deactivated,27,28,0,0,8363
2026-08-24T01:35:21Z,0,0.0,0.00,78,12.7,0.00,Deactivated,27,28,0,0,8363
2026-08-24T01:35:22Z,0,0.0,0.00,78,12.7,0.00,Deactivated,27,28,0,0,8363
2026-08-24T01:35:22Z,0,0.0,0.00,78,12.7,0.00,Deactivated,27,28,0,0,8363
2026-08-24T01:35:23Z,0,0.0,0.00,78,12.7,0.00,Deactivated,27,28,0,0,8363
2026-08-24T01:35:23Z,0,0.0,0.00,78,12.7,0.00,Deactivated,27,28,0,0,8363
2026-08-24T01:35:24Z,0,0.0,0.00,78,12.7,0.00,Deactivated,27,28,0,0,8363
2026-08-24T01:35:24Z,0,0.0,0.00,78,12.7,0.00,Deactivated,27,28,0,0,8363
2026-08-24T01:35:25Z,0,0.0,0.00,78,12.7,0.00,Deactivated,27,28,0,0,8363
2026-08-24T01:35:25Z,0,0.0,0.00,78,12.7,0.00,Deactivated,27,28,0,0,8363
2026-08-24T01:35:26Z,0,0.0,0.00,78,12.7,0.00,Deactivated,27,28,0,0,8363
2026-08-24T01:35:26Z,0,0.0,0.00,78,12.7,0.00,Deactivated,27,28,0,0,8363
2026-08-24T01:35:27Z,0,0.0,0.00,78,12.7,0.00,Deactivated,27,28,0,0,8363
2026-08-24T01:35:27Z,0,0.0,0.00,78,12.7,0.00,Deactivated,27,28,0,0,8363
2026-08-24T01:35:27Z,0,0.0,0.00,79,12.7,0.00,Deactivated,27,28,0,0,8363
2026-08-24T01:35:27Z,0,0.0,0.00,79,12.7,0.00,Deactivated,27,28,0,0,8363
2026-08-24T01:35:29Z,0,0.0,0.00,79,12.7,0.00,Deactivated,27,28,0,0,8363
2026-08-24T01:35:29Z,0,0.0,0.00,79,12.7,0.00,Deactivated,27,28,0,0,8363
2026-08-24T01:35:30Z,0,0.0,0.00,79,12.7,0.00,Deactivated,27,28,0,0,8363
2026-08-24T01:35:30Z,0,0.0,0.00,79,12.7,0.00,Deactivated,27,28,0,0,8363
2026-08-24T01:35:30Z,0,0.0,0.00,79,12.7,0.00,Deactivated,27,28,0,0,8363
2026-08-24T01:35:30Z,0,0.0,0.00,79,12.7,0.00,Deactivated,27,28,0,0,8363
2026-08-24T01:35:32Z,0,0.0,0.00,79,12.7,0.00,Deactivated,27,28,0,0,8363
2026-08-24T01:35:32Z,0,0.0,0.00,79,12.7,0.00,Deactivated,27,28,0,0,8363
2026-08-24T01:35:33Z,0,0.0,0.00,79,12.7,0.00,Deactivated,27,28,0,0,8363
2026-08-24T01:35:33Z,0,0.0,0.00,79,12.7,0.00,Deactivated,27,28,0,0,8363
2026-08-24T01:35:34Z,0,0.0,0.00,79,12.7,0.00,Deactivated,27,28,0,0,8363
2026-08-24T01:35:34Z,0,0.0,0.00,79,12.7,0.00,Deactivated,27,28,0,0,8363
2026-08-24T01:35:35Z,0,0.0,0.00,79,12.7,0.00,Deactivated,27,28,0,0,8363
2026-08-24T01:35:35Z,0,0.0,0.00,79,12.7,0.00,Deactivated,27,28,0,0,8363
2026-08-24T01:35:36Z,0,0.0,0.00,79,12.7,0.00,Deactivated,27,28,0,0,8363
2026-08-24T01:35:36Z,0,0.0,0.00,79,12.7,0.00,Deactivated,27,28,0,0,8363
2026-08-24T01:35:37Z,0,0.0,0.00,79,12.7,0.00,Deactivated,27,28,0,0,8363
2026-08-24T01:35:37Z,0,0.0,0.00,79,12.7,0.00,Deactivated,27,28,0,0,8363
2026-08-24T01:35:38Z,0,0.0,0.00,78,12.7,0.00,Deactivated,27,28,0,0,8363
2026-08-24T01:35:38Z,0,0.0,0.00,78,12.7,0.00,Deactivated,27,28,0,0,8363
2026-08-24T01:35:39Z,0,0.0,0.00,78,12.7,0.00,Deactivated,27,28,0,0,8363
2026-08-24T01:35:39Z,0,0.0,0.00,78,12.7,0.00,Deactivated,27,28,0,0,8363
2026-08-24T01:35:40Z,0,0.0,0.00,78,12.7,0.00,Deactivated,27,28,0,0,8363
2026-08-24T01:35:40Z,0,0.0,0.00,78,12.7,0.00,Deactivated,27,28,0,0,8363
2026-08-24T01:35:41Z,0,0.0,0.00,78,12.7,0.00,Deactivated,27,28,0,0,8363
2026-08-24T01:35:41Z,0,0.0,0.00,78,12.7,0.00,Deactivated,27,28,0,0,8363
2026-08-24T01:35:42Z,0,0.0,0.00,78,12.7,0.00,Deactivated,27,28,0,0,8363
2026-08-24T01:35:42Z,0,0.0,0.00,78,12.7,0.00,Deactivated,27,28,0,0,8363
2026-08-24T01:35:43Z,0,0.0,0.00,78,12.7,0.00,Deactivated,27,28,0,0,8363
2026-08-24T01:35:43Z,0,0.0,0.00,78,12.7,0.00,Deactivated,27,28,0,0,8363
2026-08-24T01:35:44Z,0,0.0,0.00,78,12.7,0.00,Deactivated,27,28,0,0,8363
2026-08-24T01:35:44Z,0,0.0,0.00,78,12.7,0.00,Deactivated,27,28,0,0,8363
2026-08-24T01:35:45Z,0,0.0,0.00,78,12.7,0.00,Deactivated,27,28,0,0,8363
2026-08-24T01:35:45Z,0,0.0,0.00,78,12.7,0.00,Deactivated,27,28,0,0,8363
2026-08-24T01:35:46Z,0,0.0,0.00,78,12.7,0.00,Deactivated,27,28,0,0,8363
2026-08-24T01:35:46Z,0,0.0,0.00,78,12.7,0.00,Deactivated,27,28,0,0,8363
2026-08-24T01:35:47Z,0,0.0,0.00,78,12.7,0.00,Deactivated,27,28,0,0,8363
2026-08-24T01:35:47Z,0,0.0,0.00,78,12.7,0.00,Deactivated,27,28,0,0,8363
2026-08-24T01:35:47Z,0,0.0,0.00,79,12.7,0.00,Deactivated,27,28,0,0,8363
2026-08-24T01:35:47Z,0,0.0,0.00,79,12.7,0.00,Deactivated,27,28,0,0,8363
2026-08-24T01:35:49Z,0,0.0,0.00,79,12.7,0.00,Deactivated,27,28,0,0,8363
2026-08-24T01:35:49Z,0,0.0,0.00,79,12.7,0.00,Deactivated,27,28,0,0,8363
2026-08-24T01:35:50Z,0,0.0,0.00,79,12.7,0.00,Deactivated,27,28,0,0,8363
2026-08-24T01:35:50Z,0,0.0,0.00,79,12.7,0.00,Deactivated,27,28,0,0,8363
2026-08-24T01:35:50Z,0,0.0,0.00,79,12.7,0.00,Deactivated,27,28,0,0,8363
2026-08-24T01:35:50Z,0,0.0,0.00,79,12.7,0.00,Deactivated,27,28,0,0,8363
2026-08-24T01:35:52Z,0,0.0,0.00,79,12.7,0.00,Deactivated,27,28,0,0,8363
2026-08-24T01:35:52Z,0,0.0,0.00,79,12.7,0.00,Deactivated,27,28,0,0,8363
2026-08-24T01:35:53Z,0,0.0,0.00,78,12.7,0.00,Deactivated,27,28,0,0,8363
2026-08-24T01:35:53Z,0,0.0,0.00,78,12.7,0.00,Deactivated,27,28,0,0,8363
2026-08-24T01:35:54Z,0,0.0,0.00,78,12.7,0.00,Deactivated,27,28,0,0,8363
2026-08-24T01:35:54Z,0,0.0,0.00,78,12.7,0.00,Deactivated,27,28,0,0,8363
2026-08-24T01:35:54Z,0,0.0,0.00,78,12.7,0.00,Deactivated,27,28,0,0,8363
2026-08-24T01:35:54Z,0,0.0,0.00,78,12.7,0.00,Deactivated,27,28,0,0,8363
2026-08-24T01:35:56Z,0,0.0,0.00,78,12.7,0.00,Deactivated,27,28,0,0,8363
2026-08-24T01:35:56Z,0,0.0,0.00,78,12.7,0.00,Deactivated,27,28,0,0,8363
2026-08-24T01:35:57Z,0,0.0,0.00,78,12.7,0.00,Deactivated,27,28,0,0,8363
2026-08-24T01:35:57Z,0,0.0,0.00,78,12.7,0.00,Deactivated,27,28,0,0,8363
2026-08-24T01:35:58Z,0,0.0,0.00,78,12.7,0.00,Deactivated,27,28,0,0,8363
2026-08-24T01:35:58Z,0,0.0,0.00,78,12.7,0.00,Deactivated,27,28,0,0,8363
2026-08-24T01:35:59Z,0,0.0,0.00,78,12.7,0.00,Deactivated,27,28,0,0,8363
2026-08-24T01:35:59Z,0,0.0,0.00,78,12.7,0.00,Deactivated,27,28,0,0,8363
2026-08-24T01:36:00Z,0,0.0,0.00,78,12.7,0.00,Deactivated,27,28,0,0,8363
2026-08-24T01:36:00Z,0,0.0,0.00,78,12.7,0.00,Deactivated,27,28,0,0,8363
2026-08-24T01:36:01Z,0,0.0,0.00,78,12.7,0.00,Deactivated,27,28,0,0,8363
2026-08-24T01:36:01Z,0,0.0,0.00,78,12.7,0.00,Deactivated,27,28,0,0,8363
2026-08-24T01:36:02Z,0,0.0,0.00,78,12.7,0.00,Deactivated,27,28,0,0,8363
2026-08-24T01:36:02Z,0,0.0,0.00,78,12.7,0.00,Deactivated,27,28,0,0,8363
2026-08-24T01:36:03Z,0,0.0,0.00,78,12.7,0.00,Deactivated,27,28,0,0,8363
2026-08-24T01:36:03Z,0,0.0,0.00,78,12.7,0.00,Deactivated,27,28,0,0,8363
2026-08-24T01:36:04Z,0,0.0,0.00,78,12.7,0.00,Deactivated,27,28,0,0,8363
2026-08-24T01:36:04Z,0,0.0,0.00,78,12.7,0.00,Deactivated,27,28,0,0,8363
2026-08-24T01:36:05Z,0,0.0,0.00,78,12.7,0.00,Deactivated,27,28,0,0,8363
2026-08-24T01:36:05Z,0,0.0,0.00,78,12.7,0.00,Deactivated,27,28,0,0,8363
2026-08-24T01:36:05Z,0,0.0,0.00,78,12.7,0.00,Deactivated,27,28,0,0,8363
2026-08-24T01:36:05Z,0,0.0,0.00,78,12.7,0.00,Deactivated,27,28,0,0,8363
2026-08-24T01:36:07Z,0,0.0,0.00,78,12.7,0.00,Deactivated,27,28,0,0,8363
2026-08-24T01:36:07Z,0,0.0,0.00,78,12.7,0.00,Deactivated,27,28,0,0,8363
2026-08-24T01:36:08Z,0,0.0,0.00,78,12.7,0.00,Deactivated,27,28,0,0,8363
2026-08-24T01:36:08Z,0,0.0,0.00,78,12.7,0.00,Deactivated,27,28,0,0,8363
2026-08-24T01:36:09Z,0,0.0,0.00,78,12.7,0.00,Deactivated,27,28,0,0,8363
2026-08-24T01:36:09Z,0,0.0,0.00,78,12.7,0.00,Deactivated,27,28,0,0,8363
2026-08-24T01:36:10Z,0,0.0,0.00,78,12.7,0.00,Deactivated,27,28,0,0,8363
2026-08-24T01:36:10Z,0,0.0,0.00,78,12.7,0.00,Deactivated,27,28,0,0,8363
2026-08-24T01:36:11Z,0,0.0,0.00,78,12.7,0.00,Deactivated,27,28,0,0,8363
2026-08-24T01:36:11Z,0,0.0,0.00,78,12.7,0.00,Deactivated,27,28,0,0,8363
2026-08-24T01:36:12Z,0,0.0,0.00,78,12.7,0.00,Deactivated,27,28,0,0,8363
2026-08-24T01:36:12Z,0,0.0,0.00,78,12.7,0.00,Deactivated,27,28,0,0,8363
2026-08-24T01:36:13Z,0,0.0,0.00,78,12.7,0.00,Deactivated,27,28,0,0,8363
2026-08-24T01:36:13Z,0,0.0,0.00,78,12.7,0.00,Deactivated,27,28,0,0,8363
2026-08-24T01:36:14Z,0,0.0,0.00,78,12.7,0.00,Deactivated,27,28,0,0,8363
2026-08-24T01:36:14Z,0,0.0,0.00,78,12.7,0.00,Deactivated,27,28,0,0,8363
2026-08-24T01:36:15Z,0,0.0,0.00,78,12.7,0.00,Deactivated,27,28,0,0,8363
2026-08-24T01:36:15Z,0,0.0,0.00,78,12.7,0.00,Deactivated,27,28,0,0,8363
2026-08-24T01:36:16Z,0,0.0,0.00,78,12.7,0.00,Deactivated,27,28,0,0,8363
2026-08-24T01:36:16Z,0,0.0,0.00,78,12.7,0.00,Deactivated,27,28,0,0,8363
2026-08-24T01:36:17Z,0,0.0,0.00,78,12.7,0.00,Deactivated,27,28,0,0,8363
2026-08-24T01:36:17Z,0,0.0,0.00,78,12.7,0.00,Deactivated,27,28,0,0,8363
2026-08-24T01:36:18Z,0,0.0,0.00,78,12.7,0.00,Deactivated,27,28,0,0,8363
2026-08-24T01:36:18Z,0,0.0,0.00,78,12.7,0.00,Deactivated,27,28,0,0,8363
2026-08-24T01:36:19Z,0,0.0,0.00,78,12.7,0.00,Deactivated,27,28,0,0,8363
2026-08-24T01:36:19Z,0,0.0,0.00,78,12.7,0.00,Deactivated,27,28,0,0,8363
2026-08-24T01:36:20Z,0,0.0,0.00,78,12.7,0.00,Deactivated,27,28,0,0,8363
2026-08-24T01:36:20Z,0,0.0,0.00,78,12.7,0.00,Deactivated,27,28,0,0,8363
2026-08-24T01:36:20Z,0,0.0,0.00,78,12.7,0.00,Deactivated,27,28,0,0,8363
2026-08-24T01:36:20Z,0,0.0,0.00,78,12.7,0.00,Deactivated,27,28,0,0,8363
2026-08-24T01:36:22Z,0,0.0,0.00,78,12.7,0.00,Deactivated,27,28,0,0,8363
2026-08-24T01:36:22Z,0,0.0,0.00,78,12.7,0.00,Deactivated,27,28,0,0,8363
2026-08-24T01:36:23Z,0,0.0,0.00,78,12.7,0.00,Deactivated,27,28,0,0,8363
2026-08-24T01:36:23Z,0,0.0,0.00,78,12.7,0.00,Deactivated,27,28,0,0,8363
2026-08-24T01:36:24Z,0,0.0,0.00,78,12.7,0.00,Deactivated,27,28,0,0,8363
2026-08-24T01:36:24Z,0,0.0,0.00,78,12.7,0.00,Deactivated,27,28,0,0,8363
2026-08-24T01:36:25Z,0,0.0,0.00,78,12.7,0.00,Deactivated,27,28,0,0,8363
2026-08-24T01:36:25Z,0,0.0,0.00,78,12.7,0.00,Deactivated,27,28,0,0,8363
2026-08-24T01:36:26Z,0,0.0,0.00,78,12.7,0.00,Deactivated,27,28,0,0,8363
2026-08-24T01:36:26Z,0,0.0,0.00,78,12.7,0.00,Deactivated,27,28,0,0,8363
2026-08-24T01:36:27Z,0,0.0,0.00,78,12.7,0.00,Deactivated,27,28,0,0,8363
2026-08-24T01:36:27Z,0,0.0,0.00,78,12.7,0.00,Deactivated,27,28,0,0,8363
2026-08-24T01:36:28Z,0,0.0,0.00,78,12.7,0.00,Deactivated,27,29,0,0,8363
2026-08-24T01:36:28Z,0,0.0,0.00,78,12.7,0.00,Deactivated,27,29,0,0,8363
2026-08-24T01:36:29Z,0,0.0,0.00,78,12.7,0.00,Deactivated,27,28,0,0,8363
2026-08-24T01:36:29Z,0,0.0,0.00,78,12.7,0.00,Deactivated,27,28,0,0,8363
2026-08-24T01:36:30Z,0,0.0,0.00,78,12.7,0.00,Deactivated,27,28,0,0,8363
2026-08-24T01:36:30Z,0,0.0,0.00,78,12.7,0.00,Deactivated,27,28,0,0,8363
2026-08-24T01:36:30Z,0,0.0,0.00,78,12.7,0.00,Deactivated,27,28,0,0,8363
2026-08-24T01:36:30Z,0,0.0,0.00,78,12.7,0.00,Deactivated,27,28,0,0,8363
2026-08-24T01:36:31Z,0,0.0,0.00,78,12.7,0.00,Deactivated,27,28,0,0,8363
2026-08-24T01:36:31Z,0,0.0,0.00,78,12.7,0.00,Deactivated,27,28,0,0,8363
2026-08-24T01:36:32Z,0,0.0,0.00,78,12.7,0.00,Deactivated,27,28,0,0,8363
2026-08-24T01:36:32Z,0,0.0,0.00,78,12.7,0.00,Deactivated,27,28,0,0,8363
2026-08-24T01:36:34Z,0,0.0,0.00,78,12.7,0.00,Deactivated,27,28,0,0,8363
2026-08-24T01:36:34Z,0,0.0,0.00,78,12.7,0.00,Deactivated,27,28,0,0,8363
2026-08-24T01:36:35Z,0,0.0,0.00,78,12.7,0.00,Deactivated,27,28,0,0,8363
2026-08-24T01:36:35Z,0,0.0,0.00,78,12.7,0.00,Deactivated,27,28,0,0,8363
2026-08-24T01:36:36Z,0,0.0,0.00,78,12.7,0.00,Deactivated,27,28,0,0,8363
2026-08-24T01:36:36Z,0,0.0,0.00,78,12.7,0.00,Deactivated,27,28,0,0,8363
2026-08-24T01:36:37Z,0,0.0,0.00,78,12.7,0.00,Deactivated,27,28,0,0,8363
2026-08-24T01:36:37Z,0,0.0,0.00,78,12.7,0.00,Deactivated,27,28,0,0,8363
2026-08-24T01:36:38Z,0,0.0,0.00,78,12.7,0.00,Deactivated,27,28,0,0,8363
2026-08-24T01:36:38Z,0,0.0,0.00,78,12.7,0.00,Deactivated,27,28,0,0,8363
2026-08-24T01:36:39Z,0,0.0,0.00,78,12.7,0.00,Deactivated,27,28,0,0,8363
2026-08-24T01:36:39Z,0,0.0,0.00,78,12.7,0.00,Deactivated,27,28,0,0,8363
2026-08-24T01:36:40Z,0,0.0,0.00,78,12.7,0.00,Deactivated,27,28,0,0,8363
2026-08-24T01:36:40Z,0,0.0,0.00,78,12.7,0.00,Deactivated,27,28,0,0,8363
2026-08-24T01:36:41Z,0,0.0,0.00,78,12.7,0.00,Deactivated,27,28,0,0,8363
2026-08-24T01:36:41Z,0,0.0,0.00,78,12.7,0.00,Deactivated,27,28,0,0,8363
2026-08-24T01:36:42Z,0,0.0,0.00,78,12.7,0.00,Deactivated,27,28,0,0,8363
2026-08-24T01:36:42Z,0,0.0,0.00,78,12.7,0.00,Deactivated,27,28,0,0,8363
2026-08-24T01:36:43Z,0,0.0,0.00,78,12.7,0.00,Deactivated,27,28,0,0,8363
2026-08-24T01:36:43Z,0,0.0,0.00,78,12.7,0.00,Deactivated,27,28,0,0,8363
2026-08-24T01:36:44Z,0,0.0,0.00,78,12.7,0.00,Deactivated,27,28,0,0,8363
2026-08-24T01:36:44Z,0,0.0,0.00,78,12.7,0.00,Deactivated,27,28,0,0,8363
2026-08-24T01:36:45Z,0,0.0,0.00,78,12.7,0.00,Deactivated,27,28,0,0,8363
2026-08-24T01:36:45Z,0,0.0,0.00,78,12.7,0.00,Deactivated,27,28,0,0,8363
2026-08-24T01:36:46Z,0,0.0,0.00,78,12.7,0.00,Deactivated,27,28,0,0,8363
2026-08-24T01:36:46Z,0,0.0,0.00,78,12.7,0.00,Deactivated,27,28,0,0,8363
2026-08-24T01:36:46Z,0,0.0,0.00,78,12.7,0.00,Deactivated,27,28,0,0,8363
2026-08-24T01:36:46Z,0,0.0,0.00,78,12.7,0.00,Deactivated,27,28,0,0,8363
2026-08-24T01:36:48Z,0,0.0,0.00,78,12.7,0.00,Deactivated,27,28,0,0,8363
2026-08-24T01:36:48Z,0,0.0,0.00,78,12.7,0.00,Deactivated,27,28,0,0,8363
2026-08-24T01:36:49Z,0,0.0,0.00,78,12.7,0.00,Deactivated,27,28,0,0,8363
2026-08-24T01:36:49Z,0,0.0,0.00,78,12.7,0.00,Deactivated,27,28,0,0,8363
2026-08-24T01:36:50Z,0,0.0,0.00,78,12.7,0.00,Deactivated,27,28,0,0,8363
2026-08-24T01:36:50Z,0,0.0,0.00,78,12.7,0.00,Deactivated,27,28,0,0,8363
2026-08-24T01:36:51Z,0,0.0,0.00,78,12.7,0.00,Deactivated,27,28,0,0,8363
2026-08-24T01:36:51Z,0,0.0,0.00,78,12.7,0.00,Deactivated,27,28,0,0,8363
2026-08-24T01:36:52Z,0,0.0,0.00,78,12.7,0.00,Deactivated,27,28,0,0,8363
2026-08-24T01:36:52Z,0,0.0,0.00,78,12.7,0.00,Deactivated,27,28,0,0,8363
2026-08-24T01:36:53Z,0,0.0,0.00,78,12.7,0.00,Deactivated,27,28,0,0,8363
2026-08-24T01:36:53Z,0,0.0,0.00,78,12.7,0.00,Deactivated,27,28,0,0,8363
2026-08-24T01:36:54Z,0,0.0,0.00,78,12.7,0.00,Deactivated,27,28,0,0,8363
2026-08-24T01:36:54Z,0,0.0,0.00,78,12.7,0.00,Deactivated,27,28,0,0,8363
2026-08-24T01:36:55Z,0,0.0,0.00,78,12.7,0.00,Deactivated,27,28,0,0,8363
2026-08-24T01:36:55Z,0,0.0,0.00,78,12.7,0.00,Deactivated,27,28,0,0,8363
2026-08-24T01:36:56Z,0,0.0,0.00,78,12.7,0.00,Deactivated,27,28,0,0,8363
2026-08-24T01:36:56Z,0,0.0,0.00,78,12.7,0.00,Deactivated,27,28,0,0,8363
2026-08-24T01:36:57Z,0,0.0,0.00,78,12.7,0.00,Deactivated,27,28,0,0,8363
2026-08-24T01:36:57Z,0,0.0,0.00,78,12.7,0.00,Deactivated,27,28,0,0,8363
2026-08-24T01:36:58Z,0,0.0,0.00,78,12.7,0.00,Deactivated,27,28,0,0,8363
2026-08-24T01:36:58Z,0,0.0,0.00,78,12.7,0.00,Deactivated,27,28,0,0,8363
2026-08-24T01:36:59Z,0,0.0,0.00,78,12.7,0.00,Deactivated,27,28,0,0,8363
2026-08-24T01:36:59Z,0,0.0,0.00,78,12.7,0.00,Deactivated,27,28,0,0,8363
2026-08-24T01:36:59Z,0,0.0,0.00,78,12.7,0.00,Deactivated,27,28,0,0,8363
2026-08-24T01:36:59Z,0,0.0,0.00,78,12.7,0.00,Deactivated,27,28,0,0,8363
2026-08-24T01:37:01Z,0,0.0,0.00,78,12.7,0.00,Deactivated,27,28,0,0,8363
2026-08-24T01:37:01Z,0,0.0,0.00,78,12.7,0.00,Deactivated,27,28,0,0,8363
2026-08-24T01:37:02Z,0,0.0,0.00,78,12.7,0.00,Deactivated,27,28,0,0,8363
2026-08-24T01:37:02Z,0,0.0,0.00,78,12.7,0.00,Deactivated,27,28,0,0,8363
2026-08-24T01:37:03Z,0,0.0,0.00,78,12.7,0.00,Deactivated,27,28,0,0,8363
2026-08-24T01:37:03Z,0,0.0,0.00,78,12.7,0.00,Deactivated,27,28,0,0,8363
2026-08-24T01:37:04Z,0,0.0,0.00,79,12.7,0.00,Deactivated,27,28,0,0,8363
2026-08-24T01:37:04Z,0,0.0,0.00,79,12.7,0.00,Deactivated,27,28,0,0,8363
2026-08-24T01:37:05Z,0,0.0,0.00,79,12.7,0.00,Deactivated,27,28,0,0,8363
2026-08-24T01:37:05Z,0,0.0,0.00,79,12.7,0.00,Deactivated,27,28,0,0,8363
2026-08-24T01:37:06Z,0,0.0,0.00,79,12.7,0.00,Deactivated,27,28,0,0,8363
2026-08-24T01:37:06Z,0,0.0,0.00,79,12.7,0.00,Deactivated,27,28,0,0,8363
2026-08-24T01:37:07Z,0,0.0,0.00,79,12.7,0.00,Deactivated,27,28,0,0,8363
2026-08-24T01:37:07Z,0,0.0,0.00,79,12.7,0.00,Deactivated,27,28,0,0,8363
2026-08-24T01:37:08Z,0,0.0,0.00,79,12.7,0.00,Deactivated,27,28,0,0,8363
2026-08-24T01:37:08Z,0,0.0,0.00,79,12.7,0.00,Deactivated,27,28,0,0,8363
2026-08-24T01:37:09Z,0,0.0,0.00,79,12.7,0.00,Deactivated,27,28,0,0,8363
2026-08-24T01:37:09Z,0,0.0,0.00,79,12.7,0.00,Deactivated,27,28,0,0,8363
2026-08-24T01:37:10Z,0,0.0,0.00,79,12.7,0.00,Deactivated,27,28,0,0,8363
2026-08-24T01:37:10Z,0,0.0,0.00,79,12.7,0.00,Deactivated,27,28,0,0,8363
2026-08-24T01:37:11Z,0,0.0,0.00,79,12.7,0.00,Deactivated,27,28,0,0,8363
2026-08-24T01:37:11Z,0,0.0,0.00,79,12.7,0.00,Deactivated,27,28,0,0,8363
2026-08-24T01:37:12Z,0,0.0,0.00,79,12.7,0.00,Deactivated,27,28,0,0,8363
2026-08-24T01:37:12Z,0,0.0,0.00,79,12.7,0.00,Deactivated,27,28,0,0,8363
2026-08-24T01:37:13Z,0,0.0,0.00,79,12.7,0.00,Deactivated,27,28,0,0,8363
2026-08-24T01:37:13Z,0,0.0,0.00,79,12.7,0.00,Deactivated,27,28,0,0,8363
2026-08-24T01:37:13Z,0,0.0,0.00,78,12.7,0.00,Deactivated,27,28,0,0,8363
2026-08-24T01:37:13Z,0,0.0,0.00,78,12.7,0.00,Deactivated,27,28,0,0,8363
2026-08-24T01:37:15Z,0,0.0,0.00,78,12.7,0.00,Deactivated,27,28,0,0,8363
2026-08-24T01:37:15Z,0,0.0,0.00,78,12.7,0.00,Deactivated,27,28,0,0,8363
2026-08-24T01:37:16Z,0,0.0,0.00,78,12.7,0.00,Deactivated,27,28,0,0,8363
2026-08-24T01:37:16Z,0,0.0,0.00,78,12.7,0.00,Deactivated,27,28,0,0,8363
2026-08-24T01:37:17Z,0,0.0,0.00,78,12.7,0.00,Deactivated,27,28,0,0,8363
2026-08-24T01:37:17Z,0,0.0,0.00,78,12.7,0.00,Deactivated,27,28,0,0,8363
2026-08-24T01:37:18Z,0,0.0,0.00,78,12.7,0.00,Deactivated,27,28,0,0,8363
2026-08-24T01:37:18Z,0,0.0,0.00,78,12.7,0.00,Deactivated,27,28,0,0,8363
2026-08-24T01:37:19Z,0,0.0,0.00,78,12.7,0.00,Deactivated,27,28,0,0,8363
2026-08-24T01:37:19Z,0,0.0,0.00,78,12.7,0.00,Deactivated,27,28,0,0,8363
2026-08-24T01:37:20Z,0,0.0,0.00,78,12.7,0.00,Deactivated,27,28,0,0,8363
2026-08-24T01:37:20Z,0,0.0,0.00,78,12.7,0.00,Deactivated,27,28,0,0,8363
2026-08-24T01:37:21Z,0,0.0,0.00,78,12.7,0.00,Deactivated,27,28,0,0,8363
2026-08-24T01:37:21Z,0,0.0,0.00,78,12.7,0.00,Deactivated,27,28,0,0,8363
2026-08-24T01:37:22Z,0,0.0,0.00,78,12.7,0.00,Deactivated,27,28,0,0,8363
2026-08-24T01:37:22Z,0,0.0,0.00,78,12.7,0.00,Deactivated,27,28,0,0,8363
2026-08-24T01:37:23Z,0,0.0,0.00,78,12.7,0.00,Deactivated,27,28,0,0,8363
2026-08-24T01:37:23Z,0,0.0,0.00,78,12.7,0.00,Deactivated,27,28,0,0,8363
2026-08-24T01:37:24Z,0,0.0,0.00,78,12.7,0.00,Deactivated,27,28,0,0,8363
2026-08-24T01:37:24Z,0,0.0,0.00,78,12.7,0.00,Deactivated,27,28,0,0,8363
2026-08-24T01:37:25Z,0,0.0,0.00,78,12.7,0.00,Deactivated,27,28,0,0,8363
2026-08-24T01:37:25Z,0,0.0,0.00,78,12.7,0.00,Deactivated,27,28,0,0,8363
2026-08-24T01:37:26Z,0,0.0,0.00,78,12.7,0.00,Deactivated,27,28,0,0,8363
2026-08-24T01:37:26Z,0,0.0,0.00,78,12.7,0.00,Deactivated,27,28,0,0,8363
2026-08-24T01:37:27Z,0,0.0,0.00,78,12.7,0.00,Deactivated,27,28,0,0,8363
2026-08-24T01:37:27Z,0,0.0,0.00,78,12.7,0.00,Deactivated,27,28,0,0,8363
2026-08-24T01:37:28Z,0,0.0,0.00,78,12.7,0.00,Deactivated,27,28,0,0,8363
2026-08-24T01:37:28Z,0,0.0,0.00,78,12.7,0.00,Deactivated,27,28,0,0,8363
2026-08-24T01:37:29Z,0,0.0,0.00,78,12.7,0.00,Deactivated,27,28,0,0,8363
2026-08-24T01:37:29Z,0,0.0,0.00,78,12.7,0.00,Deactivated,27,28,0,0,8363
2026-08-24T01:37:30Z,0,0.0,0.00,78,12.7,0.00,Deactivated,27,28,0,0,8363
2026-08-24T01:37:30Z,0,0.0,0.00,78,12.7,0.00,Deactivated,27,28,0,0,8363
2026-08-24T01:37:31Z,0,0.0,0.00,78,12.7,0.00,Deactivated,27,28,0,0,8363
2026-08-24T01:37:31Z,0,0.0,0.00,78,12.7,0.00,Deactivated,27,28,0,0,8363
2026-08-24T01:37:31Z,0,0.0,0.00,78,12.7,0.00,Deactivated,27,28,0,0,8363
2026-08-24T01:37:31Z,0,0.0,0.00,78,12.7,0.00,Deactivated,27,28,0,0,8363
2026-08-24T01:37:33Z,0,0.0,0.00,78,12.7,0.00,Deactivated,27,28,0,0,8363
2026-08-24T01:37:33Z,0,0.0,0.00,78,12.7,0.00,Deactivated,27,28,0,0,8363
2026-08-24T01:37:34Z,0,0.0,0.00,78,12.7,0.00,Deactivated,27,28,0,0,8363
2026-08-24T01:37:34Z,0,0.0,0.00,78,12.7,0.00,Deactivated,27,28,0,0,8363
2026-08-24T01:37:35Z,0,0.0,0.00,78,12.7,0.00,Deactivated,27,28,0,0,8363
2026-08-24T01:37:35Z,0,0.0,0.00,78,12.7,0.00,Deactivated,27,28,0,0,8363
2026-08-24T01:37:35Z,0,0.0,0.00,78,12.7,0.00,Deactivated,27,28,0,0,8363
2026-08-24T01:37:35Z,0,0.0,0.00,78,12.7,0.00,Deactivated,27,28,0,0,8363
2026-08-24T01:37:36Z,0,0.0,0.00,78,12.7,0.00,Deactivated,27,28,0,0,8363
2026-08-24T01:37:36Z,0,0.0,0.00,78,12.7,0.00,Deactivated,27,28,0,0,8363
2026-08-24T01:37:38Z,0,0.0,0.00,78,12.7,0.00,Deactivated,27,28,0,0,8363
2026-08-24T01:37:38Z,0,0.0,0.00,78,12.7,0.00,Deactivated,27,28,0,0,8363
2026-08-24T01:37:39Z,0,0.0,0.00,78,12.7,0.00,Deactivated,27,28,0,0,8363
2026-08-24T01:37:39Z,0,0.0,0.00,78,12.7,0.00,Deactivated,27,28,0,0,8363
2026-08-24T01:37:40Z,0,0.0,0.00,78,12.7,0.00,Deactivated,27,28,0,0,8363
2026-08-24T01:37:40Z,0,0.0,0.00,78,12.7,0.00,Deactivated,27,28,0,0,8363
2026-08-24T01:37:41Z,0,0.0,0.00,78,12.7,0.00,Deactivated,27,28,0,0,8363
2026-08-24T01:37:41Z,0,0.0,0.00,78,12.7,0.00,Deactivated,27,28,0,0,8363
2026-08-24T01:37:41Z,0,0.0,0.00,78,12.7,0.00,Deactivated,27,28,0,0,8363
2026-08-24T01:37:41Z,0,0.0,0.00,78,12.7,0.00,Deactivated,27,28,0,0,8363
2026-08-24T01:37:42Z,0,0.0,0.00,78,12.7,0.00,Deactivated,27,28,0,0,8363
2026-08-24T01:37:42Z,0,0.0,0.00,78,12.7,0.00,Deactivated,27,28,0,0,8363
2026-08-24T01:37:44Z,0,0.0,0.00,78,12.7,0.00,Deactivated,27,28,0,0,8363
2026-08-24T01:37:44Z,0,0.0,0.00,78,12.7,0.00,Deactivated,27,28,0,0,8363
2026-08-24T01:37:45Z,0,0.0,0.00,78,12.7,0.00,Deactivated,27,28,0,0,8363
2026-08-24T01:37:45Z,0,0.0,0.00,78,12.7,0.00,Deactivated,27,28,0,0,8363
2026-08-24T01:37:46Z,0,0.0,0.00,78,12.7,0.00,Deactivated,27,28,0,0,8363
2026-08-24T01:37:46Z,0,0.0,0.00,78,12.7,0.00,Deactivated,27,28,0,0,8363
2026-08-24T01:37:46Z,0,0.0,0.00,78,12.7,0.00,Deactivated,27,28,0,0,8363
2026-08-24T01:37:46Z,0,0.0,0.00,78,12.7,0.00,Deactivated,27,28,0,0,8363
2026-08-24T01:37:48Z,0,0.0,0.00,78,12.7,0.00,Deactivated,27,28,0,0,8363
2026-08-24T01:37:48Z,0,0.0,0.00,78,12.7,0.00,Deactivated,27,28,0,0,8363
2026-08-24T01:37:49Z,0,0.0,0.00,78,12.7,0.00,Deactivated,27,28,0,0,8363
2026-08-24T01:37:49Z,0,0.0,0.00,78,12.7,0.00,Deactivated,27,28,0,0,8363
2026-08-24T01:37:49Z,0,0.0,0.00,78,12.7,0.00,Deactivated,27,28,0,0,8363
2026-08-24T01:37:49Z,0,0.0,0.00,78,12.7,0.00,Deactivated,27,28,0,0,8363
2026-08-24T01:37:51Z,0,0.0,0.00,78,12.7,0.00,Deactivated,27,28,0,0,8363
2026-08-24T01:37:51Z,0,0.0,0.00,78,12.7,0.00,Deactivated,27,28,0,0,8363
2026-08-24T01:37:52Z,0,0.0,0.00,78,12.7,0.00,Deactivated,27,28,0,0,8363
2026-08-24T01:37:52Z,0,0.0,0.00,78,12.7,0.00,Deactivated,27,28,0,0,8363
2026-08-24T01:37:53Z,0,0.0,0.00,78,12.7,0.00,Deactivated,27,28,0,0,8363
2026-08-24T01:37:53Z,0,0.0,0.00,78,12.7,0.00,Deactivated,27,28,0,0,8363
2026-08-24T01:37:54Z,0,0.0,0.00,78,12.7,0.00,Deactivated,27,28,0,0,8363
2026-08-24T01:37:54Z,0,0.0,0.00,78,12.7,0.00,Deactivated,27,28,0,0,8363
2026-08-24T01:37:55Z,0,0.0,0.00,78,12.7,0.00,Deactivated,27,28,0,0,8363
2026-08-24T01:37:55Z,0,0.0,0.00,78,12.7,0.00,Deactivated,27,28,0,0,8363
2026-08-24T01:37:56Z,0,0.0,0.00,78,12.7,0.00,Deactivated,27,28,0,0,8363
2026-08-24T01:37:56Z,0,0.0,0.00,78,12.7,0.00,Deactivated,27,28,0,0,8363
2026-08-24T01:37:57Z,0,0.0,0.00,78,12.7,0.00,Deactivated,27,28,0,0,8363
2026-08-24T01:37:57Z,0,0.0,0.00,78,12.7,0.00,Deactivated,27,28,0,0,8363
2026-08-24T01:37:58Z,0,0.0,0.00,78,12.7,0.00,Deactivated,27,28,0,0,8363
2026-08-24T01:37:58Z,0,0.0,0.00,78,12.7,0.00,Deactivated,27,28,0,0,8363
2026-08-24T01:37:58Z,0,0.0,0.00,78,12.7,0.00,Deactivated,27,28,0,0,8363
2026-08-24T01:37:58Z,0,0.0,0.00,78,12.7,0.00,Deactivated,27,28,0,0,8363
2026-08-24T01:37:59Z,0,0.0,0.00,78,12.7,0.00,Deactivated,27,28,0,0,8363
2026-08-24T01:37:59Z,0,0.0,0.00,78,12.7,0.00,Deactivated,27,28,0,0,8363
2026-08-24T01:38:01Z,0,0.0,0.00,78,12.7,0.00,Deactivated,27,28,0,0,8363
2026-08-24T01:38:01Z,0,0.0,0.00,78,12.7,0.00,Deactivated,27,28,0,0,8363
2026-08-24T01:38:02Z,0,0.0,0.00,78,12.7,0.00,Deactivated,27,28,0,0,8363
2026-08-24T01:38:02Z,0,0.0,0.00,78,12.7,0.00,Deactivated,27,28,0,0,8363
2026-08-24T01:38:03Z,0,0.0,0.00,78,12.7,0.00,Deactivated,27,28,0,0,8363
2026-08-24T01:38:03Z,0,0.0,0.00,78,12.7,0.00,Deactivated,27,28,0,0,8363
2026-08-24T01:38:03Z,0,0.0,0.00,78,12.7,0.00,Deactivated,27,28,0,0,8363
2026-08-24T01:38:03Z,0,0.0,0.00,78,12.7,0.00,Deactivated,27,28,0,0,8363
2026-08-24T01:38:04Z,0,0.0,0.00,78,12.7,0.00,Deactivated,27,28,0,0,8363
2026-08-24T01:38:04Z,0,0.0,0.00,78,12.7,0.00,Deactivated,27,28,0,0,8363
2026-08-24T01:38:06Z,0,0.0,0.00,78,12.7,0.00,Deactivated,27,28,0,0,8363
2026-08-24T01:38:06Z,0,0.0,0.00,78,12.7,0.00,Deactivated,27,28,0,0,8363
2026-08-24T01:38:07Z,0,0.0,0.00,78,12.7,0.00,Deactivated,27,28,0,0,8363
2026-08-24T01:38:07Z,0,0.0,0.00,78,12.7,0.00,Deactivated,27,28,0,0,8363
2026-08-24T01:38:08Z,0,0.0,0.00,78,12.7,0.00,Deactivated,27,28,0,0,8363
2026-08-24T01:38:08Z,0,0.0,0.00,78,12.7,0.00,Deactivated,27,28,0,0,8363
2026-08-24T01:38:09Z,0,0.0,0.00,78,12.7,0.00,Deactivated,27,28,0,0,8363
2026-08-24T01:38:09Z,0,0.0,0.00,78,12.7,0.00,Deactivated,27,28,0,0,8363
2026-08-24T01:38:10Z,0,0.0,0.00,78,12.7,0.00,Deactivated,27,28,0,0,8363
2026-08-24T01:38:10Z,0,0.0,0.00,78,12.7,0.00,Deactivated,27,28,0,0,8363
2026-08-24T01:38:11Z,0,0.0,0.00,78,12.7,0.00,Deactivated,27,28,0,0,8363
2026-08-24T01:38:11Z,0,0.0,0.00,78,12.7,0.00,Deactivated,27,28,0,0,8363
2026-08-24T01:38:12Z,0,0.0,0.00,78,12.7,0.00,Deactivated,27,28,0,0,8363
2026-08-24T01:38:12Z,0,0.0,0.00,78,12.7,0.00,Deactivated,27,28,0,0,8363
2026-08-24T01:38:13Z,0,0.0,0.00,78,12.7,0.00,Deactivated,27,28,0,0,8363
2026-08-24T01:38:13Z,0,0.0,0.00,78,12.7,0.00,Deactivated,27,28,0,0,8363
2026-08-24T01:38:13Z,0,0.0,0.00,78,12.7,0.00,Deactivated,27,28,0,0,8363
2026-08-24T01:38:13Z,0,0.0,0.00,78,12.7,0.00,Deactivated,27,28,0,0,8363
2026-08-24T01:38:15Z,0,0.0,0.00,78,12.7,0.00,Deactivated,27,28,0,0,8363
2026-08-24T01:38:15Z,0,0.0,0.00,78,12.7,0.00,Deactivated,27,28,0,0,8363
2026-08-24T01:38:16Z,0,0.0,0.00,78,12.7,0.00,Deactivated,27,28,0,0,8363
2026-08-24T01:38:16Z,0,0.0,0.00,78,12.7,0.00,Deactivated,27,28,0,0,8363
2026-08-24T01:38:17Z,0,0.0,0.00,78,12.7,0.00,Deactivated,27,28,0,0,8363
2026-08-24T01:38:17Z,0,0.0,0.00,78,12.7,0.00,Deactivated,27,28,0,0,8363
2026-08-24T01:38:18Z,0,0.0,0.00,78,12.7,0.00,Deactivated,27,28,0,0,8363
2026-08-24T01:38:18Z,0,0.0,0.00,78,12.7,0.00,Deactivated,27,28,0,0,8363
2026-08-24T01:38:19Z,0,0.0,0.00,78,12.7,0.00,Deactivated,27,28,0,0,8363
2026-08-24T01:38:19Z,0,0.0,0.00,78,12.7,0.00,Deactivated,27,28,0,0,8363
2026-08-24T01:38:20Z,0,0.0,0.00,78,12.7,0.00,Deactivated,27,28,0,0,8363
2026-08-24T01:38:20Z,0,0.0,0.00,78,12.7,0.00,Deactivated,27,28,0,0,8363
2026-08-24T01:38:21Z,0,0.0,0.00,78,12.7,0.00,Deactivated,27,28,0,0,8363
2026-08-24T01:38:21Z,0,0.0,0.00,78,12.7,0.00,Deactivated,27,28,0,0,8363
2026-08-24T01:38:21Z,0,0.0,0.00,78,12.7,0.00,Deactivated,27,28,0,0,8363
2026-08-24T01:38:21Z,0,0.0,0.00,78,12.7,0.00,Deactivated,27,28,0,0,8363
2026-08-24T01:38:23Z,0,0.0,0.00,78,12.7,0.00,Deactivated,27,28,0,0,8363
2026-08-24T01:38:23Z,0,0.0,0.00,78,12.7,0.00,Deactivated,27,28,0,0,8363
2026-08-24T01:38:23Z,0,0.0,0.00,78,12.7,0.00,Deactivated,27,28,0,0,8363
2026-08-24T01:38:23Z,0,0.0,0.00,78,12.7,0.00,Deactivated,27,28,0,0,8363
2026-08-24T01:38:25Z,0,0.0,0.00,78,12.7,0.00,Deactivated,27,28,0,0,8363
2026-08-24T01:38:25Z,0,0.0,0.00,78,12.7,0.00,Deactivated,27,28,0,0,8363
2026-08-24T01:38:26Z,0,0.0,0.00,78,12.7,0.00,Deactivated,27,28,0,0,8363
2026-08-24T01:38:26Z,0,0.0,0.00,78,12.7,0.00,Deactivated,27,28,0,0,8363
2026-08-24T01:38:27Z,0,0.0,0.00,78,12.7,0.00,Deactivated,27,28,0,0,8363
2026-08-24T01:38:27Z,0,0.0,0.00,78,12.7,0.00,Deactivated,27,28,0,0,8363
2026-08-24T01:38:28Z,0,0.0,0.00,78,12.7,0.00,Deactivated,27,28,0,0,8363
2026-08-24T01:38:28Z,0,0.0,0.00,78,12.7,0.00,Deactivated,27,28,0,0,8363
2026-08-24T01:38:29Z,0,0.0,0.00,78,12.7,0.00,Deactivated,27,28,0,0,8363
2026-08-24T01:38:29Z,0,0.0,0.00,78,12.7,0.00,Deactivated,27,28,0,0,8363
2026-08-24T01:38:29Z,0,0.0,0.00,78,12.7,0.00,Deactivated,27,28,0,0,8363
2026-08-24T01:38:29Z,0,0.0,0.00,78,12.7,0.00,Deactivated,27,28,0,0,8363
2026-08-24T01:38:30Z,0,0.0,0.00,78,12.7,0.00,Deactivated,27,28,0,0,8363
2026-08-24T01:38:30Z,0,0.0,0.00,78,12.7,0.00,Deactivated,27,28,0,0,8363
2026-08-24T01:38:32Z,0,0.0,0.00,78,12.7,0.00,Deactivated,27,28,0,0,8363
2026-08-24T01:38:32Z,0,0.0,0.00,78,12.7,0.00,Deactivated,27,28,0,0,8363
2026-08-24T01:38:33Z,0,0.0,0.00,78,12.7,0.00,Deactivated,27,28,0,0,8363
2026-08-24T01:38:33Z,0,0.0,0.00,78,12.7,0.00,Deactivated,27,28,0,0,8363
2026-08-24T01:38:34Z,0,0.0,0.00,78,12.7,0.00,Deactivated,27,28,0,0,8363
2026-08-24T01:38:34Z,0,0.0,0.00,78,12.7,0.00,Deactivated,27,28,0,0,8363
2026-08-24T01:38:35Z,0,0.0,0.00,78,12.7,0.00,Deactivated,27,28,0,0,8363
2026-08-24T01:38:35Z,0,0.0,0.00,78,12.7,0.00,Deactivated,27,28,0,0,8363
2026-08-24T01:38:36Z,0,0.0,0.00,78,12.7,0.00,Deactivated,27,28,0,0,8363
2026-08-24T01:38:36Z,0,0.0,0.00,78,12.7,0.00,Deactivated,27,28,0,0,8363
2026-08-24T01:38:37Z,0,0.0,0.00,78,12.7,0.00,Deactivated,27,28,0,0,8363
2026-08-24T01:38:37Z,0,0.0,0.00,78,12.7,0.00,Deactivated,27,28,0,0,8363
2026-08-24T01:38:38Z,0,0.0,0.00,78,12.7,0.00,Deactivated,27,28,0,0,8363
2026-08-24T01:38:38Z,0,0.0,0.00,78,12.7,0.00,Deactivated,27,28,0,0,8363
2026-08-24T01:38:39Z,0,0.0,0.00,78,12.7,0.00,Deactivated,27,28,0,0,8363
2026-08-24T01:38:39Z,0,0.0,0.00,78,12.7,0.00,Deactivated,27,28,0,0,8363
2026-08-24T01:38:40Z,0,0.0,0.00,78,12.7,0.00,Deactivated,27,28,0,0,8363
2026-08-24T01:38:40Z,0,0.0,0.00,78,12.7,0.00,Deactivated,27,28,0,0,8363
2026-08-24T01:38:41Z,0,0.0,0.00,78,12.7,0.00,Deactivated,27,28,0,0,8363
2026-08-24T01:38:41Z,0,0.0,0.00,78,12.7,0.00,Deactivated,27,28,0,0,8363
2026-08-24T01:38:42Z,0,0.0,0.00,78,12.7,0.00,Deactivated,27,28,0,0,8363
2026-08-24T01:38:42Z,0,0.0,0.00,78,12.7,0.00,Deactivated,27,28,0,0,8363
2026-08-24T01:38:43Z,0,0.0,0.00,78,12.7,0.00,Deactivated,27,28,0,0,8363
2026-08-24T01:38:43Z,0,0.0,0.00,78,12.7,0.00,Deactivated,27,28,0,0,8363
2026-08-24T01:38:44Z,0,0.0,0.00,78,12.7,0.00,Deactivated,27,28,0,0,8363
2026-08-24T01:38:44Z,0,0.0,0.00,78,12.7,0.00,Deactivated,27,28,0,0,8363
2026-08-24T01:38:45Z,0,0.0,0.00,78,12.7,0.00,Deactivated,27,28,0,0,8363
2026-08-24T01:38:45Z,0,0.0,0.00,78,12.7,0.00,Deactivated,27,28,0,0,8363
2026-08-24T01:38:46Z,0,0.0,0.00,78,12.7,0.00,Deactivated,27,28,0,0,8363
2026-08-24T01:38:46Z,0,0.0,0.00,78,12.7,0.00,Deactivated,27,28,0,0,8363
2026-08-24T01:38:47Z,0,0.0,0.00,78,12.7,0.00,Deactivated,27,28,0,0,8363
2026-08-24T01:38:47Z,0,0.0,0.00,78,12.7,0.00,Deactivated,27,28,0,0,8363
2026-08-24T01:38:48Z,0,0.0,0.00,78,12.7,0.00,Deactivated,27,28,0,0,8363
2026-08-24T01:38:48Z,0,0.0,0.00,78,12.7,0.00,Deactivated,27,28,0,0,8363
2026-08-24T01:38:49Z,0,0.0,0.00,78,12.7,0.00,Deactivated,27,28,0,0,8363
2026-08-24T01:38:49Z,0,0.0,0.00,78,12.7,0.00,Deactivated,27,28,0,0,8363
2026-08-24T01:38:50Z,0,0.0,0.00,78,12.7,0.00,Deactivated,27,28,0,0,8363
2026-08-24T01:38:50Z,0,0.0,0.00,78,12.7,0.00,Deactivated,27,28,0,0,8363
2026-08-24T01:38:51Z,0,0.0,0.00,78,12.7,0.00,Deactivated,27,28,0,0,8363
2026-08-24T01:38:51Z,0,0.0,0.00,78,12.7,0.00,Deactivated,27,28,0,0,8363
2026-08-24T01:38:52Z,0,0.0,0.00,78,12.7,0.00,Deactivated,27,28,0,0,8363
2026-08-24T01:38:52Z,0,0.0,0.00,78,12.7,0.00,Deactivated,27,28,0,0,8363
2026-08-24T01:38:53Z,0,0.0,0.00,78,12.7,0.00,Deactivated,27,28,0,0,8363
2026-08-24T01:38:53Z,0,0.0,0.00,78,12.7,0.00,Deactivated,27,28,0,0,8363
2026-08-24T01:38:54Z,0,0.0,0.00,78,12.7,0.00,Deactivated,27,28,0,0,8363
2026-08-24T01:38:54Z,0,0.0,0.00,78,12.7,0.00,Deactivated,27,28,0,0,8363
2026-08-24T01:38:55Z,0,0.0,0.00,78,12.7,0.00,Deactivated,27,28,0,0,8363
2026-08-24T01:38:55Z,0,0.0,0.00,78,12.7,0.00,Deactivated,27,28,0,0,8363
2026-08-24T01:38:56Z,0,0.0,0.00,78,12.7,0.00,Deactivated,27,28,0,0,8363
2026-08-24T01:38:56Z,0,0.0,0.00,78,12.7,0.00,Deactivated,27,28,0,0,8363
2026-08-24T01:38:57Z,0,0.0,0.00,78,12.7,0.00,Deactivated,27,28,0,0,8363
2026-08-24T01:38:57Z,0,0.0,0.00,78,12.7,0.00,Deactivated,27,28,0,0,8363
2026-08-24T01:38:58Z,0,0.0,0.00,78,12.7,0.00,Deactivated,27,28,0,0,8363
2026-08-24T01:38:58Z,0,0.0,0.00,78,12.7,0.00,Deactivated,27,28,0,0,8363
2026-08-24T01:38:59Z,0,0.0,0.00,78,12.7,0.00,Deactivated,27,28,0,0,8363
2026-08-24T01:38:59Z,0,0.0,0.00,78,12.7,0.00,Deactivated,27,28,0,0,8363
2026-08-24T01:39:00Z,0,0.0,0.00,78,12.7,0.00,Deactivated,27,28,0,0,8363
2026-08-24T01:39:00Z,0,0.0,0.00,78,12.7,0.00,Deactivated,27,28,0,0,8363
2026-08-24T01:39:01Z,0,0.0,0.00,78,12.7,0.00,Deactivated,27,28,0,0,8363
2026-08-24T01:39:01Z,0,0.0,0.00,78,12.7,0.00,Deactivated,27,28,0,0,8363
2026-08-24T01:39:02Z,0,0.0,0.00,78,12.7,0.00,Deactivated,27,28,0,0,8363
2026-08-24T01:39:02Z,0,0.0,0.00,78,12.7,0.00,Deactivated,27,28,0,0,8363
2026-08-24T01:39:02Z,0,0.0,0.00,78,12.7,0.00,Deactivated,27,28,0,0,8363
2026-08-24T01:39:02Z,0,0.0,0.00,78,12.7,0.00,Deactivated,27,28,0,0,8363
2026-08-24T01:39:04Z,0,0.0,0.00,78,12.7,0.00,Deactivated,27,28,0,0,8363
2026-08-24T01:39:04Z,0,0.0,0.00,78,12.7,0.00,Deactivated,27,28,0,0,8363
2026-08-24T01:39:05Z,0,0.0,0.00,78,12.7,0.00,Deactivated,27,28,0,0,8363
2026-08-24T01:39:05Z,0,0.0,0.00,78,12.7,0.00,Deactivated,27,28,0,0,8363
2026-08-24T01:39:06Z,0,0.0,0.00,78,12.7,0.00,Deactivated,27,28,0,0,8363
2026-08-24T01:39:06Z,0,0.0,0.00,78,12.7,0.00,Deactivated,27,28,0,0,8363
2026-08-24T01:39:07Z,0,0.0,0.00,78,12.7,0.00,Deactivated,27,28,0,0,8363
2026-08-24T01:39:07Z,0,0.0,0.00,78,12.7,0.00,Deactivated,27,28,0,0,8363
2026-08-24T01:39:08Z,0,0.0,0.00,78,12.7,0.00,Deactivated,27,28,0,0,8363
2026-08-24T01:39:08Z,0,0.0,0.00,78,12.7,0.00,Deactivated,27,28,0,0,8363
2026-08-24T01:39:09Z,0,0.0,0.00,79,12.7,0.00,Deactivated,27,28,0,0,8363
2026-08-24T01:39:09Z,0,0.0,0.00,79,12.7,0.00,Deactivated,27,28,0,0,8363
2026-08-24T01:39:10Z,0,0.0,0.00,79,12.7,0.00,Deactivated,27,28,0,0,8363
2026-08-24T01:39:10Z,0,0.0,0.00,79,12.7,0.00,Deactivated,27,28,0,0,8363
2026-08-24T01:39:11Z,0,0.0,0.00,79,12.7,0.00,Deactivated,27,28,0,0,8363
2026-08-24T01:39:11Z,0,0.0,0.00,79,12.7,0.00,Deactivated,27,28,0,0,8363
2026-08-24T01:39:12Z,0,0.0,0.00,79,12.7,0.00,Deactivated,27,28,0,0,8363
2026-08-24T01:39:12Z,0,0.0,0.00,79,12.7,0.00,Deactivated,27,28,0,0,8363
2026-08-24T01:39:12Z,0,0.0,0.00,79,12.7,0.00,Deactivated,27,28,0,0,8363
2026-08-24T01:39:12Z,0,0.0,0.00,79,12.7,0.00,Deactivated,27,28,0,0,8363
2026-08-24T01:39:14Z,0,0.0,0.00,78,12.7,0.00,Deactivated,27,28,0,0,8363
2026-08-24T01:39:14Z,0,0.0,0.00,78,12.7,0.00,Deactivated,27,28,0,0,8363
2026-08-24T01:39:15Z,0,0.0,0.00,78,12.7,0.00,Deactivated,27,28,0,0,8363
2026-08-24T01:39:15Z,0,0.0,0.00,78,12.7,0.00,Deactivated,27,28,0,0,8363
2026-08-24T01:39:16Z,0,0.0,0.00,78,12.7,0.00,Deactivated,27,28,0,0,8363
2026-08-24T01:39:16Z,0,0.0,0.00,78,12.7,0.00,Deactivated,27,28,0,0,8363
2026-08-24T01:39:17Z,0,0.0,0.00,78,12.7,0.00,Deactivated,27,28,0,0,8363
2026-08-24T01:39:17Z,0,0.0,0.00,78,12.7,0.00,Deactivated,27,28,0,0,8363
2026-08-24T01:39:17Z,0,0.0,0.00,78,12.7,0.00,Deactivated,27,28,0,0,8363
2026-08-24T01:39:17Z,0,0.0,0.00,78,12.7,0.00,Deactivated,27,28,0,0,8363
2026-08-24T01:39:19Z,0,0.0,0.00,78,12.7,0.00,Deactivated,27,28,0,0,8363
2026-08-24T01:39:19Z,0,0.0,0.00,78,12.7,0.00,Deactivated,27,28,0,0,8363
2026-08-24T01:39:20Z,0,0.0,0.00,78,12.7,0.00,Deactivated,27,28,0,0,8363
2026-08-24T01:39:20Z,0,0.0,0.00,78,12.7,0.00,Deactivated,27,28,0,0,8363
2026-08-24T01:39:21Z,0,0.0,0.00,78,12.7,0.00,Deactivated,27,28,0,0,8363
2026-08-24T01:39:21Z,0,0.0,0.00,78,12.7,0.00,Deactivated,27,28,0,0,8363
2026-08-24T01:39:22Z,0,0.0,0.00,78,12.7,0.00,Deactivated,27,28,0,0,8363
2026-08-24T01:39:22Z,0,0.0,0.00,78,12.7,0.00,Deactivated,27,28,0,0,8363
2026-08-24T01:39:23Z,0,0.0,0.00,78,12.7,0.00,Deactivated,27,28,0,0,8363
2026-08-24T01:39:23Z,0,0.0,0.00,78,12.7,0.00,Deactivated,27,28,0,0,8363
2026-08-24T01:39:24Z,0,0.0,0.00,78,12.7,0.00,Deactivated,27,28,0,0,8363
2026-08-24T01:39:24Z,0,0.0,0.00,78,12.7,0.00,Deactivated,27,28,0,0,8363
2026-08-24T01:39:25Z,0,0.0,0.00,78,12.7,0.00,Deactivated,27,28,0,0,8363
2026-08-24T01:39:25Z,0,0.0,0.00,78,12.7,0.00,Deactivated,27,28,0,0,8363
2026-08-24T01:39:26Z,0,0.0,0.00,78,12.7,0.00,Deactivated,27,28,0,0,8363
2026-08-24T01:39:26Z,0,0.0,0.00,78,12.7,0.00,Deactivated,27,28,0,0,8363
2026-08-24T01:39:27Z,0,0.0,0.00,78,12.7,0.00,Deactivated,27,28,0,0,8363
2026-08-24T01:39:27Z,0,0.0,0.00,78,12.7,0.00,Deactivated,27,28,0,0,8363
2026-08-24T01:39:28Z,0,0.0,0.00,78,12.7,0.00,Deactivated,27,28,0,0,8363
2026-08-24T01:39:28Z,0,0.0,0.00,78,12.7,0.00,Deactivated,27,28,0,0,8363
2026-08-24T01:39:29Z,0,0.0,0.00,78,12.7,0.00,Deactivated,27,28,0,0,8363
2026-08-24T01:39:29Z,0,0.0,0.00,78,12.7,0.00,Deactivated,27,28,0,0,8363
2026-08-24T01:39:30Z,0,0.0,0.00,78,12.7,0.00,Deactivated,27,28,0,0,8363
2026-08-24T01:39:30Z,0,0.0,0.00,78,12.7,0.00,Deactivated,27,28,0,0,8363
2026-08-24T01:39:31Z,0,0.0,0.00,78,12.7,0.00,Deactivated,27,28,0,0,8363
2026-08-24T01:39:31Z,0,0.0,0.00,78,12.7,0.00,Deactivated,27,28,0,0,8363
2026-08-24T01:39:32Z,0,0.0,0.00,78,12.7,0.00,Deactivated,27,28,0,0,8363
2026-08-24T01:39:32Z,0,0.0,0.00,78,12.7,0.00,Deactivated,27,28,0,0,8363
2026-08-24T01:39:33Z,0,0.0,0.00,78,12.7,0.00,Deactivated,27,28,0,0,8363
2026-08-24T01:39:33Z,0,0.0,0.00,78,12.7,0.00,Deactivated,27,28,0,0,8363
2026-08-24T01:39:33Z,0,0.0,0.00,78,12.7,0.00,Deactivated,27,28,0,0,8363
2026-08-24T01:39:33Z,0,0.0,0.00,78,12.7,0.00,Deactivated,27,28,0,0,8363
2026-08-24T01:39:34Z,0,0.0,0.00,78,12.7,0.00,Deactivated,27,28,0,0,8363
2026-08-24T01:39:34Z,0,0.0,0.00,78,12.7,0.00,Deactivated,27,28,0,0,8363
2026-08-24T01:39:36Z,0,0.0,0.00,78,12.7,0.00,Deactivated,27,28,0,0,8363
2026-08-24T01:39:36Z,0,0.0,0.00,78,12.7,0.00,Deactivated,27,28,0,0,8363
2026-08-24T01:39:37Z,0,0.0,0.00,78,12.7,0.00,Deactivated,27,28,0,0,8363
2026-08-24T01:39:37Z,0,0.0,0.00,78,12.7,0.00,Deactivated,27,28,0,0,8363
2026-08-24T01:39:38Z,0,0.0,0.00,78,12.7,0.00,Deactivated,27,28,0,0,8363
2026-08-24T01:39:38Z,0,0.0,0.00,78,12.7,0.00,Deactivated,27,28,0,0,8363
2026-08-24T01:39:38Z,0,0.0,0.00,78,12.7,0.00,Deactivated,27,28,0,0,8363
2026-08-24T01:39:38Z,0,0.0,0.00,78,12.7,0.00,Deactivated,27,28,0,0,8363
2026-08-24T01:39:40Z,0,0.0,0.00,78,12.7,0.00,Deactivated,27,28,0,0,8363
2026-08-24T01:39:40Z,0,0.0,0.00,78,12.7,0.00,Deactivated,27,28,0,0,8363
2026-08-24T01:39:41Z,0,0.0,0.00,78,12.7,0.00,Deactivated,27,28,0,0,8363
2026-08-24T01:39:41Z,0,0.0,0.00,78,12.7,0.00,Deactivated,27,28,0,0,8363
2026-08-24T01:39:42Z,0,0.0,0.00,78,12.7,0.00,Deactivated,27,28,0,0,8363
2026-08-24T01:39:42Z,0,0.0,0.00,78,12.7,0.00,Deactivated,27,28,0,0,8363
2026-08-24T01:39:43Z,0,0.0,0.00,78,12.7,0.00,Deactivated,27,28,0,0,8363
2026-08-24T01:39:43Z,0,0.0,0.00,78,12.7,0.00,Deactivated,27,28,0,0,8363
2026-08-24T01:39:43Z,0,0.0,0.00,78,12.7,0.00,Deactivated,27,28,0,0,8363
2026-08-24T01:39:43Z,0,0.0,0.00,78,12.7,0.00,Deactivated,27,28,0,0,8363
2026-08-24T01:39:45Z,0,0.0,0.00,78,12.7,0.00,Deactivated,27,28,0,0,8363
2026-08-24T01:39:45Z,0,0.0,0.00,78,12.7,0.00,Deactivated,27,28,0,0,8363
2026-08-24T01:39:45Z,0,0.0,0.00,78,12.7,0.00,Deactivated,27,28,0,0,8363
2026-08-24T01:39:45Z,0,0.0,0.00,78,12.7,0.00,Deactivated,27,28,0,0,8363
2026-08-24T01:39:47Z,0,0.0,0.00,78,12.7,0.00,Deactivated,27,28,0,0,8363
2026-08-24T01:39:47Z,0,0.0,0.00,78,12.7,0.00,Deactivated,27,28,0,0,8363
2026-08-24T01:39:48Z,0,0.0,0.00,78,12.7,0.00,Deactivated,27,28,0,0,8363
2026-08-24T01:39:48Z,0,0.0,0.00,78,12.7,0.00,Deactivated,27,28,0,0,8363
2026-08-24T01:39:49Z,0,0.0,0.00,78,12.7,0.00,Deactivated,27,28,0,0,8363
2026-08-24T01:39:49Z,0,0.0,0.00,78,12.7,0.00,Deactivated,27,28,0,0,8363
2026-08-24T01:39:50Z,0,0.0,0.00,78,12.7,0.00,Deactivated,27,28,0,0,8363
2026-08-24T01:39:50Z,0,0.0,0.00,78,12.7,0.00,Deactivated,27,28,0,0,8363
2026-08-24T01:39:51Z,0,0.0,0.00,78,12.7,0.00,Deactivated,27,28,0,0,8363
2026-08-24T01:39:51Z,0,0.0,0.00,78,12.7,0.00,Deactivated,27,28,0,0,8363
2026-08-24T01:39:52Z,0,0.0,0.00,78,12.7,0.00,Deactivated,27,28,0,0,8363
2026-08-24T01:39:52Z,0,0.0,0.00,78,12.7,0.00,Deactivated,27,28,0,0,8363
2026-08-24T01:39:53Z,0,0.0,0.00,78,12.7,0.00,Deactivated,27,28,0,0,8363
2026-08-24T01:39:53Z,0,0.0,0.00,78,12.7,0.00,Deactivated,27,28,0,0,8363
2026-08-24T01:39:53Z,0,0.0,0.00,79,12.7,0.00,Deactivated,27,28,0,0,8363
2026-08-24T01:39:53Z,0,0.0,0.00,79,12.7,0.00,Deactivated,27,28,0,0,8363
2026-08-24T01:39:54Z,0,0.0,0.00,79,12.7,0.00,Deactivated,27,28,0,0,8363
2026-08-24T01:39:54Z,0,0.0,0.00,79,12.7,0.00,Deactivated,27,28,0,0,8363
2026-08-24T01:39:56Z,0,0.0,0.00,79,12.7,0.00,Deactivated,27,28,0,0,8363
2026-08-24T01:39:56Z,0,0.0,0.00,79,12.7,0.00,Deactivated,27,28,0,0,8363
2026-08-24T01:39:56Z,0,0.0,0.00,79,12.7,0.00,Deactivated,27,28,0,0,8363
2026-08-24T01:39:56Z,0,0.0,0.00,79,12.7,0.00,Deactivated,27,28,0,0,8363
2026-08-24T01:39:58Z,0,0.0,0.00,79,12.7,0.00,Deactivated,27,28,0,0,8363
2026-08-24T01:39:58Z,0,0.0,0.00,79,12.7,0.00,Deactivated,27,28,0,0,8363
2026-08-24T01:39:59Z,0,0.0,0.00,78,12.7,0.00,Deactivated,27,28,0,0,8363
2026-08-24T01:39:59Z,0,0.0,0.00,78,12.7,0.00,Deactivated,27,28,0,0,8363
2026-08-24T01:40:00Z,0,0.0,0.00,78,12.7,0.00,Deactivated,27,28,0,0,8363
2026-08-24T01:40:00Z,0,0.0,0.00,78,12.7,0.00,Deactivated,27,28,0,0,8363
2026-08-24T01:40:01Z,0,0.0,0.00,78,12.7,0.00,Deactivated,27,28,0,0,8363
2026-08-24T01:40:01Z,0,0.0,0.00,78,12.7,0.00,Deactivated,27,28,0,0,8363
2026-08-24T01:40:02Z,0,0.0,0.00,78,12.7,0.00,Deactivated,27,28,0,0,8363
2026-08-24T01:40:02Z,0,0.0,0.00,78,12.7,0.00,Deactivated,27,28,0,0,8363
2026-08-24T01:40:03Z,0,0.0,0.00,78,12.7,0.00,Deactivated,27,28,0,0,8363
2026-08-24T01:40:03Z,0,0.0,0.00,78,12.7,0.00,Deactivated,27,28,0,0,8363
2026-08-24T01:40:04Z,0,0.0,0.00,78,12.7,0.00,Deactivated,27,28,0,0,8363
2026-08-24T01:40:04Z,0,0.0,0.00,78,12.7,0.00,Deactivated,27,28,0,0,8363
2026-08-24T01:40:05Z,0,0.0,0.00,78,12.7,0.00,Deactivated,27,28,0,0,8363
2026-08-24T01:40:05Z,0,0.0,0.00,78,12.7,0.00,Deactivated,27,28,0,0,8363
2026-08-24T01:40:06Z,0,0.0,0.00,78,12.7,0.00,Deactivated,27,28,0,0,8363
2026-08-24T01:40:06Z,0,0.0,0.00,78,12.7,0.00,Deactivated,27,28,0,0,8363
2026-08-24T01:40:06Z,0,0.0,0.00,78,12.7,0.00,Deactivated,27,28,0,0,8363
2026-08-24T01:40:06Z,0,0.0,0.00,78,12.7,0.00,Deactivated,27,28,0,0,8363
2026-08-24T01:40:08Z,0,0.0,0.00,78,12.7,0.00,Deactivated,27,28,0,0,8363
2026-08-24T01:40:08Z,0,0.0,0.00,78,12.7,0.00,Deactivated,27,28,0,0,8363
2026-08-24T01:40:09Z,0,0.0,0.00,78,12.7,0.00,Deactivated,27,28,0,0,8363
2026-08-24T01:40:09Z,0,0.0,0.00,78,12.7,0.00,Deactivated,27,28,0,0,8363
2026-08-24T01:40:10Z,0,0.0,0.00,78,12.7,0.00,Deactivated,27,28,0,0,8363
2026-08-24T01:40:10Z,0,0.0,0.00,78,12.7,0.00,Deactivated,27,28,0,0,8363
2026-08-24T01:40:10Z,0,0.0,0.00,78,12.7,0.00,Deactivated,27,28,0,0,8363
2026-08-24T01:40:10Z,0,0.0,0.00,78,12.7,0.00,Deactivated,27,28,0,0,8363
2026-08-24T01:40:11Z,0,0.0,0.00,78,12.7,0.00,Deactivated,27,28,0,0,8363
2026-08-24T01:40:11Z,0,0.0,0.00,78,12.7,0.00,Deactivated,27,28,0,0,8363
2026-08-24T01:40:13Z,0,0.0,0.00,78,12.7,0.00,Deactivated,27,28,0,0,8363
2026-08-24T01:40:13Z,0,0.0,0.00,78,12.7,0.00,Deactivated,27,28,0,0,8363
2026-08-24T01:40:13Z,0,0.0,0.00,78,12.7,0.00,Deactivated,27,28,0,0,8363
2026-08-24T01:40:13Z,0,0.0,0.00,78,12.7,0.00,Deactivated,27,28,0,0,8363
2026-08-24T01:40:15Z,0,0.0,0.00,78,12.7,0.00,Deactivated,27,28,0,0,8363
2026-08-24T01:40:15Z,0,0.0,0.00,78,12.7,0.00,Deactivated,27,28,0,0,8363
2026-08-24T01:40:16Z,0,0.0,0.00,78,12.7,0.00,Deactivated,27,28,0,0,8363
2026-08-24T01:40:16Z,0,0.0,0.00,78,12.7,0.00,Deactivated,27,28,0,0,8363
2026-08-24T01:40:17Z,0,0.0,0.00,78,12.7,0.00,Deactivated,27,28,0,0,8363
2026-08-24T01:40:17Z,0,0.0,0.00,78,12.7,0.00,Deactivated,27,28,0,0,8363
2026-08-24T01:40:18Z,0,0.0,0.00,78,12.7,0.00,Deactivated,27,28,0,0,8363
2026-08-24T01:40:18Z,0,0.0,0.00,78,12.7,0.00,Deactivated,27,28,0,0,8363
2026-08-24T01:40:18Z,0,0.0,0.00,78,12.7,0.00,Deactivated,27,28,0,0,8363
2026-08-24T01:40:18Z,0,0.0,0.00,78,12.7,0.00,Deactivated,27,28,0,0,8363
2026-08-24T01:40:20Z,0,0.0,0.00,78,12.7,0.00,Deactivated,27,28,0,0,8363
2026-08-24T01:40:20Z,0,0.0,0.00,78,12.7,0.00,Deactivated,27,28,0,0,8363
2026-08-24T01:40:20Z,0,0.0,0.00,78,12.7,0.00,Deactivated,27,28,0,0,8363
2026-08-24T01:40:20Z,0,0.0,0.00,78,12.7,0.00,Deactivated,27,28,0,0,8363
2026-08-24T01:40:22Z,0,0.0,0.00,78,12.7,0.00,Deactivated,27,28,0,0,8363
2026-08-24T01:40:22Z,0,0.0,0.00,78,12.7,0.00,Deactivated,27,28,0,0,8363
2026-08-24T01:40:22Z,0,0.0,0.00,78,12.7,0.00,Deactivated,27,28,0,0,8363
2026-08-24T01:40:22Z,0,0.0,0.00,78,12.7,0.00,Deactivated,27,28,0,0,8363
2026-08-24T01:40:23Z,0,0.0,0.00,78,12.7,0.00,Deactivated,27,28,0,0,8363
2026-08-24T01:40:23Z,0,0.0,0.00,78,12.7,0.00,Deactivated,27,28,0,0,8363
2026-08-24T01:40:25Z,0,0.0,0.00,78,12.7,0.00,Deactivated,27,28,0,0,8363
2026-08-24T01:40:25Z,0,0.0,0.00,78,12.7,0.00,Deactivated,27,28,0,0,8363
2026-08-24T01:40:25Z,0,0.0,0.00,78,12.7,0.00,Deactivated,27,28,0,0,8363
2026-08-24T01:40:25Z,0,0.0,0.00,78,12.7,0.00,Deactivated,27,28,0,0,8363
2026-08-24T01:40:26Z,0,0.0,0.00,78,12.7,0.00,Deactivated,27,28,0,0,8363
2026-08-24T01:40:26Z,0,0.0,0.00,78,12.7,0.00,Deactivated,27,28,0,0,8363
2026-08-24T01:40:28Z,0,0.0,0.00,78,12.7,0.00,Deactivated,27,28,0,0,8363
2026-08-24T01:40:28Z,0,0.0,0.00,78,12.7,0.00,Deactivated,27,28,0,0,8363
2026-08-24T01:40:29Z,0,0.0,0.00,78,12.7,0.00,Deactivated,27,28,0,0,8363
2026-08-24T01:40:29Z,0,0.0,0.00,78,12.7,0.00,Deactivated,27,28,0,0,8363
2026-08-24T01:40:30Z,0,0.0,0.00,78,12.7,0.00,Deactivated,27,28,0,0,8363
2026-08-24T01:40:30Z,0,0.0,0.00,78,12.7,0.00,Deactivated,27,28,0,0,8363
2026-08-24T01:40:30Z,0,0.0,0.00,78,12.7,0.00,Deactivated,27,28,0,0,8363
2026-08-24T01:40:30Z,0,0.0,0.00,78,12.7,0.00,Deactivated,27,28,0,0,8363
2026-08-24T01:40:31Z,0,0.0,0.00,78,12.7,0.00,Deactivated,27,28,0,0,8363
2026-08-24T01:40:31Z,0,0.0,0.00,78,12.7,0.00,Deactivated,27,28,0,0,8363
2026-08-24T01:40:32Z,0,0.0,0.00,78,12.7,0.00,Deactivated,27,28,0,0,8363
2026-08-24T01:40:32Z,0,0.0,0.00,78,12.7,0.00,Deactivated,27,28,0,0,8363
2026-08-24T01:40:33Z,0,0.0,0.00,78,12.7,0.00,Deactivated,27,28,0,0,8363
2026-08-24T01:40:33Z,0,0.0,0.00,78,12.7,0.00,Deactivated,27,28,0,0,8363
2026-08-24T01:40:35Z,0,0.0,0.00,78,12.7,0.00,Deactivated,27,28,0,0,8363
2026-08-24T01:40:35Z,0,0.0,0.00,78,12.7,0.00,Deactivated,27,28,0,0,8363
2026-08-24T01:40:36Z,0,0.0,0.00,78,12.7,0.00,Deactivated,27,28,0,0,8363
2026-08-24T01:40:36Z,0,0.0,0.00,78,12.7,0.00,Deactivated,27,28,0,0,8363
2026-08-24T01:40:37Z,0,0.0,0.00,78,12.7,0.00,Deactivated,27,28,0,0,8363
2026-08-24T01:40:37Z,0,0.0,0.00,78,12.7,0.00,Deactivated,27,28,0,0,8363
2026-08-24T01:40:38Z,0,0.0,0.00,78,12.7,0.00,Deactivated,27,28,0,0,8363
2026-08-24T01:40:38Z,0,0.0,0.00,78,12.7,0.00,Deactivated,27,28,0,0,8363
2026-08-24T01:40:39Z,0,0.0,0.00,78,12.7,0.00,Deactivated,27,28,0,0,8363
2026-08-24T01:40:39Z,0,0.0,0.00,78,12.7,0.00,Deactivated,27,28,0,0,8363
2026-08-24T01:40:40Z,0,0.0,0.00,78,12.7,0.00,Deactivated,27,28,0,0,8363
2026-08-24T01:40:40Z,0,0.0,0.00,78,12.7,0.00,Deactivated,27,28,0,0,8363
2026-08-24T01:40:41Z,0,0.0,0.00,78,12.7,0.00,Deactivated,27,28,0,0,8363
2026-08-24T01:40:41Z,0,0.0,0.00,78,12.7,0.00,Deactivated,27,28,0,0,8363
2026-08-24T01:40:42Z,0,0.0,0.00,78,12.7,0.00,Deactivated,27,28,0,0,8363
2026-08-24T01:40:42Z,0,0.0,0.00,78,12.7,0.00,Deactivated,27,28,0,0,8363
2026-08-24T01:40:43Z,0,0.0,0.00,78,12.7,0.00,Deactivated,27,28,0,0,8363
2026-08-24T01:40:43Z,0,0.0,0.00,78,12.7,0.00,Deactivated,27,28,0,0,8363
2026-08-24T01:40:43Z,0,0.0,0.00,78,12.7,0.00,Deactivated,27,28,0,0,8363
2026-08-24T01:40:43Z,0,0.0,0.00,78,12.7,0.00,Deactivated,27,28,0,0,8363
2026-08-24T01:40:45Z,0,0.0,0.00,78,12.7,0.00,Deactivated,27,28,0,0,8363
2026-08-24T01:40:45Z,0,0.0,0.00,78,12.7,0.00,Deactivated,27,28,0,0,8363
2026-08-24T01:40:46Z,0,0.0,0.00,78,12.7,0.00,Deactivated,27,28,0,0,8363
2026-08-24T01:40:46Z,0,0.0,0.00,78,12.7,0.00,Deactivated,27,28,0,0,8363
2026-08-24T01:40:46Z,0,0.0,0.00,78,12.7,0.00,Deactivated,27,28,0,0,8363
2026-08-24T01:40:46Z,0,0.0,0.00,78,12.7,0.00,Deactivated,27,28,0,0,8363
2026-08-24T01:40:48Z,0,0.0,0.00,78,12.7,0.00,Deactivated,27,28,0,0,8363
2026-08-24T01:40:48Z,0,0.0,0.00,78,12.7,0.00,Deactivated,27,28,0,0,8363
2026-08-24T01:40:49Z,0,0.0,0.00,78,12.7,0.00,Deactivated,27,29,0,0,8363
2026-08-24T01:40:49Z,0,0.0,0.00,78,12.7,0.00,Deactivated,27,29,0,0,8363
2026-08-24T01:40:50Z,0,0.0,0.00,78,12.7,0.00,Deactivated,27,28,0,0,8363
2026-08-24T01:40:50Z,0,0.0,0.00,78,12.7,0.00,Deactivated,27,28,0,0,8363
2026-08-24T01:40:51Z,0,0.0,0.00,78,12.7,0.00,Deactivated,27,28,0,0,8363
2026-08-24T01:40:51Z,0,0.0,0.00,78,12.7,0.00,Deactivated,27,28,0,0,8363
2026-08-24T01:40:52Z,0,0.0,0.00,78,12.7,0.00,Deactivated,27,28,0,0,8363
2026-08-24T01:40:52Z,0,0.0,0.00,78,12.7,0.00,Deactivated,27,28,0,0,8363
2026-08-24T01:40:53Z,0,0.0,0.00,78,12.7,0.00,Deactivated,27,28,0,0,8363
2026-08-24T01:40:53Z,0,0.0,0.00,78,12.7,0.00,Deactivated,27,28,0,0,8363
2026-08-24T01:40:54Z,0,0.0,0.00,79,12.7,0.00,Deactivated,27,28,0,0,8363
2026-08-24T01:40:54Z,0,0.0,0.00,79,12.7,0.00,Deactivated,27,28,0,0,8363
2026-08-24T01:40:55Z,0,0.0,0.00,79,12.7,0.00,Deactivated,27,28,0,0,8363
2026-08-24T01:40:55Z,0,0.0,0.00,79,12.7,0.00,Deactivated,27,28,0,0,8363
2026-08-24T01:40:56Z,0,0.0,0.00,79,12.7,0.00,Deactivated,27,28,0,0,8363
2026-08-24T01:40:56Z,0,0.0,0.00,79,12.7,0.00,Deactivated,27,28,0,0,8363
2026-08-24T01:40:56Z,0,0.0,0.00,79,12.7,0.00,Deactivated,27,28,0,0,8363
2026-08-24T01:40:56Z,0,0.0,0.00,79,12.7,0.00,Deactivated,27,28,0,0,8363
2026-08-24T01:40:58Z,0,0.0,0.00,79,12.7,0.00,Deactivated,27,28,0,0,8363
2026-08-24T01:40:58Z,0,0.0,0.00,79,12.7,0.00,Deactivated,27,28,0,0,8363
2026-08-24T01:40:58Z,0,0.0,0.00,78,12.7,0.00,Deactivated,27,28,0,0,8363
2026-08-24T01:40:58Z,0,0.0,0.00,78,12.7,0.00,Deactivated,27,28,0,0,8363
2026-08-24T01:41:00Z,0,0.0,0.00,78,12.7,0.00,Deactivated,27,28,0,0,8363
2026-08-24T01:41:00Z,0,0.0,0.00,78,12.7,0.00,Deactivated,27,28,0,0,8363
2026-08-24T01:41:01Z,0,0.0,0.00,78,12.7,0.00,Deactivated,27,28,0,0,8363
2026-08-24T01:41:01Z,0,0.0,0.00,78,12.7,0.00,Deactivated,27,28,0,0,8363
2026-08-24T01:41:02Z,0,0.0,0.00,78,12.7,0.00,Deactivated,27,28,0,0,8363
2026-08-24T01:41:02Z,0,0.0,0.00,78,12.7,0.00,Deactivated,27,28,0,0,8363
2026-08-24T01:41:03Z,0,0.0,0.00,78,12.7,0.00,Deactivated,27,28,0,0,8363
2026-08-24T01:41:03Z,0,0.0,0.00,78,12.7,0.00,Deactivated,27,28,0,0,8363
2026-08-24T01:41:04Z,0,0.0,0.00,78,12.7,0.00,Deactivated,27,28,0,0,8363
2026-08-24T01:41:04Z,0,0.0,0.00,78,12.7,0.00,Deactivated,27,28,0,0,8363
2026-08-24T01:41:05Z,0,0.0,0.00,78,12.7,0.00,Deactivated,27,28,0,0,8363
2026-08-24T01:41:05Z,0,0.0,0.00,78,12.7,0.00,Deactivated,27,28,0,0,8363
2026-08-24T01:41:06Z,0,0.0,0.00,78,12.7,0.00,Deactivated,27,28,0,0,8363
2026-08-24T01:41:06Z,0,0.0,0.00,78,12.7,0.00,Deactivated,27,28,0,0,8363
2026-08-24T01:41:07Z,0,0.0,0.00,78,12.7,0.00,Deactivated,27,28,0,0,8363
2026-08-24T01:41:07Z,0,0.0,0.00,78,12.7,0.00,Deactivated,27,28,0,0,8363
2026-08-24T01:41:08Z,0,0.0,0.00,78,12.7,0.00,Deactivated,27,28,0,0,8363
2026-08-24T01:41:08Z,0,0.0,0.00,78,12.7,0.00,Deactivated,27,28,0,0,8363
2026-08-24T01:41:09Z,0,0.0,0.00,78,12.7,0.00,Deactivated,27,28,0,0,8363
2026-08-24T01:41:09Z,0,0.0,0.00,78,12.7,0.00,Deactivated,27,28,0,0,8363
2026-08-24T01:41:10Z,0,0.0,0.00,78,12.7,0.00,Deactivated,27,28,0,0,8363
2026-08-24T01:41:10Z,0,0.0,0.00,78,12.7,0.00,Deactivated,27,28,0,0,8363
2026-08-24T01:41:11Z,0,0.0,0.00,78,12.7,0.00,Deactivated,27,28,0,0,8363
2026-08-24T01:41:11Z,0,0.0,0.00,78,12.7,0.00,Deactivated,27,28,0,0,8363
2026-08-24T01:41:11Z,0,0.0,0.00,78,12.7,0.00,Deactivated,27,28,0,0,8363
2026-08-24T01:41:11Z,0,0.0,0.00,78,12.7,0.00,Deactivated,27,28,0,0,8363
2026-08-24T01:41:13Z,0,0.0,0.00,78,12.7,0.00,Deactivated,27,28,0,0,8363
2026-08-24T01:41:13Z,0,0.0,0.00,78,12.7,0.00,Deactivated,27,28,0,0,8363
2026-08-24T01:41:14Z,0,0.0,0.00,78,12.7,0.00,Deactivated,27,28,0,0,8363
2026-08-24T01:41:14Z,0,0.0,0.00,78,12.7,0.00,Deactivated,27,28,0,0,8363
2026-08-24T01:41:15Z,0,0.0,0.00,78,12.7,0.00,Deactivated,27,28,0,0,8363
2026-08-24T01:41:15Z,0,0.0,0.00,78,12.7,0.00,Deactivated,27,28,0,0,8363
2026-08-24T01:41:16Z,0,0.0,0.00,78,12.7,0.00,Deactivated,27,28,0,0,8363
2026-08-24T01:41:16Z,0,0.0,0.00,78,12.7,0.00,Deactivated,27,28,0,0,8363
2026-08-24T01:41:16Z,0,0.0,0.00,78,12.7,0.00,Deactivated,27,28,0,0,8363
2026-08-24T01:41:16Z,0,0.0,0.00,78,12.7,0.00,Deactivated,27,28,0,0,8363
2026-08-24T01:41:18Z,0,0.0,0.00,78,12.7,0.00,Deactivated,27,28,0,0,8363
2026-08-24T01:41:18Z,0,0.0,0.00,78,12.7,0.00,Deactivated,27,28,0,0,8363
2026-08-24T01:41:18Z,0,0.0,0.00,78,12.7,0.00,Deactivated,27,28,0,0,8363
2026-08-24T01:41:18Z,0,0.0,0.00,78,12.7,0.00,Deactivated,27,28,0,0,8363
2026-08-24T01:41:20Z,0,0.0,0.00,78,12.7,0.00,Deactivated,27,28,0,0,8363
2026-08-24T01:41:20Z,0,0.0,0.00,78,12.7,0.00,Deactivated,27,28,0,0,8363
2026-08-24T01:41:21Z,0,0.0,0.00,78,12.7,0.00,Deactivated,27,28,0,0,8363
2026-08-24T01:41:21Z,0,0.0,0.00,78,12.7,0.00,Deactivated,27,28,0,0,8363
2026-08-24T01:41:22Z,0,0.0,0.00,78,12.7,0.00,Deactivated,27,28,0,0,8363
2026-08-24T01:41:22Z,0,0.0,0.00,78,12.7,0.00,Deactivated,27,28,0,0,8363
2026-08-24T01:41:23Z,0,0.0,0.00,78,12.7,0.00,Deactivated,27,28,0,0,8363
2026-08-24T01:41:23Z,0,0.0,0.00,78,12.7,0.00,Deactivated,27,28,0,0,8363
2026-08-24T01:41:24Z,0,0.0,0.00,79,12.7,0.00,Deactivated,27,28,0,0,8363
2026-08-24T01:41:24Z,0,0.0,0.00,79,12.7,0.00,Deactivated,27,28,0,0,8363
2026-08-24T01:41:25Z,0,0.0,0.00,79,12.7,0.00,Deactivated,27,28,0,0,8363
2026-08-24T01:41:25Z,0,0.0,0.00,79,12.7,0.00,Deactivated,27,28,0,0,8363
2026-08-24T01:41:26Z,0,0.0,0.00,79,12.7,0.00,Deactivated,27,28,0,0,8363
2026-08-24T01:41:26Z,0,0.0,0.00,79,12.7,0.00,Deactivated,27,28,0,0,8363
2026-08-24T01:41:27Z,0,0.0,0.00,79,12.7,0.00,Deactivated,27,28,0,0,8363
2026-08-24T01:41:27Z,0,0.0,0.00,79,12.7,0.00,Deactivated,27,28,0,0,8363
2026-08-24T01:41:27Z,0,0.0,0.00,79,12.7,0.00,Deactivated,27,28,0,0,8363
2026-08-24T01:41:27Z,0,0.0,0.00,79,12.7,0.00,Deactivated,27,28,0,0,8363
2026-08-24T01:41:29Z,0,0.0,0.00,78,12.7,0.00,Deactivated,27,28,0,0,8363
2026-08-24T01:41:29Z,0,0.0,0.00,78,12.7,0.00,Deactivated,27,28,0,0,8363
2026-08-24T01:41:30Z,0,0.0,0.00,78,12.7,0.00,Deactivated,27,28,0,0,8363
2026-08-24T01:41:30Z,0,0.0,0.00,78,12.7,0.00,Deactivated,27,28,0,0,8363
2026-08-24T01:41:31Z,0,0.0,0.00,78,12.7,0.00,Deactivated,27,28,0,0,8363
2026-08-24T01:41:31Z,0,0.0,0.00,78,12.7,0.00,Deactivated,27,28,0,0,8363
2026-08-24T01:41:31Z,0,0.0,0.00,78,12.7,0.00,Deactivated,27,28,0,0,8363
2026-08-24T01:41:31Z,0,0.0,0.00,78,12.7,0.00,Deactivated,27,28,0,0,8363
2026-08-24T01:41:32Z,0,0.0,0.00,78,12.7,0.00,Deactivated,27,28,0,0,8363
2026-08-24T01:41:32Z,0,0.0,0.00,78,12.7,0.00,Deactivated,27,28,0,0,8363
2026-08-24T01:41:34Z,0,0.0,0.00,78,12.7,0.00,Deactivated,27,28,0,0,8363
2026-08-24T01:41:34Z,0,0.0,0.00,78,12.7,0.00,Deactivated,27,28,0,0,8363
2026-08-24T01:41:35Z,0,0.0,0.00,78,12.7,0.00,Deactivated,27,28,0,0,8363
2026-08-24T01:41:35Z,0,0.0,0.00,78,12.7,0.00,Deactivated,27,28,0,0,8363
2026-08-24T01:41:36Z,0,0.0,0.00,78,12.7,0.00,Deactivated,27,28,0,0,8363
2026-08-24T01:41:36Z,0,0.0,0.00,78,12.7,0.00,Deactivated,27,28,0,0,8363
2026-08-24T01:41:36Z,0,0.0,0.00,78,12.7,0.00,Deactivated,27,28,0,0,8363
2026-08-24T01:41:36Z,0,0.0,0.00,78,12.7,0.00,Deactivated,27,28,0,0,8363
2026-08-24T01:41:38Z,0,0.0,0.00,78,12.7,0.00,Deactivated,27,28,0,0,8363
2026-08-24T01:41:38Z,0,0.0,0.00,78,12.7,0.00,Deactivated,27,28,0,0,8363
2026-08-24T01:41:39Z,0,0.0,0.00,78,12.7,0.00,Deactivated,27,28,0,0,8363
2026-08-24T01:41:39Z,0,0.0,0.00,78,12.7,0.00,Deactivated,27,28,0,0,8363
2026-08-24T01:41:40Z,0,0.0,0.00,78,12.7,0.00,Deactivated,27,28,0,0,8363
2026-08-24T01:41:40Z,0,0.0,0.00,78,12.7,0.00,Deactivated,27,28,0,0,8363
2026-08-24T01:41:41Z,0,0.0,0.00,78,12.7,0.00,Deactivated,27,28,0,0,8363
2026-08-24T01:41:41Z,0,0.0,0.00,78,12.7,0.00,Deactivated,27,28,0,0,8363
2026-08-24T01:41:42Z,0,0.0,0.00,78,12.7,0.00,Deactivated,27,28,0,0,8363
2026-08-24T01:41:42Z,0,0.0,0.00,78,12.7,0.00,Deactivated,27,28,0,0,8363
2026-08-24T01:41:43Z,0,0.0,0.00,78,12.7,0.00,Deactivated,27,28,0,0,8363
2026-08-24T01:41:43Z,0,0.0,0.00,78,12.7,0.00,Deactivated,27,28,0,0,8363
2026-08-24T01:41:43Z,0,0.0,0.00,78,12.7,0.00,Deactivated,27,28,0,0,8363
2026-08-24T01:41:43Z,0,0.0,0.00,78,12.7,0.00,Deactivated,27,28,0,0,8363
2026-08-24T01:41:45Z,0,0.0,0.00,78,12.7,0.00,Deactivated,27,28,0,0,8363
2026-08-24T01:41:45Z,0,0.0,0.00,78,12.7,0.00,Deactivated,27,28,0,0,8363
2026-08-24T01:41:45Z,0,0.0,0.00,78,12.7,0.00,Deactivated,27,28,0,0,8363
2026-08-24T01:41:45Z,0,0.0,0.00,78,12.7,0.00,Deactivated,27,28,0,0,8363
2026-08-24T01:41:46Z,0,0.0,0.00,78,12.7,0.00,Deactivated,27,28,0,0,8363
2026-08-24T01:41:46Z,0,0.0,0.00,78,12.7,0.00,Deactivated,27,28,0,0,8363
2026-08-24T01:41:48Z,0,0.0,0.00,78,12.7,0.00,Deactivated,27,28,0,0,8363
2026-08-24T01:41:48Z,0,0.0,0.00,78,12.7,0.00,Deactivated,27,28,0,0,8363
2026-08-24T01:41:48Z,0,0.0,0.00,78,12.7,0.00,Deactivated,27,28,0,0,8363
2026-08-24T01:41:48Z,0,0.0,0.00,78,12.7,0.00,Deactivated,27,28,0,0,8363
2026-08-24T01:41:50Z,0,0.0,0.00,78,12.7,0.00,Deactivated,27,28,0,0,8363
2026-08-24T01:41:50Z,0,0.0,0.00,78,12.7,0.00,Deactivated,27,28,0,0,8363
2026-08-24T01:41:51Z,0,0.0,0.00,78,12.7,0.00,Deactivated,27,28,0,0,8363
2026-08-24T01:41:51Z,0,0.0,0.00,78,12.7,0.00,Deactivated,27,28,0,0,8363
2026-08-24T01:41:52Z,0,0.0,0.00,78,12.7,0.00,Deactivated,27,28,0,0,8363
2026-08-24T01:41:52Z,0,0.0,0.00,78,12.7,0.00,Deactivated,27,28,0,0,8363
2026-08-24T01:41:53Z,0,0.0,0.00,78,12.7,0.00,Deactivated,27,28,0,0,8363
2026-08-24T01:41:53Z,0,0.0,0.00,78,12.7,0.00,Deactivated,27,28,0,0,8363
2026-08-24T01:41:53Z,0,0.0,0.00,78,12.7,0.00,Deactivated,27,28,0,0,8363
2026-08-24T01:41:53Z,0,0.0,0.00,78,12.7,0.00,Deactivated,27,28,0,0,8363
2026-08-24T01:41:55Z,0,0.0,0.00,78,12.7,0.00,Deactivated,27,28,0,0,8363
2026-08-24T01:41:55Z,0,0.0,0.00,78,12.7,0.00,Deactivated,27,28,0,0,8363
2026-08-24T01:41:55Z,0,0.0,0.00,78,12.7,0.00,Deactivated,27,28,0,0,8363
2026-08-24T01:41:55Z,0,0.0,0.00,78,12.7,0.00,Deactivated,27,28,0,0,8363
2026-08-24T01:41:57Z,0,0.0,0.00,78,12.7,0.00,Deactivated,27,28,0,0,8363
2026-08-24T01:41:57Z,0,0.0,0.00,78,12.7,0.00,Deactivated,27,28,0,0,8363
2026-08-24T01:41:58Z,0,0.0,0.00,78,12.7,0.00,Deactivated,27,28,0,0,8363
2026-08-24T01:41:58Z,0,0.0,0.00,78,12.7,0.00,Deactivated,27,28,0,0,8363
2026-08-24T01:41:58Z,0,0.0,0.00,78,12.7,0.00,Deactivated,27,28,0,0,8363
2026-08-24T01:41:58Z,0,0.0,0.00,78,12.7,0.00,Deactivated,27,28,0,0,8363
2026-08-24T01:41:59Z,0,0.0,0.00,78,12.7,0.00,Deactivated,27,28,0,0,8363
2026-08-24T01:41:59Z,0,0.0,0.00,78,12.7,0.00,Deactivated,27,28,0,0,8363
2026-08-24T01:42:00Z,0,0.0,0.00,78,12.7,0.00,Deactivated,27,28,0,0,8363
2026-08-24T01:42:00Z,0,0.0,0.00,78,12.7,0.00,Deactivated,27,28,0,0,8363
2026-08-24T01:42:02Z,0,0.0,0.00,78,12.7,0.00,Deactivated,27,28,0,0,8363
2026-08-24T01:42:02Z,0,0.0,0.00,78,12.7,0.00,Deactivated,27,28,0,0,8363
2026-08-24T01:42:02Z,0,0.0,0.00,78,12.7,0.00,Deactivated,27,28,0,0,8363
2026-08-24T01:42:02Z,0,0.0,0.00,78,12.7,0.00,Deactivated,27,28,0,0,8363
2026-08-24T01:42:03Z,0,0.0,0.00,78,12.7,0.00,Deactivated,27,28,0,0,8363
2026-08-24T01:42:03Z,0,0.0,0.00,78,12.7,0.00,Deactivated,27,28,0,0,8363
2026-08-24T01:42:04Z,0,0.0,0.00,78,12.7,0.00,Deactivated,27,28,0,0,8363
2026-08-24T01:42:04Z,0,0.0,0.00,78,12.7,0.00,Deactivated,27,28,0,0,8363
2026-08-24T01:42:06Z,0,0.0,0.00,78,12.7,0.00,Deactivated,27,28,0,0,8363
2026-08-24T01:42:06Z,0,0.0,0.00,78,12.7,0.00,Deactivated,27,28,0,0,8363
2026-08-24T01:42:06Z,0,0.0,0.00,78,12.7,0.00,Deactivated,27,28,0,0,8363
2026-08-24T01:42:06Z,0,0.0,0.00,78,12.7,0.00,Deactivated,27,28,0,0,8363
2026-08-24T01:42:08Z,0,0.0,0.00,78,12.7,0.00,Deactivated,27,28,0,0,8363
2026-08-24T01:42:08Z,0,0.0,0.00,78,12.7,0.00,Deactivated,27,28,0,0,8363
2026-08-24T01:42:08Z,0,0.0,0.00,78,12.7,0.00,Deactivated,27,28,0,0,8363
2026-08-24T01:42:08Z,0,0.0,0.00,78,12.7,0.00,Deactivated,27,28,0,0,8363
2026-08-24T01:42:10Z,0,0.0,0.00,78,12.7,0.00,Deactivated,27,28,0,0,8363
2026-08-24T01:42:10Z,0,0.0,0.00,78,12.7,0.00,Deactivated,27,28,0,0,8363
2026-08-24T01:42:11Z,0,0.0,0.00,78,12.7,0.00,Deactivated,27,28,0,0,8363
2026-08-24T01:42:11Z,0,0.0,0.00,78,12.7,0.00,Deactivated,27,28,0,0,8363
2026-08-24T01:42:12Z,0,0.0,0.00,78,12.7,0.00,Deactivated,27,28,0,0,8363
2026-08-24T01:42:12Z,0,0.0,0.00,78,12.7,0.00,Deactivated,27,28,0,0,8363
2026-08-24T01:42:13Z,0,0.0,0.00,78,12.7,0.00,Deactivated,27,28,0,0,8363
2026-08-24T01:42:13Z,0,0.0,0.00,78,12.7,0.00,Deactivated,27,28,0,0,8363
2026-08-24T01:42:13Z,0,0.0,0.00,78,12.7,0.00,Deactivated,27,28,0,0,8363
2026-08-24T01:42:13Z,0,0.0,0.00,78,12.7,0.00,Deactivated,27,28,0,0,8363
2026-08-24T01:42:15Z,0,0.0,0.00,78,12.7,0.00,Deactivated,27,28,0,0,8363
2026-08-24T01:42:15Z,0,0.0,0.00,78,12.7,0.00,Deactivated,27,28,0,0,8363
2026-08-24T01:42:16Z,0,0.0,0.00,78,12.7,0.00,Deactivated,27,28,0,0,8363
2026-08-24T01:42:16Z,0,0.0,0.00,78,12.7,0.00,Deactivated,27,28,0,0,8363
2026-08-24T01:42:16Z,0,0.0,0.00,78,12.7,0.00,Deactivated,27,28,0,0,8363
2026-08-24T01:42:16Z,0,0.0,0.00,78,12.7,0.00,Deactivated,27,28,0,0,8363
2026-08-24T01:42:18Z,0,0.0,0.00,78,12.7,0.00,Deactivated,27,28,0,0,8363
2026-08-24T01:42:18Z,0,0.0,0.00,78,12.7,0.00,Deactivated,27,28,0,0,8363
2026-08-24T01:42:18Z,0,0.0,0.00,78,12.7,0.00,Deactivated,27,28,0,0,8363
2026-08-24T01:42:18Z,0,0.0,0.00,78,12.7,0.00,Deactivated,27,28,0,0,8363
2026-08-24T01:42:20Z,0,0.0,0.00,78,12.7,0.00,Deactivated,27,28,0,0,8363
2026-08-24T01:42:20Z,0,0.0,0.00,78,12.7,0.00,Deactivated,27,28,0,0,8363
2026-08-24T01:42:21Z,0,0.0,0.00,78,12.7,0.00,Deactivated,27,28,0,0,8363
2026-08-24T01:42:21Z,0,0.0,0.00,78,12.7,0.00,Deactivated,27,28,0,0,8363
2026-08-24T01:42:22Z,0,0.0,0.00,78,12.7,0.00,Deactivated,27,28,0,0,8363
2026-08-24T01:42:22Z,0,0.0,0.00,78,12.7,0.00,Deactivated,27,28,0,0,8363
2026-08-24T01:42:23Z,0,0.0,0.00,78,12.7,0.00,Deactivated,27,28,0,0,8363
2026-08-24T01:42:23Z,0,0.0,0.00,78,12.7,0.00,Deactivated,27,28,0,0,8363
2026-08-24T01:42:24Z,0,0.0,0.00,78,12.7,0.00,Deactivated,27,28,0,0,8363
2026-08-24T01:42:24Z,0,0.0,0.00,78,12.7,0.00,Deactivated,27,28,0,0,8363
2026-08-24T01:42:25Z,0,0.0,0.00,78,12.7,0.00,Deactivated,27,28,0,0,8363
2026-08-24T01:42:25Z,0,0.0,0.00,78,12.7,0.00,Deactivated,27,28,0,0,8363
2026-08-24T01:42:26Z,0,0.0,0.00,78,12.7,0.00,Deactivated,27,28,0,0,8363
2026-08-24T01:42:26Z,0,0.0,0.00,78,12.7,0.00,Deactivated,27,28,0,0,8363
2026-08-24T01:42:27Z,0,0.0,0.00,78,12.7,0.00,Deactivated,27,28,0,0,8363
2026-08-24T01:42:27Z,0,0.0,0.00,78,12.7,0.00,Deactivated,27,28,0,0,8363
2026-08-24T01:42:28Z,0,0.0,0.00,78,12.7,0.00,Deactivated,27,28,0,0,8363
2026-08-24T01:42:28Z,0,0.0,0.00,78,12.7,0.00,Deactivated,27,28,0,0,8363
2026-08-24T01:42:29Z,0,0.0,0.00,78,12.7,0.00,Deactivated,27,28,0,0,8363
2026-08-24T01:42:29Z,0,0.0,0.00,78,12.7,0.00,Deactivated,27,28,0,0,8363
2026-08-24T01:42:30Z,0,0.0,0.00,78,12.7,0.00,Deactivated,27,28,0,0,8363
2026-08-24T01:42:30Z,0,0.0,0.00,78,12.7,0.00,Deactivated,27,28,0,0,8363
2026-08-24T01:42:31Z,0,0.0,0.00,78,12.7,0.00,Deactivated,27,28,0,0,8363
2026-08-24T01:42:31Z,0,0.0,0.00,78,12.7,0.00,Deactivated,27,28,0,0,8363
2026-08-24T01:42:31Z,0,0.0,0.00,78,12.7,0.00,Deactivated,27,28,0,0,8363
2026-08-24T01:42:31Z,0,0.0,0.00,78,12.7,0.00,Deactivated,27,28,0,0,8363
2026-08-24T01:42:33Z,0,0.0,0.00,78,12.7,0.00,Deactivated,27,28,0,0,8363
2026-08-24T01:42:33Z,0,0.0,0.00,78,12.7,0.00,Deactivated,27,28,0,0,8363
2026-08-24T01:42:34Z,0,0.0,0.00,78,12.7,0.00,Deactivated,27,28,0,0,8363
2026-08-24T01:42:34Z,0,0.0,0.00,78,12.7,0.00,Deactivated,27,28,0,0,8363
2026-08-24T01:42:35Z,0,0.0,0.00,78,12.7,0.00,Deactivated,27,28,0,0,8363
2026-08-24T01:42:35Z,0,0.0,0.00,78,12.7,0.00,Deactivated,27,28,0,0,8363
2026-08-24T01:42:36Z,0,0.0,0.00,78,12.7,0.00,Deactivated,27,28,0,0,8363
2026-08-24T01:42:36Z,0,0.0,0.00,78,12.7,0.00,Deactivated,27,28,0,0,8363
2026-08-24T01:42:36Z,0,0.0,0.00,78,12.7,0.00,Deactivated,27,28,0,0,8363
2026-08-24T01:42:36Z,0,0.0,0.00,78,12.7,0.00,Deactivated,27,28,0,0,8363
2026-08-24T01:42:38Z,0,0.0,0.00,78,12.7,0.00,Deactivated,27,28,0,0,8363
2026-08-24T01:42:38Z,0,0.0,0.00,78,12.7,0.00,Deactivated,27,28,0,0,8363
2026-08-24T01:42:39Z,0,0.0,0.00,78,12.7,0.00,Deactivated,27,28,0,0,8363
2026-08-24T01:42:39Z,0,0.0,0.00,78,12.7,0.00,Deactivated,27,28,0,0,8363
2026-08-24T01:42:40Z,0,0.0,0.00,78,12.7,0.00,Deactivated,27,28,0,0,8363
2026-08-24T01:42:40Z,0,0.0,0.00,78,12.7,0.00,Deactivated,27,28,0,0,8363
2026-08-24T01:42:41Z,0,0.0,0.00,78,12.7,0.00,Deactivated,27,28,0,0,8363
2026-08-24T01:42:41Z,0,0.0,0.00,78,12.7,0.00,Deactivated,27,28,0,0,8363
2026-08-24T01:42:42Z,0,0.0,0.00,78,12.7,0.00,Deactivated,27,28,0,0,8363
2026-08-24T01:42:42Z,0,0.0,0.00,78,12.7,0.00,Deactivated,27,28,0,0,8363
2026-08-24T01:42:43Z,0,0.0,0.00,78,12.7,0.00,Deactivated,27,28,0,0,8363
2026-08-24T01:42:43Z,0,0.0,0.00,78,12.7,0.00,Deactivated,27,28,0,0,8363
2026-08-24T01:42:44Z,0,0.0,0.00,78,12.7,0.00,Deactivated,27,28,0,0,8363
2026-08-24T01:42:44Z,0,0.0,0.00,78,12.7,0.00,Deactivated,27,28,0,0,8363
2026-08-24T01:42:45Z,0,0.0,0.00,78,12.7,0.00,Deactivated,27,28,0,0,8363
2026-08-24T01:42:45Z,0,0.0,0.00,78,12.7,0.00,Deactivated,27,28,0,0,8363
2026-08-24T01:42:46Z,0,0.0,0.00,78,12.7,0.00,Deactivated,27,28,0,0,8363
2026-08-24T01:42:46Z,0,0.0,0.00,78,12.7,0.00,Deactivated,27,28,0,0,8363
2026-08-24T01:42:47Z,0,0.0,0.00,78,12.7,0.00,Deactivated,27,28,0,0,8363
2026-08-24T01:42:47Z,0,0.0,0.00,78,12.7,0.00,Deactivated,27,28,0,0,8363
2026-08-24T01:42:48Z,0,0.0,0.00,78,12.7,0.00,Deactivated,27,28,0,0,8363
2026-08-24T01:42:48Z,0,0.0,0.00,78,12.7,0.00,Deactivated,27,28,0,0,8363
2026-08-24T01:42:49Z,0,0.0,0.00,78,12.7,0.00,Deactivated,27,28,0,0,8363
2026-08-24T01:42:49Z,0,0.0,0.00,78,12.7,0.00,Deactivated,27,28,0,0,8363
2026-08-24T01:42:50Z,0,0.0,0.00,78,12.7,0.00,Deactivated,27,28,0,0,8363
2026-08-24T01:42:50Z,0,0.0,0.00,78,12.7,0.00,Deactivated,27,28,0,0,8363
2026-08-24T01:42:51Z,0,0.0,0.00,78,12.7,0.00,Deactivated,27,28,0,0,8363
2026-08-24T01:42:51Z,0,0.0,0.00,78,12.7,0.00,Deactivated,27,28,0,0,8363
2026-08-24T01:42:52Z,0,0.0,0.00,78,12.7,0.00,Deactivated,27,28,0,0,8363
2026-08-24T01:42:52Z,0,0.0,0.00,78,12.7,0.00,Deactivated,27,28,0,0,8363
2026-08-24T01:42:52Z,0,0.0,0.00,78,12.7,0.00,Deactivated,27,28,0,0,8363
2026-08-24T01:42:52Z,0,0.0,0.00,78,12.7,0.00,Deactivated,27,28,0,0,8363
2026-08-24T01:42:54Z,0,0.0,0.00,78,12.7,0.00,Deactivated,27,28,0,0,8363
2026-08-24T01:42:54Z,0,0.0,0.00,78,12.7,0.00,Deactivated,27,28,0,0,8363
2026-08-24T01:42:55Z,0,0.0,0.00,78,12.7,0.00,Deactivated,27,28,0,0,8363
2026-08-24T01:42:55Z,0,0.0,0.00,78,12.7,0.00,Deactivated,27,28,0,0,8363
2026-08-24T01:42:56Z,0,0.0,0.00,78,12.7,0.00,Deactivated,27,28,0,0,8363
2026-08-24T01:42:56Z,0,0.0,0.00,78,12.7,0.00,Deactivated,27,28,0,0,8363
2026-08-24T01:42:57Z,0,0.0,0.00,78,12.7,0.00,Deactivated,27,28,0,0,8363
2026-08-24T01:42:57Z,0,0.0,0.00,78,12.7,0.00,Deactivated,27,28,0,0,8363
2026-08-24T01:42:59Z,0,0.0,0.00,78,12.7,0.00,Deactivated,27,28,0,0,8363
2026-08-24T01:42:59Z,0,0.0,0.00,78,12.7,0.00,Deactivated,27,28,0,0,8363
2026-08-24T01:42:59Z,0,0.0,0.00,78,12.7,0.00,Deactivated,27,28,0,0,8363
2026-08-24T01:42:59Z,0,0.0,0.00,78,12.7,0.00,Deactivated,27,28,0,0,8363
2026-08-24T01:43:00Z,0,0.0,0.00,78,12.7,0.00,Deactivated,27,28,0,0,8363
2026-08-24T01:43:00Z,0,0.0,0.00,78,12.7,0.00,Deactivated,27,28,0,0,8363
2026-08-24T01:43:01Z,0,0.0,0.00,78,12.7,0.00,Deactivated,27,28,0,0,8363
2026-08-24T01:43:01Z,0,0.0,0.00,78,12.7,0.00,Deactivated,27,28,0,0,8363
2026-08-24T01:43:02Z,0,0.0,0.00,78,12.7,0.00,Deactivated,27,28,0,0,8363
2026-08-24T01:43:02Z,0,0.0,0.00,78,12.7,0.00,Deactivated,27,28,0,0,8363
2026-08-24T01:43:03Z,0,0.0,0.00,78,12.7,0.00,Deactivated,27,28,0,0,8363
2026-08-24T01:43:03Z,0,0.0,0.00,78,12.7,0.00,Deactivated,27,28,0,0,8363
2026-08-24T01:43:04Z,0,0.0,0.00,78,12.7,0.00,Deactivated,27,28,0,0,8363
2026-08-24T01:43:04Z,0,0.0,0.00,78,12.7,0.00,Deactivated,27,28,0,0,8363
2026-08-24T01:43:05Z,0,0.0,0.00,79,12.7,0.00,Deactivated,27,28,0,0,8363
2026-08-24T01:43:05Z,0,0.0,0.00,79,12.7,0.00,Deactivated,27,28,0,0,8363
2026-08-24T01:43:05Z,0,0.0,0.00,79,12.7,0.00,Deactivated,27,28,0,0,8363
2026-08-24T01:43:05Z,0,0.0,0.00,79,12.7,0.00,Deactivated,27,28,0,0,8363
2026-08-24T01:43:07Z,0,0.0,0.00,79,12.7,0.00,Deactivated,27,28,0,0,8363
2026-08-24T01:43:07Z,0,0.0,0.00,79,12.7,0.00,Deactivated,27,28,0,0,8363
2026-08-24T01:43:08Z,0,0.0,0.00,79,12.7,0.00,Deactivated,27,28,0,0,8363
2026-08-24T01:43:08Z,0,0.0,0.00,79,12.7,0.00,Deactivated,27,28,0,0,8363
2026-08-24T01:43:09Z,0,0.0,0.00,79,12.7,0.00,Deactivated,27,28,0,0,8363
2026-08-24T01:43:09Z,0,0.0,0.00,79,12.7,0.00,Deactivated,27,28,0,0,8363
2026-08-24T01:43:10Z,0,0.0,0.00,78,12.7,0.00,Deactivated,27,28,0,0,8363
2026-08-24T01:43:10Z,0,0.0,0.00,78,12.7,0.00,Deactivated,27,28,0,0,8363
2026-08-24T01:43:11Z,0,0.0,0.00,78,12.7,0.00,Deactivated,27,28,0,0,8363
2026-08-24T01:43:11Z,0,0.0,0.00,78,12.7,0.00,Deactivated,27,28,0,0,8363
2026-08-24T01:43:12Z,0,0.0,0.00,78,12.7,0.00,Deactivated,27,28,0,0,8363
2026-08-24T01:43:12Z,0,0.0,0.00,78,12.7,0.00,Deactivated,27,28,0,0,8363
2026-08-24T01:43:13Z,0,0.0,0.00,78,12.7,0.00,Deactivated,27,28,0,0,8363
2026-08-24T01:43:13Z,0,0.0,0.00,78,12.7,0.00,Deactivated,27,28,0,0,8363
2026-08-24T01:43:13Z,0,0.0,0.00,78,12.7,0.00,Deactivated,27,28,0,0,8363
2026-08-24T01:43:13Z,0,0.0,0.00,78,12.7,0.00,Deactivated,27,28,0,0,8363
2026-08-24T01:43:15Z,0,0.0,0.00,78,12.7,0.00,Deactivated,27,28,0,0,8363
2026-08-24T01:43:15Z,0,0.0,0.00,78,12.7,0.00,Deactivated,27,28,0,0,8363
2026-08-24T01:43:15Z,0,0.0,0.00,78,12.7,0.00,Deactivated,27,28,0,0,8363
2026-08-24T01:43:15Z,0,0.0,0.00,78,12.7,0.00,Deactivated,27,28,0,0,8363
2026-08-24T01:43:17Z,0,0.0,0.00,78,12.7,0.00,Deactivated,27,28,0,0,8363
2026-08-24T01:43:17Z,0,0.0,0.00,78,12.7,0.00,Deactivated,27,28,0,0,8363
2026-08-24T01:43:17Z,0,0.0,0.00,78,12.7,0.00,Deactivated,27,28,0,0,8363
2026-08-24T01:43:17Z,0,0.0,0.00,78,12.7,0.00,Deactivated,27,28,0,0,8363
2026-08-24T01:43:19Z,0,0.0,0.00,78,12.7,0.00,Deactivated,27,28,0,0,8363
2026-08-24T01:43:19Z,0,0.0,0.00,78,12.7,0.00,Deactivated,27,28,0,0,8363
2026-08-24T01:43:20Z,0,0.0,0.00,78,12.7,0.00,Deactivated,27,28,0,0,8363
2026-08-24T01:43:20Z,0,0.0,0.00,78,12.7,0.00,Deactivated,27,28,0,0,8363
2026-08-24T01:43:21Z,0,0.0,0.00,78,12.7,0.00,Deactivated,27,28,0,0,8363
2026-08-24T01:43:21Z,0,0.0,0.00,78,12.7,0.00,Deactivated,27,28,0,0,8363
2026-08-24T01:43:22Z,0,0.0,0.00,78,12.7,0.00,Deactivated,27,28,0,0,8363
2026-08-24T01:43:22Z,0,0.0,0.00,78,12.7,0.00,Deactivated,27,28,0,0,8363
2026-08-24T01:43:23Z,0,0.0,0.00,78,12.7,0.00,Deactivated,27,28,0,0,8363
2026-08-24T01:43:23Z,0,0.0,0.00,78,12.7,0.00,Deactivated,27,28,0,0,8363
2026-08-24T01:43:23Z,0,0.0,0.00,78,12.7,0.00,Deactivated,27,28,0,0,8363
2026-08-24T01:43:23Z,0,0.0,0.00,78,12.7,0.00,Deactivated,27,28,0,0,8363
2026-08-24T01:43:25Z,0,0.0,0.00,78,12.7,0.00,Deactivated,27,28,0,0,8363
2026-08-24T01:43:25Z,0,0.0,0.00,78,12.7,0.00,Deactivated,27,28,0,0,8363
2026-08-24T01:43:26Z,0,0.0,0.00,78,12.7,0.00,Deactivated,27,28,0,0,8363
2026-08-24T01:43:26Z,0,0.0,0.00,78,12.7,0.00,Deactivated,27,28,0,0,8363
2026-08-24T01:43:26Z,0,0.0,0.00,78,12.7,0.00,Deactivated,27,28,0,0,8363
2026-08-24T01:43:26Z,0,0.0,0.00,78,12.7,0.00,Deactivated,27,28,0,0,8363
2026-08-24T01:43:28Z,0,0.0,0.00,78,12.7,0.00,Deactivated,27,28,0,0,8363
2026-08-24T01:43:28Z,0,0.0,0.00,78,12.7,0.00,Deactivated,27,28,0,0,8363
2026-08-24T01:43:29Z,0,0.0,0.00,78,12.7,0.00,Deactivated,27,28,0,0,8363
2026-08-24T01:43:29Z,0,0.0,0.00,78,12.7,0.00,Deactivated,27,28,0,0,8363
2026-08-24T01:43:30Z,0,0.0,0.00,78,12.7,0.00,Deactivated,27,28,0,0,8363
2026-08-24T01:43:30Z,0,0.0,0.00,78,12.7,0.00,Deactivated,27,28,0,0,8363
2026-08-24T01:43:30Z,0,0.0,0.00,78,12.7,0.00,Deactivated,27,28,0,0,8363
2026-08-24T01:43:30Z,0,0.0,0.00,78,12.7,0.00,Deactivated,27,28,0,0,8363
2026-08-24T01:43:32Z,0,0.0,0.00,78,12.7,0.00,Deactivated,27,28,0,0,8363
2026-08-24T01:43:32Z,0,0.0,0.00,78,12.7,0.00,Deactivated,27,28,0,0,8363
2026-08-24T01:43:33Z,0,0.0,0.00,78,12.7,0.00,Deactivated,27,28,0,0,8363
2026-08-24T01:43:33Z,0,0.0,0.00,78,12.7,0.00,Deactivated,27,28,0,0,8363
2026-08-24T01:43:34Z,0,0.0,0.00,78,12.7,0.00,Deactivated,27,28,0,0,8363
2026-08-24T01:43:34Z,0,0.0,0.00,78,12.7,0.00,Deactivated,27,28,0,0,8363
2026-08-24T01:43:35Z,0,0.0,0.00,79,12.7,0.00,Deactivated,27,28,0,0,8363
2026-08-24T01:43:35Z,0,0.0,0.00,79,12.7,0.00,Deactivated,27,28,0,0,8363
2026-08-24T01:43:35Z,0,0.0,0.00,79,12.7,0.00,Deactivated,27,28,0,0,8363
2026-08-24T01:43:35Z,0,0.0,0.00,79,12.7,0.00,Deactivated,27,28,0,0,8363
2026-08-24T01:43:37Z,0,0.0,0.00,79,12.7,0.00,Deactivated,27,28,0,0,8363
2026-08-24T01:43:37Z,0,0.0,0.00,79,12.7,0.00,Deactivated,27,28,0,0,8363
2026-08-24T01:43:37Z,0,0.0,0.00,79,12.7,0.00,Deactivated,27,28,0,0,8363
2026-08-24T01:43:37Z,0,0.0,0.00,79,12.7,0.00,Deactivated,27,28,0,0,8363
2026-08-24T01:43:39Z,0,0.0,0.00,79,12.7,0.00,Deactivated,27,28,0,0,8363
2026-08-24T01:43:39Z,0,0.0,0.00,79,12.7,0.00,Deactivated,27,28,0,0,8363
2026-08-24T01:43:40Z,0,0.0,0.00,78,12.7,0.00,Deactivated,27,28,0,0,8363
2026-08-24T01:43:40Z,0,0.0,0.00,78,12.7,0.00,Deactivated,27,28,0,0,8363
2026-08-24T01:43:41Z,0,0.0,0.00,78,12.7,0.00,Deactivated,27,28,0,0,8363
2026-08-24T01:43:41Z,0,0.0,0.00,78,12.7,0.00,Deactivated,27,28,0,0,8363
2026-08-24T01:43:42Z,0,0.0,0.00,78,12.7,0.00,Deactivated,27,28,0,0,8363
2026-08-24T01:43:42Z,0,0.0,0.00,78,12.7,0.00,Deactivated,27,28,0,0,8363
2026-08-24T01:43:42Z,0,0.0,0.00,78,12.7,0.00,Deactivated,27,28,0,0,8363
2026-08-24T01:43:42Z,0,0.0,0.00,78,12.7,0.00,Deactivated,27,28,0,0,8363
2026-08-24T01:43:44Z,0,0.0,0.00,78,12.7,0.00,Deactivated,27,28,0,0,8363
2026-08-24T01:43:44Z,0,0.0,0.00,78,12.7,0.00,Deactivated,27,28,0,0,8363
2026-08-24T01:43:45Z,0,0.0,0.00,78,12.7,0.00,Deactivated,27,28,0,0,8363
2026-08-24T01:43:45Z,0,0.0,0.00,78,12.7,0.00,Deactivated,27,28,0,0,8363
2026-08-24T01:43:46Z,0,0.0,0.00,78,12.7,0.00,Deactivated,27,28,0,0,8363
2026-08-24T01:43:46Z,0,0.0,0.00,78,12.7,0.00,Deactivated,27,28,0,0,8363
2026-08-24T01:43:47Z,0,0.0,0.00,78,12.7,0.00,Deactivated,27,28,0,0,8363
2026-08-24T01:43:47Z,0,0.0,0.00,78,12.7,0.00,Deactivated,27,28,0,0,8363
2026-08-24T01:43:48Z,0,0.0,0.00,78,12.7,0.00,Deactivated,27,28,0,0,8363
2026-08-24T01:43:48Z,0,0.0,0.00,78,12.7,0.00,Deactivated,27,28,0,0,8363
2026-08-24T01:43:49Z,0,0.0,0.00,78,12.7,0.00,Deactivated,27,28,0,0,8363
2026-08-24T01:43:49Z,0,0.0,0.00,78,12.7,0.00,Deactivated,27,28,0,0,8363
2026-08-24T01:43:50Z,0,0.0,0.00,78,12.7,0.00,Deactivated,27,28,0,0,8363
2026-08-24T01:43:50Z,0,0.0,0.00,78,12.7,0.00,Deactivated,27,28,0,0,8363
2026-08-24T01:43:51Z,0,0.0,0.00,78,12.7,0.00,Deactivated,27,28,0,0,8363
2026-08-24T01:43:51Z,0,0.0,0.00,78,12.7,0.00,Deactivated,27,28,0,0,8363
2026-08-24T01:43:52Z,0,0.0,0.00,78,12.7,0.00,Deactivated,27,28,0,0,8363
2026-08-24T01:43:52Z,0,0.0,0.00,78,12.7,0.00,Deactivated,27,28,0,0,8363
2026-08-24T01:43:52Z,0,0.0,0.00,78,12.7,0.00,Deactivated,27,28,0,0,8363
2026-08-24T01:43:52Z,0,0.0,0.00,78,12.7,0.00,Deactivated,27,28,0,0,8363
2026-08-24T01:43:54Z,0,0.0,0.00,78,12.7,0.00,Deactivated,27,28,0,0,8363
2026-08-24T01:43:54Z,0,0.0,0.00,78,12.7,0.00,Deactivated,27,28,0,0,8363
2026-08-24T01:43:55Z,0,0.0,0.00,78,12.7,0.00,Deactivated,27,28,0,0,8363
2026-08-24T01:43:55Z,0,0.0,0.00,78,12.7,0.00,Deactivated,27,28,0,0,8363
2026-08-24T01:43:56Z,0,0.0,0.00,78,12.7,0.00,Deactivated,27,28,0,0,8363
2026-08-24T01:43:56Z,0,0.0,0.00,78,12.7,0.00,Deactivated,27,28,0,0,8363
2026-08-24T01:43:56Z,0,0.0,0.00,78,12.7,0.00,Deactivated,27,28,0,0,8363
2026-08-24T01:43:56Z,0,0.0,0.00,78,12.7,0.00,Deactivated,27,28,0,0,8363
2026-08-24T01:43:58Z,0,0.0,0.00,78,12.7,0.00,Deactivated,27,28,0,0,8363
2026-08-24T01:43:58Z,0,0.0,0.00,78,12.7,0.00,Deactivated,27,28,0,0,8363
2026-08-24T01:43:59Z,0,0.0,0.00,78,12.7,0.00,Deactivated,27,28,0,0,8363
2026-08-24T01:43:59Z,0,0.0,0.00,78,12.7,0.00,Deactivated,27,28,0,0,8363
2026-08-24T01:43:59Z,0,0.0,0.00,77,12.7,0.00,Deactivated,27,28,0,0,8363
2026-08-24T01:43:59Z,0,0.0,0.00,77,12.7,0.00,Deactivated,27,28,0,0,8363
2026-08-24T01:44:01Z,0,0.0,0.00,77,12.7,0.00,Deactivated,27,28,0,0,8363
2026-08-24T01:44:01Z,0,0.0,0.00,77,12.7,0.00,Deactivated,27,28,0,0,8363
2026-08-24T01:44:02Z,0,0.0,0.00,77,12.7,0.00,Deactivated,27,28,0,0,8363
2026-08-24T01:44:02Z,0,0.0,0.00,77,12.7,0.00,Deactivated,27,28,0,0,8363
2026-08-24T01:44:03Z,0,0.0,0.00,77,12.7,0.00,Deactivated,27,28,0,0,8363
2026-08-24T01:44:03Z,0,0.0,0.00,77,12.7,0.00,Deactivated,27,28,0,0,8363
2026-08-24T01:44:04Z,0,0.0,0.00,77,12.7,0.00,Deactivated,27,28,0,0,8363
2026-08-24T01:44:04Z,0,0.0,0.00,77,12.7,0.00,Deactivated,27,28,0,0,8363
2026-08-24T01:44:05Z,0,0.0,0.00,79,12.7,0.00,Deactivated,27,28,0,0,8363
2026-08-24T01:44:05Z,0,0.0,0.00,79,12.7,0.00,Deactivated,27,28,0,0,8363
2026-08-24T01:44:06Z,0,0.0,0.00,79,12.7,0.00,Deactivated,27,28,0,0,8363
2026-08-24T01:44:06Z,0,0.0,0.00,79,12.7,0.00,Deactivated,27,28,0,0,8363
2026-08-24T01:44:07Z,0,0.0,0.00,79,12.7,0.00,Deactivated,27,28,0,0,8363
2026-08-24T01:44:07Z,0,0.0,0.00,79,12.7,0.00,Deactivated,27,28,0,0,8363
2026-08-24T01:44:08Z,0,0.0,0.00,79,12.7,0.00,Deactivated,27,28,0,0,8363
2026-08-24T01:44:08Z,0,0.0,0.00,79,12.7,0.00,Deactivated,27,28,0,0,8363
2026-08-24T01:44:09Z,0,0.0,0.00,79,12.7,0.00,Deactivated,27,28,0,0,8363
2026-08-24T01:44:09Z,0,0.0,0.00,79,12.7,0.00,Deactivated,27,28,0,0,8363
2026-08-24T01:44:10Z,0,0.0,0.00,78,12.7,0.00,Deactivated,27,28,0,0,8363
2026-08-24T01:44:10Z,0,0.0,0.00,78,12.7,0.00,Deactivated,27,28,0,0,8363
2026-08-24T01:44:11Z,0,0.0,0.00,78,12.7,0.00,Deactivated,27,28,0,0,8363
2026-08-24T01:44:11Z,0,0.0,0.00,78,12.7,0.00,Deactivated,27,28,0,0,8363
2026-08-24T01:44:12Z,0,0.0,0.00,78,12.7,0.00,Deactivated,27,28,0,0,8363
2026-08-24T01:44:12Z,0,0.0,0.00,78,12.7,0.00,Deactivated,27,28,0,0,8363
2026-08-24T01:44:13Z,0,0.0,0.00,78,12.7,0.00,Deactivated,27,28,0,0,8363
2026-08-24T01:44:13Z,0,0.0,0.00,78,12.7,0.00,Deactivated,27,28,0,0,8363
2026-08-24T01:44:14Z,0,0.0,0.00,78,12.7,0.00,Deactivated,27,28,0,0,8363
2026-08-24T01:44:14Z,0,0.0,0.00,78,12.7,0.00,Deactivated,27,28,0,0,8363
2026-08-24T01:44:15Z,0,0.0,0.00,78,12.7,0.00,Deactivated,27,28,0,0,8363
2026-08-24T01:44:15Z,0,0.0,0.00,78,12.7,0.00,Deactivated,27,28,0,0,8363
2026-08-24T01:44:16Z,0,0.0,0.00,78,12.7,0.00,Deactivated,27,28,0,0,8363
2026-08-24T01:44:16Z,0,0.0,0.00,78,12.7,0.00,Deactivated,27,28,0,0,8363
2026-08-24T01:44:17Z,0,0.0,0.00,78,12.7,0.00,Deactivated,27,28,0,0,8363
2026-08-24T01:44:17Z,0,0.0,0.00,78,12.7,0.00,Deactivated,27,28,0,0,8363
2026-08-24T01:44:18Z,0,0.0,0.00,78,12.7,0.00,Deactivated,27,28,0,0,8363
2026-08-24T01:44:18Z,0,0.0,0.00,78,12.7,0.00,Deactivated,27,28,0,0,8363
2026-08-24T01:44:19Z,0,0.0,0.00,78,12.7,0.00,Deactivated,27,28,0,0,8363
2026-08-24T01:44:19Z,0,0.0,0.00,78,12.7,0.00,Deactivated,27,28,0,0,8363
2026-08-24T01:44:20Z,0,0.0,0.00,78,12.7,0.00,Deactivated,27,28,0,0,8363
2026-08-24T01:44:20Z,0,0.0,0.00,78,12.7,0.00,Deactivated,27,28,0,0,8363
2026-08-24T01:44:21Z,0,0.0,0.00,78,12.7,0.00,Deactivated,27,28,0,0,8363
2026-08-24T01:44:21Z,0,0.0,0.00,78,12.7,0.00,Deactivated,27,28,0,0,8363
2026-08-24T01:44:22Z,0,0.0,0.00,78,12.7,0.00,Deactivated,27,28,0,0,8363
2026-08-24T01:44:22Z,0,0.0,0.00,78,12.7,0.00,Deactivated,27,28,0,0,8363
2026-08-24T01:44:23Z,0,0.0,0.00,78,12.7,0.00,Deactivated,27,28,0,0,8363
2026-08-24T01:44:23Z,0,0.0,0.00,78,12.7,0.00,Deactivated,27,28,0,0,8363
2026-08-24T01:44:23Z,0,0.0,0.00,78,12.7,0.00,Deactivated,27,28,0,0,8363
2026-08-24T01:44:23Z,0,0.0,0.00,78,12.7,0.00,Deactivated,27,28,0,0,8363
2026-08-24T01:44:25Z,0,0.0,0.00,78,12.7,0.00,Deactivated,27,28,0,0,8363
2026-08-24T01:44:25Z,0,0.0,0.00,78,12.7,0.00,Deactivated,27,28,0,0,8363
2026-08-24T01:44:25Z,0,0.0,0.00,78,12.7,0.00,Deactivated,27,28,0,0,8363
2026-08-24T01:44:25Z,0,0.0,0.00,78,12.7,0.00,Deactivated,27,28,0,0,8363
2026-08-24T01:44:27Z,0,0.0,0.00,78,12.7,0.00,Deactivated,27,28,0,0,8363
2026-08-24T01:44:27Z,0,0.0,0.00,78,12.7,0.00,Deactivated,27,28,0,0,8363
2026-08-24T01:44:27Z,0,0.0,0.00,78,12.7,0.00,Deactivated,27,28,0,0,8363
2026-08-24T01:44:27Z,0,0.0,0.00,78,12.7,0.00,Deactivated,27,28,0,0,8363
2026-08-24T01:44:29Z,0,0.0,0.00,78,12.7,0.00,Deactivated,27,28,0,0,8363
2026-08-24T01:44:29Z,0,0.0,0.00,78,12.7,0.00,Deactivated,27,28,0,0,8363
2026-08-24T01:44:30Z,0,0.0,0.00,78,12.7,0.00,Deactivated,27,28,0,0,8363
2026-08-24T01:44:30Z,0,0.0,0.00,78,12.7,0.00,Deactivated,27,28,0,0,8363
2026-08-24T01:44:31Z,0,0.0,0.00,78,12.7,0.00,Deactivated,27,28,0,0,8363
2026-08-24T01:44:31Z,0,0.0,0.00,78,12.7,0.00,Deactivated,27,28,0,0,8363
2026-08-24T01:44:32Z,0,0.0,0.00,78,12.7,0.00,Deactivated,27,28,0,0,8363
2026-08-24T01:44:32Z,0,0.0,0.00,78,12.7,0.00,Deactivated,27,28,0,0,8363
2026-08-24T01:44:33Z,0,0.0,0.00,78,12.7,0.00,Deactivated,27,28,0,0,8363
2026-08-24T01:44:33Z,0,0.0,0.00,78,12.7,0.00,Deactivated,27,28,0,0,8363
2026-08-24T01:44:34Z,0,0.0,0.00,78,12.7,0.00,Deactivated,27,28,0,0,8363
2026-08-24T01:44:34Z,0,0.0,0.00,78,12.7,0.00,Deactivated,27,28,0,0,8363
2026-08-24T01:44:35Z,0,0.0,0.00,78,12.7,0.00,Deactivated,27,28,0,0,8363
2026-08-24T01:44:35Z,0,0.0,0.00,78,12.7,0.00,Deactivated,27,28,0,0,8363
2026-08-24T01:44:36Z,0,0.0,0.00,78,12.7,0.00,Deactivated,27,28,0,0,8363
2026-08-24T01:44:36Z,0,0.0,0.00,78,12.7,0.00,Deactivated,27,28,0,0,8363
2026-08-24T01:44:37Z,0,0.0,0.00,78,12.7,0.00,Deactivated,27,28,0,0,8363
2026-08-24T01:44:37Z,0,0.0,0.00,78,12.7,0.00,Deactivated,27,28,0,0,8363
2026-08-24T01:44:38Z,0,0.0,0.00,78,12.7,0.00,Deactivated,27,28,0,0,8363
2026-08-24T01:44:38Z,0,0.0,0.00,78,12.7,0.00,Deactivated,27,28,0,0,8363
2026-08-24T01:44:39Z,0,0.0,0.00,78,12.7,0.00,Deactivated,27,28,0,0,8363
2026-08-24T01:44:39Z,0,0.0,0.00,78,12.7,0.00,Deactivated,27,28,0,0,8363
2026-08-24T01:44:40Z,0,0.0,0.00,78,12.7,0.00,Deactivated,27,28,0,0,8363
2026-08-24T01:44:40Z,0,0.0,0.00,78,12.7,0.00,Deactivated,27,28,0,0,8363
2026-08-24T01:44:41Z,0,0.0,0.00,78,12.7,0.00,Deactivated,27,28,0,0,8363
2026-08-24T01:44:41Z,0,0.0,0.00,78,12.7,0.00,Deactivated,27,28,0,0,8363
2026-08-24T01:44:42Z,0,0.0,0.00,78,12.7,0.00,Deactivated,27,28,0,0,8363
2026-08-24T01:44:42Z,0,0.0,0.00,78,12.7,0.00,Deactivated,27,28,0,0,8363
2026-08-24T01:44:43Z,0,0.0,0.00,78,12.7,0.00,Deactivated,27,28,0,0,8363
2026-08-24T01:44:43Z,0,0.0,0.00,78,12.7,0.00,Deactivated,27,28,0,0,8363
2026-08-24T01:44:44Z,0,0.0,0.00,78,12.7,0.00,Deactivated,27,28,0,0,8363
2026-08-24T01:44:44Z,0,0.0,0.00,78,12.7,0.00,Deactivated,27,28,0,0,8363
2026-08-24T01:44:45Z,0,0.0,0.00,78,12.7,0.00,Deactivated,27,28,0,0,8363
2026-08-24T01:44:45Z,0,0.0,0.00,78,12.7,0.00,Deactivated,27,28,0,0,8363
2026-08-24T01:44:46Z,0,0.0,0.00,78,12.7,0.00,Deactivated,27,28,0,0,8363
2026-08-24T01:44:46Z,0,0.0,0.00,78,12.7,0.00,Deactivated,27,28,0,0,8363
2026-08-24T01:44:47Z,0,0.0,0.00,78,12.7,0.00,Deactivated,27,28,0,0,8363
2026-08-24T01:44:47Z,0,0.0,0.00,78,12.7,0.00,Deactivated,27,28,0,0,8363
2026-08-24T01:44:48Z,0,0.0,0.00,78,12.7,0.00,Deactivated,27,28,0,0,8363
2026-08-24T01:44:48Z,0,0.0,0.00,78,12.7,0.00,Deactivated,27,28,0,0,8363
2026-08-24T01:44:49Z,0,0.0,0.00,78,12.7,0.00,Deactivated,27,28,0,0,8363
2026-08-24T01:44:49Z,0,0.0,0.00,78,12.7,0.00,Deactivated,27,28,0,0,8363
2026-08-24T01:44:50Z,0,0.0,0.00,78,12.7,0.00,Deactivated,27,28,0,0,8363
2026-08-24T01:44:50Z,0,0.0,0.00,78,12.7,0.00,Deactivated,27,28,0,0,8363
2026-08-24T01:44:50Z,0,0.0,0.00,78,12.7,0.00,Deactivated,27,28,0,0,8363
2026-08-24T01:44:50Z,0,0.0,0.00,78,12.7,0.00,Deactivated,27,28,0,0,8363
2026-08-24T01:44:52Z,0,0.0,0.00,78,12.7,0.00,Deactivated,27,28,0,0,8363
2026-08-24T01:44:52Z,0,0.0,0.00,78,12.7,0.00,Deactivated,27,28,0,0,8363
2026-08-24T01:44:53Z,0,0.0,0.00,78,12.7,0.00,Deactivated,27,28,0,0,8363
2026-08-24T01:44:53Z,0,0.0,0.00,78,12.7,0.00,Deactivated,27,28,0,0,8363
2026-08-24T01:44:54Z,0,0.0,0.00,78,12.7,0.00,Deactivated,27,28,0,0,8363
2026-08-24T01:44:54Z,0,0.0,0.00,78,12.7,0.00,Deactivated,27,28,0,0,8363
2026-08-24T01:44:55Z,0,0.0,0.00,79,12.7,0.00,Deactivated,27,28,0,0,8363
2026-08-24T01:44:55Z,0,0.0,0.00,79,12.7,0.00,Deactivated,27,28,0,0,8363
2026-08-24T01:44:55Z,0,0.0,0.00,79,12.7,0.00,Deactivated,27,28,0,0,8363
2026-08-24T01:44:55Z,0,0.0,0.00,79,12.7,0.00,Deactivated,27,28,0,0,8363
2026-08-24T01:44:57Z,0,0.0,0.00,79,12.7,0.00,Deactivated,27,28,0,0,8363
2026-08-24T01:44:57Z,0,0.0,0.00,79,12.7,0.00,Deactivated,27,28,0,0,8363
2026-08-24T01:44:58Z,0,0.0,0.00,79,12.7,0.00,Deactivated,27,28,0,0,8363
2026-08-24T01:44:58Z,0,0.0,0.00,79,12.7,0.00,Deactivated,27,28,0,0,8363
2026-08-24T01:44:59Z,0,0.0,0.00,79,12.7,0.00,Deactivated,27,28,0,0,8363
2026-08-24T01:44:59Z,0,0.0,0.00,79,12.7,0.00,Deactivated,27,28,0,0,8363
2026-08-24T01:45:00Z,0,0.0,0.00,78,12.7,0.00,Deactivated,27,28,0,0,8363
2026-08-24T01:45:00Z,0,0.0,0.00,78,12.7,0.00,Deactivated,27,28,0,0,8363
2026-08-24T01:45:00Z,0,0.0,0.00,78,12.7,0.00,Deactivated,27,28,0,0,8363
2026-08-24T01:45:00Z,0,0.0,0.00,78,12.7,0.00,Deactivated,27,28,0,0,8363
2026-08-24T01:45:02Z,0,0.0,0.00,78,12.7,0.00,Deactivated,27,28,0,0,8363
2026-08-24T01:45:02Z,0,0.0,0.00,78,12.7,0.00,Deactivated,27,28,0,0,8363
2026-08-24T01:45:03Z,0,0.0,0.00,78,12.7,0.00,Deactivated,27,28,0,0,8363
2026-08-24T01:45:03Z,0,0.0,0.00,78,12.7,0.00,Deactivated,27,28,0,0,8363
2026-08-24T01:45:04Z,0,0.0,0.00,78,12.7,0.00,Deactivated,27,28,0,0,8363
2026-08-24T01:45:04Z,0,0.0,0.00,78,12.7,0.00,Deactivated,27,28,0,0,8363
2026-08-24T01:45:05Z,0,0.0,0.00,78,12.7,0.00,Deactivated,27,28,0,0,8363
2026-08-24T01:45:05Z,0,0.0,0.00,78,12.7,0.00,Deactivated,27,28,0,0,8363
2026-08-24T01:45:06Z,0,0.0,0.00,78,12.7,0.00,Deactivated,27,28,0,0,8363
2026-08-24T01:45:06Z,0,0.0,0.00,78,12.7,0.00,Deactivated,27,28,0,0,8363
2026-08-24T01:45:07Z,0,0.0,0.00,78,12.7,0.00,Deactivated,27,28,0,0,8363
2026-08-24T01:45:07Z,0,0.0,0.00,78,12.7,0.00,Deactivated,27,28,0,0,8363
2026-08-24T01:45:08Z,0,0.0,0.00,78,12.7,0.00,Deactivated,27,28,0,0,8363
2026-08-24T01:45:08Z,0,0.0,0.00,78,12.7,0.00,Deactivated,27,28,0,0,8363
2026-08-24T01:45:09Z,0,0.0,0.00,78,12.7,0.00,Deactivated,27,28,0,0,8363
2026-08-24T01:45:09Z,0,0.0,0.00,78,12.7,0.00,Deactivated,27,28,0,0,8363
2026-08-24T01:45:10Z,0,0.0,0.00,79,12.7,0.00,Deactivated,27,28,0,0,8363
2026-08-24T01:45:10Z,0,0.0,0.00,79,12.7,0.00,Deactivated,27,28,0,0,8363
2026-08-24T01:45:11Z,0,0.0,0.00,79,12.7,0.00,Deactivated,27,28,0,0,8363
2026-08-24T01:45:11Z,0,0.0,0.00,79,12.7,0.00,Deactivated,27,28,0,0,8363
2026-08-24T01:45:12Z,0,0.0,0.00,79,12.7,0.00,Deactivated,27,28,0,0,8363
2026-08-24T01:45:12Z,0,0.0,0.00,79,12.7,0.00,Deactivated,27,28,0,0,8363
2026-08-24T01:45:12Z,0,0.0,0.00,79,12.7,0.00,Deactivated,27,28,0,0,8363
2026-08-24T01:45:12Z,0,0.0,0.00,79,12.7,0.00,Deactivated,27,28,0,0,8363
2026-08-24T01:45:14Z,0,0.0,0.00,79,12.7,0.00,Deactivated,27,28,0,0,8363
2026-08-24T01:45:14Z,0,0.0,0.00,79,12.7,0.00,Deactivated,27,28,0,0,8363
2026-08-24T01:45:15Z,0,0.0,0.00,79,12.7,0.00,Deactivated,27,28,0,0,8363
2026-08-24T01:45:15Z,0,0.0,0.00,79,12.7,0.00,Deactivated,27,28,0,0,8363
2026-08-24T01:45:16Z,0,0.0,0.00,79,12.7,0.00,Deactivated,27,28,0,0,8363
2026-08-24T01:45:16Z,0,0.0,0.00,79,12.7,0.00,Deactivated,27,28,0,0,8363
2026-08-24T01:45:18Z,0,0.0,0.00,79,12.7,0.00,Deactivated,27,28,0,0,8363
2026-08-24T01:45:18Z,0,0.0,0.00,79,12.7,0.00,Deactivated,27,28,0,0,8363
2026-08-24T01:45:18Z,0,0.0,0.00,79,12.7,0.00,Deactivated,27,28,0,0,8363
2026-08-24T01:45:18Z,0,0.0,0.00,79,12.7,0.00,Deactivated,27,28,0,0,8363
2026-08-24T01:45:19Z,0,0.0,0.00,79,12.7,0.00,Deactivated,27,28,0,0,8363
2026-08-24T01:45:19Z,0,0.0,0.00,79,12.7,0.00,Deactivated,27,28,0,0,8363
2026-08-24T01:45:20Z,0,0.0,0.00,79,12.7,0.00,Deactivated,27,28,0,0,8363
2026-08-24T01:45:20Z,0,0.0,0.00,79,12.7,0.00,Deactivated,27,28,0,0,8363
2026-08-24T01:45:21Z,0,0.0,0.00,79,12.7,0.00,Deactivated,27,28,0,0,8363
2026-08-24T01:45:21Z,0,0.0,0.00,79,12.7,0.00,Deactivated,27,28,0,0,8363
2026-08-24T01:45:22Z,0,0.0,0.00,79,12.7,0.00,Deactivated,27,28,0,0,8363
2026-08-24T01:45:22Z,0,0.0,0.00,79,12.7,0.00,Deactivated,27,28,0,0,8363
2026-08-24T01:45:23Z,0,0.0,0.00,79,12.7,0.00,Deactivated,27,28,0,0,8363
2026-08-24T01:45:23Z,0,0.0,0.00,79,12.7,0.00,Deactivated,27,28,0,0,8363
2026-08-24T01:45:24Z,0,0.0,0.00,79,12.7,0.00,Deactivated,27,28,0,0,8363
2026-08-24T01:45:24Z,0,0.0,0.00,79,12.7,0.00,Deactivated,27,28,0,0,8363
2026-08-24T01:45:25Z,0,0.0,0.00,78,12.7,0.00,Deactivated,27,28,0,0,8363
2026-08-24T01:45:25Z,0,0.0,0.00,78,12.7,0.00,Deactivated,27,28,0,0,8363
2026-08-24T01:45:26Z,0,0.0,0.00,78,12.7,0.00,Deactivated,27,28,0,0,8363
2026-08-24T01:45:26Z,0,0.0,0.00,78,12.7,0.00,Deactivated,27,28,0,0,8363
2026-08-24T01:45:26Z,0,0.0,0.00,78,12.7,0.00,Deactivated,27,28,0,0,8363
2026-08-24T01:45:26Z,0,0.0,0.00,78,12.7,0.00,Deactivated,27,28,0,0,8363
2026-08-24T01:45:28Z,0,0.0,0.00,78,12.7,0.00,Deactivated,27,28,0,0,8363
2026-08-24T01:45:28Z,0,0.0,0.00,78,12.7,0.00,Deactivated,27,28,0,0,8363
2026-08-24T01:45:29Z,0,0.0,0.00,78,12.7,0.00,Deactivated,27,28,0,0,8363
2026-08-24T01:45:29Z,0,0.0,0.00,78,12.7,0.00,Deactivated,27,28,0,0,8363
2026-08-24T01:45:30Z,0,0.0,0.00,78,12.7,0.00,Deactivated,27,28,0,0,8363
2026-08-24T01:45:30Z,0,0.0,0.00,78,12.7,0.00,Deactivated,27,28,0,0,8363
2026-08-24T01:45:31Z,0,0.0,0.00,78,12.7,0.00,Deactivated,27,28,0,0,8363
2026-08-24T01:45:31Z,0,0.0,0.00,78,12.7,0.00,Deactivated,27,28,0,0,8363
2026-08-24T01:45:31Z,0,0.0,0.00,78,12.7,0.00,Deactivated,27,28,0,0,8363
2026-08-24T01:45:31Z,0,0.0,0.00,78,12.7,0.00,Deactivated,27,28,0,0,8363
2026-08-24T01:45:32Z,0,0.0,0.00,78,12.7,0.00,Deactivated,27,28,0,0,8363
2026-08-24T01:45:32Z,0,0.0,0.00,78,12.7,0.00,Deactivated,27,28,0,0,8363
2026-08-24T01:45:34Z,0,0.0,0.00,78,12.7,0.00,Deactivated,27,28,0,0,8363
2026-08-24T01:45:34Z,0,0.0,0.00,78,12.7,0.00,Deactivated,27,28,0,0,8363
2026-08-24T01:45:35Z,0,0.0,0.00,78,12.7,0.00,Deactivated,27,28,0,0,8363
2026-08-24T01:45:35Z,0,0.0,0.00,78,12.7,0.00,Deactivated,27,28,0,0,8363
2026-08-24T01:45:36Z,0,0.0,0.00,78,12.7,0.00,Deactivated,27,28,0,0,8363
2026-08-24T01:45:36Z,0,0.0,0.00,78,12.7,0.00,Deactivated,27,28,0,0,8363
2026-08-24T01:45:36Z,0,0.0,0.00,78,12.7,0.00,Deactivated,27,28,0,0,8363
2026-08-24T01:45:36Z,0,0.0,0.00,78,12.7,0.00,Deactivated,27,28,0,0,8363
2026-08-24T01:45:38Z,0,0.0,0.00,78,12.7,0.00,Deactivated,27,28,0,0,8363
2026-08-24T01:45:38Z,0,0.0,0.00,78,12.7,0.00,Deactivated,27,28,0,0,8363
2026-08-24T01:45:39Z,0,0.0,0.00,78,12.7,0.00,Deactivated,27,28,0,0,8363
2026-08-24T01:45:39Z,0,0.0,0.00,78,12.7,0.00,Deactivated,27,28,0,0,8363
2026-08-24T01:45:40Z,0,0.0,0.00,78,12.7,0.00,Deactivated,27,28,0,0,8363
2026-08-24T01:45:40Z,0,0.0,0.00,78,12.7,0.00,Deactivated,27,28,0,0,8363
2026-08-24T01:45:41Z,0,0.0,0.00,78,12.7,0.00,Deactivated,27,28,0,0,8363
2026-08-24T01:45:41Z,0,0.0,0.00,78,12.7,0.00,Deactivated,27,28,0,0,8363
2026-08-24T01:45:42Z,0,0.0,0.00,78,12.7,0.00,Deactivated,27,28,0,0,8363
2026-08-24T01:45:42Z,0,0.0,0.00,78,12.7,0.00,Deactivated,27,28,0,0,8363
2026-08-24T01:45:43Z,0,0.0,0.00,78,12.7,0.00,Deactivated,27,28,0,0,8363
2026-08-24T01:45:43Z,0,0.0,0.00,78,12.7,0.00,Deactivated,27,28,0,0,8363
2026-08-24T01:45:43Z,0,0.0,0.00,78,12.7,0.00,Deactivated,27,28,0,0,8363
2026-08-24T01:45:43Z,0,0.0,0.00,78,12.7,0.00,Deactivated,27,28,0,0,8363
2026-08-24T01:45:45Z,0,0.0,0.00,78,12.7,0.00,Deactivated,27,28,0,0,8363
2026-08-24T01:45:45Z,0,0.0,0.00,78,12.7,0.00,Deactivated,27,28,0,0,8363
2026-08-24T01:45:46Z,0,0.0,0.00,78,12.7,0.00,Deactivated,27,28,0,0,8363
2026-08-24T01:45:46Z,0,0.0,0.00,78,12.7,0.00,Deactivated,27,28,0,0,8363
2026-08-24T01:45:47Z,0,0.0,0.00,78,12.7,0.00,Deactivated,27,28,0,0,8363
2026-08-24T01:45:47Z,0,0.0,0.00,78,12.7,0.00,Deactivated,27,28,0,0,8363
2026-08-24T01:45:48Z,0,0.0,0.00,78,12.7,0.00,Deactivated,27,28,0,0,8363
2026-08-24T01:45:48Z,0,0.0,0.00,78,12.7,0.00,Deactivated,27,28,0,0,8363
2026-08-24T01:45:49Z,0,0.0,0.00,78,12.7,0.00,Deactivated,27,28,0,0,8363
2026-08-24T01:45:49Z,0,0.0,0.00,78,12.7,0.00,Deactivated,27,28,0,0,8363
2026-08-24T01:45:50Z,0,0.0,0.00,78,12.7,0.00,Deactivated,27,28,0,0,8363
2026-08-24T01:45:50Z,0,0.0,0.00,78,12.7,0.00,Deactivated,27,28,0,0,8363
2026-08-24T01:45:51Z,0,0.0,0.00,78,12.7,0.00,Deactivated,27,28,0,0,8363
2026-08-24T01:45:51Z,0,0.0,0.00,78,12.7,0.00,Deactivated,27,28,0,0,8363
2026-08-24T01:45:52Z,0,0.0,0.00,78,12.7,0.00,Deactivated,27,28,0,0,8363
2026-08-24T01:45:52Z,0,0.0,0.00,78,12.7,0.00,Deactivated,27,28,0,0,8363
2026-08-24T01:45:53Z,0,0.0,0.00,78,12.7,0.00,Deactivated,27,28,0,0,8363
2026-08-24T01:45:53Z,0,0.0,0.00,78,12.7,0.00,Deactivated,27,28,0,0,8363
2026-08-24T01:45:54Z,0,0.0,0.00,78,12.7,0.00,Deactivated,27,28,0,0,8363
2026-08-24T01:45:54Z,0,0.0,0.00,78,12.7,0.00,Deactivated,27,28,0,0,8363
2026-08-24T01:45:55Z,0,0.0,0.00,78,12.7,0.00,Deactivated,27,28,0,0,8363
2026-08-24T01:45:55Z,0,0.0,0.00,78,12.7,0.00,Deactivated,27,28,0,0,8363
2026-08-24T01:45:56Z,0,0.0,0.00,78,12.7,0.00,Deactivated,27,28,0,0,8363
2026-08-24T01:45:56Z,0,0.0,0.00,78,12.7,0.00,Deactivated,27,28,0,0,8363
2026-08-24T01:45:56Z,0,0.0,0.00,78,12.7,0.00,Deactivated,27,28,0,0,8363
2026-08-24T01:45:56Z,0,0.0,0.00,78,12.7,0.00,Deactivated,27,28,0,0,8363
2026-08-24T01:45:58Z,0,0.0,0.00,78,12.7,0.00,Deactivated,27,28,0,0,8363
2026-08-24T01:45:58Z,0,0.0,0.00,78,12.7,0.00,Deactivated,27,28,0,0,8363
2026-08-24T01:45:59Z,0,0.0,0.00,78,12.7,0.00,Deactivated,27,28,0,0,8363
2026-08-24T01:45:59Z,0,0.0,0.00,78,12.7,0.00,Deactivated,27,28,0,0,8363
2026-08-24T01:46:00Z,0,0.0,0.00,78,12.7,0.00,Deactivated,27,28,0,0,8363
2026-08-24T01:46:00Z,0,0.0,0.00,78,12.7,0.00,Deactivated,27,28,0,0,8363
2026-08-24T01:46:01Z,0,0.0,0.00,78,12.7,0.00,Deactivated,27,28,0,0,8363
2026-08-24T01:46:01Z,0,0.0,0.00,78,12.7,0.00,Deactivated,27,28,0,0,8363
2026-08-24T01:46:02Z,0,0.0,0.00,78,12.7,0.00,Deactivated,27,28,0,0,8363
2026-08-24T01:46:02Z,0,0.0,0.00,78,12.7,0.00,Deactivated,27,28,0,0,8363
2026-08-24T01:46:03Z,0,0.0,0.00,78,12.7,0.00,Deactivated,27,28,0,0,8363
2026-08-24T01:46:03Z,0,0.0,0.00,78,12.7,0.00,Deactivated,27,28,0,0,8363
2026-08-24T01:46:04Z,0,0.0,0.00,78,12.7,0.00,Deactivated,27,28,0,0,8363
2026-08-24T01:46:04Z,0,0.0,0.00,78,12.7,0.00,Deactivated,27,28,0,0,8363
2026-08-24T01:46:05Z,0,0.0,0.00,78,12.7,0.00,Deactivated,27,28,0,0,8363
2026-08-24T01:46:05Z,0,0.0,0.00,78,12.7,0.00,Deactivated,27,28,0,0,8363
2026-08-24T01:46:06Z,0,0.0,0.00,78,12.7,0.00,Deactivated,27,28,0,0,8363
2026-08-24T01:46:06Z,0,0.0,0.00,78,12.7,0.00,Deactivated,27,28,0,0,8363
2026-08-24T01:46:07Z,0,0.0,0.00,78,12.7,0.00,Deactivated,27,28,0,0,8363
2026-08-24T01:46:07Z,0,0.0,0.00,78,12.7,0.00,Deactivated,27,28,0,0,8363
2026-08-24T01:46:08Z,0,0.0,0.00,78,12.7,0.00,Deactivated,27,28,0,0,8363
2026-08-24T01:46:08Z,0,0.0,0.00,78,12.7,0.00,Deactivated,27,28,0,0,8363
2026-08-24T01:46:09Z,0,0.0,0.00,78,12.7,0.00,Deactivated,27,28,0,0,8363
2026-08-24T01:46:09Z,0,0.0,0.00,78,12.7,0.00,Deactivated,27,28,0,0,8363
2026-08-24T01:46:10Z,0,0.0,0.00,78,12.7,0.00,Deactivated,27,28,0,0,8363
2026-08-24T01:46:10Z,0,0.0,0.00,78,12.7,0.00,Deactivated,27,28,0,0,8363
2026-08-24T01:46:11Z,0,0.0,0.00,78,12.7,0.00,Deactivated,27,28,0,0,8363
2026-08-24T01:46:11Z,0,0.0,0.00,78,12.7,0.00,Deactivated,27,28,0,0,8363
2026-08-24T01:46:12Z,0,0.0,0.00,78,12.7,0.00,Deactivated,27,28,0,0,8363
2026-08-24T01:46:12Z,0,0.0,0.00,78,12.7,0.00,Deactivated,27,28,0,0,8363
2026-08-24T01:46:13Z,0,0.0,0.00,78,12.7,0.00,Deactivated,27,28,0,0,8363
2026-08-24T01:46:13Z,0,0.0,0.00,78,12.7,0.00,Deactivated,27,28,0,0,8363
2026-08-24T01:46:14Z,0,0.0,0.00,78,12.7,0.00,Deactivated,27,28,0,0,8363
2026-08-24T01:46:14Z,0,0.0,0.00,78,12.7,0.00,Deactivated,27,28,0,0,8363
2026-08-24T01:46:15Z,0,0.0,0.00,78,12.7,0.00,Deactivated,27,28,0,0,8363
2026-08-24T01:46:15Z,0,0.0,0.00,78,12.7,0.00,Deactivated,27,28,0,0,8363
2026-08-24T01:46:16Z,0,0.0,0.00,78,12.7,0.00,Deactivated,27,28,0,0,8363
2026-08-24T01:46:16Z,0,0.0,0.00,78,12.7,0.00,Deactivated,27,28,0,0,8363
2026-08-24T01:46:17Z,0,0.0,0.00,78,12.7,0.00,Deactivated,27,28,0,0,8363
2026-08-24T01:46:17Z,0,0.0,0.00,78,12.7,0.00,Deactivated,27,28,0,0,8363
2026-08-24T01:46:18Z,0,0.0,0.00,78,12.7,0.00,Deactivated,27,28,0,0,8363
2026-08-24T01:46:18Z,0,0.0,0.00,78,12.7,0.00,Deactivated,27,28,0,0,8363
2026-08-24T01:46:19Z,0,0.0,0.00,78,12.7,0.00,Deactivated,27,28,0,0,8363
2026-08-24T01:46:19Z,0,0.0,0.00,78,12.7,0.00,Deactivated,27,28,0,0,8363
2026-08-24T01:46:20Z,0,0.0,0.00,78,12.7,0.00,Deactivated,27,28,0,0,8363
2026-08-24T01:46:20Z,0,0.0,0.00,78,12.7,0.00,Deactivated,27,28,0,0,8363
2026-08-24T01:46:21Z,0,0.0,0.00,78,12.7,0.00,Deactivated,27,28,0,0,8363
2026-08-24T01:46:21Z,0,0.0,0.00,78,12.7,0.00,Deactivated,27,28,0,0,8363
2026-08-24T01:46:22Z,0,0.0,0.00,78,12.7,0.00,Deactivated,27,28,0,0,8363
2026-08-24T01:46:22Z,0,0.0,0.00,78,12.7,0.00,Deactivated,27,28,0,0,8363
2026-08-24T01:46:23Z,0,0.0,0.00,78,12.7,0.00,Deactivated,27,28,0,0,8363
2026-08-24T01:46:23Z,0,0.0,0.00,78,12.7,0.00,Deactivated,27,28,0,0,8363
2026-08-24T01:46:24Z,0,0.0,0.00,78,12.7,0.00,Deactivated,27,28,0,0,8363
2026-08-24T01:46:24Z,0,0.0,0.00,78,12.7,0.00,Deactivated,27,28,0,0,8363
2026-08-24T01:46:25Z,0,0.0,0.00,78,12.7,0.00,Deactivated,27,28,0,0,8363
2026-08-24T01:46:25Z,0,0.0,0.00,78,12.7,0.00,Deactivated,27,28,0,0,8363
2026-08-24T01:46:26Z,0,0.0,0.00,78,12.7,0.00,Deactivated,27,28,0,0,8363
2026-08-24T01:46:26Z,0,0.0,0.00,78,12.7,0.00,Deactivated,27,28,0,0,8363
2026-08-24T01:46:27Z,0,0.0,0.00,78,12.7,0.00,Deactivated,27,28,0,0,8363
2026-08-24T01:46:27Z,0,0.0,0.00,78,12.7,0.00,Deactivated,27,28,0,0,8363
2026-08-24T01:46:28Z,0,0.0,0.00,78,12.7,0.00,Deactivated,27,28,0,0,8363
2026-08-24T01:46:28Z,0,0.0,0.00,78,12.7,0.00,Deactivated,27,28,0,0,8363
2026-08-24T01:46:29Z,0,0.0,0.00,78,12.7,0.00,Deactivated,27,28,0,0,8363
2026-08-24T01:46:29Z,0,0.0,0.00,78,12.7,0.00,Deactivated,27,28,0,0,8363
2026-08-24T01:46:30Z,0,0.0,0.00,78,12.7,0.00,Deactivated,27,28,0,0,8363
2026-08-24T01:46:30Z,0,0.0,0.00,78,12.7,0.00,Deactivated,27,28,0,0,8363
2026-08-24T01:46:31Z,0,0.0,0.00,78,12.7,0.00,Deactivated,27,28,0,0,8363
2026-08-24T01:46:31Z,0,0.0,0.00,78,12.7,0.00,Deactivated,27,28,0,0,8363
2026-08-24T01:46:32Z,0,0.0,0.00,78,12.7,0.00,Deactivated,27,28,0,0,8363
2026-08-24T01:46:32Z,0,0.0,0.00,78,12.7,0.00,Deactivated,27,28,0,0,8363
2026-08-24T01:46:33Z,0,0.0,0.00,78,12.7,0.00,Deactivated,27,28,0,0,8363
2026-08-24T01:46:33Z,0,0.0,0.00,78,12.7,0.00,Deactivated,27,28,0,0,8363
2026-08-24T01:46:33Z,0,0.0,0.00,78,12.7,0.00,Deactivated,27,28,0,0,8363
2026-08-24T01:46:33Z,0,0.0,0.00,78,12.7,0.00,Deactivated,27,28,0,0,8363
2026-08-24T01:46:35Z,0,0.0,0.00,78,12.7,0.00,Deactivated,27,28,0,0,8363
2026-08-24T01:46:35Z,0,0.0,0.00,78,12.7,0.00,Deactivated,27,28,0,0,8363
2026-08-24T01:46:36Z,0,0.0,0.00,78,12.7,0.00,Deactivated,27,28,0,0,8363
2026-08-24T01:46:36Z,0,0.0,0.00,78,12.7,0.00,Deactivated,27,28,0,0,8363
2026-08-24T01:46:37Z,0,0.0,0.00,78,12.7,0.00,Deactivated,27,28,0,0,8363
2026-08-24T01:46:37Z,0,0.0,0.00,78,12.7,0.00,Deactivated,27,28,0,0,8363
2026-08-24T01:46:38Z,0,0.0,0.00,78,12.7,0.00,Deactivated,27,28,0,0,8363
2026-08-24T01:46:38Z,0,0.0,0.00,78,12.7,0.00,Deactivated,27,28,0,0,8363
2026-08-24T01:46:39Z,0,0.0,0.00,78,12.7,0.00,Deactivated,27,28,0,0,8363
2026-08-24T01:46:39Z,0,0.0,0.00,78,12.7,0.00,Deactivated,27,28,0,0,8363
2026-08-24T01:46:40Z,0,0.0,0.00,78,12.7,0.00,Deactivated,27,28,0,0,8363
2026-08-24T01:46:40Z,0,0.0,0.00,78,12.7,0.00,Deactivated,27,28,0,0,8363
2026-08-24T01:46:41Z,0,0.0,0.00,78,12.7,0.00,Deactivated,27,28,0,0,8363
2026-08-24T01:46:41Z,0,0.0,0.00,78,12.7,0.00,Deactivated,27,28,0,0,8363
2026-08-24T01:46:42Z,0,0.0,0.00,78,12.7,0.00,Deactivated,27,28,0,0,8363
2026-08-24T01:46:42Z,0,0.0,0.00,78,12.7,0.00,Deactivated,27,28,0,0,8363
2026-08-24T01:46:43Z,0,0.0,0.00,78,12.7,0.00,Deactivated,27,28,0,0,8363
2026-08-24T01:46:43Z,0,0.0,0.00,78,12.7,0.00,Deactivated,27,28,0,0,8363
2026-08-24T01:46:43Z,0,0.0,0.00,78,12.7,0.00,Deactivated,27,28,0,0,8363
2026-08-24T01:46:43Z,0,0.0,0.00,78,12.7,0.00,Deactivated,27,28,0,0,8363
2026-08-24T01:46:45Z,0,0.0,0.00,78,12.7,0.00,Deactivated,27,28,0,0,8363
2026-08-24T01:46:45Z,0,0.0,0.00,78,12.7,0.00,Deactivated,27,28,0,0,8363
2026-08-24T01:46:45Z,0,0.0,0.00,78,12.7,0.00,Deactivated,27,28,0,0,8363
2026-08-24T01:46:45Z,0,0.0,0.00,78,12.7,0.00,Deactivated,27,28,0,0,8363
2026-08-24T01:46:47Z,0,0.0,0.00,78,12.7,0.00,Deactivated,27,28,0,0,8363
2026-08-24T01:46:47Z,0,0.0,0.00,78,12.7,0.00,Deactivated,27,28,0,0,8363
2026-08-24T01:46:48Z,0,0.0,0.00,78,12.7,0.00,Deactivated,27,28,0,0,8363
2026-08-24T01:46:48Z,0,0.0,0.00,78,12.7,0.00,Deactivated,27,28,0,0,8363
2026-08-24T01:46:49Z,0,0.0,0.00,78,12.7,0.00,Deactivated,27,28,0,0,8363
2026-08-24T01:46:49Z,0,0.0,0.00,78,12.7,0.00,Deactivated,27,28,0,0,8363
2026-08-24T01:46:50Z,0,0.0,0.00,79,12.7,0.00,Deactivated,27,28,0,0,8363
2026-08-24T01:46:50Z,0,0.0,0.00,79,12.7,0.00,Deactivated,27,28,0,0,8363
2026-08-24T01:46:50Z,0,0.0,0.00,79,12.7,0.00,Deactivated,27,28,0,0,8363
2026-08-24T01:46:50Z,0,0.0,0.00,79,12.7,0.00,Deactivated,27,28,0,0,8363
2026-08-24T01:46:52Z,0,0.0,0.00,79,12.7,0.00,Deactivated,27,28,0,0,8363
2026-08-24T01:46:52Z,0,0.0,0.00,79,12.7,0.00,Deactivated,27,28,0,0,8363
2026-08-24T01:46:53Z,0,0.0,0.00,79,12.7,0.00,Deactivated,27,28,0,0,8363
2026-08-24T01:46:53Z,0,0.0,0.00,79,12.7,0.00,Deactivated,27,28,0,0,8363
2026-08-24T01:46:54Z,0,0.0,0.00,79,12.7,0.00,Deactivated,27,28,0,0,8363
2026-08-24T01:46:54Z,0,0.0,0.00,79,12.7,0.00,Deactivated,27,28,0,0,8363
2026-08-24T01:46:55Z,0,0.0,0.00,78,12.7,0.00,Deactivated,27,28,0,0,8363
2026-08-24T01:46:55Z,0,0.0,0.00,78,12.7,0.00,Deactivated,27,28,0,0,8363
2026-08-24T01:46:56Z,0,0.0,0.00,78,12.7,0.00,Deactivated,27,28,0,0,8363
2026-08-24T01:46:56Z,0,0.0,0.00,78,12.7,0.00,Deactivated,27,28,0,0,8363
2026-08-24T01:46:57Z,0,0.0,0.00,78,12.7,0.00,Deactivated,27,28,0,0,8363
2026-08-24T01:46:57Z,0,0.0,0.00,78,12.7,0.00,Deactivated,27,28,0,0,8363
2026-08-24T01:46:58Z,0,0.0,0.00,78,12.7,0.00,Deactivated,27,28,0,0,8363
2026-08-24T01:46:58Z,0,0.0,0.00,78,12.7,0.00,Deactivated,27,28,0,0,8363
2026-08-24T01:46:59Z,0,0.0,0.00,78,12.7,0.00,Deactivated,27,28,0,0,8363
2026-08-24T01:46:59Z,0,0.0,0.00,78,12.7,0.00,Deactivated,27,28,0,0,8363
2026-08-24T01:47:00Z,0,0.0,0.00,78,12.7,0.00,Deactivated,27,28,0,0,8363
2026-08-24T01:47:00Z,0,0.0,0.00,78,12.7,0.00,Deactivated,27,28,0,0,8363
2026-08-24T01:47:01Z,0,0.0,0.00,78,12.7,0.00,Deactivated,27,28,0,0,8363
2026-08-24T01:47:01Z,0,0.0,0.00,78,12.7,0.00,Deactivated,27,28,0,0,8363
2026-08-24T01:47:02Z,0,0.0,0.00,78,12.7,0.00,Deactivated,27,28,0,0,8363
2026-08-24T01:47:02Z,0,0.0,0.00,78,12.7,0.00,Deactivated,27,28,0,0,8363
2026-08-24T01:47:03Z,0,0.0,0.00,78,12.7,0.00,Deactivated,27,28,0,0,8363
2026-08-24T01:47:03Z,0,0.0,0.00,78,12.7,0.00,Deactivated,27,28,0,0,8363
2026-08-24T01:47:04Z,0,0.0,0.00,78,12.7,0.00,Deactivated,27,28,0,0,8363
2026-08-24T01:47:04Z,0,0.0,0.00,78,12.7,0.00,Deactivated,27,28,0,0,8363
2026-08-24T01:47:05Z,0,0.0,0.00,78,12.7,0.00,Deactivated,27,28,0,0,8363
2026-08-24T01:47:05Z,0,0.0,0.00,78,12.7,0.00,Deactivated,27,28,0,0,8363
2026-08-24T01:47:06Z,0,0.0,0.00,78,12.7,0.00,Deactivated,27,28,0,0,8363
2026-08-24T01:47:06Z,0,0.0,0.00,78,12.7,0.00,Deactivated,27,28,0,0,8363
2026-08-24T01:47:07Z,0,0.0,0.00,78,12.7,0.00,Deactivated,27,28,0,0,8363
2026-08-24T01:47:07Z,0,0.0,0.00,78,12.7,0.00,Deactivated,27,28,0,0,8363
2026-08-24T01:47:07Z,0,0.0,0.00,78,12.7,0.00,Deactivated,27,28,0,0,8363
2026-08-24T01:47:07Z,0,0.0,0.00,78,12.7,0.00,Deactivated,27,28,0,0,8363
2026-08-24T01:47:09Z,0,0.0,0.00,78,12.7,0.00,Deactivated,27,28,0,0,8363
2026-08-24T01:47:09Z,0,0.0,0.00,78,12.7,0.00,Deactivated,27,28,0,0,8363
2026-08-24T01:47:10Z,0,0.0,0.00,78,12.7,0.00,Deactivated,27,28,0,0,8363
2026-08-24T01:47:10Z,0,0.0,0.00,78,12.7,0.00,Deactivated,27,28,0,0,8363
2026-08-24T01:47:11Z,0,0.0,0.00,78,12.7,0.00,Deactivated,27,28,0,0,8363
2026-08-24T01:47:11Z,0,0.0,0.00,78,12.7,0.00,Deactivated,27,28,0,0,8363
2026-08-24T01:47:12Z,0,0.0,0.00,78,12.7,0.00,Deactivated,27,28,0,0,8363
2026-08-24T01:47:12Z,0,0.0,0.00,78,12.7,0.00,Deactivated,27,28,0,0,8363
2026-08-24T01:47:12Z,0,0.0,0.00,78,12.7,0.00,Deactivated,27,28,0,0,8363
2026-08-24T01:47:12Z,0,0.0,0.00,78,12.7,0.00,Deactivated,27,28,0,0,8363
2026-08-24T01:47:14Z,0,0.0,0.00,78,12.7,0.00,Deactivated,27,28,0,0,8363
2026-08-24T01:47:14Z,0,0.0,0.00,78,12.7,0.00,Deactivated,27,28,0,0,8363
2026-08-24T01:47:15Z,0,0.0,0.00,78,12.7,0.00,Deactivated,27,28,0,0,8363
2026-08-24T01:47:15Z,0,0.0,0.00,78,12.7,0.00,Deactivated,27,28,0,0,8363
2026-08-24T01:47:16Z,0,0.0,0.00,78,12.7,0.00,Deactivated,27,28,0,0,8363
2026-08-24T01:47:16Z,0,0.0,0.00,78,12.7,0.00,Deactivated,27,28,0,0,8363
2026-08-24T01:47:17Z,0,0.0,0.00,78,12.7,0.00,Deactivated,27,28,0,0,8363
2026-08-24T01:47:17Z,0,0.0,0.00,78,12.7,0.00,Deactivated,27,28,0,0,8363
2026-08-24T01:47:18Z,0,0.0,0.00,78,12.7,0.00,Deactivated,27,28,0,0,8363
2026-08-24T01:47:18Z,0,0.0,0.00,78,12.7,0.00,Deactivated,27,28,0,0,8363
2026-08-24T01:47:19Z,0,0.0,0.00,78,12.7,0.00,Deactivated,27,28,0,0,8363
2026-08-24T01:47:19Z,0,0.0,0.00,78,12.7,0.00,Deactivated,27,28,0,0,8363
2026-08-24T01:47:20Z,0,0.0,0.00,78,12.7,0.00,Deactivated,27,28,0,0,8363
2026-08-24T01:47:20Z,0,0.0,0.00,78,12.7,0.00,Deactivated,27,28,0,0,8363
2026-08-24T01:47:21Z,0,0.0,0.00,78,12.7,0.00,Deactivated,27,28,0,0,8363
2026-08-24T01:47:21Z,0,0.0,0.00,78,12.7,0.00,Deactivated,27,28,0,0,8363
2026-08-24T01:47:22Z,0,0.0,0.00,78,12.7,0.00,Deactivated,27,28,0,0,8363
2026-08-24T01:47:22Z,0,0.0,0.00,78,12.7,0.00,Deactivated,27,28,0,0,8363
2026-08-24T01:47:22Z,0,0.0,0.00,78,12.7,0.00,Deactivated,27,28,0,0,8363
2026-08-24T01:47:22Z,0,0.0,0.00,78,12.7,0.00,Deactivated,27,28,0,0,8363
2026-08-24T01:47:24Z,0,0.0,0.00,78,12.7,0.00,Deactivated,27,28,0,0,8363
2026-08-24T01:47:24Z,0,0.0,0.00,78,12.7,0.00,Deactivated,27,28,0,0,8363
2026-08-24T01:47:25Z,0,0.0,0.00,78,12.7,0.00,Deactivated,27,28,0,0,8363
2026-08-24T01:47:25Z,0,0.0,0.00,78,12.7,0.00,Deactivated,27,28,0,0,8363
2026-08-24T01:47:26Z,0,0.0,0.00,78,12.7,0.00,Deactivated,27,28,0,0,8363
2026-08-24T01:47:26Z,0,0.0,0.00,78,12.7,0.00,Deactivated,27,28,0,0,8363
2026-08-24T01:47:27Z,0,0.0,0.00,78,12.7,0.00,Deactivated,27,28,0,0,8363
2026-08-24T01:47:27Z,0,0.0,0.00,78,12.7,0.00,Deactivated,27,28,0,0,8363
2026-08-24T01:47:28Z,0,0.0,0.00,78,12.7,0.00,Deactivated,27,28,0,0,8363
2026-08-24T01:47:28Z,0,0.0,0.00,78,12.7,0.00,Deactivated,27,28,0,0,8363
2026-08-24T01:47:29Z,0,0.0,0.00,78,12.7,0.00,Deactivated,27,28,0,0,8363
2026-08-24T01:47:29Z,0,0.0,0.00,78,12.7,0.00,Deactivated,27,28,0,0,8363
2026-08-24T01:47:30Z,0,0.0,0.00,78,12.7,0.00,Deactivated,27,28,0,0,8363
2026-08-24T01:47:30Z,0,0.0,0.00,78,12.7,0.00,Deactivated,27,28,0,0,8363
2026-08-24T01:47:31Z,0,0.0,0.00,78,12.7,0.00,Deactivated,27,28,0,0,8363
2026-08-24T01:47:31Z,0,0.0,0.00,78,12.7,0.00,Deactivated,27,28,0,0,8363
2026-08-24T01:47:32Z,0,0.0,0.00,78,12.7,0.00,Deactivated,27,28,0,0,8363
2026-08-24T01:47:32Z,0,0.0,0.00,78,12.7,0.00,Deactivated,27,28,0,0,8363
2026-08-24T01:47:33Z,0,0.0,0.00,78,12.7,0.00,Deactivated,27,28,0,0,8363
2026-08-24T01:47:33Z,0,0.0,0.00,78,12.7,0.00,Deactivated,27,28,0,0,8363
2026-08-24T01:47:34Z,0,0.0,0.00,78,12.7,0.00,Deactivated,27,28,0,0,8363
2026-08-24T01:47:34Z,0,0.0,0.00,78,12.7,0.00,Deactivated,27,28,0,0,8363
2026-08-24T01:47:35Z,0,0.0,0.00,78,12.7,0.00,Deactivated,27,28,0,0,8363
2026-08-24T01:47:35Z,0,0.0,0.00,78,12.7,0.00,Deactivated,27,28,0,0,8363
2026-08-24T01:47:36Z,0,0.0,0.00,78,12.7,0.00,Deactivated,27,28,0,0,8363
2026-08-24T01:47:36Z,0,0.0,0.00,78,12.7,0.00,Deactivated,27,28,0,0,8363
2026-08-24T01:47:37Z,0,0.0,0.00,78,12.7,0.00,Deactivated,27,28,0,0,8363
2026-08-24T01:47:37Z,0,0.0,0.00,78,12.7,0.00,Deactivated,27,28,0,0,8363
2026-08-24T01:47:38Z,0,0.0,0.00,78,12.7,0.00,Deactivated,27,28,0,0,8363
2026-08-24T01:47:38Z,0,0.0,0.00,78,12.7,0.00,Deactivated,27,28,0,0,8363
2026-08-24T01:47:39Z,0,0.0,0.00,78,12.7,0.00,Deactivated,27,28,0,0,8363
2026-08-24T01:47:39Z,0,0.0,0.00,78,12.7,0.00,Deactivated,27,28,0,0,8363
2026-08-24T01:47:39Z,0,0.0,0.00,79,12.7,0.00,Deactivated,27,28,0,0,8363
2026-08-24T01:47:39Z,0,0.0,0.00,79,12.7,0.00,Deactivated,27,28,0,0,8363
2026-08-24T01:47:41Z,0,0.0,0.00,79,12.7,0.00,Deactivated,27,28,0,0,8363
2026-08-24T01:47:41Z,0,0.0,0.00,79,12.7,0.00,Deactivated,27,28,0,0,8363
2026-08-24T01:47:42Z,0,0.0,0.00,79,12.7,0.00,Deactivated,27,28,0,0,8363
2026-08-24T01:47:42Z,0,0.0,0.00,79,12.7,0.00,Deactivated,27,28,0,0,8363
2026-08-24T01:47:43Z,0,0.0,0.00,79,12.7,0.00,Deactivated,27,28,0,0,8363
2026-08-24T01:47:43Z,0,0.0,0.00,79,12.7,0.00,Deactivated,27,28,0,0,8363
2026-08-24T01:47:44Z,0,0.0,0.00,79,12.7,0.00,Deactivated,27,28,0,0,8363
2026-08-24T01:47:44Z,0,0.0,0.00,79,12.7,0.00,Deactivated,27,28,0,0,8363
2026-08-24T01:47:45Z,0,0.0,0.00,78,12.7,0.00,Deactivated,27,28,0,0,8363
2026-08-24T01:47:45Z,0,0.0,0.00,78,12.7,0.00,Deactivated,27,28,0,0,8363
2026-08-24T01:47:46Z,0,0.0,0.00,78,12.7,0.00,Deactivated,27,28,0,0,8363
2026-08-24T01:47:46Z,0,0.0,0.00,78,12.7,0.00,Deactivated,27,28,0,0,8363
2026-08-24T01:47:47Z,0,0.0,0.00,78,12.7,0.00,Deactivated,27,28,0,0,8363
2026-08-24T01:47:47Z,0,0.0,0.00,78,12.7,0.00,Deactivated,27,28,0,0,8363
2026-08-24T01:47:47Z,0,0.0,0.00,78,12.7,0.00,Deactivated,27,28,0,0,8363
2026-08-24T01:47:47Z,0,0.0,0.00,78,12.7,0.00,Deactivated,27,28,0,0,8363
2026-08-24T01:47:49Z,0,0.0,0.00,78,12.7,0.00,Deactivated,27,28,0,0,8363
2026-08-24T01:47:49Z,0,0.0,0.00,78,12.7,0.00,Deactivated,27,28,0,0,8363
2026-08-24T01:47:50Z,0,0.0,0.00,78,12.7,0.00,Deactivated,27,28,0,0,8363
2026-08-24T01:47:50Z,0,0.0,0.00,78,12.7,0.00,Deactivated,27,28,0,0,8363
2026-08-24T01:47:51Z,0,0.0,0.00,78,12.7,0.00,Deactivated,27,28,0,0,8363
2026-08-24T01:47:51Z,0,0.0,0.00,78,12.7,0.00,Deactivated,27,28,0,0,8363
2026-08-24T01:47:52Z,0,0.0,0.00,78,12.7,0.00,Deactivated,27,28,0,0,8363
2026-08-24T01:47:52Z,0,0.0,0.00,78,12.7,0.00,Deactivated,27,28,0,0,8363
2026-08-24T01:47:53Z,0,0.0,0.00,78,12.7,0.00,Deactivated,27,28,0,0,8363
2026-08-24T01:47:53Z,0,0.0,0.00,78,12.7,0.00,Deactivated,27,28,0,0,8363
2026-08-24T01:47:54Z,0,0.0,0.00,78,12.7,0.00,Deactivated,27,28,0,0,8363
2026-08-24T01:47:54Z,0,0.0,0.00,78,12.7,0.00,Deactivated,27,28,0,0,8363
2026-08-24T01:47:55Z,0,0.0,0.00,79,12.7,0.00,Deactivated,27,28,0,0,8363
2026-08-24T01:47:55Z,0,0.0,0.00,79,12.7,0.00,Deactivated,27,28,0,0,8363
2026-08-24T01:47:56Z,0,0.0,0.00,79,12.7,0.00,Deactivated,27,28,0,0,8363
2026-08-24T01:47:56Z,0,0.0,0.00,79,12.7,0.00,Deactivated,27,28,0,0,8363
2026-08-24T01:47:57Z,0,0.0,0.00,79,12.7,0.00,Deactivated,27,28,0,0,8363
2026-08-24T01:47:57Z,0,0.0,0.00,79,12.7,0.00,Deactivated,27,28,0,0,8363
2026-08-24T01:47:58Z,0,0.0,0.00,79,12.7,0.00,Deactivated,27,28,0,0,8363
2026-08-24T01:47:58Z,0,0.0,0.00,79,12.7,0.00,Deactivated,27,28,0,0,8363
2026-08-24T01:47:59Z,0,0.0,0.00,79,12.7,0.00,Deactivated,27,28,0,0,8363
2026-08-24T01:47:59Z,0,0.0,0.00,79,12.7,0.00,Deactivated,27,28,0,0,8363
2026-08-24T01:48:00Z,0,0.0,0.00,78,12.7,0.00,Deactivated,27,28,0,0,8363
2026-08-24T01:48:00Z,0,0.0,0.00,78,12.7,0.00,Deactivated,27,28,0,0,8363
2026-08-24T01:48:01Z,0,0.0,0.00,78,12.7,0.00,Deactivated,27,28,0,0,8363
2026-08-24T01:48:01Z,0,0.0,0.00,78,12.7,0.00,Deactivated,27,28,0,0,8363
2026-08-24T01:48:02Z,0,0.0,0.00,78,12.7,0.00,Deactivated,27,28,0,0,8363
2026-08-24T01:48:02Z,0,0.0,0.00,78,12.7,0.00,Deactivated,27,28,0,0,8363
2026-08-24T01:48:03Z,0,0.0,0.00,78,12.7,0.00,Deactivated,27,28,0,0,8363
2026-08-24T01:48:03Z,0,0.0,0.00,78,12.7,0.00,Deactivated,27,28,0,0,8363
2026-08-24T01:48:04Z,0,0.0,0.00,78,12.7,0.00,Deactivated,27,28,0,0,8363
2026-08-24T01:48:04Z,0,0.0,0.00,78,12.7,0.00,Deactivated,27,28,0,0,8363
2026-08-24T01:48:04Z,0,0.0,0.00,78,12.7,0.00,Deactivated,27,28,0,0,8363
2026-08-24T01:48:04Z,0,0.0,0.00,78,12.7,0.00,Deactivated,27,28,0,0,8363
2026-08-24T01:48:06Z,0,0.0,0.00,78,12.7,0.00,Deactivated,27,28,0,0,8363
2026-08-24T01:48:06Z,0,0.0,0.00,78,12.7,0.00,Deactivated,27,28,0,0,8363
2026-08-24T01:48:07Z,0,0.0,0.00,78,12.7,0.00,Deactivated,27,28,0,0,8363
2026-08-24T01:48:07Z,0,0.0,0.00,78,12.7,0.00,Deactivated,27,28,0,0,8363
2026-08-24T01:48:08Z,0,0.0,0.00,78,12.7,0.00,Deactivated,27,28,0,0,8363
2026-08-24T01:48:08Z,0,0.0,0.00,78,12.7,0.00,Deactivated,27,28,0,0,8363
2026-08-24T01:48:09Z,0,0.0,0.00,78,12.7,0.00,Deactivated,27,28,0,0,8363
2026-08-24T01:48:09Z,0,0.0,0.00,78,12.7,0.00,Deactivated,27,28,0,0,8363
2026-08-24T01:48:10Z,0,0.0,0.00,78,12.7,0.00,Deactivated,27,28,0,0,8363
2026-08-24T01:48:10Z,0,0.0,0.00,78,12.7,0.00,Deactivated,27,28,0,0,8363
2026-08-24T01:48:10Z,0,0.0,0.00,78,12.7,0.00,Deactivated,27,28,0,0,8363
2026-08-24T01:48:10Z,0,0.0,0.00,78,12.7,0.00,Deactivated,27,28,0,0,8363
2026-08-24T01:48:12Z,0,0.0,0.00,78,12.7,0.00,Deactivated,27,28,0,0,8363
2026-08-24T01:48:12Z,0,0.0,0.00,78,12.7,0.00,Deactivated,27,28,0,0,8363
2026-08-24T01:48:13Z,0,0.0,0.00,78,12.7,0.00,Deactivated,27,28,0,0,8363
2026-08-24T01:48:13Z,0,0.0,0.00,78,12.7,0.00,Deactivated,27,28,0,0,8363
2026-08-24T01:48:14Z,0,0.0,0.00,78,12.7,0.00,Deactivated,27,28,0,0,8363
2026-08-24T01:48:14Z,0,0.0,0.00,78,12.7,0.00,Deactivated,27,28,0,0,8363
2026-08-24T01:48:15Z,0,0.0,0.00,78,12.7,0.00,Deactivated,27,28,0,0,8363
2026-08-24T01:48:15Z,0,0.0,0.00,78,12.7,0.00,Deactivated,27,28,0,0,8363
2026-08-24T01:48:16Z,0,0.0,0.00,78,12.7,0.00,Deactivated,27,28,0,0,8363
2026-08-24T01:48:16Z,0,0.0,0.00,78,12.7,0.00,Deactivated,27,28,0,0,8363
2026-08-24T01:48:17Z,0,0.0,0.00,78,12.7,0.00,Deactivated,27,28,0,0,8363
2026-08-24T01:48:17Z,0,0.0,0.00,78,12.7,0.00,Deactivated,27,28,0,0,8363
2026-08-24T01:48:18Z,0,0.0,0.00,78,12.7,0.00,Deactivated,27,28,0,0,8363
2026-08-24T01:48:18Z,0,0.0,0.00,78,12.7,0.00,Deactivated,27,28,0,0,8363
2026-08-24T01:48:19Z,0,0.0,0.00,78,12.7,0.00,Deactivated,27,28,0,0,8363
2026-08-24T01:48:19Z,0,0.0,0.00,78,12.7,0.00,Deactivated,27,28,0,0,8363
2026-08-24T01:48:20Z,0,0.0,0.00,78,12.7,0.00,Deactivated,27,28,0,0,8363
2026-08-24T01:48:20Z,0,0.0,0.00,78,12.7,0.00,Deactivated,27,28,0,0,8363
2026-08-24T01:48:20Z,0,0.0,0.00,78,12.7,0.00,Deactivated,27,28,0,0,8363
2026-08-24T01:48:20Z,0,0.0,0.00,78,12.7,0.00,Deactivated,27,28,0,0,8363
2026-08-24T01:48:22Z,0,0.0,0.00,78,12.7,0.00,Deactivated,27,28,0,0,8363
2026-08-24T01:48:22Z,0,0.0,0.00,78,12.7,0.00,Deactivated,27,28,0,0,8363
2026-08-24T01:48:23Z,0,0.0,0.00,78,12.7,0.00,Deactivated,27,28,0,0,8363
2026-08-24T01:48:23Z,0,0.0,0.00,78,12.7,0.00,Deactivated,27,28,0,0,8363
2026-08-24T01:48:24Z,0,0.0,0.00,78,12.7,0.00,Deactivated,27,28,0,0,8363
2026-08-24T01:48:24Z,0,0.0,0.00,78,12.7,0.00,Deactivated,27,28,0,0,8363
2026-08-24T01:48:25Z,0,0.0,0.00,78,12.7,0.00,Deactivated,27,28,0,0,8363
2026-08-24T01:48:25Z,0,0.0,0.00,78,12.7,0.00,Deactivated,27,28,0,0,8363
2026-08-24T01:48:26Z,0,0.0,0.00,78,12.7,0.00,Deactivated,27,28,0,0,8363
2026-08-24T01:48:26Z,0,0.0,0.00,78,12.7,0.00,Deactivated,27,28,0,0,8363
2026-08-24T01:48:27Z,0,0.0,0.00,78,12.7,0.00,Deactivated,27,28,0,0,8363
2026-08-24T01:48:27Z,0,0.0,0.00,78,12.7,0.00,Deactivated,27,28,0,0,8363
2026-08-24T01:48:28Z,0,0.0,0.00,78,12.7,0.00,Deactivated,27,28,0,0,8363
2026-08-24T01:48:28Z,0,0.0,0.00,78,12.7,0.00,Deactivated,27,28,0,0,8363
2026-08-24T01:48:29Z,0,0.0,0.00,78,12.7,0.00,Deactivated,27,28,0,0,8363
2026-08-24T01:48:29Z,0,0.0,0.00,78,12.7,0.00,Deactivated,27,28,0,0,8363
2026-08-24T01:48:30Z,0,0.0,0.00,79,12.7,0.00,Deactivated,27,28,0,0,8363
2026-08-24T01:48:30Z,0,0.0,0.00,79,12.7,0.00,Deactivated,27,28,0,0,8363
2026-08-24T01:48:31Z,0,0.0,0.00,79,12.7,0.00,Deactivated,27,28,0,0,8363
2026-08-24T01:48:31Z,0,0.0,0.00,79,12.7,0.00,Deactivated,27,28,0,0,8363
2026-08-24T01:48:32Z,0,0.0,0.00,79,12.7,0.00,Deactivated,27,28,0,0,8363
2026-08-24T01:48:32Z,0,0.0,0.00,79,12.7,0.00,Deactivated,27,28,0,0,8363
2026-08-24T01:48:33Z,0,0.0,0.00,79,12.7,0.00,Deactivated,27,28,0,0,8363
2026-08-24T01:48:33Z,0,0.0,0.00,79,12.7,0.00,Deactivated,27,28,0,0,8363
2026-08-24T01:48:34Z,0,0.0,0.00,79,12.7,0.00,Deactivated,27,28,0,0,8363
2026-08-24T01:48:34Z,0,0.0,0.00,79,12.7,0.00,Deactivated,27,28,0,0,8363
2026-08-24T01:48:35Z,0,0.0,0.00,78,12.7,0.00,Deactivated,27,28,0,0,8363
2026-08-24T01:48:35Z,0,0.0,0.00,78,12.7,0.00,Deactivated,27,28,0,0,8363
2026-08-24T01:48:36Z,0,0.0,0.00,78,12.7,0.00,Deactivated,27,28,0,0,8363
2026-08-24T01:48:36Z,0,0.0,0.00,78,12.7,0.00,Deactivated,27,28,0,0,8363
2026-08-24T01:48:37Z,0,0.0,0.00,78,12.7,0.00,Deactivated,27,28,0,0,8363
2026-08-24T01:48:37Z,0,0.0,0.00,78,12.7,0.00,Deactivated,27,28,0,0,8363
2026-08-24T01:48:38Z,0,0.0,0.00,78,12.7,0.00,Deactivated,27,28,0,0,8363
2026-08-24T01:48:38Z,0,0.0,0.00,78,12.7,0.00,Deactivated,27,28,0,0,8363
2026-08-24T01:48:39Z,0,0.0,0.00,78,12.7,0.00,Deactivated,27,28,0,0,8363
2026-08-24T01:48:39Z,0,0.0,0.00,78,12.7,0.00,Deactivated,27,28,0,0,8363
2026-08-24T01:48:40Z,0,0.0,0.00,78,12.7,0.00,Deactivated,27,28,0,0,8363
2026-08-24T01:48:40Z,0,0.0,0.00,78,12.7,0.00,Deactivated,27,28,0,0,8363
2026-08-24T01:48:41Z,0,0.0,0.00,78,12.7,0.00,Deactivated,27,28,0,0,8363
2026-08-24T01:48:41Z,0,0.0,0.00,78,12.7,0.00,Deactivated,27,28,0,0,8363
2026-08-24T01:48:42Z,0,0.0,0.00,78,12.7,0.00,Deactivated,27,28,0,0,8363
2026-08-24T01:48:42Z,0,0.0,0.00,78,12.7,0.00,Deactivated,27,28,0,0,8363
2026-08-24T01:48:43Z,0,0.0,0.00,78,12.7,0.00,Deactivated,27,28,0,0,8363
2026-08-24T01:48:43Z,0,0.0,0.00,78,12.7,0.00,Deactivated,27,28,0,0,8363
2026-08-24T01:48:44Z,0,0.0,0.00,78,12.7,0.00,Deactivated,27,28,0,0,8363
2026-08-24T01:48:44Z,0,0.0,0.00,78,12.7,0.00,Deactivated,27,28,0,0,8363
2026-08-24T01:48:45Z,0,0.0,0.00,78,12.7,0.00,Deactivated,27,28,0,0,8363
2026-08-24T01:48:45Z,0,0.0,0.00,78,12.7,0.00,Deactivated,27,28,0,0,8363
2026-08-24T01:48:46Z,0,0.0,0.00,78,12.7,0.00,Deactivated,27,28,0,0,8363
2026-08-24T01:48:46Z,0,0.0,0.00,78,12.7,0.00,Deactivated,27,28,0,0,8363
2026-08-24T01:48:47Z,0,0.0,0.00,78,12.7,0.00,Deactivated,27,28,0,0,8363
2026-08-24T01:48:47Z,0,0.0,0.00,78,12.7,0.00,Deactivated,27,28,0,0,8363
2026-08-24T01:48:47Z,0,0.0,0.00,78,12.7,0.00,Deactivated,27,28,0,0,8363
2026-08-24T01:48:47Z,0,0.0,0.00,78,12.7,0.00,Deactivated,27,28,0,0,8363
2026-08-24T01:48:49Z,0,0.0,0.00,78,12.7,0.00,Deactivated,27,28,0,0,8363
2026-08-24T01:48:49Z,0,0.0,0.00,78,12.7,0.00,Deactivated,27,28,0,0,8363
2026-08-24T01:48:50Z,0,0.0,0.00,78,12.7,0.00,Deactivated,27,28,0,0,8363
2026-08-24T01:48:50Z,0,0.0,0.00,78,12.7,0.00,Deactivated,27,28,0,0,8363
2026-08-24T01:48:51Z,0,0.0,0.00,78,12.7,0.00,Deactivated,27,28,0,0,8363
2026-08-24T01:48:51Z,0,0.0,0.00,78,12.7,0.00,Deactivated,27,28,0,0,8363
2026-08-24T01:48:52Z,0,0.0,0.00,78,12.7,0.00,Deactivated,27,28,0,0,8363
2026-08-24T01:48:52Z,0,0.0,0.00,78,12.7,0.00,Deactivated,27,28,0,0,8363
2026-08-24T01:48:52Z,0,0.0,0.00,78,12.7,0.00,Deactivated,27,28,0,0,8363
2026-08-24T01:48:53Z,0,0.0,0.00,78,12.7,0.00,Deactivated,27,28,0,0,8363
2026-08-24T01:48:53Z,0,0.0,0.00,78,12.7,0.00,Deactivated,27,28,0,0,8363
2026-08-24T01:48:53Z,0,0.0,0.00,78,12.7,0.00,Deactivated,27,28,0,0,8363
2026-08-24T01:48:53Z,0,0.0,0.00,78,12.7,0.00,Deactivated,27,28,0,0,8363
2026-08-24T01:48:53Z,0,0.0,0.00,78,12.7,0.00,Deactivated,27,28,0,0,8363
2026-08-24T01:48:53Z,0,0.0,0.00,78,12.7,0.00,Deactivated,27,28,0,0,8363
2026-08-24T01:48:54Z,0,0.0,0.00,78,12.7,0.00,Deactivated,27,28,0,0,8363
2026-08-24T01:48:54Z,0,0.0,0.00,78,12.7,0.00,Deactivated,27,28,0,0,8363
2026-08-24T01:48:54Z,0,0.0,0.00,78,12.7,0.00,Deactivated,27,28,0,0,8363
2026-08-24T01:48:55Z,0,0.0,0.00,78,12.7,0.00,Deactivated,27,28,0,0,8363
2026-08-24T01:48:55Z,0,0.0,0.00,78,12.7,0.00,Deactivated,27,28,0,0,8363
2026-08-24T01:48:55Z,0,0.0,0.00,78,12.7,0.00,Deactivated,27,28,0,0,8363
2026-08-24T01:48:55Z,0,0.0,0.00,78,12.7,0.00,Deactivated,27,28,0,0,8363
2026-08-24T01:48:55Z,0,0.0,0.00,78,12.7,0.00,Deactivated,27,28,0,0,8363
2026-08-24T01:48:55Z,0,0.0,0.00,78,12.7,0.00,Deactivated,27,28,0,0,8363
2026-08-24T01:48:56Z,0,0.0,0.00,78,12.7,0.00,Deactivated,27,28,0,0,8363
2026-08-24T01:48:56Z,0,0.0,0.00,78,12.7,0.00,Deactivated,27,28,0,0,8363
2026-08-24T01:48:56Z,0,0.0,0.00,78,12.7,0.00,Deactivated,27,28,0,0,8363
2026-08-24T01:48:56Z,0,0.0,0.00,78,12.7,0.00,Deactivated,27,28,0,0,8363
2026-08-24T01:48:56Z,0,0.0,0.00,78,12.7,0.00,Deactivated,27,28,0,0,8363
2026-08-24T01:48:56Z,0,0.0,0.00,78,12.7,0.00,Deactivated,27,28,0,0,8363
2026-08-24T01:48:57Z,0,0.0,0.00,78,12.7,0.00,Deactivated,27,28,0,0,8363
2026-08-24T01:48:57Z,0,0.0,0.00,78,12.7,0.00,Deactivated,27,28,0,0,8363
2026-08-24T01:48:57Z,0,0.0,0.00,78,12.7,0.00,Deactivated,27,28,0,0,8363
2026-08-24T01:48:58Z,0,0.0,0.00,78,12.7,0.00,Deactivated,27,28,0,0,8363
2026-08-24T01:48:58Z,0,0.0,0.00,78,12.7,0.00,Deactivated,27,28,0,0,8363
2026-08-24T01:48:58Z,0,0.0,0.00,78,12.7,0.00,Deactivated,27,28,0,0,8363
2026-08-24T01:48:59Z,0,0.0,0.00,78,12.7,0.00,Deactivated,27,28,0,0,8363
2026-08-24T01:48:59Z,0,0.0,0.00,78,12.7,0.00,Deactivated,27,28,0,0,8363
2026-08-24T01:48:59Z,0,0.0,0.00,78,12.7,0.00,Deactivated,27,28,0,0,8363
2026-08-24T01:48:59Z,0,0.0,0.00,78,12.7,0.00,Deactivated,27,28,0,0,8363
2026-08-24T01:48:59Z,0,0.0,0.00,78,12.7,0.00,Deactivated,27,28,0,0,8363
2026-08-24T01:48:59Z,0,0.0,0.00,78,12.7,0.00,Deactivated,27,28,0,0,8363
2026-08-24T01:49:00Z,0,0.0,0.00,78,12.7,0.00,Deactivated,27,28,0,0,8363
2026-08-24T01:49:00Z,0,0.0,0.00,78,12.7,0.00,Deactivated,27,28,0,0,8363
2026-08-24T01:49:00Z,0,0.0,0.00,78,12.7,0.00,Deactivated,27,28,0,0,8363
2026-08-24T01:49:00Z,0,0.0,0.00,78,12.7,0.00,Deactivated,27,28,0,0,8363
2026-08-24T01:49:00Z,0,0.0,0.00,78,12.7,0.00,Deactivated,27,28,0,0,8363
2026-08-24T01:49:00Z,0,0.0,0.00,78,12.7,0.00,Deactivated,27,28,0,0,8363
2026-08-24T01:49:01Z,0,0.0,0.00,78,12.7,0.00,Deactivated,27,28,0,0,8363
2026-08-24T01:49:01Z,0,0.0,0.00,78,12.7,0.00,Deactivated,27,28,0,0,8363
2026-08-24T01:49:01Z,0,0.0,0.00,78,12.7,0.00,Deactivated,27,28,0,0,8363
2026-08-24T01:49:02Z,0,0.0,0.00,78,12.7,0.00,Deactivated,27,28,0,0,8363
2026-08-24T01:49:02Z,0,0.0,0.00,78,12.7,0.00,Deactivated,27,28,0,0,8363
2026-08-24T01:49:02Z,0,0.0,0.00,78,12.7,0.00,Deactivated,27,28,0,0,8363
2026-08-24T01:49:02Z,0,0.0,0.00,78,12.7,0.00,Deactivated,27,28,0,0,8363
2026-08-24T01:49:02Z,0,0.0,0.00,78,12.7,0.00,Deactivated,27,28,0,0,8363
2026-08-24T01:49:02Z,0,0.0,0.00,78,12.7,0.00,Deactivated,27,28,0,0,8363
2026-08-24T01:49:03Z,0,0.0,0.00,78,12.7,0.00,Deactivated,27,28,0,0,8363
2026-08-24T01:49:03Z,0,0.0,0.00,78,12.7,0.00,Deactivated,27,28,0,0,8363
2026-08-24T01:49:03Z,0,0.0,0.00,78,12.7,0.00,Deactivated,27,28,0,0,8363
2026-08-24T01:49:04Z,0,0.0,0.00,78,12.7,0.00,Deactivated,27,28,0,0,8363
2026-08-24T01:49:04Z,0,0.0,0.00,78,12.7,0.00,Deactivated,27,28,0,0,8363
2026-08-24T01:49:04Z,0,0.0,0.00,78,12.7,0.00,Deactivated,27,28,0,0,8363
2026-08-24T01:49:04Z,0,0.0,0.00,78,12.7,0.00,Deactivated,27,28,0,0,8363
2026-08-24T01:49:04Z,0,0.0,0.00,78,12.7,0.00,Deactivated,27,28,0,0,8363
2026-08-24T01:49:04Z,0,0.0,0.00,78,12.7,0.00,Deactivated,27,28,0,0,8363
2026-08-24T01:49:05Z,0,0.0,0.00,78,12.7,0.00,Deactivated,27,28,0,0,8363
2026-08-24T01:49:05Z,0,0.0,0.00,78,12.7,0.00,Deactivated,27,28,0,0,8363
2026-08-24T01:49:05Z,0,0.0,0.00,78,12.7,0.00,Deactivated,27,28,0,0,8363
2026-08-24T01:49:06Z,0,0.0,0.00,78,12.7,0.00,Deactivated,27,28,0,0,8363
2026-08-24T01:49:06Z,0,0.0,0.00,78,12.7,0.00,Deactivated,27,28,0,0,8363
2026-08-24T01:49:06Z,0,0.0,0.00,78,12.7,0.00,Deactivated,27,28,0,0,8363
2026-08-24T01:49:07Z,0,0.0,0.00,78,12.7,0.00,Deactivated,27,28,0,0,8363
2026-08-24T01:49:07Z,0,0.0,0.00,78,12.7,0.00,Deactivated,27,28,0,0,8363
2026-08-24T01:49:07Z,0,0.0,0.00,78,12.7,0.00,Deactivated,27,28,0,0,8363
2026-08-24T01:49:07Z,0,0.0,0.00,78,12.7,0.00,Deactivated,27,28,0,0,8363
2026-08-24T01:49:07Z,0,0.0,0.00,78,12.7,0.00,Deactivated,27,28,0,0,8363
2026-08-24T01:49:07Z,0,0.0,0.00,78,12.7,0.00,Deactivated,27,28,0,0,8363
2026-08-24T01:49:08Z,0,0.0,0.00,78,12.7,0.00,Deactivated,27,28,0,0,8363
2026-08-24T01:49:08Z,0,0.0,0.00,78,12.7,0.00,Deactivated,27,28,0,0,8363
2026-08-24T01:49:08Z,0,0.0,0.00,78,12.7,0.00,Deactivated,27,28,0,0,8363
2026-08-24T01:49:09Z,0,0.0,0.00,78,12.7,0.00,Deactivated,27,28,0,0,8363
2026-08-24T01:49:09Z,0,0.0,0.00,78,12.7,0.00,Deactivated,27,28,0,0,8363
2026-08-24T01:49:09Z,0,0.0,0.00,78,12.7,0.00,Deactivated,27,28,0,0,8363
2026-08-24T01:49:09Z,0,0.0,0.00,78,12.7,0.00,Deactivated,27,28,0,0,8363
2026-08-24T01:49:09Z,0,0.0,0.00,78,12.7,0.00,Deactivated,27,28,0,0,8363
2026-08-24T01:49:09Z,0,0.0,0.00,78,12.7,0.00,Deactivated,27,28,0,0,8363
2026-08-24T01:49:10Z,0,0.0,0.00,78,12.7,0.00,Deactivated,27,28,0,0,8363
2026-08-24T01:49:10Z,0,0.0,0.00,78,12.7,0.00,Deactivated,27,28,0,0,8363
2026-08-24T01:49:10Z,0,0.0,0.00,78,12.7,0.00,Deactivated,27,28,0,0,8363
2026-08-24T01:49:11Z,0,0.0,0.00,78,12.7,0.00,Deactivated,27,28,0,0,8363
2026-08-24T01:49:11Z,0,0.0,0.00,78,12.7,0.00,Deactivated,27,28,0,0,8363
2026-08-24T01:49:11Z,0,0.0,0.00,78,12.7,0.00,Deactivated,27,28,0,0,8363
2026-08-24T01:49:12Z,0,0.0,0.00,78,12.7,0.00,Deactivated,27,28,0,0,8363
2026-08-24T01:49:12Z,0,0.0,0.00,78,12.7,0.00,Deactivated,27,28,0,0,8363
2026-08-24T01:49:12Z,0,0.0,0.00,78,12.7,0.00,Deactivated,27,28,0,0,8363
2026-08-24T01:49:12Z,0,0.0,0.00,78,12.7,0.00,Deactivated,27,28,0,0,8363
2026-08-24T01:49:12Z,0,0.0,0.00,78,12.7,0.00,Deactivated,27,28,0,0,8363
2026-08-24T01:49:12Z,0,0.0,0.00,78,12.7,0.00,Deactivated,27,28,0,0,8363
2026-08-24T01:49:13Z,0,0.0,0.00,78,12.7,0.00,Deactivated,27,28,0,0,8363
2026-08-24T01:49:13Z,0,0.0,0.00,78,12.7,0.00,Deactivated,27,28,0,0,8363
2026-08-24T01:49:13Z,0,0.0,0.00,78,12.7,0.00,Deactivated,27,28,0,0,8363
2026-08-24T01:49:14Z,0,0.0,0.00,78,12.7,0.00,Deactivated,27,28,0,0,8363
2026-08-24T01:49:14Z,0,0.0,0.00,78,12.7,0.00,Deactivated,27,28,0,0,8363
2026-08-24T01:49:14Z,0,0.0,0.00,78,12.7,0.00,Deactivated,27,28,0,0,8363
2026-08-24T01:49:14Z,0,0.0,0.00,78,12.7,0.00,Deactivated,27,28,0,0,8363
2026-08-24T01:49:14Z,0,0.0,0.00,78,12.7,0.00,Deactivated,27,28,0,0,8363
2026-08-24T01:49:14Z,0,0.0,0.00,78,12.7,0.00,Deactivated,27,28,0,0,8363
2026-08-24T01:49:15Z,0,0.0,0.00,78,12.7,0.00,Deactivated,27,28,0,0,8363
2026-08-24T01:49:15Z,0,0.0,0.00,78,12.7,0.00,Deactivated,27,28,0,0,8363
2026-08-24T01:49:15Z,0,0.0,0.00,78,12.7,0.00,Deactivated,27,28,0,0,8363
2026-08-24T01:49:16Z,0,0.0,0.00,78,12.7,0.00,Deactivated,27,28,0,0,8363
2026-08-24T01:49:16Z,0,0.0,0.00,78,12.7,0.00,Deactivated,27,28,0,0,8363
2026-08-24T01:49:16Z,0,0.0,0.00,78,12.7,0.00,Deactivated,27,28,0,0,8363
2026-08-24T01:49:16Z,0,0.0,0.00,78,12.7,0.00,Deactivated,27,28,0,0,8363
2026-08-24T01:49:16Z,0,0.0,0.00,78,12.7,0.00,Deactivated,27,28,0,0,8363
2026-08-24T01:49:16Z,0,0.0,0.00,78,12.7,0.00,Deactivated,27,28,0,0,8363
2026-08-24T01:49:17Z,0,0.0,0.00,78,12.7,0.00,Deactivated,27,28,0,0,8363
2026-08-24T01:49:17Z,0,0.0,0.00,78,12.7,0.00,Deactivated,27,28,0,0,8363
2026-08-24T01:49:17Z,0,0.0,0.00,78,12.7,0.00,Deactivated,27,28,0,0,8363
2026-08-24T01:49:18Z,0,0.0,0.00,78,12.7,0.00,Deactivated,27,28,0,0,8363
2026-08-24T01:49:18Z,0,0.0,0.00,78,12.7,0.00,Deactivated,27,28,0,0,8363
2026-08-24T01:49:18Z,0,0.0,0.00,78,12.7,0.00,Deactivated,27,28,0,0,8363
2026-08-24T01:49:18Z,0,0.0,0.00,78,12.7,0.00,Deactivated,27,28,0,0,8363
2026-08-24T01:49:18Z,0,0.0,0.00,78,12.7,0.00,Deactivated,27,28,0,0,8363
2026-08-24T01:49:18Z,0,0.0,0.00,78,12.7,0.00,Deactivated,27,28,0,0,8363
2026-08-24T01:49:19Z,0,0.0,0.00,78,12.7,0.00,Deactivated,27,28,0,0,8363
2026-08-24T01:49:19Z,0,0.0,0.00,78,12.7,0.00,Deactivated,27,28,0,0,8363
2026-08-24T01:49:19Z,0,0.0,0.00,78,12.7,0.00,Deactivated,27,28,0,0,8363
2026-08-24T01:49:20Z,0,0.0,0.00,78,12.7,0.00,Deactivated,27,28,0,0,8363
2026-08-24T01:49:20Z,0,0.0,0.00,78,12.7,0.00,Deactivated,27,28,0,0,8363
2026-08-24T01:49:20Z,0,0.0,0.00,78,12.7,0.00,Deactivated,27,28,0,0,8363
2026-08-24T01:49:20Z,0,0.0,0.00,78,12.7,0.00,Deactivated,27,28,0,0,8363
2026-08-24T01:49:20Z,0,0.0,0.00,78,12.7,0.00,Deactivated,27,28,0,0,8363
2026-08-24T01:49:20Z,0,0.0,0.00,78,12.7,0.00,Deactivated,27,28,0,0,8363
2026-08-24T01:49:21Z,0,0.0,0.00,78,12.7,0.00,Deactivated,27,28,0,0,8363
2026-08-24T01:49:21Z,0,0.0,0.00,78,12.7,0.00,Deactivated,27,28,0,0,8363
2026-08-24T01:49:21Z,0,0.0,0.00,78,12.7,0.00,Deactivated,27,28,0,0,8363
2026-08-24T01:49:21Z,0,0.0,0.00,78,12.7,0.00,Deactivated,27,28,0,0,8363
2026-08-24T01:49:21Z,0,0.0,0.00,78,12.7,0.00,Deactivated,27,28,0,0,8363
2026-08-24T01:49:21Z,0,0.0,0.00,78,12.7,0.00,Deactivated,27,28,0,0,8363
2026-08-24T01:49:22Z,0,0.0,0.00,78,12.7,0.00,Deactivated,27,28,0,0,8363
2026-08-24T01:49:22Z,0,0.0,0.00,78,12.7,0.00,Deactivated,27,28,0,0,8363
2026-08-24T01:49:22Z,0,0.0,0.00,78,12.7,0.00,Deactivated,27,28,0,0,8363
2026-08-24T01:49:23Z,0,0.0,0.00,78,12.7,0.00,Deactivated,27,28,0,0,8363
2026-08-24T01:49:23Z,0,0.0,0.00,78,12.7,0.00,Deactivated,27,28,0,0,8363
2026-08-24T01:49:23Z,0,0.0,0.00,78,12.7,0.00,Deactivated,27,28,0,0,8363
2026-08-24T01:49:24Z,0,0.0,0.00,78,12.7,0.00,Deactivated,27,28,0,0,8363
2026-08-24T01:49:24Z,0,0.0,0.00,78,12.7,0.00,Deactivated,27,28,0,0,8363
2026-08-24T01:49:24Z,0,0.0,0.00,78,12.7,0.00,Deactivated,27,28,0,0,8363
2026-08-24T01:49:25Z,0,0.0,0.00,78,12.7,0.00,Deactivated,27,28,0,0,8363
2026-08-24T01:49:25Z,0,0.0,0.00,78,12.7,0.00,Deactivated,27,28,0,0,8363
2026-08-24T01:49:25Z,0,0.0,0.00,78,12.7,0.00,Deactivated,27,28,0,0,8363
2026-08-24T01:49:26Z,0,0.0,0.00,78,12.7,0.00,Deactivated,27,28,0,0,8363
2026-08-24T01:49:26Z,0,0.0,0.00,78,12.7,0.00,Deactivated,27,28,0,0,8363
2026-08-24T01:49:26Z,0,0.0,0.00,78,12.7,0.00,Deactivated,27,28,0,0,8363
2026-08-24T01:49:26Z,0,0.0,0.00,78,12.7,0.00,Deactivated,27,28,0,0,8363
2026-08-24T01:49:26Z,0,0.0,0.00,78,12.7,0.00,Deactivated,27,28,0,0,8363
2026-08-24T01:49:26Z,0,0.0,0.00,78,12.7,0.00,Deactivated,27,28,0,0,8363
2026-08-24T01:49:28Z,0,0.0,0.00,78,12.7,0.00,Deactivated,27,28,0,0,8363
2026-08-24T01:49:28Z,0,0.0,0.00,78,12.7,0.00,Deactivated,27,28,0,0,8363
2026-08-24T01:49:28Z,0,0.0,0.00,78,12.7,0.00,Deactivated,27,28,0,0,8363
2026-08-24T01:49:29Z,0,0.0,0.00,78,12.7,0.00,Deactivated,27,28,0,0,8363
2026-08-24T01:49:29Z,0,0.0,0.00,78,12.7,0.00,Deactivated,27,28,0,0,8363
2026-08-24T01:49:29Z,0,0.0,0.00,78,12.7,0.00,Deactivated,27,28,0,0,8363
2026-08-24T01:49:30Z,0,0.0,0.00,78,12.7,0.00,Deactivated,27,28,0,0,8363
2026-08-24T01:49:30Z,0,0.0,0.00,78,12.7,0.00,Deactivated,27,28,0,0,8363
2026-08-24T01:49:30Z,0,0.0,0.00,78,12.7,0.00,Deactivated,27,28,0,0,8363
2026-08-24T01:49:31Z,0,0.0,0.00,78,12.7,0.00,Deactivated,27,28,0,0,8363
2026-08-24T01:49:31Z,0,0.0,0.00,78,12.7,0.00,Deactivated,27,28,0,0,8363
2026-08-24T01:49:31Z,0,0.0,0.00,78,12.7,0.00,Deactivated,27,28,0,0,8363
2026-08-24T01:49:32Z,0,0.0,0.00,78,12.7,0.00,Deactivated,27,28,0,0,8363
2026-08-24T01:49:32Z,0,0.0,0.00,78,12.7,0.00,Deactivated,27,28,0,0,8363
2026-08-24T01:49:32Z,0,0.0,0.00,78,12.7,0.00,Deactivated,27,28,0,0,8363
2026-08-24T01:49:33Z,0,0.0,0.00,78,12.7,0.00,Deactivated,27,28,0,0,8363
2026-08-24T01:49:33Z,0,0.0,0.00,78,12.7,0.00,Deactivated,27,28,0,0,8363
2026-08-24T01:49:33Z,0,0.0,0.00,78,12.7,0.00,Deactivated,27,28,0,0,8363
2026-08-24T01:49:34Z,0,0.0,0.00,78,12.7,0.00,Deactivated,27,28,0,0,8363
2026-08-24T01:49:34Z,0,0.0,0.00,78,12.7,0.00,Deactivated,27,28,0,0,8363
2026-08-24T01:49:34Z,0,0.0,0.00,78,12.7,0.00,Deactivated,27,28,0,0,8363
2026-08-24T01:49:34Z,0,0.0,0.00,78,12.7,0.00,Deactivated,27,28,0,0,8363
2026-08-24T01:49:34Z,0,0.0,0.00,78,12.7,0.00,Deactivated,27,28,0,0,8363
2026-08-24T01:49:34Z,0,0.0,0.00,78,12.7,0.00,Deactivated,27,28,0,0,8363
2026-08-24T01:49:36Z,0,0.0,0.00,78,12.7,0.00,Deactivated,27,28,0,0,8363
2026-08-24T01:49:36Z,0,0.0,0.00,78,12.7,0.00,Deactivated,27,28,0,0,8363
2026-08-24T01:49:36Z,0,0.0,0.00,78,12.7,0.00,Deactivated,27,28,0,0,8363
2026-08-24T01:49:36Z,0,0.0,0.00,78,12.7,0.00,Deactivated,27,28,0,0,8363
2026-08-24T01:49:36Z,0,0.0,0.00,78,12.7,0.00,Deactivated,27,28,0,0,8363
2026-08-24T01:49:36Z,0,0.0,0.00,78,12.7,0.00,Deactivated,27,28,0,0,8363
2026-08-24T01:49:38Z,0,0.0,0.00,78,12.7,0.00,Deactivated,27,28,0,0,8363
2026-08-24T01:49:38Z,0,0.0,0.00,78,12.7,0.00,Deactivated,27,28,0,0,8363
2026-08-24T01:49:38Z,0,0.0,0.00,78,12.7,0.00,Deactivated,27,28,0,0,8363
2026-08-24T01:49:39Z,0,0.0,0.00,78,12.7,0.00,Deactivated,27,28,0,0,8363
2026-08-24T01:49:39Z,0,0.0,0.00,78,12.7,0.00,Deactivated,27,28,0,0,8363
2026-08-24T01:49:39Z,0,0.0,0.00,78,12.7,0.00,Deactivated,27,28,0,0,8363
2026-08-24T01:49:40Z,0,0.0,0.00,78,12.7,0.00,Deactivated,27,28,0,0,8363
2026-08-24T01:49:40Z,0,0.0,0.00,78,12.7,0.00,Deactivated,27,28,0,0,8363
2026-08-24T01:49:40Z,0,0.0,0.00,78,12.7,0.00,Deactivated,27,28,0,0,8363
2026-08-24T01:49:41Z,0,0.0,0.00,78,12.7,0.00,Deactivated,27,28,0,0,8363
2026-08-24T01:49:41Z,0,0.0,0.00,78,12.7,0.00,Deactivated,27,28,0,0,8363
2026-08-24T01:49:41Z,0,0.0,0.00,78,12.7,0.00,Deactivated,27,28,0,0,8363
2026-08-24T01:49:42Z,0,0.0,0.00,78,12.7,0.00,Deactivated,27,28,0,0,8363
2026-08-24T01:49:42Z,0,0.0,0.00,78,12.7,0.00,Deactivated,27,28,0,0,8363
2026-08-24T01:49:42Z,0,0.0,0.00,78,12.7,0.00,Deactivated,27,28,0,0,8363
2026-08-24T01:49:43Z,0,0.0,0.00,78,12.7,0.00,Deactivated,27,28,0,0,8363
2026-08-24T01:49:43Z,0,0.0,0.00,78,12.7,0.00,Deactivated,27,28,0,0,8363
2026-08-24T01:49:43Z,0,0.0,0.00,78,12.7,0.00,Deactivated,27,28,0,0,8363
2026-08-24T01:49:44Z,0,0.0,0.00,78,12.7,0.00,Deactivated,27,28,0,0,8363
2026-08-24T01:49:44Z,0,0.0,0.00,78,12.7,0.00,Deactivated,27,28,0,0,8363
2026-08-24T01:49:44Z,0,0.0,0.00,78,12.7,0.00,Deactivated,27,28,0,0,8363
2026-08-24T01:49:45Z,0,0.0,0.00,78,12.7,0.00,Deactivated,27,28,0,0,8363
2026-08-24T01:49:45Z,0,0.0,0.00,78,12.7,0.00,Deactivated,27,28,0,0,8363
2026-08-24T01:49:45Z,0,0.0,0.00,78,12.7,0.00,Deactivated,27,28,0,0,8363
2026-08-24T01:49:46Z,0,0.0,0.00,78,12.7,0.00,Deactivated,27,28,0,0,8363
2026-08-24T01:49:46Z,0,0.0,0.00,78,12.7,0.00,Deactivated,27,28,0,0,8363
2026-08-24T01:49:46Z,0,0.0,0.00,78,12.7,0.00,Deactivated,27,28,0,0,8363
2026-08-24T01:49:47Z,0,0.0,0.00,78,12.7,0.00,Deactivated,27,28,0,0,8363
2026-08-24T01:49:47Z,0,0.0,0.00,78,12.7,0.00,Deactivated,27,28,0,0,8363
2026-08-24T01:49:47Z,0,0.0,0.00,78,12.7,0.00,Deactivated,27,28,0,0,8363
2026-08-24T01:49:48Z,0,0.0,0.00,78,12.7,0.00,Deactivated,27,28,0,0,8363
2026-08-24T01:49:48Z,0,0.0,0.00,78,12.7,0.00,Deactivated,27,28,0,0,8363
2026-08-24T01:49:48Z,0,0.0,0.00,78,12.7,0.00,Deactivated,27,28,0,0,8363
2026-08-24T01:49:49Z,0,0.0,0.00,78,12.7,0.00,Deactivated,27,28,0,0,8363
2026-08-24T01:49:49Z,0,0.0,0.00,78,12.7,0.00,Deactivated,27,28,0,0,8363
2026-08-24T01:49:49Z,0,0.0,0.00,78,12.7,0.00,Deactivated,27,28,0,0,8363
2026-08-24T01:49:50Z,0,0.0,0.00,78,12.7,0.00,Deactivated,27,28,0,0,8363
2026-08-24T01:49:50Z,0,0.0,0.00,78,12.7,0.00,Deactivated,27,28,0,0,8363
2026-08-24T01:49:50Z,0,0.0,0.00,78,12.7,0.00,Deactivated,27,28,0,0,8363
2026-08-24T01:49:50Z,0,0.0,0.00,78,12.7,0.00,Deactivated,27,28,0,0,8363
2026-08-24T01:49:50Z,0,0.0,0.00,78,12.7,0.00,Deactivated,27,28,0,0,8363
2026-08-24T01:49:50Z,0,0.0,0.00,78,12.7,0.00,Deactivated,27,28,0,0,8363
2026-08-24T01:49:52Z,0,0.0,0.00,78,12.7,0.00,Deactivated,27,28,0,0,8363
2026-08-24T01:49:52Z,0,0.0,0.00,78,12.7,0.00,Deactivated,27,28,0,0,8363
2026-08-24T01:49:52Z,0,0.0,0.00,78,12.7,0.00,Deactivated,27,28,0,0,8363
2026-08-24T01:49:53Z,0,0.0,0.00,78,12.7,0.00,Deactivated,27,28,0,0,8363
2026-08-24T01:49:53Z,0,0.0,0.00,78,12.7,0.00,Deactivated,27,28,0,0,8363
2026-08-24T01:49:53Z,0,0.0,0.00,78,12.7,0.00,Deactivated,27,28,0,0,8363
2026-08-24T01:49:54Z,0,0.0,0.00,78,12.7,0.00,Deactivated,27,28,0,0,8363
2026-08-24T01:49:54Z,0,0.0,0.00,78,12.7,0.00,Deactivated,27,28,0,0,8363
2026-08-24T01:49:54Z,0,0.0,0.00,78,12.7,0.00,Deactivated,27,28,0,0,8363
2026-08-24T01:49:55Z,0,0.0,0.00,78,12.7,0.00,Deactivated,27,28,0,0,8363
2026-08-24T01:49:55Z,0,0.0,0.00,78,12.7,0.00,Deactivated,27,28,0,0,8363
2026-08-24T01:49:55Z,0,0.0,0.00,78,12.7,0.00,Deactivated,27,28,0,0,8363
2026-08-24T01:49:56Z,0,0.0,0.00,78,12.7,0.00,Deactivated,27,28,0,0,8363
2026-08-24T01:49:56Z,0,0.0,0.00,78,12.7,0.00,Deactivated,27,28,0,0,8363
2026-08-24T01:49:56Z,0,0.0,0.00,78,12.7,0.00,Deactivated,27,28,0,0,8363
2026-08-24T01:49:57Z,0,0.0,0.00,78,12.7,0.00,Deactivated,27,28,0,0,8363
2026-08-24T01:49:57Z,0,0.0,0.00,78,12.7,0.00,Deactivated,27,28,0,0,8363
2026-08-24T01:49:57Z,0,0.0,0.00,78,12.7,0.00,Deactivated,27,28,0,0,8363
2026-08-24T01:49:58Z,0,0.0,0.00,78,12.7,0.00,Deactivated,27,28,0,0,8363
2026-08-24T01:49:58Z,0,0.0,0.00,78,12.7,0.00,Deactivated,27,28,0,0,8363
2026-08-24T01:49:58Z,0,0.0,0.00,78,12.7,0.00,Deactivated,27,28,0,0,8363
2026-08-24T01:49:59Z,0,0.0,0.00,78,12.7,0.00,Deactivated,27,28,0,0,8363
2026-08-24T01:49:59Z,0,0.0,0.00,78,12.7,0.00,Deactivated,27,28,0,0,8363
2026-08-24T01:49:59Z,0,0.0,0.00,78,12.7,0.00,Deactivated,27,28,0,0,8363
2026-08-24T01:50:00Z,0,0.0,0.00,78,12.7,0.00,Deactivated,27,28,0,0,8363
2026-08-24T01:50:00Z,0,0.0,0.00,78,12.7,0.00,Deactivated,27,28,0,0,8363
2026-08-24T01:50:00Z,0,0.0,0.00,78,12.7,0.00,Deactivated,27,28,0,0,8363
2026-08-24T01:50:01Z,0,0.0,0.00,78,12.7,0.00,Deactivated,27,28,0,0,8363
2026-08-24T01:50:01Z,0,0.0,0.00,78,12.7,0.00,Deactivated,27,28,0,0,8363
2026-08-24T01:50:01Z,0,0.0,0.00,78,12.7,0.00,Deactivated,27,28,0,0,8363
2026-08-24T01:50:02Z,0,0.0,0.00,78,12.7,0.00,Deactivated,27,28,0,0,8363
2026-08-24T01:50:02Z,0,0.0,0.00,78,12.7,0.00,Deactivated,27,28,0,0,8363
2026-08-24T01:50:02Z,0,0.0,0.00,78,12.7,0.00,Deactivated,27,28,0,0,8363
2026-08-24T01:50:03Z,0,0.0,0.00,78,12.7,0.00,Deactivated,27,28,0,0,8363
2026-08-24T01:50:03Z,0,0.0,0.00,78,12.7,0.00,Deactivated,27,28,0,0,8363
2026-08-24T01:50:03Z,0,0.0,0.00,78,12.7,0.00,Deactivated,27,28,0,0,8363
2026-08-24T01:50:04Z,0,0.0,0.00,78,12.7,0.00,Deactivated,27,28,0,0,8363
2026-08-24T01:50:04Z,0,0.0,0.00,78,12.7,0.00,Deactivated,27,28,0,0,8363
2026-08-24T01:50:04Z,0,0.0,0.00,78,12.7,0.00,Deactivated,27,28,0,0,8363
2026-08-24T01:50:05Z,0,0.0,0.00,78,12.7,0.00,Deactivated,27,28,0,0,8363
2026-08-24T01:50:05Z,0,0.0,0.00,78,12.7,0.00,Deactivated,27,28,0,0,8363
2026-08-24T01:50:05Z,0,0.0,0.00,78,12.7,0.00,Deactivated,27,28,0,0,8363
2026-08-24T01:50:06Z,0,0.0,0.00,78,12.7,0.00,Deactivated,27,28,0,0,8363
2026-08-24T01:50:06Z,0,0.0,0.00,78,12.7,0.00,Deactivated,27,28,0,0,8363
2026-08-24T01:50:06Z,0,0.0,0.00,78,12.7,0.00,Deactivated,27,28,0,0,8363
2026-08-24T01:50:07Z,0,0.0,0.00,78,12.7,0.00,Deactivated,27,28,0,0,8363
2026-08-24T01:50:07Z,0,0.0,0.00,78,12.7,0.00,Deactivated,27,28,0,0,8363
2026-08-24T01:50:07Z,0,0.0,0.00,78,12.7,0.00,Deactivated,27,28,0,0,8363
2026-08-24T01:50:08Z,0,0.0,0.00,78,12.7,0.00,Deactivated,27,28,0,0,8363
2026-08-24T01:50:08Z,0,0.0,0.00,78,12.7,0.00,Deactivated,27,28,0,0,8363
2026-08-24T01:50:08Z,0,0.0,0.00,78,12.7,0.00,Deactivated,27,28,0,0,8363
2026-08-24T01:50:09Z,0,0.0,0.00,78,12.7,0.00,Deactivated,27,28,0,0,8363
2026-08-24T01:50:09Z,0,0.0,0.00,78,12.7,0.00,Deactivated,27,28,0,0,8363
2026-08-24T01:50:09Z,0,0.0,0.00,78,12.7,0.00,Deactivated,27,28,0,0,8363
2026-08-24T01:50:10Z,0,0.0,0.00,78,12.7,0.00,Deactivated,27,28,0,0,8363
2026-08-24T01:50:10Z,0,0.0,0.00,78,12.7,0.00,Deactivated,27,28,0,0,8363
2026-08-24T01:50:10Z,0,0.0,0.00,78,12.7,0.00,Deactivated,27,28,0,0,8363
2026-08-24T01:50:11Z,0,0.0,0.00,78,12.7,0.00,Deactivated,27,28,0,0,8363
2026-08-24T01:50:11Z,0,0.0,0.00,78,12.7,0.00,Deactivated,27,28,0,0,8363
2026-08-24T01:50:11Z,0,0.0,0.00,78,12.7,0.00,Deactivated,27,28,0,0,8363
2026-08-24T01:50:11Z,0,0.0,0.00,78,12.7,0.00,Deactivated,27,28,0,0,8363
2026-08-24T01:50:11Z,0,0.0,0.00,78,12.7,0.00,Deactivated,27,28,0,0,8363
2026-08-24T01:50:11Z,0,0.0,0.00,78,12.7,0.00,Deactivated,27,28,0,0,8363
2026-08-24T01:50:13Z,0,0.0,0.00,78,12.7,0.00,Deactivated,27,28,0,0,8363
2026-08-24T01:50:13Z,0,0.0,0.00,78,12.7,0.00,Deactivated,27,28,0,0,8363
2026-08-24T01:50:13Z,0,0.0,0.00,78,12.7,0.00,Deactivated,27,28,0,0,8363
2026-08-24T01:50:14Z,0,0.0,0.00,78,12.7,0.00,Deactivated,27,28,0,0,8363
2026-08-24T01:50:14Z,0,0.0,0.00,78,12.7,0.00,Deactivated,27,28,0,0,8363
2026-08-24T01:50:14Z,0,0.0,0.00,78,12.7,0.00,Deactivated,27,28,0,0,8363
2026-08-24T01:50:15Z,0,0.0,0.00,78,12.7,0.00,Deactivated,27,28,0,0,8363
2026-08-24T01:50:15Z,0,0.0,0.00,78,12.7,0.00,Deactivated,27,28,0,0,8363
2026-08-24T01:50:15Z,0,0.0,0.00,78,12.7,0.00,Deactivated,27,28,0,0,8363
2026-08-24T01:50:16Z,0,0.0,0.00,78,12.7,0.00,Deactivated,27,28,0,0,8363
2026-08-24T01:50:16Z,0,0.0,0.00,78,12.7,0.00,Deactivated,27,28,0,0,8363
2026-08-24T01:50:16Z,0,0.0,0.00,78,12.7,0.00,Deactivated,27,28,0,0,8363
2026-08-24T01:50:17Z,0,0.0,0.00,78,12.7,0.00,Deactivated,27,28,0,0,8363
2026-08-24T01:50:17Z,0,0.0,0.00,78,12.7,0.00,Deactivated,27,28,0,0,8363
2026-08-24T01:50:17Z,0,0.0,0.00,78,12.7,0.00,Deactivated,27,28,0,0,8363
2026-08-24T01:50:18Z,0,0.0,0.00,78,12.7,0.00,Deactivated,27,28,0,0,8363
2026-08-24T01:50:18Z,0,0.0,0.00,78,12.7,0.00,Deactivated,27,28,0,0,8363
2026-08-24T01:50:18Z,0,0.0,0.00,78,12.7,0.00,Deactivated,27,28,0,0,8363
2026-08-24T01:50:19Z,0,0.0,0.00,78,12.7,0.00,Deactivated,27,28,0,0,8363
2026-08-24T01:50:19Z,0,0.0,0.00,78,12.7,0.00,Deactivated,27,28,0,0,8363
2026-08-24T01:50:19Z,0,0.0,0.00,78,12.7,0.00,Deactivated,27,28,0,0,8363
2026-08-24T01:50:20Z,0,0.0,0.00,78,12.7,0.00,Deactivated,27,28,0,0,8363
2026-08-24T01:50:20Z,0,0.0,0.00,78,12.7,0.00,Deactivated,27,28,0,0,8363
2026-08-24T01:50:20Z,0,0.0,0.00,78,12.7,0.00,Deactivated,27,28,0,0,8363
2026-08-24T01:50:21Z,0,0.0,0.00,78,12.7,0.00,Deactivated,27,28,0,0,8363
2026-08-24T01:50:21Z,0,0.0,0.00,78,12.7,0.00,Deactivated,27,28,0,0,8363
2026-08-24T01:50:21Z,0,0.0,0.00,78,12.7,0.00,Deactivated,27,28,0,0,8363
2026-08-24T01:50:22Z,0,0.0,0.00,78,12.7,0.00,Deactivated,27,28,0,0,8363
2026-08-24T01:50:22Z,0,0.0,0.00,78,12.7,0.00,Deactivated,27,28,0,0,8363
2026-08-24T01:50:22Z,0,0.0,0.00,78,12.7,0.00,Deactivated,27,28,0,0,8363
2026-08-24T01:50:23Z,0,0.0,0.00,78,12.7,0.00,Deactivated,27,28,0,0,8363
2026-08-24T01:50:23Z,0,0.0,0.00,78,12.7,0.00,Deactivated,27,28,0,0,8363
2026-08-24T01:50:23Z,0,0.0,0.00,78,12.7,0.00,Deactivated,27,28,0,0,8363
2026-08-24T01:50:24Z,0,0.0,0.00,78,12.7,0.00,Deactivated,27,28,0,0,8363
2026-08-24T01:50:24Z,0,0.0,0.00,78,12.7,0.00,Deactivated,27,28,0,0,8363
2026-08-24T01:50:24Z,0,0.0,0.00,78,12.7,0.00,Deactivated,27,28,0,0,8363
2026-08-24T01:50:25Z,0,0.0,0.00,78,12.7,0.00,Deactivated,27,28,0,0,8363
2026-08-24T01:50:25Z,0,0.0,0.00,78,12.7,0.00,Deactivated,27,28,0,0,8363
2026-08-24T01:50:25Z,0,0.0,0.00,78,12.7,0.00,Deactivated,27,28,0,0,8363
2026-08-24T01:50:26Z,0,0.0,0.00,78,12.7,0.00,Deactivated,27,28,0,0,8363
2026-08-24T01:50:26Z,0,0.0,0.00,78,12.7,0.00,Deactivated,27,28,0,0,8363
2026-08-24T01:50:26Z,0,0.0,0.00,78,12.7,0.00,Deactivated,27,28,0,0,8363
2026-08-24T01:50:27Z,0,0.0,0.00,78,12.7,0.00,Deactivated,27,28,0,0,8363
2026-08-24T01:50:27Z,0,0.0,0.00,78,12.7,0.00,Deactivated,27,28,0,0,8363
2026-08-24T01:50:27Z,0,0.0,0.00,78,12.7,0.00,Deactivated,27,28,0,0,8363
2026-08-24T01:50:28Z,0,0.0,0.00,78,12.7,0.00,Deactivated,27,28,0,0,8363
2026-08-24T01:50:28Z,0,0.0,0.00,78,12.7,0.00,Deactivated,27,28,0,0,8363
2026-08-24T01:50:28Z,0,0.0,0.00,78,12.7,0.00,Deactivated,27,28,0,0,8363
2026-08-24T01:50:29Z,0,0.0,0.00,78,12.7,0.00,Deactivated,27,28,0,0,8363
2026-08-24T01:50:29Z,0,0.0,0.00,78,12.7,0.00,Deactivated,27,28,0,0,8363
2026-08-24T01:50:29Z,0,0.0,0.00,78,12.7,0.00,Deactivated,27,28,0,0,8363
2026-08-24T01:50:30Z,0,0.0,0.00,78,12.7,0.00,Deactivated,27,28,0,0,8363
2026-08-24T01:50:30Z,0,0.0,0.00,78,12.7,0.00,Deactivated,27,28,0,0,8363
2026-08-24T01:50:30Z,0,0.0,0.00,78,12.7,0.00,Deactivated,27,28,0,0,8363
2026-08-24T01:50:31Z,0,0.0,0.00,78,12.7,0.00,Deactivated,27,28,0,0,8363
2026-08-24T01:50:31Z,0,0.0,0.00,78,12.7,0.00,Deactivated,27,28,0,0,8363
2026-08-24T01:50:31Z,0,0.0,0.00,78,12.7,0.00,Deactivated,27,28,0,0,8363
2026-08-24T01:50:31Z,0,0.0,0.00,78,12.7,0.00,Deactivated,27,28,0,0,8363
2026-08-24T01:50:31Z,0,0.0,0.00,78,12.7,0.00,Deactivated,27,28,0,0,8363
2026-08-24T01:50:31Z,0,0.0,0.00,78,12.7,0.00,Deactivated,27,28,0,0,8363
2026-08-24T01:50:33Z,0,0.0,0.00,78,12.7,0.00,Deactivated,27,28,0,0,8363
2026-08-24T01:50:33Z,0,0.0,0.00,78,12.7,0.00,Deactivated,27,28,0,0,8363
2026-08-24T01:50:33Z,0,0.0,0.00,78,12.7,0.00,Deactivated,27,28,0,0,8363
2026-08-24T01:50:33Z,0,0.0,0.00,78,12.7,0.00,Deactivated,27,28,0,0,8363
2026-08-24T01:50:33Z,0,0.0,0.00,78,12.7,0.00,Deactivated,27,28,0,0,8363
2026-08-24T01:50:33Z,0,0.0,0.00,78,12.7,0.00,Deactivated,27,28,0,0,8363
2026-08-24T01:50:35Z,0,0.0,0.00,78,12.7,0.00,Deactivated,27,28,0,0,8363
2026-08-24T01:50:35Z,0,0.0,0.00,78,12.7,0.00,Deactivated,27,28,0,0,8363
2026-08-24T01:50:35Z,0,0.0,0.00,78,12.7,0.00,Deactivated,27,28,0,0,8363
2026-08-24T01:50:36Z,0,0.0,0.00,78,12.7,0.00,Deactivated,27,28,0,0,8363
2026-08-24T01:50:36Z,0,0.0,0.00,78,12.7,0.00,Deactivated,27,28,0,0,8363
2026-08-24T01:50:36Z,0,0.0,0.00,78,12.7,0.00,Deactivated,27,28,0,0,8363
2026-08-24T01:50:37Z,0,0.0,0.00,78,12.7,0.00,Deactivated,27,28,0,0,8363
2026-08-24T01:50:37Z,0,0.0,0.00,78,12.7,0.00,Deactivated,27,28,0,0,8363
2026-08-24T01:50:37Z,0,0.0,0.00,78,12.7,0.00,Deactivated,27,28,0,0,8363
2026-08-24T01:50:38Z,0,0.0,0.00,78,12.7,0.00,Deactivated,27,28,0,0,8363
2026-08-24T01:50:38Z,0,0.0,0.00,78,12.7,0.00,Deactivated,27,28,0,0,8363
2026-08-24T01:50:38Z,0,0.0,0.00,78,12.7,0.00,Deactivated,27,28,0,0,8363
2026-08-24T01:50:38Z,0,0.0,0.00,78,12.7,0.00,Deactivated,27,28,0,0,8363
2026-08-24T01:50:38Z,0,0.0,0.00,78,12.7,0.00,Deactivated,27,28,0,0,8363
2026-08-24T01:50:38Z,0,0.0,0.00,78,12.7,0.00,Deactivated,27,28,0,0,8363
2026-08-24T01:50:40Z,0,0.0,0.00,78,12.7,0.00,Deactivated,27,28,0,0,8363
2026-08-24T01:50:40Z,0,0.0,0.00,78,12.7,0.00,Deactivated,27,28,0,0,8363
2026-08-24T01:50:40Z,0,0.0,0.00,78,12.7,0.00,Deactivated,27,28,0,0,8363
2026-08-24T01:50:41Z,0,0.0,0.00,78,12.7,0.00,Deactivated,27,28,0,0,8363
2026-08-24T01:50:41Z,0,0.0,0.00,78,12.7,0.00,Deactivated,27,28,0,0,8363
2026-08-24T01:50:41Z,0,0.0,0.00,78,12.7,0.00,Deactivated,27,28,0,0,8363
2026-08-24T01:50:42Z,0,0.0,0.00,78,12.7,0.00,Deactivated,27,28,0,0,8363
2026-08-24T01:50:42Z,0,0.0,0.00,78,12.7,0.00,Deactivated,27,28,0,0,8363
2026-08-24T01:50:42Z,0,0.0,0.00,78,12.7,0.00,Deactivated,27,28,0,0,8363
2026-08-24T01:50:43Z,0,0.0,0.00,78,12.7,0.00,Deactivated,27,28,0,0,8363
2026-08-24T01:50:43Z,0,0.0,0.00,78,12.7,0.00,Deactivated,27,28,0,0,8363
2026-08-24T01:50:43Z,0,0.0,0.00,78,12.7,0.00,Deactivated,27,28,0,0,8363
2026-08-24T01:50:44Z,0,0.0,0.00,78,12.7,0.00,Deactivated,27,28,0,0,8363
2026-08-24T01:50:44Z,0,0.0,0.00,78,12.7,0.00,Deactivated,27,28,0,0,8363
2026-08-24T01:50:44Z,0,0.0,0.00,78,12.7,0.00,Deactivated,27,28,0,0,8363
2026-08-24T01:50:45Z,0,0.0,0.00,78,12.7,0.00,Deactivated,27,28,0,0,8363
2026-08-24T01:50:45Z,0,0.0,0.00,78,12.7,0.00,Deactivated,27,28,0,0,8363
2026-08-24T01:50:45Z,0,0.0,0.00,78,12.7,0.00,Deactivated,27,28,0,0,8363
2026-08-24T01:50:45Z,0,0.0,0.00,78,12.7,0.00,Deactivated,27,28,0,0,8363
2026-08-24T01:50:45Z,0,0.0,0.00,78,12.7,0.00,Deactivated,27,28,0,0,8363
2026-08-24T01:50:45Z,0,0.0,0.00,78,12.7,0.00,Deactivated,27,28,0,0,8363
2026-08-24T01:50:47Z,0,0.0,0.00,78,12.7,0.00,Deactivated,27,28,0,0,8363
2026-08-24T01:50:47Z,0,0.0,0.00,78,12.7,0.00,Deactivated,27,28,0,0,8363
2026-08-24T01:50:47Z,0,0.0,0.00,78,12.7,0.00,Deactivated,27,28,0,0,8363
2026-08-24T01:50:48Z,0,0.0,0.00,78,12.7,0.00,Deactivated,27,28,0,0,8363
2026-08-24T01:50:48Z,0,0.0,0.00,78,12.7,0.00,Deactivated,27,28,0,0,8363
2026-08-24T01:50:48Z,0,0.0,0.00,78,12.7,0.00,Deactivated,27,28,0,0,8363
2026-08-24T01:50:49Z,0,0.0,0.00,78,12.7,0.00,Deactivated,27,28,0,0,8363
2026-08-24T01:50:49Z,0,0.0,0.00,78,12.7,0.00,Deactivated,27,28,0,0,8363
2026-08-24T01:50:49Z,0,0.0,0.00,78,12.7,0.00,Deactivated,27,28,0,0,8363
2026-08-24T01:50:50Z,0,0.0,0.00,78,12.7,0.00,Deactivated,27,28,0,0,8363
2026-08-24T01:50:50Z,0,0.0,0.00,78,12.7,0.00,Deactivated,27,28,0,0,8363
2026-08-24T01:50:50Z,0,0.0,0.00,78,12.7,0.00,Deactivated,27,28,0,0,8363
2026-08-24T01:50:50Z,0,0.0,0.00,78,12.7,0.00,Deactivated,27,28,0,0,8363
2026-08-24T01:50:50Z,0,0.0,0.00,78,12.7,0.00,Deactivated,27,28,0,0,8363
2026-08-24T01:50:50Z,0,0.0,0.00,78,12.7,0.00,Deactivated,27,28,0,0,8363
2026-08-24T01:50:52Z,0,0.0,0.00,78,12.7,0.00,Deactivated,27,28,0,0,8363
2026-08-24T01:50:52Z,0,0.0,0.00,78,12.7,0.00,Deactivated,27,28,0,0,8363
2026-08-24T01:50:52Z,0,0.0,0.00,78,12.7,0.00,Deactivated,27,28,0,0,8363
2026-08-24T01:50:53Z,0,0.0,0.00,78,12.7,0.00,Deactivated,27,28,0,0,8363
2026-08-24T01:50:53Z,0,0.0,0.00,78,12.7,0.00,Deactivated,27,28,0,0,8363
2026-08-24T01:50:53Z,0,0.0,0.00,78,12.7,0.00,Deactivated,27,28,0,0,8363
2026-08-24T01:50:54Z,0,0.0,0.00,78,12.7,0.00,Deactivated,27,28,0,0,8363
2026-08-24T01:50:54Z,0,0.0,0.00,78,12.7,0.00,Deactivated,27,28,0,0,8363
2026-08-24T01:50:54Z,0,0.0,0.00,78,12.7,0.00,Deactivated,27,28,0,0,8363
2026-08-24T01:50:55Z,0,0.0,0.00,78,12.7,0.00,Deactivated,27,28,0,0,8363
2026-08-24T01:50:55Z,0,0.0,0.00,78,12.7,0.00,Deactivated,27,28,0,0,8363
2026-08-24T01:50:55Z,0,0.0,0.00,78,12.7,0.00,Deactivated,27,28,0,0,8363
2026-08-24T01:50:56Z,0,0.0,0.00,78,12.7,0.00,Deactivated,27,28,0,0,8363
2026-08-24T01:50:56Z,0,0.0,0.00,78,12.7,0.00,Deactivated,27,28,0,0,8363
2026-08-24T01:50:56Z,0,0.0,0.00,78,12.7,0.00,Deactivated,27,28,0,0,8363
2026-08-24T01:50:57Z,0,0.0,0.00,78,12.7,0.00,Deactivated,27,28,0,0,8363
2026-08-24T01:50:57Z,0,0.0,0.00,78,12.7,0.00,Deactivated,27,28,0,0,8363
2026-08-24T01:50:57Z,0,0.0,0.00,78,12.7,0.00,Deactivated,27,28,0,0,8363
2026-08-24T01:50:58Z,0,0.0,0.00,78,12.7,0.00,Deactivated,27,28,0,0,8363
2026-08-24T01:50:58Z,0,0.0,0.00,78,12.7,0.00,Deactivated,27,28,0,0,8363
2026-08-24T01:50:58Z,0,0.0,0.00,78,12.7,0.00,Deactivated,27,28,0,0,8363
2026-08-24T01:50:59Z,0,0.0,0.00,78,12.7,0.00,Deactivated,27,28,0,0,8363
2026-08-24T01:50:59Z,0,0.0,0.00,78,12.7,0.00,Deactivated,27,28,0,0,8363
2026-08-24T01:50:59Z,0,0.0,0.00,78,12.7,0.00,Deactivated,27,28,0,0,8363
2026-08-24T01:51:00Z,0,0.0,0.00,78,12.7,0.00,Deactivated,27,28,0,0,8363
2026-08-24T01:51:00Z,0,0.0,0.00,78,12.7,0.00,Deactivated,27,28,0,0,8363
2026-08-24T01:51:00Z,0,0.0,0.00,78,12.7,0.00,Deactivated,27,28,0,0,8363
2026-08-24T01:51:01Z,0,0.0,0.00,78,12.7,0.00,Deactivated,27,28,0,0,8363
2026-08-24T01:51:01Z,0,0.0,0.00,78,12.7,0.00,Deactivated,27,28,0,0,8363
2026-08-24T01:51:01Z,0,0.0,0.00,78,12.7,0.00,Deactivated,27,28,0,0,8363
2026-08-24T01:51:02Z,0,0.0,0.00,78,12.7,0.00,Deactivated,27,28,0,0,8363
2026-08-24T01:51:02Z,0,0.0,0.00,78,12.7,0.00,Deactivated,27,28,0,0,8363
2026-08-24T01:51:02Z,0,0.0,0.00,78,12.7,0.00,Deactivated,27,28,0,0,8363
2026-08-24T01:51:03Z,0,0.0,0.00,78,12.7,0.00,Deactivated,27,28,0,0,8363
2026-08-24T01:51:03Z,0,0.0,0.00,78,12.7,0.00,Deactivated,27,28,0,0,8363
2026-08-24T01:51:03Z,0,0.0,0.00,78,12.7,0.00,Deactivated,27,28,0,0,8363
2026-08-24T01:51:04Z,0,0.0,0.00,78,12.7,0.00,Deactivated,27,28,0,0,8363
2026-08-24T01:51:04Z,0,0.0,0.00,78,12.7,0.00,Deactivated,27,28,0,0,8363
2026-08-24T01:51:04Z,0,0.0,0.00,78,12.7,0.00,Deactivated,27,28,0,0,8363
2026-08-24T01:51:05Z,0,0.0,0.00,78,12.7,0.00,Deactivated,27,28,0,0,8363
2026-08-24T01:51:05Z,0,0.0,0.00,78,12.7,0.00,Deactivated,27,28,0,0,8363
2026-08-24T01:51:05Z,0,0.0,0.00,78,12.7,0.00,Deactivated,27,28,0,0,8363
2026-08-24T01:51:06Z,0,0.0,0.00,78,12.7,0.00,Deactivated,27,28,0,0,8363
2026-08-24T01:51:06Z,0,0.0,0.00,78,12.7,0.00,Deactivated,27,28,0,0,8363
2026-08-24T01:51:06Z,0,0.0,0.00,78,12.7,0.00,Deactivated,27,28,0,0,8363
2026-08-24T01:51:07Z,0,0.0,0.00,78,12.7,0.00,Deactivated,27,28,0,0,8363
2026-08-24T01:51:07Z,0,0.0,0.00,78,12.7,0.00,Deactivated,27,28,0,0,8363
2026-08-24T01:51:07Z,0,0.0,0.00,78,12.7,0.00,Deactivated,27,28,0,0,8363
2026-08-24T01:51:08Z,0,0.0,0.00,78,12.7,0.00,Deactivated,27,28,0,0,8363
2026-08-24T01:51:08Z,0,0.0,0.00,78,12.7,0.00,Deactivated,27,28,0,0,8363
2026-08-24T01:51:08Z,0,0.0,0.00,78,12.7,0.00,Deactivated,27,28,0,0,8363
2026-08-24T01:51:09Z,0,0.0,0.00,78,12.7,0.00,Deactivated,27,28,0,0,8363
2026-08-24T01:51:09Z,0,0.0,0.00,78,12.7,0.00,Deactivated,27,28,0,0,8363
2026-08-24T01:51:09Z,0,0.0,0.00,78,12.7,0.00,Deactivated,27,28,0,0,8363
2026-08-24T01:51:10Z,0,0.0,0.00,78,12.7,0.00,Deactivated,27,28,0,0,8363
2026-08-24T01:51:10Z,0,0.0,0.00,78,12.7,0.00,Deactivated,27,28,0,0,8363
2026-08-24T01:51:10Z,0,0.0,0.00,78,12.7,0.00,Deactivated,27,28,0,0,8363
2026-08-24T01:51:11Z,0,0.0,0.00,78,12.7,0.00,Deactivated,27,28,0,0,8363
2026-08-24T01:51:11Z,0,0.0,0.00,78,12.7,0.00,Deactivated,27,28,0,0,8363
2026-08-24T01:51:11Z,0,0.0,0.00,78,12.7,0.00,Deactivated,27,28,0,0,8363
2026-08-24T01:51:12Z,0,0.0,0.00,78,12.7,0.00,Deactivated,27,28,0,0,8363
2026-08-24T01:51:12Z,0,0.0,0.00,78,12.7,0.00,Deactivated,27,28,0,0,8363
2026-08-24T01:51:12Z,0,0.0,0.00,78,12.7,0.00,Deactivated,27,28,0,0,8363
2026-08-24T01:51:13Z,0,0.0,0.00,78,12.7,0.00,Deactivated,27,28,0,0,8363
2026-08-24T01:51:13Z,0,0.0,0.00,78,12.7,0.00,Deactivated,27,28,0,0,8363
2026-08-24T01:51:13Z,0,0.0,0.00,78,12.7,0.00,Deactivated,27,28,0,0,8363
2026-08-24T01:51:14Z,0,0.0,0.00,78,12.7,0.00,Deactivated,27,28,0,0,8363
2026-08-24T01:51:14Z,0,0.0,0.00,78,12.7,0.00,Deactivated,27,28,0,0,8363
2026-08-24T01:51:14Z,0,0.0,0.00,78,12.7,0.00,Deactivated,27,28,0,0,8363
2026-08-24T01:51:15Z,0,0.0,0.00,78,12.7,0.00,Deactivated,27,28,0,0,8363
2026-08-24T01:51:15Z,0,0.0,0.00,78,12.7,0.00,Deactivated,27,28,0,0,8363
2026-08-24T01:51:15Z,0,0.0,0.00,78,12.7,0.00,Deactivated,27,28,0,0,8363
2026-08-24T01:51:16Z,0,0.0,0.00,78,12.7,0.00,Deactivated,27,28,0,0,8363
2026-08-24T01:51:16Z,0,0.0,0.00,78,12.7,0.00,Deactivated,27,28,0,0,8363
2026-08-24T01:51:16Z,0,0.0,0.00,78,12.7,0.00,Deactivated,27,28,0,0,8363
2026-08-24T01:51:17Z,0,0.0,0.00,78,12.7,0.00,Deactivated,27,28,0,0,8363
2026-08-24T01:51:17Z,0,0.0,0.00,78,12.7,0.00,Deactivated,27,28,0,0,8363
2026-08-24T01:51:17Z,0,0.0,0.00,78,12.7,0.00,Deactivated,27,28,0,0,8363
2026-08-24T01:51:18Z,0,0.0,0.00,78,12.7,0.00,Deactivated,27,28,0,0,8363
2026-08-24T01:51:18Z,0,0.0,0.00,78,12.7,0.00,Deactivated,27,28,0,0,8363
2026-08-24T01:51:18Z,0,0.0,0.00,78,12.7,0.00,Deactivated,27,28,0,0,8363
2026-08-24T01:51:19Z,0,0.0,0.00,78,12.7,0.00,Deactivated,27,28,0,0,8363
2026-08-24T01:51:19Z,0,0.0,0.00,78,12.7,0.00,Deactivated,27,28,0,0,8363
2026-08-24T01:51:19Z,0,0.0,0.00,78,12.7,0.00,Deactivated,27,28,0,0,8363
2026-08-24T01:51:20Z,0,0.0,0.00,78,12.7,0.00,Deactivated,27,28,0,0,8363
2026-08-24T01:51:20Z,0,0.0,0.00,78,12.7,0.00,Deactivated,27,28,0,0,8363
2026-08-24T01:51:20Z,0,0.0,0.00,78,12.7,0.00,Deactivated,27,28,0,0,8363
2026-08-24T01:51:21Z,0,0.0,0.00,78,12.7,0.00,Deactivated,27,28,0,0,8363
2026-08-24T01:51:21Z,0,0.0,0.00,78,12.7,0.00,Deactivated,27,28,0,0,8363
2026-08-24T01:51:21Z,0,0.0,0.00,78,12.7,0.00,Deactivated,27,28,0,0,8363
2026-08-24T01:51:22Z,0,0.0,0.00,78,12.7,0.00,Deactivated,27,28,0,0,8363
2026-08-24T01:51:22Z,0,0.0,0.00,78,12.7,0.00,Deactivated,27,28,0,0,8363
2026-08-24T01:51:22Z,0,0.0,0.00,78,12.7,0.00,Deactivated,27,28,0,0,8363
2026-08-24T01:51:22Z,0,0.0,0.00,78,12.7,0.00,Deactivated,27,28,0,0,8363
2026-08-24T01:51:22Z,0,0.0,0.00,78,12.7,0.00,Deactivated,27,28,0,0,8363
2026-08-24T01:51:22Z,0,0.0,0.00,78,12.7,0.00,Deactivated,27,28,0,0,8363
2026-08-24T01:51:24Z,0,0.0,0.00,78,12.7,0.00,Deactivated,27,28,0,0,8363
2026-08-24T01:51:24Z,0,0.0,0.00,78,12.7,0.00,Deactivated,27,28,0,0,8363
2026-08-24T01:51:24Z,0,0.0,0.00,78,12.7,0.00,Deactivated,27,28,0,0,8363
2026-08-24T01:51:25Z,0,0.0,0.00,78,12.7,0.00,Deactivated,27,28,0,0,8363
2026-08-24T01:51:25Z,0,0.0,0.00,78,12.7,0.00,Deactivated,27,28,0,0,8363
2026-08-24T01:51:25Z,0,0.0,0.00,78,12.7,0.00,Deactivated,27,28,0,0,8363
2026-08-24T01:51:26Z,0,0.0,0.00,78,12.7,0.00,Deactivated,27,28,0,0,8363
2026-08-24T01:51:26Z,0,0.0,0.00,78,12.7,0.00,Deactivated,27,28,0,0,8363
2026-08-24T01:51:26Z,0,0.0,0.00,78,12.7,0.00,Deactivated,27,28,0,0,8363
2026-08-24T01:51:27Z,0,0.0,0.00,78,12.7,0.00,Deactivated,27,28,0,0,8363
2026-08-24T01:51:27Z,0,0.0,0.00,78,12.7,0.00,Deactivated,27,28,0,0,8363
2026-08-24T01:51:27Z,0,0.0,0.00,78,12.7,0.00,Deactivated,27,28,0,0,8363
2026-08-24T01:51:28Z,0,0.0,0.00,78,12.7,0.00,Deactivated,27,28,0,0,8363
2026-08-24T01:51:28Z,0,0.0,0.00,78,12.7,0.00,Deactivated,27,28,0,0,8363
2026-08-24T01:51:28Z,0,0.0,0.00,78,12.7,0.00,Deactivated,27,28,0,0,8363
2026-08-24T01:51:29Z,0,0.0,0.00,78,12.7,0.00,Deactivated,27,28,0,0,8363
2026-08-24T01:51:29Z,0,0.0,0.00,78,12.7,0.00,Deactivated,27,28,0,0,8363
2026-08-24T01:51:29Z,0,0.0,0.00,78,12.7,0.00,Deactivated,27,28,0,0,8363
2026-08-24T01:51:30Z,0,0.0,0.00,78,12.7,0.00,Deactivated,27,28,0,0,8363
2026-08-24T01:51:30Z,0,0.0,0.00,78,12.7,0.00,Deactivated,27,28,0,0,8363
2026-08-24T01:51:30Z,0,0.0,0.00,78,12.7,0.00,Deactivated,27,28,0,0,8363
2026-08-24T01:51:31Z,0,0.0,0.00,79,12.7,0.00,Deactivated,27,28,0,0,8363
2026-08-24T01:51:31Z,0,0.0,0.00,79,12.7,0.00,Deactivated,27,28,0,0,8363
2026-08-24T01:51:31Z,0,0.0,0.00,79,12.7,0.00,Deactivated,27,28,0,0,8363
2026-08-24T01:51:32Z,0,0.0,0.00,79,12.7,0.00,Deactivated,27,28,0,0,8363
2026-08-24T01:51:32Z,0,0.0,0.00,79,12.7,0.00,Deactivated,27,28,0,0,8363
2026-08-24T01:51:32Z,0,0.0,0.00,79,12.7,0.00,Deactivated,27,28,0,0,8363
2026-08-24T01:51:32Z,0,0.0,0.00,79,12.7,0.00,Deactivated,27,28,0,0,8363
2026-08-24T01:51:32Z,0,0.0,0.00,79,12.7,0.00,Deactivated,27,28,0,0,8363
2026-08-24T01:51:32Z,0,0.0,0.00,79,12.7,0.00,Deactivated,27,28,0,0,8363
2026-08-24T01:51:34Z,0,0.0,0.00,79,12.7,0.00,Deactivated,27,28,0,0,8363
2026-08-24T01:51:34Z,0,0.0,0.00,79,12.7,0.00,Deactivated,27,28,0,0,8363
2026-08-24T01:51:34Z,0,0.0,0.00,79,12.7,0.00,Deactivated,27,28,0,0,8363
2026-08-24T01:51:35Z,0,0.0,0.00,79,12.7,0.00,Deactivated,27,28,0,0,8363
2026-08-24T01:51:35Z,0,0.0,0.00,79,12.7,0.00,Deactivated,27,28,0,0,8363
2026-08-24T01:51:35Z,0,0.0,0.00,79,12.7,0.00,Deactivated,27,28,0,0,8363
2026-08-24T01:51:36Z,0,0.0,0.00,78,12.7,0.00,Deactivated,27,28,0,0,8363
2026-08-24T01:51:36Z,0,0.0,0.00,78,12.7,0.00,Deactivated,27,28,0,0,8363
2026-08-24T01:51:36Z,0,0.0,0.00,78,12.7,0.00,Deactivated,27,28,0,0,8363
2026-08-24T01:51:37Z,0,0.0,0.00,78,12.7,0.00,Deactivated,27,28,0,0,8363
2026-08-24T01:51:37Z,0,0.0,0.00,78,12.7,0.00,Deactivated,27,28,0,0,8363
2026-08-24T01:51:37Z,0,0.0,0.00,78,12.7,0.00,Deactivated,27,28,0,0,8363
2026-08-24T01:51:37Z,0,0.0,0.00,78,12.7,0.00,Deactivated,27,28,0,0,8363
2026-08-24T01:51:37Z,0,0.0,0.00,78,12.7,0.00,Deactivated,27,28,0,0,8363
2026-08-24T01:51:37Z,0,0.0,0.00,78,12.7,0.00,Deactivated,27,28,0,0,8363
2026-08-24T01:51:39Z,0,0.0,0.00,78,12.7,0.00,Deactivated,27,28,0,0,8363
2026-08-24T01:51:39Z,0,0.0,0.00,78,12.7,0.00,Deactivated,27,28,0,0,8363
2026-08-24T01:51:39Z,0,0.0,0.00,78,12.7,0.00,Deactivated,27,28,0,0,8363
2026-08-24T01:51:40Z,0,0.0,0.00,78,12.7,0.00,Deactivated,27,28,0,0,8363
2026-08-24T01:51:40Z,0,0.0,0.00,78,12.7,0.00,Deactivated,27,28,0,0,8363
2026-08-24T01:51:40Z,0,0.0,0.00,78,12.7,0.00,Deactivated,27,28,0,0,8363
2026-08-24T01:51:41Z,0,0.0,0.00,78,12.7,0.00,Deactivated,27,28,0,0,8363
2026-08-24T01:51:41Z,0,0.0,0.00,78,12.7,0.00,Deactivated,27,28,0,0,8363
2026-08-24T01:51:41Z,0,0.0,0.00,78,12.7,0.00,Deactivated,27,28,0,0,8363
2026-08-24T01:51:42Z,0,0.0,0.00,78,12.7,0.00,Deactivated,27,28,0,0,8363
2026-08-24T01:51:42Z,0,0.0,0.00,78,12.7,0.00,Deactivated,27,28,0,0,8363
2026-08-24T01:51:42Z,0,0.0,0.00,78,12.7,0.00,Deactivated,27,28,0,0,8363
2026-08-24T01:51:43Z,0,0.0,0.00,78,12.7,0.00,Deactivated,27,28,0,0,8363
2026-08-24T01:51:43Z,0,0.0,0.00,78,12.7,0.00,Deactivated,27,28,0,0,8363
2026-08-24T01:51:43Z,0,0.0,0.00,78,12.7,0.00,Deactivated,27,28,0,0,8363
2026-08-24T01:51:44Z,0,0.0,0.00,78,12.7,0.00,Deactivated,27,28,0,0,8363
2026-08-24T01:51:44Z,0,0.0,0.00,78,12.7,0.00,Deactivated,27,28,0,0,8363
2026-08-24T01:51:44Z,0,0.0,0.00,78,12.7,0.00,Deactivated,27,28,0,0,8363
2026-08-24T01:51:45Z,0,0.0,0.00,78,12.7,0.00,Deactivated,27,28,0,0,8363
2026-08-24T01:51:45Z,0,0.0,0.00,78,12.7,0.00,Deactivated,27,28,0,0,8363
2026-08-24T01:51:45Z,0,0.0,0.00,78,12.7,0.00,Deactivated,27,28,0,0,8363
2026-08-24T01:51:46Z,0,0.0,0.00,78,12.7,0.00,Deactivated,27,28,0,0,8363
2026-08-24T01:51:46Z,0,0.0,0.00,78,12.7,0.00,Deactivated,27,28,0,0,8363
2026-08-24T01:51:46Z,0,0.0,0.00,78,12.7,0.00,Deactivated,27,28,0,0,8363
2026-08-24T01:51:47Z,0,0.0,0.00,78,12.7,0.00,Deactivated,27,28,0,0,8363
2026-08-24T01:51:47Z,0,0.0,0.00,78,12.7,0.00,Deactivated,27,28,0,0,8363
2026-08-24T01:51:47Z,0,0.0,0.00,78,12.7,0.00,Deactivated,27,28,0,0,8363
2026-08-24T01:51:48Z,0,0.0,0.00,78,12.7,0.00,Deactivated,27,28,0,0,8363
2026-08-24T01:51:48Z,0,0.0,0.00,78,12.7,0.00,Deactivated,27,28,0,0,8363
2026-08-24T01:51:48Z,0,0.0,0.00,78,12.7,0.00,Deactivated,27,28,0,0,8363
2026-08-24T01:51:49Z,0,0.0,0.00,78,12.7,0.00,Deactivated,27,28,0,0,8363
2026-08-24T01:51:49Z,0,0.0,0.00,78,12.7,0.00,Deactivated,27,28,0,0,8363
2026-08-24T01:51:49Z,0,0.0,0.00,78,12.7,0.00,Deactivated,27,28,0,0,8363
2026-08-24T01:51:50Z,0,0.0,0.00,78,12.7,0.00,Deactivated,27,28,0,0,8363
2026-08-24T01:51:50Z,0,0.0,0.00,78,12.7,0.00,Deactivated,27,28,0,0,8363
2026-08-24T01:51:50Z,0,0.0,0.00,78,12.7,0.00,Deactivated,27,28,0,0,8363
2026-08-24T01:51:51Z,0,0.0,0.00,78,12.7,0.00,Deactivated,27,28,0,0,8363
2026-08-24T01:51:51Z,0,0.0,0.00,78,12.7,0.00,Deactivated,27,28,0,0,8363
2026-08-24T01:51:51Z,0,0.0,0.00,78,12.7,0.00,Deactivated,27,28,0,0,8363
2026-08-24T01:51:52Z,0,0.0,0.00,78,12.7,0.00,Deactivated,27,28,0,0,8363
2026-08-24T01:51:52Z,0,0.0,0.00,78,12.7,0.00,Deactivated,27,28,0,0,8363
2026-08-24T01:51:52Z,0,0.0,0.00,78,12.7,0.00,Deactivated,27,28,0,0,8363
2026-08-24T01:51:53Z,0,0.0,0.00,78,12.7,0.00,Deactivated,27,28,0,0,8363
2026-08-24T01:51:53Z,0,0.0,0.00,78,12.7,0.00,Deactivated,27,28,0,0,8363
2026-08-24T01:51:53Z,0,0.0,0.00,78,12.7,0.00,Deactivated,27,28,0,0,8363
2026-08-24T01:51:54Z,0,0.0,0.00,78,12.7,0.00,Deactivated,27,28,0,0,8363
2026-08-24T01:51:54Z,0,0.0,0.00,78,12.7,0.00,Deactivated,27,28,0,0,8363
2026-08-24T01:51:54Z,0,0.0,0.00,78,12.7,0.00,Deactivated,27,28,0,0,8363
2026-08-24T01:51:55Z,0,0.0,0.00,78,12.7,0.00,Deactivated,27,28,0,0,8363
2026-08-24T01:51:55Z,0,0.0,0.00,78,12.7,0.00,Deactivated,27,28,0,0,8363
2026-08-24T01:51:55Z,0,0.0,0.00,78,12.7,0.00,Deactivated,27,28,0,0,8363
2026-08-24T01:51:56Z,0,0.0,0.00,78,12.7,0.00,Deactivated,27,28,0,0,8363
2026-08-24T01:51:56Z,0,0.0,0.00,78,12.7,0.00,Deactivated,27,28,0,0,8363
2026-08-24T01:51:56Z,0,0.0,0.00,78,12.7,0.00,Deactivated,27,28,0,0,8363
2026-08-24T01:51:57Z,0,0.0,0.00,78,12.7,0.00,Deactivated,27,28,0,0,8363
2026-08-24T01:51:57Z,0,0.0,0.00,78,12.7,0.00,Deactivated,27,28,0,0,8363
2026-08-24T01:51:57Z,0,0.0,0.00,78,12.7,0.00,Deactivated,27,28,0,0,8363
2026-08-24T01:51:57Z,0,0.0,0.00,78,12.7,0.00,Deactivated,27,28,0,0,8363
2026-08-24T01:51:57Z,0,0.0,0.00,78,12.7,0.00,Deactivated,27,28,0,0,8363
2026-08-24T01:51:57Z,0,0.0,0.00,78,12.7,0.00,Deactivated,27,28,0,0,8363
2026-08-24T01:51:59Z,0,0.0,0.00,78,12.7,0.00,Deactivated,27,28,0,0,8363
2026-08-24T01:51:59Z,0,0.0,0.00,78,12.7,0.00,Deactivated,27,28,0,0,8363
2026-08-24T01:51:59Z,0,0.0,0.00,78,12.7,0.00,Deactivated,27,28,0,0,8363
2026-08-24T01:51:59Z,0,0.0,0.00,78,12.7,0.00,Deactivated,27,28,0,0,8363
2026-08-24T01:51:59Z,0,0.0,0.00,78,12.7,0.00,Deactivated,27,28,0,0,8363
2026-08-24T01:51:59Z,0,0.0,0.00,78,12.7,0.00,Deactivated,27,28,0,0,8363
2026-08-24T01:52:01Z,0,0.0,0.00,78,12.7,0.00,Deactivated,27,28,0,0,8363
2026-08-24T01:52:01Z,0,0.0,0.00,78,12.7,0.00,Deactivated,27,28,0,0,8363
2026-08-24T01:52:01Z,0,0.0,0.00,78,12.7,0.00,Deactivated,27,28,0,0,8363
2026-08-24T01:52:01Z,0,0.0,0.00,78,12.7,0.00,Deactivated,27,28,0,0,8363
2026-08-24T01:52:01Z,0,0.0,0.00,78,12.7,0.00,Deactivated,27,28,0,0,8363
2026-08-24T01:52:01Z,0,0.0,0.00,78,12.7,0.00,Deactivated,27,28,0,0,8363
2026-08-24T01:52:02Z,0,0.0,0.00,78,12.7,0.00,Deactivated,27,28,0,0,8363
2026-08-24T01:52:02Z,0,0.0,0.00,78,12.7,0.00,Deactivated,27,28,0,0,8363
2026-08-24T01:52:02Z,0,0.0,0.00,78,12.7,0.00,Deactivated,27,28,0,0,8363
2026-08-24T01:52:04Z,0,0.0,0.00,78,12.7,0.00,Deactivated,27,28,0,0,8363
2026-08-24T01:52:04Z,0,0.0,0.00,78,12.7,0.00,Deactivated,27,28,0,0,8363
2026-08-24T01:52:04Z,0,0.0,0.00,78,12.7,0.00,Deactivated,27,28,0,0,8363
2026-08-24T01:52:04Z,0,0.0,0.00,78,12.7,0.00,Deactivated,27,28,0,0,8363
2026-08-24T01:52:04Z,0,0.0,0.00,78,12.7,0.00,Deactivated,27,28,0,0,8363
2026-08-24T01:52:04Z,0,0.0,0.00,78,12.7,0.00,Deactivated,27,28,0,0,8363
2026-08-24T01:52:06Z,0,0.0,0.00,78,12.7,0.00,Deactivated,27,28,0,0,8363
2026-08-24T01:52:06Z,0,0.0,0.00,78,12.7,0.00,Deactivated,27,28,0,0,8363
2026-08-24T01:52:06Z,0,0.0,0.00,78,12.7,0.00,Deactivated,27,28,0,0,8363
2026-08-24T01:52:07Z,0,0.0,0.00,78,12.7,0.00,Deactivated,27,28,0,0,8363
2026-08-24T01:52:07Z,0,0.0,0.00,78,12.7,0.00,Deactivated,27,28,0,0,8363
2026-08-24T01:52:07Z,0,0.0,0.00,78,12.7,0.00,Deactivated,27,28,0,0,8363
2026-08-24T01:52:08Z,0,0.0,0.00,78,12.7,0.00,Deactivated,27,28,0,0,8363
2026-08-24T01:52:08Z,0,0.0,0.00,78,12.7,0.00,Deactivated,27,28,0,0,8363
2026-08-24T01:52:08Z,0,0.0,0.00,78,12.7,0.00,Deactivated,27,28,0,0,8363
2026-08-24T01:52:09Z,0,0.0,0.00,78,12.7,0.00,Deactivated,27,28,0,0,8363
2026-08-24T01:52:09Z,0,0.0,0.00,78,12.7,0.00,Deactivated,27,28,0,0,8363
2026-08-24T01:52:09Z,0,0.0,0.00,78,12.7,0.00,Deactivated,27,28,0,0,8363
2026-08-24T01:52:09Z,0,0.0,0.00,78,12.7,0.00,Deactivated,27,28,0,0,8363
2026-08-24T01:52:09Z,0,0.0,0.00,78,12.7,0.00,Deactivated,27,28,0,0,8363
2026-08-24T01:52:09Z,0,0.0,0.00,78,12.7,0.00,Deactivated,27,28,0,0,8363
2026-08-24T01:52:11Z,0,0.0,0.00,78,12.7,0.00,Deactivated,27,28,0,0,8363
2026-08-24T01:52:11Z,0,0.0,0.00,78,12.7,0.00,Deactivated,27,28,0,0,8363
2026-08-24T01:52:11Z,0,0.0,0.00,78,12.7,0.00,Deactivated,27,28,0,0,8363
2026-08-24T01:52:11Z,0,0.0,0.00,78,12.7,0.00,Deactivated,27,28,0,0,8363
2026-08-24T01:52:11Z,0,0.0,0.00,78,12.7,0.00,Deactivated,27,28,0,0,8363
2026-08-24T01:52:11Z,0,0.0,0.00,78,12.7,0.00,Deactivated,27,28,0,0,8363
2026-08-24T01:52:13Z,0,0.0,0.00,78,12.7,0.00,Deactivated,27,28,0,0,8363
2026-08-24T01:52:13Z,0,0.0,0.00,78,12.7,0.00,Deactivated,27,28,0,0,8363
2026-08-24T01:52:13Z,0,0.0,0.00,78,12.7,0.00,Deactivated,27,28,0,0,8363
2026-08-24T01:52:14Z,0,0.0,0.00,78,12.7,0.00,Deactivated,27,28,0,0,8363
2026-08-24T01:52:14Z,0,0.0,0.00,78,12.7,0.00,Deactivated,27,28,0,0,8363
2026-08-24T01:52:14Z,0,0.0,0.00,78,12.7,0.00,Deactivated,27,28,0,0,8363
2026-08-24T01:52:15Z,0,0.0,0.00,78,12.7,0.00,Deactivated,27,28,0,0,8363
2026-08-24T01:52:15Z,0,0.0,0.00,78,12.7,0.00,Deactivated,27,28,0,0,8363
2026-08-24T01:52:15Z,0,0.0,0.00,78,12.7,0.00,Deactivated,27,28,0,0,8363
2026-08-24T01:52:16Z,0,0.0,0.00,78,12.7,0.00,Deactivated,27,28,0,0,8363
2026-08-24T01:52:16Z,0,0.0,0.00,78,12.7,0.00,Deactivated,27,28,0,0,8363
2026-08-24T01:52:16Z,0,0.0,0.00,78,12.7,0.00,Deactivated,27,28,0,0,8363
2026-08-24T01:52:17Z,0,0.0,0.00,78,12.7,0.00,Deactivated,27,28,0,0,8363
2026-08-24T01:52:17Z,0,0.0,0.00,78,12.7,0.00,Deactivated,27,28,0,0,8363
2026-08-24T01:52:17Z,0,0.0,0.00,78,12.7,0.00,Deactivated,27,28,0,0,8363
2026-08-24T01:52:17Z,0,0.0,0.00,78,12.7,0.00,Deactivated,27,28,0,0,8363
2026-08-24T01:52:17Z,0,0.0,0.00,78,12.7,0.00,Deactivated,27,28,0,0,8363
2026-08-24T01:52:17Z,0,0.0,0.00,78,12.7,0.00,Deactivated,27,28,0,0,8363
2026-08-24T01:52:19Z,0,0.0,0.00,78,12.7,0.00,Deactivated,27,28,0,0,8363
2026-08-24T01:52:19Z,0,0.0,0.00,78,12.7,0.00,Deactivated,27,28,0,0,8363
2026-08-24T01:52:19Z,0,0.0,0.00,78,12.7,0.00,Deactivated,27,28,0,0,8363
2026-08-24T01:52:20Z,0,0.0,0.00,78,12.7,0.00,Deactivated,27,28,0,0,8363
2026-08-24T01:52:20Z,0,0.0,0.00,78,12.7,0.00,Deactivated,27,28,0,0,8363
2026-08-24T01:52:20Z,0,0.0,0.00,78,12.7,0.00,Deactivated,27,28,0,0,8363
2026-08-24T01:52:21Z,0,0.0,0.00,78,12.7,0.00,Deactivated,27,28,0,0,8363
2026-08-24T01:52:21Z,0,0.0,0.00,78,12.7,0.00,Deactivated,27,28,0,0,8363
2026-08-24T01:52:21Z,0,0.0,0.00,78,12.7,0.00,Deactivated,27,28,0,0,8363
2026-08-24T01:52:22Z,0,0.0,0.00,78,12.7,0.00,Deactivated,27,28,0,0,8363
2026-08-24T01:52:22Z,0,0.0,0.00,78,12.7,0.00,Deactivated,27,28,0,0,8363
2026-08-24T01:52:22Z,0,0.0,0.00,78,12.7,0.00,Deactivated,27,28,0,0,8363
2026-08-24T01:52:23Z,0,0.0,0.00,78,12.7,0.00,Deactivated,27,28,0,0,8363
2026-08-24T01:52:23Z,0,0.0,0.00,78,12.7,0.00,Deactivated,27,28,0,0,8363
2026-08-24T01:52:23Z,0,0.0,0.00,78,12.7,0.00,Deactivated,27,28,0,0,8363
2026-08-24T01:52:24Z,0,0.0,0.00,78,12.7,0.00,Deactivated,27,28,0,0,8363
2026-08-24T01:52:24Z,0,0.0,0.00,78,12.7,0.00,Deactivated,27,28,0,0,8363
2026-08-24T01:52:24Z,0,0.0,0.00,78,12.7,0.00,Deactivated,27,28,0,0,8363
2026-08-24T01:52:24Z,0,0.0,0.00,78,12.7,0.00,Deactivated,27,28,0,0,8363
2026-08-24T01:52:24Z,0,0.0,0.00,78,12.7,0.00,Deactivated,27,28,0,0,8363
2026-08-24T01:52:24Z,0,0.0,0.00,78,12.7,0.00,Deactivated,27,28,0,0,8363
2026-08-24T01:52:26Z,0,0.0,0.00,78,12.7,0.00,Deactivated,27,28,0,0,8363
2026-08-24T01:52:26Z,0,0.0,0.00,78,12.7,0.00,Deactivated,27,28,0,0,8363
2026-08-24T01:52:26Z,0,0.0,0.00,78,12.7,0.00,Deactivated,27,28,0,0,8363
2026-08-24T01:52:26Z,0,0.0,0.00,78,12.7,0.00,Deactivated,27,28,0,0,8363
2026-08-24T01:52:26Z,0,0.0,0.00,78,12.7,0.00,Deactivated,27,28,0,0,8363
2026-08-24T01:52:26Z,0,0.0,0.00,78,12.7,0.00,Deactivated,27,28,0,0,8363
2026-08-24T01:52:28Z,0,0.0,0.00,78,12.7,0.00,Deactivated,27,28,0,0,8363
2026-08-24T01:52:28Z,0,0.0,0.00,78,12.7,0.00,Deactivated,27,28,0,0,8363
2026-08-24T01:52:28Z,0,0.0,0.00,78,12.7,0.00,Deactivated,27,28,0,0,8363
2026-08-24T01:52:29Z,0,0.0,0.00,78,12.7,0.00,Deactivated,27,28,0,0,8363
2026-08-24T01:52:29Z,0,0.0,0.00,78,12.7,0.00,Deactivated,27,28,0,0,8363
2026-08-24T01:52:29Z,0,0.0,0.00,78,12.7,0.00,Deactivated,27,28,0,0,8363
2026-08-24T01:52:29Z,0,0.0,0.00,78,12.7,0.00,Deactivated,27,28,0,0,8363
2026-08-24T01:52:29Z,0,0.0,0.00,78,12.7,0.00,Deactivated,27,28,0,0,8363
2026-08-24T01:52:29Z,0,0.0,0.00,78,12.7,0.00,Deactivated,27,28,0,0,8363
2026-08-24T01:52:31Z,0,0.0,0.00,78,12.7,0.00,Deactivated,27,28,0,0,8363
2026-08-24T01:52:31Z,0,0.0,0.00,78,12.7,0.00,Deactivated,27,28,0,0,8363
2026-08-24T01:52:31Z,0,0.0,0.00,78,12.7,0.00,Deactivated,27,28,0,0,8363
2026-08-24T01:52:31Z,0,0.0,0.00,78,12.7,0.00,Deactivated,27,28,0,0,8363
2026-08-24T01:52:31Z,0,0.0,0.00,78,12.7,0.00,Deactivated,27,28,0,0,8363
2026-08-24T01:52:31Z,0,0.0,0.00,78,12.7,0.00,Deactivated,27,28,0,0,8363
2026-08-24T01:52:33Z,0,0.0,0.00,78,12.7,0.00,Deactivated,27,28,0,0,8363
2026-08-24T01:52:33Z,0,0.0,0.00,78,12.7,0.00,Deactivated,27,28,0,0,8363
2026-08-24T01:52:33Z,0,0.0,0.00,78,12.7,0.00,Deactivated,27,28,0,0,8363
2026-08-24T01:52:34Z,0,0.0,0.00,78,12.7,0.00,Deactivated,27,28,0,0,8363
2026-08-24T01:52:34Z,0,0.0,0.00,78,12.7,0.00,Deactivated,27,28,0,0,8363
2026-08-24T01:52:34Z,0,0.0,0.00,78,12.7,0.00,Deactivated,27,28,0,0,8363
2026-08-24T01:52:34Z,0,0.0,0.00,78,12.7,0.00,Deactivated,27,28,0,0,8363
2026-08-24T01:52:34Z,0,0.0,0.00,78,12.7,0.00,Deactivated,27,28,0,0,8363
2026-08-24T01:52:34Z,0,0.0,0.00,78,12.7,0.00,Deactivated,27,28,0,0,8363
2026-08-24T01:52:36Z,0,0.0,0.00,78,12.7,0.00,Deactivated,27,28,0,0,8363
2026-08-24T01:52:36Z,0,0.0,0.00,78,12.7,0.00,Deactivated,27,28,0,0,8363
2026-08-24T01:52:36Z,0,0.0,0.00,78,12.7,0.00,Deactivated,27,28,0,0,8363
2026-08-24T01:52:37Z,0,0.0,0.00,78,12.7,0.00,Deactivated,27,28,0,0,8363
2026-08-24T01:52:37Z,0,0.0,0.00,78,12.7,0.00,Deactivated,27,28,0,0,8363
2026-08-24T01:52:37Z,0,0.0,0.00,78,12.7,0.00,Deactivated,27,28,0,0,8363
2026-08-24T01:52:38Z,0,0.0,0.00,78,12.7,0.00,Deactivated,27,28,0,0,8363
2026-08-24T01:52:38Z,0,0.0,0.00,78,12.7,0.00,Deactivated,27,28,0,0,8363
2026-08-24T01:52:38Z,0,0.0,0.00,78,12.7,0.00,Deactivated,27,28,0,0,8363
2026-08-24T01:52:39Z,0,0.0,0.00,78,12.7,0.00,Deactivated,27,28,0,0,8363
2026-08-24T01:52:39Z,0,0.0,0.00,78,12.7,0.00,Deactivated,27,28,0,0,8363
2026-08-24T01:52:39Z,0,0.0,0.00,78,12.7,0.00,Deactivated,27,28,0,0,8363
2026-08-24T01:52:40Z,0,0.0,0.00,78,12.7,0.00,Deactivated,27,28,0,0,8363
2026-08-24T01:52:40Z,0,0.0,0.00,78,12.7,0.00,Deactivated,27,28,0,0,8363
2026-08-24T01:52:40Z,0,0.0,0.00,78,12.7,0.00,Deactivated,27,28,0,0,8363
2026-08-24T01:52:41Z,0,0.0,0.00,78,12.7,0.00,Deactivated,27,28,0,0,8363
2026-08-24T01:52:41Z,0,0.0,0.00,78,12.7,0.00,Deactivated,27,28,0,0,8363
2026-08-24T01:52:41Z,0,0.0,0.00,78,12.7,0.00,Deactivated,27,28,0,0,8363
2026-08-24T01:52:42Z,0,0.0,0.00,78,12.7,0.00,Deactivated,27,28,0,0,8363
2026-08-24T01:52:42Z,0,0.0,0.00,78,12.7,0.00,Deactivated,27,28,0,0,8363
2026-08-24T01:52:42Z,0,0.0,0.00,78,12.7,0.00,Deactivated,27,28,0,0,8363
2026-08-24T01:52:43Z,0,0.0,0.00,78,12.7,0.00,Deactivated,27,28,0,0,8363
2026-08-24T01:52:43Z,0,0.0,0.00,78,12.7,0.00,Deactivated,27,28,0,0,8363
2026-08-24T01:52:43Z,0,0.0,0.00,78,12.7,0.00,Deactivated,27,28,0,0,8363
2026-08-24T01:52:44Z,0,0.0,0.00,78,12.7,0.00,Deactivated,27,28,0,0,8363
2026-08-24T01:52:44Z,0,0.0,0.00,78,12.7,0.00,Deactivated,27,28,0,0,8363
2026-08-24T01:52:44Z,0,0.0,0.00,78,12.7,0.00,Deactivated,27,28,0,0,8363
2026-08-24T01:52:45Z,0,0.0,0.00,78,12.7,0.00,Deactivated,27,28,0,0,8363
2026-08-24T01:52:45Z,0,0.0,0.00,78,12.7,0.00,Deactivated,27,28,0,0,8363
2026-08-24T01:52:45Z,0,0.0,0.00,78,12.7,0.00,Deactivated,27,28,0,0,8363
2026-08-24T01:52:46Z,0,0.0,0.00,78,12.7,0.00,Deactivated,27,28,0,0,8363
2026-08-24T01:52:46Z,0,0.0,0.00,78,12.7,0.00,Deactivated,27,28,0,0,8363
2026-08-24T01:52:46Z,0,0.0,0.00,78,12.7,0.00,Deactivated,27,28,0,0,8363
2026-08-24T01:52:47Z,0,0.0,0.00,78,12.7,0.00,Deactivated,27,28,0,0,8363
2026-08-24T01:52:47Z,0,0.0,0.00,78,12.7,0.00,Deactivated,27,28,0,0,8363
2026-08-24T01:52:47Z,0,0.0,0.00,78,12.7,0.00,Deactivated,27,28,0,0,8363
2026-08-24T01:52:48Z,0,0.0,0.00,78,12.7,0.00,Deactivated,27,28,0,0,8363
2026-08-24T01:52:48Z,0,0.0,0.00,78,12.7,0.00,Deactivated,27,28,0,0,8363
2026-08-24T01:52:48Z,0,0.0,0.00,78,12.7,0.00,Deactivated,27,28,0,0,8363
2026-08-24T01:52:49Z,0,0.0,0.00,78,12.7,0.00,Deactivated,27,28,0,0,8363
2026-08-24T01:52:49Z,0,0.0,0.00,78,12.7,0.00,Deactivated,27,28,0,0,8363
2026-08-24T01:52:49Z,0,0.0,0.00,78,12.7,0.00,Deactivated,27,28,0,0,8363
2026-08-24T01:52:50Z,0,0.0,0.00,78,12.7,0.00,Deactivated,27,28,0,0,8363
2026-08-24T01:52:50Z,0,0.0,0.00,78,12.7,0.00,Deactivated,27,28,0,0,8363
2026-08-24T01:52:50Z,0,0.0,0.00,78,12.7,0.00,Deactivated,27,28,0,0,8363
2026-08-24T01:52:51Z,0,0.0,0.00,78,12.7,0.00,Deactivated,27,28,0,0,8363
2026-08-24T01:52:51Z,0,0.0,0.00,78,12.7,0.00,Deactivated,27,28,0,0,8363
2026-08-24T01:52:51Z,0,0.0,0.00,78,12.7,0.00,Deactivated,27,28,0,0,8363
2026-08-24T01:52:52Z,0,0.0,0.00,78,12.7,0.00,Deactivated,27,28,0,0,8363
2026-08-24T01:52:52Z,0,0.0,0.00,78,12.7,0.00,Deactivated,27,28,0,0,8363
2026-08-24T01:52:52Z,0,0.0,0.00,78,12.7,0.00,Deactivated,27,28,0,0,8363
2026-08-24T01:52:53Z,0,0.0,0.00,78,12.7,0.00,Deactivated,27,28,0,0,8363
2026-08-24T01:52:53Z,0,0.0,0.00,78,12.7,0.00,Deactivated,27,28,0,0,8363
2026-08-24T01:52:53Z,0,0.0,0.00,78,12.7,0.00,Deactivated,27,28,0,0,8363
2026-08-24T01:52:54Z,0,0.0,0.00,78,12.7,0.00,Deactivated,27,28,0,0,8363
2026-08-24T01:52:54Z,0,0.0,0.00,78,12.7,0.00,Deactivated,27,28,0,0,8363
2026-08-24T01:52:54Z,0,0.0,0.00,78,12.7,0.00,Deactivated,27,28,0,0,8363
2026-08-24T01:52:55Z,0,0.0,0.00,78,12.7,0.00,Deactivated,27,28,0,0,8363
2026-08-24T01:52:55Z,0,0.0,0.00,78,12.7,0.00,Deactivated,27,28,0,0,8363
2026-08-24T01:52:55Z,0,0.0,0.00,78,12.7,0.00,Deactivated,27,28,0,0,8363
2026-08-24T01:52:56Z,0,0.0,0.00,78,12.7,0.00,Deactivated,27,28,0,0,8363
2026-08-24T01:52:56Z,0,0.0,0.00,78,12.7,0.00,Deactivated,27,28,0,0,8363
2026-08-24T01:52:56Z,0,0.0,0.00,78,12.7,0.00,Deactivated,27,28,0,0,8363
2026-08-24T01:52:56Z,0,0.0,0.00,78,12.7,0.00,Deactivated,27,28,0,0,8363
2026-08-24T01:52:56Z,0,0.0,0.00,78,12.7,0.00,Deactivated,27,28,0,0,8363
2026-08-24T01:52:56Z,0,0.0,0.00,78,12.7,0.00,Deactivated,27,28,0,0,8363
2026-08-24T01:52:58Z,0,0.0,0.00,78,12.7,0.00,Deactivated,27,28,0,0,8363
2026-08-24T01:52:58Z,0,0.0,0.00,78,12.7,0.00,Deactivated,27,28,0,0,8363
2026-08-24T01:52:58Z,0,0.0,0.00,78,12.7,0.00,Deactivated,27,28,0,0,8363
2026-08-24T01:52:59Z,0,0.0,0.00,78,12.7,0.00,Deactivated,27,28,0,0,8363
2026-08-24T01:52:59Z,0,0.0,0.00,78,12.7,0.00,Deactivated,27,28,0,0,8363
2026-08-24T01:52:59Z,0,0.0,0.00,78,12.7,0.00,Deactivated,27,28,0,0,8363
2026-08-24T01:53:00Z,0,0.0,0.00,78,12.7,0.00,Deactivated,27,28,0,0,8363
2026-08-24T01:53:00Z,0,0.0,0.00,78,12.7,0.00,Deactivated,27,28,0,0,8363
2026-08-24T01:53:00Z,0,0.0,0.00,78,12.7,0.00,Deactivated,27,28,0,0,8363
2026-08-24T01:53:01Z,0,0.0,0.00,78,12.7,0.00,Deactivated,27,28,0,0,8363
2026-08-24T01:53:01Z,0,0.0,0.00,78,12.7,0.00,Deactivated,27,28,0,0,8363
2026-08-24T01:53:01Z,0,0.0,0.00,78,12.7,0.00,Deactivated,27,28,0,0,8363
2026-08-24T01:53:01Z,0,0.0,0.00,78,12.7,0.00,Deactivated,27,28,0,0,8363
2026-08-24T01:53:01Z,0,0.0,0.00,78,12.7,0.00,Deactivated,27,28,0,0,8363
2026-08-24T01:53:01Z,0,0.0,0.00,78,12.7,0.00,Deactivated,27,28,0,0,8363
2026-08-24T01:53:03Z,0,0.0,0.00,78,12.7,0.00,Deactivated,27,28,0,0,8363
2026-08-24T01:53:03Z,0,0.0,0.00,78,12.7,0.00,Deactivated,27,28,0,0,8363
2026-08-24T01:53:03Z,0,0.0,0.00,78,12.7,0.00,Deactivated,27,28,0,0,8363
2026-08-24T01:53:04Z,0,0.0,0.00,78,12.7,0.00,Deactivated,27,28,0,0,8363
2026-08-24T01:53:04Z,0,0.0,0.00,78,12.7,0.00,Deactivated,27,28,0,0,8363
2026-08-24T01:53:04Z,0,0.0,0.00,78,12.7,0.00,Deactivated,27,28,0,0,8363
2026-08-24T01:53:05Z,0,0.0,0.00,78,12.7,0.00,Deactivated,27,28,0,0,8363
2026-08-24T01:53:05Z,0,0.0,0.00,78,12.7,0.00,Deactivated,27,28,0,0,8363
2026-08-24T01:53:05Z,0,0.0,0.00,78,12.7,0.00,Deactivated,27,28,0,0,8363
2026-08-24T01:53:06Z,0,0.0,0.00,78,12.7,0.00,Deactivated,27,28,0,0,8363
2026-08-24T01:53:06Z,0,0.0,0.00,78,12.7,0.00,Deactivated,27,28,0,0,8363
2026-08-24T01:53:06Z,0,0.0,0.00,78,12.7,0.00,Deactivated,27,28,0,0,8363
2026-08-24T01:53:06Z,0,0.0,0.00,78,12.7,0.00,Deactivated,27,28,0,0,8363
2026-08-24T01:53:06Z,0,0.0,0.00,78,12.7,0.00,Deactivated,27,28,0,0,8363
2026-08-24T01:53:06Z,0,0.0,0.00,78,12.7,0.00,Deactivated,27,28,0,0,8363
2026-08-24T01:53:08Z,0,0.0,0.00,78,12.7,0.00,Deactivated,27,28,0,0,8363
2026-08-24T01:53:08Z,0,0.0,0.00,78,12.7,0.00,Deactivated,27,28,0,0,8363
2026-08-24T01:53:08Z,0,0.0,0.00,78,12.7,0.00,Deactivated,27,28,0,0,8363
2026-08-24T01:53:09Z,0,0.0,0.00,78,12.7,0.00,Deactivated,27,28,0,0,8363
2026-08-24T01:53:09Z,0,0.0,0.00,78,12.7,0.00,Deactivated,27,28,0,0,8363
2026-08-24T01:53:09Z,0,0.0,0.00,78,12.7,0.00,Deactivated,27,28,0,0,8363
2026-08-24T01:53:10Z,0,0.0,0.00,78,12.7,0.00,Deactivated,27,28,0,0,8363
2026-08-24T01:53:10Z,0,0.0,0.00,78,12.7,0.00,Deactivated,27,28,0,0,8363
2026-08-24T01:53:10Z,0,0.0,0.00,78,12.7,0.00,Deactivated,27,28,0,0,8363
2026-08-24T01:53:11Z,0,0.0,0.00,78,12.7,0.00,Deactivated,27,28,0,0,8363
2026-08-24T01:53:11Z,0,0.0,0.00,78,12.7,0.00,Deactivated,27,28,0,0,8363
2026-08-24T01:53:11Z,0,0.0,0.00,78,12.7,0.00,Deactivated,27,28,0,0,8363
2026-08-24T01:53:12Z,0,0.0,0.00,78,12.7,0.00,Deactivated,27,28,0,0,8363
2026-08-24T01:53:12Z,0,0.0,0.00,78,12.7,0.00,Deactivated,27,28,0,0,8363
2026-08-24T01:53:12Z,0,0.0,0.00,78,12.7,0.00,Deactivated,27,28,0,0,8363
2026-08-24T01:53:13Z,0,0.0,0.00,78,12.7,0.00,Deactivated,27,28,0,0,8363
2026-08-24T01:53:13Z,0,0.0,0.00,78,12.7,0.00,Deactivated,27,28,0,0,8363
2026-08-24T01:53:13Z,0,0.0,0.00,78,12.7,0.00,Deactivated,27,28,0,0,8363
2026-08-24T01:53:14Z,0,0.0,0.00,78,12.7,0.00,Deactivated,27,28,0,0,8363
2026-08-24T01:53:14Z,0,0.0,0.00,78,12.7,0.00,Deactivated,27,28,0,0,8363
2026-08-24T01:53:14Z,0,0.0,0.00,78,12.7,0.00,Deactivated,27,28,0,0,8363
2026-08-24T01:53:15Z,0,0.0,0.00,78,12.7,0.00,Deactivated,27,28,0,0,8363
2026-08-24T01:53:15Z,0,0.0,0.00,78,12.7,0.00,Deactivated,27,28,0,0,8363
2026-08-24T01:53:15Z,0,0.0,0.00,78,12.7,0.00,Deactivated,27,28,0,0,8363
2026-08-24T01:53:16Z,0,0.0,0.00,78,12.7,0.00,Deactivated,27,28,0,0,8363
2026-08-24T01:53:16Z,0,0.0,0.00,78,12.7,0.00,Deactivated,27,28,0,0,8363
2026-08-24T01:53:16Z,0,0.0,0.00,78,12.7,0.00,Deactivated,27,28,0,0,8363
2026-08-24T01:53:17Z,0,0.0,0.00,78,12.7,0.00,Deactivated,27,28,0,0,8363
2026-08-24T01:53:17Z,0,0.0,0.00,78,12.7,0.00,Deactivated,27,28,0,0,8363
2026-08-24T01:53:17Z,0,0.0,0.00,78,12.7,0.00,Deactivated,27,28,0,0,8363
2026-08-24T01:53:17Z,0,0.0,0.00,78,12.7,0.00,Deactivated,27,28,0,0,8363
2026-08-24T01:53:17Z,0,0.0,0.00,78,12.7,0.00,Deactivated,27,28,0,0,8363
2026-08-24T01:53:17Z,0,0.0,0.00,78,12.7,0.00,Deactivated,27,28,0,0,8363
2026-08-24T01:53:19Z,0,0.0,0.00,78,12.7,0.00,Deactivated,27,28,0,0,8363
2026-08-24T01:53:19Z,0,0.0,0.00,78,12.7,0.00,Deactivated,27,28,0,0,8363
2026-08-24T01:53:19Z,0,0.0,0.00,78,12.7,0.00,Deactivated,27,28,0,0,8363
2026-08-24T01:53:20Z,0,0.0,0.00,78,12.7,0.00,Deactivated,27,28,0,0,8363
2026-08-24T01:53:20Z,0,0.0,0.00,78,12.7,0.00,Deactivated,27,28,0,0,8363
2026-08-24T01:53:20Z,0,0.0,0.00,78,12.7,0.00,Deactivated,27,28,0,0,8363
2026-08-24T01:53:20Z,0,0.0,0.00,78,12.7,0.00,Deactivated,27,28,0,0,8363
2026-08-24T01:53:20Z,0,0.0,0.00,78,12.7,0.00,Deactivated,27,28,0,0,8363
2026-08-24T01:53:20Z,0,0.0,0.00,78,12.7,0.00,Deactivated,27,28,0,0,8363
2026-08-24T01:53:22Z,0,0.0,0.00,78,12.7,0.00,Deactivated,27,28,0,0,8363
2026-08-24T01:53:22Z,0,0.0,0.00,78,12.7,0.00,Deactivated,27,28,0,0,8363
2026-08-24T01:53:22Z,0,0.0,0.00,78,12.7,0.00,Deactivated,27,28,0,0,8363
2026-08-24T01:53:23Z,0,0.0,0.00,78,12.7,0.00,Deactivated,27,28,0,0,8363
2026-08-24T01:53:23Z,0,0.0,0.00,78,12.7,0.00,Deactivated,27,28,0,0,8363
2026-08-24T01:53:23Z,0,0.0,0.00,78,12.7,0.00,Deactivated,27,28,0,0,8363
2026-08-24T01:53:23Z,0,0.0,0.00,78,12.7,0.00,Deactivated,27,28,0,0,8363
2026-08-24T01:53:23Z,0,0.0,0.00,78,12.7,0.00,Deactivated,27,28,0,0,8363
2026-08-24T01:53:23Z,0,0.0,0.00,78,12.7,0.00,Deactivated,27,28,0,0,8363
2026-08-24T01:53:25Z,0,0.0,0.00,78,12.7,0.00,Deactivated,27,28,0,0,8363
2026-08-24T01:53:25Z,0,0.0,0.00,78,12.7,0.00,Deactivated,27,28,0,0,8363
2026-08-24T01:53:25Z,0,0.0,0.00,78,12.7,0.00,Deactivated,27,28,0,0,8363
2026-08-24T01:53:26Z,0,0.0,0.00,78,12.7,0.00,Deactivated,27,28,0,0,8363
2026-08-24T01:53:26Z,0,0.0,0.00,78,12.7,0.00,Deactivated,27,28,0,0,8363
2026-08-24T01:53:26Z,0,0.0,0.00,78,12.7,0.00,Deactivated,27,28,0,0,8363
2026-08-24T01:53:27Z,0,0.0,0.00,78,12.7,0.00,Deactivated,27,28,0,0,8363
2026-08-24T01:53:27Z,0,0.0,0.00,78,12.7,0.00,Deactivated,27,28,0,0,8363
2026-08-24T01:53:27Z,0,0.0,0.00,78,12.7,0.00,Deactivated,27,28,0,0,8363
2026-08-24T01:53:28Z,0,0.0,0.00,78,12.7,0.00,Deactivated,27,28,0,0,8363
2026-08-24T01:53:28Z,0,0.0,0.00,78,12.7,0.00,Deactivated,27,28,0,0,8363
2026-08-24T01:53:28Z,0,0.0,0.00,78,12.7,0.00,Deactivated,27,28,0,0,8363
2026-08-24T01:53:28Z,0,0.0,0.00,78,12.7,0.00,Deactivated,27,28,0,0,8363
2026-08-24T01:53:28Z,0,0.0,0.00,78,12.7,0.00,Deactivated,27,28,0,0,8363
2026-08-24T01:53:28Z,0,0.0,0.00,78,12.7,0.00,Deactivated,27,28,0,0,8363
2026-08-24T01:53:30Z,0,0.0,0.00,78,12.7,0.00,Deactivated,27,28,0,0,8363
2026-08-24T01:53:30Z,0,0.0,0.00,78,12.7,0.00,Deactivated,27,28,0,0,8363
2026-08-24T01:53:30Z,0,0.0,0.00,78,12.7,0.00,Deactivated,27,28,0,0,8363
2026-08-24T01:53:31Z,0,0.0,0.00,78,12.7,0.00,Deactivated,27,28,0,0,8363
2026-08-24T01:53:31Z,0,0.0,0.00,78,12.7,0.00,Deactivated,27,28,0,0,8363
2026-08-24T01:53:31Z,0,0.0,0.00,78,12.7,0.00,Deactivated,27,28,0,0,8363
2026-08-24T01:53:32Z,0,0.0,0.00,78,12.7,0.00,Deactivated,27,28,0,0,8363
2026-08-24T01:53:32Z,0,0.0,0.00,78,12.7,0.00,Deactivated,27,28,0,0,8363
2026-08-24T01:53:32Z,0,0.0,0.00,78,12.7,0.00,Deactivated,27,28,0,0,8363
2026-08-24T01:53:33Z,0,0.0,0.00,78,12.7,0.00,Deactivated,27,28,0,0,8363
2026-08-24T01:53:33Z,0,0.0,0.00,78,12.7,0.00,Deactivated,27,28,0,0,8363
2026-08-24T01:53:33Z,0,0.0,0.00,78,12.7,0.00,Deactivated,27,28,0,0,8363
2026-08-24T01:53:34Z,0,0.0,0.00,78,12.7,0.00,Deactivated,27,28,0,0,8363
2026-08-24T01:53:34Z,0,0.0,0.00,78,12.7,0.00,Deactivated,27,28,0,0,8363
2026-08-24T01:53:34Z,0,0.0,0.00,78,12.7,0.00,Deactivated,27,28,0,0,8363
2026-08-24T01:53:35Z,0,0.0,0.00,78,12.7,0.00,Deactivated,27,28,0,0,8363
2026-08-24T01:53:35Z,0,0.0,0.00,78,12.7,0.00,Deactivated,27,28,0,0,8363
2026-08-24T01:53:35Z,0,0.0,0.00,78,12.7,0.00,Deactivated,27,28,0,0,8363
2026-08-24T01:53:36Z,0,0.0,0.00,78,12.7,0.00,Deactivated,27,28,0,0,8363
2026-08-24T01:53:36Z,0,0.0,0.00,78,12.7,0.00,Deactivated,27,28,0,0,8363
2026-08-24T01:53:36Z,0,0.0,0.00,78,12.7,0.00,Deactivated,27,28,0,0,8363
2026-08-24T01:53:37Z,0,0.0,0.00,78,12.7,0.00,Deactivated,27,28,0,0,8363
2026-08-24T01:53:37Z,0,0.0,0.00,78,12.7,0.00,Deactivated,27,28,0,0,8363
2026-08-24T01:53:37Z,0,0.0,0.00,78,12.7,0.00,Deactivated,27,28,0,0,8363
2026-08-24T01:53:38Z,0,0.0,0.00,78,12.7,0.00,Deactivated,27,28,0,0,8363
2026-08-24T01:53:38Z,0,0.0,0.00,78,12.7,0.00,Deactivated,27,28,0,0,8363
2026-08-24T01:53:38Z,0,0.0,0.00,78,12.7,0.00,Deactivated,27,28,0,0,8363
2026-08-24T01:53:39Z,0,0.0,0.00,78,12.7,0.00,Deactivated,27,28,0,0,8363
2026-08-24T01:53:39Z,0,0.0,0.00,78,12.7,0.00,Deactivated,27,28,0,0,8363
2026-08-24T01:53:39Z,0,0.0,0.00,78,12.7,0.00,Deactivated,27,28,0,0,8363
2026-08-24T01:53:40Z,0,0.0,0.00,78,12.7,0.00,Deactivated,27,28,0,0,8363
2026-08-24T01:53:40Z,0,0.0,0.00,78,12.7,0.00,Deactivated,27,28,0,0,8363
2026-08-24T01:53:40Z,0,0.0,0.00,78,12.7,0.00,Deactivated,27,28,0,0,8363
2026-08-24T01:53:41Z,0,0.0,0.00,78,12.7,0.00,Deactivated,27,28,0,0,8363
2026-08-24T01:53:41Z,0,0.0,0.00,78,12.7,0.00,Deactivated,27,28,0,0,8363
2026-08-24T01:53:41Z,0,0.0,0.00,78,12.7,0.00,Deactivated,27,28,0,0,8363
2026-08-24T01:53:42Z,0,0.0,0.00,78,12.7,0.00,Deactivated,27,28,0,0,8363
2026-08-24T01:53:42Z,0,0.0,0.00,78,12.7,0.00,Deactivated,27,28,0,0,8363
2026-08-24T01:53:42Z,0,0.0,0.00,78,12.7,0.00,Deactivated,27,28,0,0,8363
2026-08-24T01:53:43Z,0,0.0,0.00,78,12.7,0.00,Deactivated,27,28,0,0,8363
2026-08-24T01:53:43Z,0,0.0,0.00,78,12.7,0.00,Deactivated,27,28,0,0,8363
2026-08-24T01:53:43Z,0,0.0,0.00,78,12.7,0.00,Deactivated,27,28,0,0,8363
2026-08-24T01:53:44Z,0,0.0,0.00,78,12.7,0.00,Deactivated,27,28,0,0,8363
2026-08-24T01:53:44Z,0,0.0,0.00,78,12.7,0.00,Deactivated,27,28,0,0,8363
2026-08-24T01:53:44Z,0,0.0,0.00,78,12.7,0.00,Deactivated,27,28,0,0,8363
2026-08-24T01:53:45Z,0,0.0,0.00,78,12.7,0.00,Deactivated,27,28,0,0,8363
2026-08-24T01:53:45Z,0,0.0,0.00,78,12.7,0.00,Deactivated,27,28,0,0,8363
2026-08-24T01:53:45Z,0,0.0,0.00,78,12.7,0.00,Deactivated,27,28,0,0,8363
2026-08-24T01:53:46Z,0,0.0,0.00,79,12.7,0.00,Deactivated,27,28,0,0,8363
2026-08-24T01:53:46Z,0,0.0,0.00,79,12.7,0.00,Deactivated,27,28,0,0,8363
2026-08-24T01:53:46Z,0,0.0,0.00,79,12.7,0.00,Deactivated,27,28,0,0,8363
2026-08-24T01:53:47Z,0,0.0,0.00,79,12.7,0.00,Deactivated,27,28,0,0,8363
2026-08-24T01:53:47Z,0,0.0,0.00,79,12.7,0.00,Deactivated,27,28,0,0,8363
2026-08-24T01:53:47Z,0,0.0,0.00,79,12.7,0.00,Deactivated,27,28,0,0,8363
2026-08-24T01:53:48Z,0,0.0,0.00,79,12.7,0.00,Deactivated,27,28,0,0,8363
2026-08-24T01:53:48Z,0,0.0,0.00,79,12.7,0.00,Deactivated,27,28,0,0,8363
2026-08-24T01:53:48Z,0,0.0,0.00,79,12.7,0.00,Deactivated,27,28,0,0,8363
2026-08-24T01:53:49Z,0,0.0,0.00,79,12.7,0.00,Deactivated,27,28,0,0,8363
2026-08-24T01:53:49Z,0,0.0,0.00,79,12.7,0.00,Deactivated,27,28,0,0,8363
2026-08-24T01:53:49Z,0,0.0,0.00,79,12.7,0.00,Deactivated,27,28,0,0,8363
2026-08-24T01:53:50Z,0,0.0,0.00,79,12.7,0.00,Deactivated,27,28,0,0,8363
2026-08-24T01:53:50Z,0,0.0,0.00,79,12.7,0.00,Deactivated,27,28,0,0,8363
2026-08-24T01:53:50Z,0,0.0,0.00,79,12.7,0.00,Deactivated,27,28,0,0,8363
2026-08-24T01:53:51Z,0,0.0,0.00,78,12.7,0.00,Deactivated,27,28,0,0,8363
2026-08-24T01:53:51Z,0,0.0,0.00,78,12.7,0.00,Deactivated,27,28,0,0,8363
2026-08-24T01:53:51Z,0,0.0,0.00,78,12.7,0.00,Deactivated,27,28,0,0,8363
2026-08-24T01:53:52Z,0,0.0,0.00,78,12.7,0.00,Deactivated,27,28,0,0,8363
2026-08-24T01:53:52Z,0,0.0,0.00,78,12.7,0.00,Deactivated,27,28,0,0,8363
2026-08-24T01:53:52Z,0,0.0,0.00,78,12.7,0.00,Deactivated,27,28,0,0,8363
2026-08-24T01:53:53Z,0,0.0,0.00,78,12.7,0.00,Deactivated,27,28,0,0,8363
2026-08-24T01:53:53Z,0,0.0,0.00,78,12.7,0.00,Deactivated,27,28,0,0,8363
2026-08-24T01:53:53Z,0,0.0,0.00,78,12.7,0.00,Deactivated,27,28,0,0,8363
2026-08-24T01:53:54Z,0,0.0,0.00,78,12.7,0.00,Deactivated,27,28,0,0,8363
2026-08-24T01:53:54Z,0,0.0,0.00,78,12.7,0.00,Deactivated,27,28,0,0,8363
2026-08-24T01:53:54Z,0,0.0,0.00,78,12.7,0.00,Deactivated,27,28,0,0,8363
2026-08-24T01:53:55Z,0,0.0,0.00,78,12.7,0.00,Deactivated,27,28,0,0,8363
2026-08-24T01:53:55Z,0,0.0,0.00,78,12.7,0.00,Deactivated,27,28,0,0,8363
2026-08-24T01:53:55Z,0,0.0,0.00,78,12.7,0.00,Deactivated,27,28,0,0,8363
2026-08-24T01:53:55Z,0,0.0,0.00,78,12.7,0.00,Deactivated,27,28,0,0,8363
2026-08-24T01:53:55Z,0,0.0,0.00,78,12.7,0.00,Deactivated,27,28,0,0,8363
2026-08-24T01:53:55Z,0,0.0,0.00,78,12.7,0.00,Deactivated,27,28,0,0,8363
2026-08-24T01:53:56Z,0,0.0,0.00,78,12.7,0.00,Deactivated,27,28,0,0,8363
2026-08-24T01:53:56Z,0,0.0,0.00,78,12.7,0.00,Deactivated,27,28,0,0,8363
2026-08-24T01:53:57Z,0,0.0,0.00,78,12.7,0.00,Deactivated,27,28,0,0,8363
2026-08-24T01:53:58Z,0,0.0,0.00,78,12.7,0.00,Deactivated,27,28,0,0,8363
2026-08-24T01:53:58Z,0,0.0,0.00,78,12.7,0.00,Deactivated,27,28,0,0,8363
2026-08-24T01:53:58Z,0,0.0,0.00,78,12.7,0.00,Deactivated,27,28,0,0,8363
2026-08-24T01:53:59Z,0,0.0,0.00,78,12.7,0.00,Deactivated,27,28,0,0,8363
2026-08-24T01:53:59Z,0,0.0,0.00,78,12.7,0.00,Deactivated,27,28,0,0,8363
2026-08-24T01:53:59Z,0,0.0,0.00,78,12.7,0.00,Deactivated,27,28,0,0,8363
2026-08-24T01:54:00Z,0,0.0,0.00,78,12.7,0.00,Deactivated,27,28,0,0,8363
2026-08-24T01:54:00Z,0,0.0,0.00,78,12.7,0.00,Deactivated,27,28,0,0,8363
2026-08-24T01:54:00Z,0,0.0,0.00,78,12.7,0.00,Deactivated,27,28,0,0,8363
2026-08-24T01:54:01Z,0,0.0,0.00,79,12.7,0.00,Deactivated,27,28,0,0,8363
2026-08-24T01:54:01Z,0,0.0,0.00,79,12.7,0.00,Deactivated,27,28,0,0,8363
2026-08-24T01:54:01Z,0,0.0,0.00,79,12.7,0.00,Deactivated,27,28,0,0,8363
2026-08-24T01:54:02Z,0,0.0,0.00,79,12.7,0.00,Deactivated,27,28,0,0,8363
2026-08-24T01:54:02Z,0,0.0,0.00,79,12.7,0.00,Deactivated,27,28,0,0,8363
2026-08-24T01:54:02Z,0,0.0,0.00,79,12.7,0.00,Deactivated,27,28,0,0,8363
2026-08-24T01:54:03Z,0,0.0,0.00,79,12.7,0.00,Deactivated,27,28,0,0,8363
2026-08-24T01:54:03Z,0,0.0,0.00,79,12.7,0.00,Deactivated,27,28,0,0,8363
2026-08-24T01:54:03Z,0,0.0,0.00,79,12.7,0.00,Deactivated,27,28,0,0,8363
2026-08-24T01:54:04Z,0,0.0,0.00,79,12.7,0.00,Deactivated,27,28,0,0,8363
2026-08-24T01:54:04Z,0,0.0,0.00,79,12.7,0.00,Deactivated,27,28,0,0,8363
2026-08-24T01:54:04Z,0,0.0,0.00,79,12.7,0.00,Deactivated,27,28,0,0,8363
2026-08-24T01:54:05Z,0,0.0,0.00,79,12.7,0.00,Deactivated,27,28,0,0,8363
2026-08-24T01:54:05Z,0,0.0,0.00,79,12.7,0.00,Deactivated,27,28,0,0,8363
2026-08-24T01:54:05Z,0,0.0,0.00,79,12.7,0.00,Deactivated,27,28,0,0,8363
2026-08-24T01:54:06Z,0,0.0,0.00,78,12.7,0.00,Deactivated,27,28,0,0,8363
2026-08-24T01:54:06Z,0,0.0,0.00,78,12.7,0.00,Deactivated,27,28,0,0,8363
2026-08-24T01:54:06Z,0,0.0,0.00,78,12.7,0.00,Deactivated,27,28,0,0,8363
2026-08-24T01:54:07Z,0,0.0,0.00,78,12.7,0.00,Deactivated,27,28,0,0,8363
2026-08-24T01:54:07Z,0,0.0,0.00,78,12.7,0.00,Deactivated,27,28,0,0,8363
2026-08-24T01:54:07Z,0,0.0,0.00,78,12.7,0.00,Deactivated,27,28,0,0,8363
2026-08-24T01:54:08Z,0,0.0,0.00,78,12.7,0.00,Deactivated,27,28,0,0,8363
2026-08-24T01:54:08Z,0,0.0,0.00,78,12.7,0.00,Deactivated,27,28,0,0,8363
2026-08-24T01:54:08Z,0,0.0,0.00,78,12.7,0.00,Deactivated,27,28,0,0,8363
2026-08-24T01:54:09Z,0,0.0,0.00,78,12.7,0.00,Deactivated,27,28,0,0,8363
2026-08-24T01:54:09Z,0,0.0,0.00,78,12.7,0.00,Deactivated,27,28,0,0,8363
2026-08-24T01:54:09Z,0,0.0,0.00,78,12.7,0.00,Deactivated,27,28,0,0,8363
2026-08-24T01:54:10Z,0,0.0,0.00,78,12.7,0.00,Deactivated,27,28,0,0,8363
2026-08-24T01:54:10Z,0,0.0,0.00,78,12.7,0.00,Deactivated,27,28,0,0,8363
2026-08-24T01:54:10Z,0,0.0,0.00,78,12.7,0.00,Deactivated,27,28,0,0,8363
2026-08-24T01:54:11Z,0,0.0,0.00,78,12.7,0.00,Deactivated,27,28,0,0,8363
2026-08-24T01:54:11Z,0,0.0,0.00,78,12.7,0.00,Deactivated,27,28,0,0,8363
2026-08-24T01:54:11Z,0,0.0,0.00,78,12.7,0.00,Deactivated,27,28,0,0,8363
2026-08-24T01:54:11Z,0,0.0,0.00,78,12.7,0.00,Deactivated,27,28,0,0,8363
2026-08-24T01:54:11Z,0,0.0,0.00,78,12.7,0.00,Deactivated,27,28,0,0,8363
2026-08-24T01:54:11Z,0,0.0,0.00,78,12.7,0.00,Deactivated,27,28,0,0,8363
2026-08-24T01:54:13Z,0,0.0,0.00,78,12.7,0.00,Deactivated,27,28,0,0,8363
2026-08-24T01:54:13Z,0,0.0,0.00,78,12.7,0.00,Deactivated,27,28,0,0,8363
2026-08-24T01:54:13Z,0,0.0,0.00,78,12.7,0.00,Deactivated,27,28,0,0,8363
2026-08-24T01:54:14Z,0,0.0,0.00,78,12.7,0.00,Deactivated,27,28,0,0,8363
2026-08-24T01:54:14Z,0,0.0,0.00,78,12.7,0.00,Deactivated,27,28,0,0,8363
2026-08-24T01:54:14Z,0,0.0,0.00,78,12.7,0.00,Deactivated,27,28,0,0,8363
2026-08-24T01:54:15Z,0,0.0,0.00,78,12.7,0.00,Deactivated,27,28,0,0,8363
2026-08-24T01:54:15Z,0,0.0,0.00,78,12.7,0.00,Deactivated,27,28,0,0,8363
2026-08-24T01:54:15Z,0,0.0,0.00,78,12.7,0.00,Deactivated,27,28,0,0,8363
2026-08-24T01:54:16Z,0,0.0,0.00,78,12.7,0.00,Deactivated,27,28,0,0,8363
2026-08-24T01:54:16Z,0,0.0,0.00,78,12.7,0.00,Deactivated,27,28,0,0,8363
2026-08-24T01:54:16Z,0,0.0,0.00,78,12.7,0.00,Deactivated,27,28,0,0,8363
2026-08-24T01:54:17Z,0,0.0,0.00,78,12.7,0.00,Deactivated,27,28,0,0,8363
2026-08-24T01:54:17Z,0,0.0,0.00,78,12.7,0.00,Deactivated,27,28,0,0,8363
2026-08-24T01:54:17Z,0,0.0,0.00,78,12.7,0.00,Deactivated,27,28,0,0,8363
2026-08-24T01:54:18Z,0,0.0,0.00,78,12.7,0.00,Deactivated,27,28,0,0,8363
2026-08-24T01:54:18Z,0,0.0,0.00,78,12.7,0.00,Deactivated,27,28,0,0,8363
2026-08-24T01:54:18Z,0,0.0,0.00,78,12.7,0.00,Deactivated,27,28,0,0,8363
2026-08-24T01:54:19Z,0,0.0,0.00,78,12.7,0.00,Deactivated,27,28,0,0,8363
2026-08-24T01:54:19Z,0,0.0,0.00,78,12.7,0.00,Deactivated,27,28,0,0,8363
2026-08-24T01:54:19Z,0,0.0,0.00,78,12.7,0.00,Deactivated,27,28,0,0,8363
2026-08-24T01:54:20Z,0,0.0,0.00,78,12.7,0.00,Deactivated,27,28,0,0,8363
2026-08-24T01:54:20Z,0,0.0,0.00,78,12.7,0.00,Deactivated,27,28,0,0,8363
2026-08-24T01:54:20Z,0,0.0,0.00,78,12.7,0.00,Deactivated,27,28,0,0,8363
2026-08-24T01:54:21Z,0,0.0,0.00,79,12.7,0.00,Deactivated,27,28,0,0,8363
2026-08-24T01:54:21Z,0,0.0,0.00,79,12.7,0.00,Deactivated,27,28,0,0,8363
2026-08-24T01:54:21Z,0,0.0,0.00,79,12.7,0.00,Deactivated,27,28,0,0,8363
2026-08-24T01:54:22Z,0,0.0,0.00,79,12.7,0.00,Deactivated,27,28,0,0,8363
2026-08-24T01:54:22Z,0,0.0,0.00,79,12.7,0.00,Deactivated,27,28,0,0,8363
2026-08-24T01:54:22Z,0,0.0,0.00,79,12.7,0.00,Deactivated,27,28,0,0,8363
2026-08-24T01:54:23Z,0,0.0,0.00,79,12.7,0.00,Deactivated,27,28,0,0,8363
2026-08-24T01:54:23Z,0,0.0,0.00,79,12.7,0.00,Deactivated,27,28,0,0,8363
2026-08-24T01:54:23Z,0,0.0,0.00,79,12.7,0.00,Deactivated,27,28,0,0,8363
2026-08-24T01:54:23Z,0,0.0,0.00,79,12.7,0.00,Deactivated,27,28,0,0,8363
2026-08-24T01:54:23Z,0,0.0,0.00,79,12.7,0.00,Deactivated,27,28,0,0,8363
2026-08-24T01:54:23Z,0,0.0,0.00,79,12.7,0.00,Deactivated,27,28,0,0,8363
2026-08-24T01:54:25Z,0,0.0,0.00,79,12.7,0.00,Deactivated,27,28,0,0,8363
2026-08-24T01:54:25Z,0,0.0,0.00,79,12.7,0.00,Deactivated,27,28,0,0,8363
2026-08-24T01:54:25Z,0,0.0,0.00,79,12.7,0.00,Deactivated,27,28,0,0,8363
2026-08-24T01:54:26Z,0,0.0,0.00,78,12.7,0.00,Deactivated,27,28,0,0,8363
2026-08-24T01:54:26Z,0,0.0,0.00,78,12.7,0.00,Deactivated,27,28,0,0,8363
2026-08-24T01:54:26Z,0,0.0,0.00,78,12.7,0.00,Deactivated,27,28,0,0,8363
2026-08-24T01:54:27Z,0,0.0,0.00,78,12.7,0.00,Deactivated,27,28,0,0,8363
2026-08-24T01:54:27Z,0,0.0,0.00,78,12.7,0.00,Deactivated,27,28,0,0,8363
2026-08-24T01:54:27Z,0,0.0,0.00,78,12.7,0.00,Deactivated,27,28,0,0,8363
2026-08-24T01:54:28Z,0,0.0,0.00,78,12.7,0.00,Deactivated,27,28,0,0,8363
2026-08-24T01:54:28Z,0,0.0,0.00,78,12.7,0.00,Deactivated,27,28,0,0,8363
2026-08-24T01:54:28Z,0,0.0,0.00,78,12.7,0.00,Deactivated,27,28,0,0,8363
2026-08-24T01:54:29Z,0,0.0,0.00,78,12.7,0.00,Deactivated,27,28,0,0,8363
2026-08-24T01:54:29Z,0,0.0,0.00,78,12.7,0.00,Deactivated,27,28,0,0,8363
2026-08-24T01:54:29Z,0,0.0,0.00,78,12.7,0.00,Deactivated,27,28,0,0,8363
2026-08-24T01:54:30Z,0,0.0,0.00,78,12.7,0.00,Deactivated,27,28,0,0,8363
2026-08-24T01:54:30Z,0,0.0,0.00,78,12.7,0.00,Deactivated,27,28,0,0,8363
2026-08-24T01:54:30Z,0,0.0,0.00,78,12.7,0.00,Deactivated,27,28,0,0,8363
2026-08-24T01:54:30Z,0,0.0,0.00,78,12.7,0.00,Deactivated,27,28,0,0,8363
2026-08-24T01:54:30Z,0,0.0,0.00,78,12.7,0.00,Deactivated,27,28,0,0,8363
2026-08-24T01:54:30Z,0,0.0,0.00,78,12.7,0.00,Deactivated,27,28,0,0,8363
2026-08-24T01:54:32Z,0,0.0,0.00,78,12.7,0.00,Deactivated,27,28,0,0,8363
2026-08-24T01:54:32Z,0,0.0,0.00,78,12.7,0.00,Deactivated,27,28,0,0,8363
2026-08-24T01:54:32Z,0,0.0,0.00,78,12.7,0.00,Deactivated,27,28,0,0,8363
2026-08-24T01:54:33Z,0,0.0,0.00,78,12.7,0.00,Deactivated,27,28,0,0,8363
2026-08-24T01:54:33Z,0,0.0,0.00,78,12.7,0.00,Deactivated,27,28,0,0,8363
2026-08-24T01:54:33Z,0,0.0,0.00,78,12.7,0.00,Deactivated,27,28,0,0,8363
2026-08-24T01:54:34Z,0,0.0,0.00,78,12.7,0.00,Deactivated,27,28,0,0,8363
2026-08-24T01:54:34Z,0,0.0,0.00,78,12.7,0.00,Deactivated,27,28,0,0,8363
2026-08-24T01:54:34Z,0,0.0,0.00,78,12.7,0.00,Deactivated,27,28,0,0,8363
2026-08-24T01:54:35Z,0,0.0,0.00,78,12.7,0.00,Deactivated,27,28,0,0,8363
2026-08-24T01:54:35Z,0,0.0,0.00,78,12.7,0.00,Deactivated,27,28,0,0,8363
2026-08-24T01:54:35Z,0,0.0,0.00,78,12.7,0.00,Deactivated,27,28,0,0,8363
2026-08-24T01:54:35Z,0,0.0,0.00,78,12.7,0.00,Deactivated,27,28,0,0,8363
2026-08-24T01:54:35Z,0,0.0,0.00,78,12.7,0.00,Deactivated,27,28,0,0,8363
2026-08-24T01:54:35Z,0,0.0,0.00,78,12.7,0.00,Deactivated,27,28,0,0,8363
2026-08-24T01:54:36Z,0,0.0,0.00,78,12.7,0.00,Deactivated,27,28,0,0,8363
2026-08-24T01:54:36Z,0,0.0,0.00,78,12.7,0.00,Deactivated,27,28,0,0,8363
2026-08-24T01:54:36Z,0,0.0,0.00,78,12.7,0.00,Deactivated,27,28,0,0,8363
2026-08-24T01:54:38Z,0,0.0,0.00,78,12.7,0.00,Deactivated,27,28,0,0,8363
2026-08-24T01:54:38Z,0,0.0,0.00,78,12.7,0.00,Deactivated,27,28,0,0,8363
2026-08-24T01:54:38Z,0,0.0,0.00,78,12.7,0.00,Deactivated,27,28,0,0,8363
2026-08-24T01:54:39Z,0,0.0,0.00,78,12.7,0.00,Deactivated,27,28,0,0,8363
2026-08-24T01:54:39Z,0,0.0,0.00,78,12.7,0.00,Deactivated,27,28,0,0,8363
2026-08-24T01:54:39Z,0,0.0,0.00,78,12.7,0.00,Deactivated,27,28,0,0,8363
2026-08-24T01:54:39Z,0,0.0,0.00,78,12.7,0.00,Deactivated,27,28,0,0,8363
2026-08-24T01:54:39Z,0,0.0,0.00,78,12.7,0.00,Deactivated,27,28,0,0,8363
2026-08-24T01:54:39Z,0,0.0,0.00,78,12.7,0.00,Deactivated,27,28,0,0,8363
2026-08-24T01:54:41Z,0,0.0,0.00,78,12.7,0.00,Deactivated,27,28,0,0,8363
2026-08-24T01:54:41Z,0,0.0,0.00,78,12.7,0.00,Deactivated,27,28,0,0,8363
2026-08-24T01:54:41Z,0,0.0,0.00,78,12.7,0.00,Deactivated,27,28,0,0,8363
2026-08-24T01:54:41Z,0,0.0,0.00,78,12.7,0.00,Deactivated,27,28,0,0,8363
2026-08-24T01:54:41Z,0,0.0,0.00,78,12.7,0.00,Deactivated,27,28,0,0,8363
2026-08-24T01:54:41Z,0,0.0,0.00,78,12.7,0.00,Deactivated,27,28,0,0,8363
2026-08-24T01:54:43Z,0,0.0,0.00,78,12.7,0.00,Deactivated,27,28,0,0,8363
2026-08-24T01:54:43Z,0,0.0,0.00,78,12.7,0.00,Deactivated,27,28,0,0,8363
2026-08-24T01:54:43Z,0,0.0,0.00,78,12.7,0.00,Deactivated,27,28,0,0,8363
2026-08-24T01:54:44Z,0,0.0,0.00,78,12.7,0.00,Deactivated,27,28,0,0,8363
2026-08-24T01:54:44Z,0,0.0,0.00,78,12.7,0.00,Deactivated,27,28,0,0,8363
2026-08-24T01:54:44Z,0,0.0,0.00,78,12.7,0.00,Deactivated,27,28,0,0,8363
2026-08-24T01:54:45Z,0,0.0,0.00,78,12.7,0.00,Deactivated,27,28,0,0,8363
2026-08-24T01:54:45Z,0,0.0,0.00,78,12.7,0.00,Deactivated,27,28,0,0,8363
2026-08-24T01:54:45Z,0,0.0,0.00,78,12.7,0.00,Deactivated,27,28,0,0,8363
2026-08-24T01:54:46Z,0,0.0,0.00,78,12.7,0.00,Deactivated,27,28,0,0,8363
2026-08-24T01:54:46Z,0,0.0,0.00,78,12.7,0.00,Deactivated,27,28,0,0,8363
2026-08-24T01:54:46Z,0,0.0,0.00,78,12.7,0.00,Deactivated,27,28,0,0,8363
2026-08-24T01:54:47Z,0,0.0,0.00,78,12.7,0.00,Deactivated,27,28,0,0,8363
2026-08-24T01:54:47Z,0,0.0,0.00,78,12.7,0.00,Deactivated,27,28,0,0,8363
2026-08-24T01:54:47Z,0,0.0,0.00,78,12.7,0.00,Deactivated,27,28,0,0,8363
2026-08-24T01:54:47Z,0,0.0,0.00,78,12.7,0.00,Deactivated,27,28,0,0,8363
2026-08-24T01:54:47Z,0,0.0,0.00,78,12.7,0.00,Deactivated,27,28,0,0,8363
2026-08-24T01:54:47Z,0,0.0,0.00,78,12.7,0.00,Deactivated,27,28,0,0,8363
2026-08-24T01:54:49Z,0,0.0,0.00,78,12.7,0.00,Deactivated,27,28,0,0,8363
2026-08-24T01:54:49Z,0,0.0,0.00,78,12.7,0.00,Deactivated,27,28,0,0,8363
2026-08-24T01:54:49Z,0,0.0,0.00,78,12.7,0.00,Deactivated,27,28,0,0,8363
2026-08-24T01:54:50Z,0,0.0,0.00,78,12.7,0.00,Deactivated,27,28,0,0,8363
2026-08-24T01:54:50Z,0,0.0,0.00,78,12.7,0.00,Deactivated,27,28,0,0,8363
2026-08-24T01:54:50Z,0,0.0,0.00,78,12.7,0.00,Deactivated,27,28,0,0,8363
2026-08-24T01:54:50Z,0,0.0,0.00,78,12.7,0.00,Deactivated,27,28,0,0,8363
2026-08-24T01:54:50Z,0,0.0,0.00,78,12.7,0.00,Deactivated,27,28,0,0,8363
2026-08-24T01:54:50Z,0,0.0,0.00,78,12.7,0.00,Deactivated,27,28,0,0,8363
2026-08-24T01:54:52Z,0,0.0,0.00,79,12.7,0.00,Deactivated,27,28,0,0,8363
2026-08-24T01:54:52Z,0,0.0,0.00,79,12.7,0.00,Deactivated,27,28,0,0,8363
2026-08-24T01:54:52Z,0,0.0,0.00,79,12.7,0.00,Deactivated,27,28,0,0,8363
2026-08-24T01:54:53Z,0,0.0,0.00,79,12.7,0.00,Deactivated,27,28,0,0,8363
2026-08-24T01:54:53Z,0,0.0,0.00,79,12.7,0.00,Deactivated,27,28,0,0,8363
2026-08-24T01:54:53Z,0,0.0,0.00,79,12.7,0.00,Deactivated,27,28,0,0,8363
2026-08-24T01:54:54Z,0,0.0,0.00,79,12.7,0.00,Deactivated,27,28,0,0,8363
2026-08-24T01:54:54Z,0,0.0,0.00,79,12.7,0.00,Deactivated,27,28,0,0,8363
2026-08-24T01:54:54Z,0,0.0,0.00,79,12.7,0.00,Deactivated,27,28,0,0,8363
2026-08-24T01:54:55Z,0,0.0,0.00,79,12.7,0.00,Deactivated,27,28,0,0,8363
2026-08-24T01:54:55Z,0,0.0,0.00,79,12.7,0.00,Deactivated,27,28,0,0,8363
2026-08-24T01:54:55Z,0,0.0,0.00,79,12.7,0.00,Deactivated,27,28,0,0,8363
2026-08-24T01:54:56Z,0,0.0,0.00,78,12.7,0.00,Deactivated,27,29,0,0,8363
2026-08-24T01:54:56Z,0,0.0,0.00,78,12.7,0.00,Deactivated,27,29,0,0,8363
2026-08-24T01:54:56Z,0,0.0,0.00,78,12.7,0.00,Deactivated,27,29,0,0,8363
2026-08-24T01:54:57Z,0,0.0,0.00,78,12.7,0.00,Deactivated,27,29,0,0,8363
2026-08-24T01:54:57Z,0,0.0,0.00,78,12.7,0.00,Deactivated,27,29,0,0,8363
2026-08-24T01:54:57Z,0,0.0,0.00,78,12.7,0.00,Deactivated,27,29,0,0,8363
2026-08-24T01:54:58Z,0,0.0,0.00,78,12.7,0.00,Deactivated,27,28,0,0,8363
2026-08-24T01:54:58Z,0,0.0,0.00,78,12.7,0.00,Deactivated,27,28,0,0,8363
2026-08-24T01:54:58Z,0,0.0,0.00,78,12.7,0.00,Deactivated,27,28,0,0,8363
2026-08-24T01:54:59Z,0,0.0,0.00,78,12.7,0.00,Deactivated,27,28,0,0,8363
2026-08-24T01:54:59Z,0,0.0,0.00,78,12.7,0.00,Deactivated,27,28,0,0,8363
2026-08-24T01:54:59Z,0,0.0,0.00,78,12.7,0.00,Deactivated,27,28,0,0,8363
2026-08-24T01:55:00Z,0,0.0,0.00,78,12.7,0.00,Deactivated,27,28,0,0,8363
2026-08-24T01:55:00Z,0,0.0,0.00,78,12.7,0.00,Deactivated,27,28,0,0,8363
2026-08-24T01:55:00Z,0,0.0,0.00,78,12.7,0.00,Deactivated,27,28,0,0,8363
2026-08-24T01:55:01Z,0,0.0,0.00,79,12.7,0.00,Deactivated,27,28,0,0,8363
2026-08-24T01:55:01Z,0,0.0,0.00,79,12.7,0.00,Deactivated,27,28,0,0,8363
2026-08-24T01:55:01Z,0,0.0,0.00,79,12.7,0.00,Deactivated,27,28,0,0,8363
2026-08-24T01:55:02Z,0,0.0,0.00,79,12.7,0.00,Deactivated,27,28,0,0,8363
2026-08-24T01:55:02Z,0,0.0,0.00,79,12.7,0.00,Deactivated,27,28,0,0,8363
2026-08-24T01:55:02Z,0,0.0,0.00,79,12.7,0.00,Deactivated,27,28,0,0,8363
2026-08-24T01:55:02Z,0,0.0,0.00,79,12.7,0.00,Deactivated,27,28,0,0,8363
2026-08-24T01:55:02Z,0,0.0,0.00,79,12.7,0.00,Deactivated,27,28,0,0,8363
2026-08-24T01:55:02Z,0,0.0,0.00,79,12.7,0.00,Deactivated,27,28,0,0,8363
2026-08-24T01:55:04Z,0,0.0,0.00,79,12.7,0.00,Deactivated,27,28,0,0,8363
2026-08-24T01:55:04Z,0,0.0,0.00,79,12.7,0.00,Deactivated,27,28,0,0,8363
2026-08-24T01:55:04Z,0,0.0,0.00,79,12.7,0.00,Deactivated,27,28,0,0,8363
2026-08-24T01:55:05Z,0,0.0,0.00,79,12.7,0.00,Deactivated,27,28,0,0,8363
2026-08-24T01:55:05Z,0,0.0,0.00,79,12.7,0.00,Deactivated,27,28,0,0,8363
2026-08-24T01:55:05Z,0,0.0,0.00,79,12.7,0.00,Deactivated,27,28,0,0,8363
2026-08-24T01:55:06Z,0,0.0,0.00,79,12.7,0.00,Deactivated,27,28,0,0,8363
2026-08-24T01:55:06Z,0,0.0,0.00,79,12.7,0.00,Deactivated,27,28,0,0,8363
2026-08-24T01:55:06Z,0,0.0,0.00,79,12.7,0.00,Deactivated,27,28,0,0,8363
2026-08-24T01:55:07Z,0,0.0,0.00,79,12.7,0.00,Deactivated,27,28,0,0,8363
2026-08-24T01:55:07Z,0,0.0,0.00,79,12.7,0.00,Deactivated,27,28,0,0,8363
2026-08-24T01:55:07Z,0,0.0,0.00,79,12.7,0.00,Deactivated,27,28,0,0,8363
2026-08-24T01:55:07Z,0,0.0,0.00,79,12.7,0.00,Deactivated,27,28,0,0,8363
2026-08-24T01:55:07Z,0,0.0,0.00,79,12.7,0.00,Deactivated,27,28,0,0,8363
2026-08-24T01:55:07Z,0,0.0,0.00,79,12.7,0.00,Deactivated,27,28,0,0,8363
2026-08-24T01:55:09Z,0,0.0,0.00,79,12.7,0.00,Deactivated,27,28,0,0,8363
2026-08-24T01:55:09Z,0,0.0,0.00,79,12.7,0.00,Deactivated,27,28,0,0,8363
2026-08-24T01:55:09Z,0,0.0,0.00,79,12.7,0.00,Deactivated,27,28,0,0,8363
2026-08-24T01:55:10Z,0,0.0,0.00,79,12.7,0.00,Deactivated,27,28,0,0,8363
2026-08-24T01:55:10Z,0,0.0,0.00,79,12.7,0.00,Deactivated,27,28,0,0,8363
2026-08-24T01:55:10Z,0,0.0,0.00,79,12.7,0.00,Deactivated,27,28,0,0,8363
2026-08-24T01:55:11Z,0,0.0,0.00,79,12.7,0.00,Deactivated,27,28,0,0,8363
2026-08-24T01:55:11Z,0,0.0,0.00,79,12.7,0.00,Deactivated,27,28,0,0,8363
2026-08-24T01:55:11Z,0,0.0,0.00,79,12.7,0.00,Deactivated,27,28,0,0,8363
2026-08-24T01:55:12Z,0,0.0,0.00,78,12.7,0.00,Deactivated,27,28,0,0,8363
2026-08-24T01:55:12Z,0,0.0,0.00,78,12.7,0.00,Deactivated,27,28,0,0,8363
2026-08-24T01:55:12Z,0,0.0,0.00,78,12.7,0.00,Deactivated,27,28,0,0,8363
2026-08-24T01:55:12Z,0,0.0,0.00,78,12.7,0.00,Deactivated,27,28,0,0,8363
2026-08-24T01:55:12Z,0,0.0,0.00,78,12.7,0.00,Deactivated,27,28,0,0,8363
2026-08-24T01:55:12Z,0,0.0,0.00,78,12.7,0.00,Deactivated,27,28,0,0,8363
2026-08-24T01:55:14Z,0,0.0,0.00,78,12.7,0.00,Deactivated,27,28,0,0,8363
2026-08-24T01:55:14Z,0,0.0,0.00,78,12.7,0.00,Deactivated,27,28,0,0,8363
2026-08-24T01:55:14Z,0,0.0,0.00,78,12.7,0.00,Deactivated,27,28,0,0,8363
2026-08-24T01:55:15Z,0,0.0,0.00,78,12.7,0.00,Deactivated,27,28,0,0,8363
2026-08-24T01:55:15Z,0,0.0,0.00,78,12.7,0.00,Deactivated,27,28,0,0,8363
2026-08-24T01:55:15Z,0,0.0,0.00,78,12.7,0.00,Deactivated,27,28,0,0,8363
2026-08-24T01:55:16Z,0,0.0,0.00,78,12.7,0.00,Deactivated,27,28,0,0,8363
2026-08-24T01:55:16Z,0,0.0,0.00,78,12.7,0.00,Deactivated,27,28,0,0,8363
2026-08-24T01:55:16Z,0,0.0,0.00,78,12.7,0.00,Deactivated,27,28,0,0,8363
2026-08-24T01:55:17Z,0,0.0,0.00,78,12.7,0.00,Deactivated,27,28,0,0,8363
2026-08-24T01:55:17Z,0,0.0,0.00,78,12.7,0.00,Deactivated,27,28,0,0,8363
2026-08-24T01:55:17Z,0,0.0,0.00,78,12.7,0.00,Deactivated,27,28,0,0,8363
2026-08-24T01:55:18Z,0,0.0,0.00,78,12.7,0.00,Deactivated,27,28,0,0,8363
2026-08-24T01:55:18Z,0,0.0,0.00,78,12.7,0.00,Deactivated,27,28,0,0,8363
2026-08-24T01:55:18Z,0,0.0,0.00,78,12.7,0.00,Deactivated,27,28,0,0,8363
2026-08-24T01:55:19Z,0,0.0,0.00,78,12.7,0.00,Deactivated,27,28,0,0,8363
2026-08-24T01:55:19Z,0,0.0,0.00,78,12.7,0.00,Deactivated,27,28,0,0,8363
2026-08-24T01:55:19Z,0,0.0,0.00,78,12.7,0.00,Deactivated,27,28,0,0,8363
2026-08-24T01:55:19Z,0,0.0,0.00,78,12.7,0.00,Deactivated,27,28,0,0,8363
2026-08-24T01:55:19Z,0,0.0,0.00,78,12.7,0.00,Deactivated,27,28,0,0,8363
2026-08-24T01:55:19Z,0,0.0,0.00,78,12.7,0.00,Deactivated,27,28,0,0,8363
2026-08-24T01:55:21Z,0,0.0,0.00,78,12.7,0.00,Deactivated,27,28,0,0,8363
2026-08-24T01:55:21Z,0,0.0,0.00,78,12.7,0.00,Deactivated,27,28,0,0,8363
2026-08-24T01:55:21Z,0,0.0,0.00,78,12.7,0.00,Deactivated,27,28,0,0,8363
2026-08-24T01:55:22Z,0,0.0,0.00,78,12.7,0.00,Deactivated,27,28,0,0,8363
2026-08-24T01:55:22Z,0,0.0,0.00,78,12.7,0.00,Deactivated,27,28,0,0,8363
2026-08-24T01:55:22Z,0,0.0,0.00,78,12.7,0.00,Deactivated,27,28,0,0,8363
2026-08-24T01:55:23Z,0,0.0,0.00,78,12.7,0.00,Deactivated,27,28,0,0,8363
2026-08-24T01:55:23Z,0,0.0,0.00,78,12.7,0.00,Deactivated,27,28,0,0,8363
2026-08-24T01:55:23Z,0,0.0,0.00,78,12.7,0.00,Deactivated,27,28,0,0,8363
2026-08-24T01:55:24Z,0,0.0,0.00,78,12.7,0.00,Deactivated,27,28,0,0,8363
2026-08-24T01:55:24Z,0,0.0,0.00,78,12.7,0.00,Deactivated,27,28,0,0,8363
2026-08-24T01:55:24Z,0,0.0,0.00,78,12.7,0.00,Deactivated,27,28,0,0,8363
2026-08-24T01:55:25Z,0,0.0,0.00,78,12.7,0.00,Deactivated,27,28,0,0,8363
2026-08-24T01:55:25Z,0,0.0,0.00,78,12.7,0.00,Deactivated,27,28,0,0,8363
2026-08-24T01:55:25Z,0,0.0,0.00,78,12.7,0.00,Deactivated,27,28,0,0,8363
2026-08-24T01:55:26Z,0,0.0,0.00,78,12.7,0.00,Deactivated,27,28,0,0,8363
2026-08-24T01:55:26Z,0,0.0,0.00,78,12.7,0.00,Deactivated,27,28,0,0,8363
2026-08-24T01:55:26Z,0,0.0,0.00,78,12.7,0.00,Deactivated,27,28,0,0,8363
2026-08-24T01:55:27Z,0,0.0,0.00,78,12.7,0.00,Deactivated,27,28,0,0,8363
2026-08-24T01:55:27Z,0,0.0,0.00,78,12.7,0.00,Deactivated,27,28,0,0,8363
2026-08-24T01:55:27Z,0,0.0,0.00,78,12.7,0.00,Deactivated,27,28,0,0,8363
2026-08-24T01:55:28Z,0,0.0,0.00,78,12.7,0.00,Deactivated,27,28,0,0,8363
2026-08-24T01:55:28Z,0,0.0,0.00,78,12.7,0.00,Deactivated,27,28,0,0,8363
2026-08-24T01:55:28Z,0,0.0,0.00,78,12.7,0.00,Deactivated,27,28,0,0,8363
2026-08-24T01:55:29Z,0,0.0,0.00,78,12.7,0.00,Deactivated,27,28,0,0,8363
2026-08-24T01:55:29Z,0,0.0,0.00,78,12.7,0.00,Deactivated,27,28,0,0,8363
2026-08-24T01:55:29Z,0,0.0,0.00,78,12.7,0.00,Deactivated,27,28,0,0,8363
2026-08-24T01:55:30Z,0,0.0,0.00,78,12.7,0.00,Deactivated,27,28,0,0,8363
2026-08-24T01:55:30Z,0,0.0,0.00,78,12.7,0.00,Deactivated,27,28,0,0,8363
2026-08-24T01:55:30Z,0,0.0,0.00,78,12.7,0.00,Deactivated,27,28,0,0,8363
2026-08-24T01:55:31Z,0,0.0,0.00,78,12.7,0.00,Deactivated,27,28,0,0,8363
2026-08-24T01:55:31Z,0,0.0,0.00,78,12.7,0.00,Deactivated,27,28,0,0,8363
2026-08-24T01:55:31Z,0,0.0,0.00,78,12.7,0.00,Deactivated,27,28,0,0,8363
2026-08-24T01:55:32Z,0,0.0,0.00,79,12.7,0.00,Deactivated,27,28,0,0,8363
2026-08-24T01:55:32Z,0,0.0,0.00,79,12.7,0.00,Deactivated,27,28,0,0,8363
2026-08-24T01:55:32Z,0,0.0,0.00,79,12.7,0.00,Deactivated,27,28,0,0,8363
2026-08-24T01:55:33Z,0,0.0,0.00,79,12.7,0.00,Deactivated,27,28,0,0,8363
2026-08-24T01:55:33Z,0,0.0,0.00,79,12.7,0.00,Deactivated,27,28,0,0,8363
2026-08-24T01:55:33Z,0,0.0,0.00,79,12.7,0.00,Deactivated,27,28,0,0,8363
2026-08-24T01:55:34Z,0,0.0,0.00,79,12.7,0.00,Deactivated,27,28,0,0,8363
2026-08-24T01:55:34Z,0,0.0,0.00,79,12.7,0.00,Deactivated,27,28,0,0,8363
2026-08-24T01:55:34Z,0,0.0,0.00,79,12.7,0.00,Deactivated,27,28,0,0,8363
2026-08-24T01:55:35Z,0,0.0,0.00,79,12.7,0.00,Deactivated,27,28,0,0,8363
2026-08-24T01:55:35Z,0,0.0,0.00,79,12.7,0.00,Deactivated,27,28,0,0,8363
2026-08-24T01:55:35Z,0,0.0,0.00,79,12.7,0.00,Deactivated,27,28,0,0,8363
2026-08-24T01:55:36Z,0,0.0,0.00,79,12.7,0.00,Deactivated,27,28,0,0,8363
2026-08-24T01:55:36Z,0,0.0,0.00,79,12.7,0.00,Deactivated,27,28,0,0,8363
2026-08-24T01:55:36Z,0,0.0,0.00,79,12.7,0.00,Deactivated,27,28,0,0,8363
2026-08-24T01:55:37Z,0,0.0,0.00,78,12.7,0.00,Deactivated,27,28,0,0,8363
2026-08-24T01:55:37Z,0,0.0,0.00,78,12.7,0.00,Deactivated,27,28,0,0,8363
2026-08-24T01:55:37Z,0,0.0,0.00,78,12.7,0.00,Deactivated,27,28,0,0,8363
2026-08-24T01:55:38Z,0,0.0,0.00,78,12.7,0.00,Deactivated,27,28,0,0,8363
2026-08-24T01:55:38Z,0,0.0,0.00,78,12.7,0.00,Deactivated,27,28,0,0,8363
2026-08-24T01:55:38Z,0,0.0,0.00,78,12.7,0.00,Deactivated,27,28,0,0,8363
2026-08-24T01:55:39Z,0,0.0,0.00,78,12.7,0.00,Deactivated,27,28,0,0,8363
2026-08-24T01:55:39Z,0,0.0,0.00,78,12.7,0.00,Deactivated,27,28,0,0,8363
2026-08-24T01:55:39Z,0,0.0,0.00,78,12.7,0.00,Deactivated,27,28,0,0,8363
2026-08-24T01:55:40Z,0,0.0,0.00,78,12.7,0.00,Deactivated,27,28,0,0,8363
2026-08-24T01:55:40Z,0,0.0,0.00,78,12.7,0.00,Deactivated,27,28,0,0,8363
2026-08-24T01:55:40Z,0,0.0,0.00,78,12.7,0.00,Deactivated,27,28,0,0,8363
2026-08-24T01:55:41Z,0,0.0,0.00,78,12.7,0.00,Deactivated,27,28,0,0,8363
2026-08-24T01:55:41Z,0,0.0,0.00,78,12.7,0.00,Deactivated,27,28,0,0,8363
2026-08-24T01:55:41Z,0,0.0,0.00,78,12.7,0.00,Deactivated,27,28,0,0,8363
2026-08-24T01:55:42Z,0,0.0,0.00,78,12.7,0.00,Deactivated,27,28,0,0,8363
2026-08-24T01:55:42Z,0,0.0,0.00,78,12.7,0.00,Deactivated,27,28,0,0,8363
2026-08-24T01:55:42Z,0,0.0,0.00,78,12.7,0.00,Deactivated,27,28,0,0,8363
2026-08-24T01:55:43Z,0,0.0,0.00,78,12.7,0.00,Deactivated,27,28,0,0,8363
2026-08-24T01:55:43Z,0,0.0,0.00,78,12.7,0.00,Deactivated,27,28,0,0,8363
2026-08-24T01:55:43Z,0,0.0,0.00,78,12.7,0.00,Deactivated,27,28,0,0,8363
2026-08-24T01:55:44Z,0,0.0,0.00,78,12.7,0.00,Deactivated,27,28,0,0,8363
2026-08-24T01:55:44Z,0,0.0,0.00,78,12.7,0.00,Deactivated,27,28,0,0,8363
2026-08-24T01:55:44Z,0,0.0,0.00,78,12.7,0.00,Deactivated,27,28,0,0,8363
2026-08-24T01:55:44Z,0,0.0,0.00,78,12.7,0.00,Deactivated,27,28,0,0,8363
2026-08-24T01:55:44Z,0,0.0,0.00,78,12.7,0.00,Deactivated,27,28,0,0,8363
2026-08-24T01:55:44Z,0,0.0,0.00,78,12.7,0.00,Deactivated,27,28,0,0,8363
2026-08-24T01:55:46Z,0,0.0,0.00,78,12.7,0.00,Deactivated,27,28,0,0,8363
2026-08-24T01:55:46Z,0,0.0,0.00,78,12.7,0.00,Deactivated,27,28,0,0,8363
2026-08-24T01:55:46Z,0,0.0,0.00,78,12.7,0.00,Deactivated,27,28,0,0,8363
2026-08-24T01:55:47Z,0,0.0,0.00,78,12.7,0.00,Deactivated,27,28,0,0,8363
2026-08-24T01:55:47Z,0,0.0,0.00,78,12.7,0.00,Deactivated,27,28,0,0,8363
2026-08-24T01:55:47Z,0,0.0,0.00,78,12.7,0.00,Deactivated,27,28,0,0,8363
2026-08-24T01:55:48Z,0,0.0,0.00,78,12.7,0.00,Deactivated,27,28,0,0,8363
2026-08-24T01:55:48Z,0,0.0,0.00,78,12.7,0.00,Deactivated,27,28,0,0,8363
2026-08-24T01:55:48Z,0,0.0,0.00,78,12.7,0.00,Deactivated,27,28,0,0,8363
2026-08-24T01:55:49Z,0,0.0,0.00,78,12.7,0.00,Deactivated,27,28,0,0,8363
2026-08-24T01:55:49Z,0,0.0,0.00,78,12.7,0.00,Deactivated,27,28,0,0,8363
2026-08-24T01:55:49Z,0,0.0,0.00,78,12.7,0.00,Deactivated,27,28,0,0,8363
2026-08-24T01:55:50Z,0,0.0,0.00,78,12.7,0.00,Deactivated,27,28,0,0,8363
2026-08-24T01:55:50Z,0,0.0,0.00,78,12.7,0.00,Deactivated,27,28,0,0,8363
2026-08-24T01:55:50Z,0,0.0,0.00,78,12.7,0.00,Deactivated,27,28,0,0,8363
2026-08-24T01:55:51Z,0,0.0,0.00,78,12.7,0.00,Deactivated,27,28,0,0,8363
2026-08-24T01:55:51Z,0,0.0,0.00,78,12.7,0.00,Deactivated,27,28,0,0,8363
2026-08-24T01:55:51Z,0,0.0,0.00,78,12.7,0.00,Deactivated,27,28,0,0,8363
2026-08-24T01:55:52Z,0,0.0,0.00,78,12.7,0.00,Deactivated,27,28,0,0,8363
2026-08-24T01:55:52Z,0,0.0,0.00,78,12.7,0.00,Deactivated,27,28,0,0,8363
2026-08-24T01:55:52Z,0,0.0,0.00,78,12.7,0.00,Deactivated,27,28,0,0,8363
2026-08-24T01:55:53Z,0,0.0,0.00,78,12.7,0.00,Deactivated,27,28,0,0,8363
2026-08-24T01:55:53Z,0,0.0,0.00,78,12.7,0.00,Deactivated,27,28,0,0,8363
2026-08-24T01:55:53Z,0,0.0,0.00,78,12.7,0.00,Deactivated,27,28,0,0,8363
2026-08-24T01:55:54Z,0,0.0,0.00,78,12.7,0.00,Deactivated,27,28,0,0,8363
2026-08-24T01:55:54Z,0,0.0,0.00,78,12.7,0.00,Deactivated,27,28,0,0,8363
2026-08-24T01:55:54Z,0,0.0,0.00,78,12.7,0.00,Deactivated,27,28,0,0,8363
2026-08-24T01:55:55Z,0,0.0,0.00,78,12.7,0.00,Deactivated,27,28,0,0,8363
2026-08-24T01:55:55Z,0,0.0,0.00,78,12.7,0.00,Deactivated,27,28,0,0,8363
2026-08-24T01:55:55Z,0,0.0,0.00,78,12.7,0.00,Deactivated,27,28,0,0,8363
2026-08-24T01:55:56Z,0,0.0,0.00,78,12.7,0.00,Deactivated,27,28,0,0,8363
2026-08-24T01:55:56Z,0,0.0,0.00,78,12.7,0.00,Deactivated,27,28,0,0,8363
2026-08-24T01:55:56Z,0,0.0,0.00,78,12.7,0.00,Deactivated,27,28,0,0,8363
2026-08-24T01:55:57Z,0,0.0,0.00,78,12.7,0.00,Deactivated,27,28,0,0,8363
2026-08-24T01:55:57Z,0,0.0,0.00,78,12.7,0.00,Deactivated,27,28,0,0,8363
2026-08-24T01:55:57Z,0,0.0,0.00,78,12.7,0.00,Deactivated,27,28,0,0,8363
2026-08-24T01:55:58Z,0,0.0,0.00,78,12.7,0.00,Deactivated,27,28,0,0,8363
2026-08-24T01:55:58Z,0,0.0,0.00,78,12.7,0.00,Deactivated,27,28,0,0,8363
2026-08-24T01:55:58Z,0,0.0,0.00,78,12.7,0.00,Deactivated,27,28,0,0,8363
2026-08-24T01:55:59Z,0,0.0,0.00,78,12.7,0.00,Deactivated,27,28,0,0,8363
2026-08-24T01:55:59Z,0,0.0,0.00,78,12.7,0.00,Deactivated,27,28,0,0,8363
2026-08-24T01:55:59Z,0,0.0,0.00,78,12.7,0.00,Deactivated,27,28,0,0,8363
2026-08-24T01:56:00Z,0,0.0,0.00,78,12.7,0.00,Deactivated,27,28,0,0,8363
2026-08-24T01:56:00Z,0,0.0,0.00,78,12.7,0.00,Deactivated,27,28,0,0,8363
2026-08-24T01:56:00Z,0,0.0,0.00,78,12.7,0.00,Deactivated,27,28,0,0,8363
2026-08-24T01:56:01Z,0,0.0,0.00,78,12.7,0.00,Deactivated,27,28,0,0,8363
2026-08-24T01:56:01Z,0,0.0,0.00,78,12.7,0.00,Deactivated,27,28,0,0,8363
2026-08-24T01:56:01Z,0,0.0,0.00,78,12.7,0.00,Deactivated,27,28,0,0,8363
2026-08-24T01:56:02Z,0,0.0,0.00,78,12.7,0.00,Deactivated,27,28,0,0,8363
2026-08-24T01:56:02Z,0,0.0,0.00,78,12.7,0.00,Deactivated,27,28,0,0,8363
2026-08-24T01:56:02Z,0,0.0,0.00,78,12.7,0.00,Deactivated,27,28,0,0,8363
2026-08-24T01:56:03Z,0,0.0,0.00,78,12.7,0.00,Deactivated,27,28,0,0,8363
2026-08-24T01:56:03Z,0,0.0,0.00,78,12.7,0.00,Deactivated,27,28,0,0,8363
2026-08-24T01:56:03Z,0,0.0,0.00,78,12.7,0.00,Deactivated,27,28,0,0,8363
2026-08-24T01:56:04Z,0,0.0,0.00,78,12.7,0.00,Deactivated,27,28,0,0,8363
2026-08-24T01:56:04Z,0,0.0,0.00,78,12.7,0.00,Deactivated,27,28,0,0,8363
2026-08-24T01:56:04Z,0,0.0,0.00,78,12.7,0.00,Deactivated,27,28,0,0,8363
2026-08-24T01:56:05Z,0,0.0,0.00,78,12.7,0.00,Deactivated,27,28,0,0,8363
2026-08-24T01:56:05Z,0,0.0,0.00,78,12.7,0.00,Deactivated,27,28,0,0,8363
2026-08-24T01:56:05Z,0,0.0,0.00,78,12.7,0.00,Deactivated,27,28,0,0,8363
2026-08-24T01:56:06Z,0,0.0,0.00,78,12.7,0.00,Deactivated,27,28,0,0,8363
2026-08-24T01:56:06Z,0,0.0,0.00,78,12.7,0.00,Deactivated,27,28,0,0,8363
2026-08-24T01:56:06Z,0,0.0,0.00,78,12.7,0.00,Deactivated,27,28,0,0,8363
2026-08-24T01:56:07Z,0,0.0,0.00,78,12.7,0.00,Deactivated,27,28,0,0,8363
2026-08-24T01:56:07Z,0,0.0,0.00,78,12.7,0.00,Deactivated,27,28,0,0,8363
2026-08-24T01:56:07Z,0,0.0,0.00,78,12.7,0.00,Deactivated,27,28,0,0,8363
2026-08-24T01:56:08Z,0,0.0,0.00,78,12.7,0.00,Deactivated,27,28,0,0,8363
2026-08-24T01:56:08Z,0,0.0,0.00,78,12.7,0.00,Deactivated,27,28,0,0,8363
2026-08-24T01:56:08Z,0,0.0,0.00,78,12.7,0.00,Deactivated,27,28,0,0,8363
2026-08-24T01:56:09Z,0,0.0,0.00,78,12.7,0.00,Deactivated,27,28,0,0,8363
2026-08-24T01:56:09Z,0,0.0,0.00,78,12.7,0.00,Deactivated,27,28,0,0,8363
2026-08-24T01:56:09Z,0,0.0,0.00,78,12.7,0.00,Deactivated,27,28,0,0,8363
2026-08-24T01:56:10Z,0,0.0,0.00,78,12.7,0.00,Deactivated,27,28,0,0,8363
2026-08-24T01:56:10Z,0,0.0,0.00,78,12.7,0.00,Deactivated,27,28,0,0,8363
2026-08-24T01:56:10Z,0,0.0,0.00,78,12.7,0.00,Deactivated,27,28,0,0,8363
2026-08-24T01:56:10Z,0,0.0,0.00,78,12.7,0.00,Deactivated,27,28,0,0,8363
2026-08-24T01:56:10Z,0,0.0,0.00,78,12.7,0.00,Deactivated,27,28,0,0,8363
2026-08-24T01:56:10Z,0,0.0,0.00,78,12.7,0.00,Deactivated,27,28,0,0,8363
2026-08-24T01:56:12Z,0,0.0,0.00,78,12.7,0.00,Deactivated,27,28,0,0,8363
2026-08-24T01:56:12Z,0,0.0,0.00,78,12.7,0.00,Deactivated,27,28,0,0,8363
2026-08-24T01:56:12Z,0,0.0,0.00,78,12.7,0.00,Deactivated,27,28,0,0,8363
2026-08-24T01:56:13Z,0,0.0,0.00,78,12.7,0.00,Deactivated,27,28,0,0,8363
2026-08-24T01:56:13Z,0,0.0,0.00,78,12.7,0.00,Deactivated,27,28,0,0,8363
2026-08-24T01:56:13Z,0,0.0,0.00,78,12.7,0.00,Deactivated,27,28,0,0,8363
2026-08-24T01:56:14Z,0,0.0,0.00,78,12.7,0.00,Deactivated,27,28,0,0,8363
2026-08-24T01:56:14Z,0,0.0,0.00,78,12.7,0.00,Deactivated,27,28,0,0,8363
2026-08-24T01:56:14Z,0,0.0,0.00,78,12.7,0.00,Deactivated,27,28,0,0,8363
2026-08-24T01:56:15Z,0,0.0,0.00,78,12.7,0.00,Deactivated,27,28,0,0,8363
2026-08-24T01:56:15Z,0,0.0,0.00,78,12.7,0.00,Deactivated,27,28,0,0,8363
2026-08-24T01:56:15Z,0,0.0,0.00,78,12.7,0.00,Deactivated,27,28,0,0,8363
2026-08-24T01:56:16Z,0,0.0,0.00,78,12.7,0.00,Deactivated,27,28,0,0,8363
2026-08-24T01:56:16Z,0,0.0,0.00,78,12.7,0.00,Deactivated,27,28,0,0,8363
2026-08-24T01:56:16Z,0,0.0,0.00,78,12.7,0.00,Deactivated,27,28,0,0,8363
2026-08-24T01:56:17Z,0,0.0,0.00,78,12.7,0.00,Deactivated,27,28,0,0,8363
2026-08-24T01:56:17Z,0,0.0,0.00,78,12.7,0.00,Deactivated,27,28,0,0,8363
2026-08-24T01:56:17Z,0,0.0,0.00,78,12.7,0.00,Deactivated,27,28,0,0,8363
2026-08-24T01:56:18Z,0,0.0,0.00,78,12.7,0.00,Deactivated,27,28,0,0,8363
2026-08-24T01:56:18Z,0,0.0,0.00,78,12.7,0.00,Deactivated,27,28,0,0,8363
2026-08-24T01:56:18Z,0,0.0,0.00,78,12.7,0.00,Deactivated,27,28,0,0,8363
2026-08-24T01:56:18Z,0,0.0,0.00,78,12.7,0.00,Deactivated,27,28,0,0,8363
2026-08-24T01:56:18Z,0,0.0,0.00,78,12.7,0.00,Deactivated,27,28,0,0,8363
2026-08-24T01:56:18Z,0,0.0,0.00,78,12.7,0.00,Deactivated,27,28,0,0,8363
2026-08-24T01:56:20Z,0,0.0,0.00,78,12.7,0.00,Deactivated,27,28,0,0,8363
2026-08-24T01:56:20Z,0,0.0,0.00,78,12.7,0.00,Deactivated,27,28,0,0,8363
2026-08-24T01:56:20Z,0,0.0,0.00,78,12.7,0.00,Deactivated,27,28,0,0,8363
2026-08-24T01:56:21Z,0,0.0,0.00,78,12.7,0.00,Deactivated,27,28,0,0,8363
2026-08-24T01:56:21Z,0,0.0,0.00,78,12.7,0.00,Deactivated,27,28,0,0,8363
2026-08-24T01:56:21Z,0,0.0,0.00,78,12.7,0.00,Deactivated,27,28,0,0,8363
2026-08-24T01:56:22Z,0,0.0,0.00,78,12.7,0.00,Deactivated,27,28,0,0,8363
2026-08-24T01:56:22Z,0,0.0,0.00,78,12.7,0.00,Deactivated,27,28,0,0,8363
2026-08-24T01:56:22Z,0,0.0,0.00,78,12.7,0.00,Deactivated,27,28,0,0,8363
2026-08-24T01:56:23Z,0,0.0,0.00,78,12.7,0.00,Deactivated,27,28,0,0,8363
2026-08-24T01:56:23Z,0,0.0,0.00,78,12.7,0.00,Deactivated,27,28,0,0,8363
2026-08-24T01:56:23Z,0,0.0,0.00,78,12.7,0.00,Deactivated,27,28,0,0,8363
2026-08-24T01:56:24Z,0,0.0,0.00,78,12.7,0.00,Deactivated,27,28,0,0,8363
2026-08-24T01:56:24Z,0,0.0,0.00,78,12.7,0.00,Deactivated,27,28,0,0,8363
2026-08-24T01:56:24Z,0,0.0,0.00,78,12.7,0.00,Deactivated,27,28,0,0,8363
2026-08-24T01:56:25Z,0,0.0,0.00,78,12.7,0.00,Deactivated,27,28,0,0,8363
2026-08-24T01:56:25Z,0,0.0,0.00,78,12.7,0.00,Deactivated,27,28,0,0,8363
2026-08-24T01:56:25Z,0,0.0,0.00,78,12.7,0.00,Deactivated,27,28,0,0,8363
2026-08-24T01:56:26Z,0,0.0,0.00,78,12.7,0.00,Deactivated,27,28,0,0,8363
2026-08-24T01:56:26Z,0,0.0,0.00,78,12.7,0.00,Deactivated,27,28,0,0,8363
2026-08-24T01:56:26Z,0,0.0,0.00,78,12.7,0.00,Deactivated,27,28,0,0,8363
2026-08-24T01:56:27Z,0,0.0,0.00,78,12.7,0.00,Deactivated,27,28,0,0,8363
2026-08-24T01:56:27Z,0,0.0,0.00,78,12.7,0.00,Deactivated,27,28,0,0,8363
2026-08-24T01:56:27Z,0,0.0,0.00,78,12.7,0.00,Deactivated,27,28,0,0,8363
2026-08-24T01:56:28Z,0,0.0,0.00,78,12.7,0.00,Deactivated,27,28,0,0,8363
2026-08-24T01:56:28Z,0,0.0,0.00,78,12.7,0.00,Deactivated,27,28,0,0,8363
2026-08-24T01:56:28Z,0,0.0,0.00,78,12.7,0.00,Deactivated,27,28,0,0,8363
2026-08-24T01:56:29Z,0,0.0,0.00,78,12.7,0.00,Deactivated,27,28,0,0,8363
2026-08-24T01:56:29Z,0,0.0,0.00,78,12.7,0.00,Deactivated,27,28,0,0,8363
2026-08-24T01:56:29Z,0,0.0,0.00,78,12.7,0.00,Deactivated,27,28,0,0,8363
2026-08-24T01:56:30Z,0,0.0,0.00,78,12.7,0.00,Deactivated,27,28,0,0,8363
2026-08-24T01:56:30Z,0,0.0,0.00,78,12.7,0.00,Deactivated,27,28,0,0,8363
2026-08-24T01:56:30Z,0,0.0,0.00,78,12.7,0.00,Deactivated,27,28,0,0,8363
2026-08-24T01:56:31Z,0,0.0,0.00,78,12.7,0.00,Deactivated,27,28,0,0,8363
2026-08-24T01:56:31Z,0,0.0,0.00,78,12.7,0.00,Deactivated,27,28,0,0,8363
2026-08-24T01:56:31Z,0,0.0,0.00,78,12.7,0.00,Deactivated,27,28,0,0,8363
2026-08-24T01:56:32Z,0,0.0,0.00,78,12.7,0.00,Deactivated,27,28,0,0,8363
2026-08-24T01:56:32Z,0,0.0,0.00,78,12.7,0.00,Deactivated,27,28,0,0,8363
2026-08-24T01:56:32Z,0,0.0,0.00,78,12.7,0.00,Deactivated,27,28,0,0,8363
2026-08-24T01:56:33Z,0,0.0,0.00,78,12.7,0.00,Deactivated,27,28,0,0,8363
2026-08-24T01:56:33Z,0,0.0,0.00,78,12.7,0.00,Deactivated,27,28,0,0,8363
2026-08-24T01:56:33Z,0,0.0,0.00,78,12.7,0.00,Deactivated,27,28,0,0,8363
2026-08-24T01:56:34Z,0,0.0,0.00,78,12.7,0.00,Deactivated,27,28,0,0,8363
2026-08-24T01:56:34Z,0,0.0,0.00,78,12.7,0.00,Deactivated,27,28,0,0,8363
2026-08-24T01:56:34Z,0,0.0,0.00,78,12.7,0.00,Deactivated,27,28,0,0,8363
2026-08-24T01:56:35Z,0,0.0,0.00,78,12.7,0.00,Deactivated,27,28,0,0,8363
2026-08-24T01:56:35Z,0,0.0,0.00,78,12.7,0.00,Deactivated,27,28,0,0,8363
2026-08-24T01:56:35Z,0,0.0,0.00,78,12.7,0.00,Deactivated,27,28,0,0,8363
2026-08-24T01:56:36Z,0,0.0,0.00,78,12.7,0.00,Deactivated,27,28,0,0,8363
2026-08-24T01:56:36Z,0,0.0,0.00,78,12.7,0.00,Deactivated,27,28,0,0,8363
2026-08-24T01:56:36Z,0,0.0,0.00,78,12.7,0.00,Deactivated,27,28,0,0,8363
2026-08-24T01:56:37Z,0,0.0,0.00,78,12.7,0.00,Deactivated,27,28,0,0,8363
2026-08-24T01:56:37Z,0,0.0,0.00,78,12.7,0.00,Deactivated,27,28,0,0,8363
2026-08-24T01:56:37Z,0,0.0,0.00,78,12.7,0.00,Deactivated,27,28,0,0,8363
2026-08-24T01:56:38Z,0,0.0,0.00,78,12.7,0.00,Deactivated,27,28,0,0,8363
2026-08-24T01:56:38Z,0,0.0,0.00,78,12.7,0.00,Deactivated,27,28,0,0,8363
2026-08-24T01:56:38Z,0,0.0,0.00,78,12.7,0.00,Deactivated,27,28,0,0,8363
2026-08-24T01:56:38Z,0,0.0,0.00,78,12.7,0.00,Deactivated,27,28,0,0,8363
2026-08-24T01:56:38Z,0,0.0,0.00,78,12.7,0.00,Deactivated,27,28,0,0,8363
2026-08-24T01:56:38Z,0,0.0,0.00,78,12.7,0.00,Deactivated,27,28,0,0,8363
2026-08-24T01:56:40Z,0,0.0,0.00,78,12.7,0.00,Deactivated,27,28,0,0,8363
2026-08-24T01:56:40Z,0,0.0,0.00,78,12.7,0.00,Deactivated,27,28,0,0,8363
2026-08-24T01:56:40Z,0,0.0,0.00,78,12.7,0.00,Deactivated,27,28,0,0,8363
2026-08-24T01:56:41Z,0,0.0,0.00,78,12.7,0.00,Deactivated,27,28,0,0,8363
2026-08-24T01:56:41Z,0,0.0,0.00,78,12.7,0.00,Deactivated,27,28,0,0,8363
2026-08-24T01:56:41Z,0,0.0,0.00,78,12.7,0.00,Deactivated,27,28,0,0,8363
2026-08-24T01:56:42Z,0,0.0,0.00,79,12.7,0.00,Deactivated,27,28,0,0,8363
2026-08-24T01:56:42Z,0,0.0,0.00,79,12.7,0.00,Deactivated,27,28,0,0,8363
2026-08-24T01:56:42Z,0,0.0,0.00,79,12.7,0.00,Deactivated,27,28,0,0,8363
2026-08-24T01:56:43Z,0,0.0,0.00,79,12.7,0.00,Deactivated,27,28,0,0,8363
2026-08-24T01:56:43Z,0,0.0,0.00,79,12.7,0.00,Deactivated,27,28,0,0,8363
2026-08-24T01:56:43Z,0,0.0,0.00,79,12.7,0.00,Deactivated,27,28,0,0,8363
2026-08-24T01:56:44Z,0,0.0,0.00,79,12.7,0.00,Deactivated,27,28,0,0,8363
2026-08-24T01:56:44Z,0,0.0,0.00,79,12.7,0.00,Deactivated,27,28,0,0,8363
2026-08-24T01:56:44Z,0,0.0,0.00,79,12.7,0.00,Deactivated,27,28,0,0,8363
2026-08-24T01:56:45Z,0,0.0,0.00,79,12.7,0.00,Deactivated,27,28,0,0,8363
2026-08-24T01:56:45Z,0,0.0,0.00,79,12.7,0.00,Deactivated,27,28,0,0,8363
2026-08-24T01:56:45Z,0,0.0,0.00,79,12.7,0.00,Deactivated,27,28,0,0,8363
2026-08-24T01:56:46Z,0,0.0,0.00,79,12.7,0.00,Deactivated,27,28,0,0,8363
2026-08-24T01:56:46Z,0,0.0,0.00,79,12.7,0.00,Deactivated,27,28,0,0,8363
2026-08-24T01:56:46Z,0,0.0,0.00,79,12.7,0.00,Deactivated,27,28,0,0,8363
2026-08-24T01:56:47Z,0,0.0,0.00,79,12.7,0.00,Deactivated,27,28,0,0,8363
2026-08-24T01:56:47Z,0,0.0,0.00,79,12.7,0.00,Deactivated,27,28,0,0,8363
2026-08-24T01:56:47Z,0,0.0,0.00,79,12.7,0.00,Deactivated,27,28,0,0,8363
2026-08-24T01:56:48Z,0,0.0,0.00,79,12.7,0.00,Deactivated,27,28,0,0,8363
2026-08-24T01:56:48Z,0,0.0,0.00,79,12.7,0.00,Deactivated,27,28,0,0,8363
2026-08-24T01:56:48Z,0,0.0,0.00,79,12.7,0.00,Deactivated,27,28,0,0,8363
2026-08-24T01:56:49Z,0,0.0,0.00,79,12.7,0.00,Deactivated,27,28,0,0,8363
2026-08-24T01:56:49Z,0,0.0,0.00,79,12.7,0.00,Deactivated,27,28,0,0,8363
2026-08-24T01:56:49Z,0,0.0,0.00,79,12.7,0.00,Deactivated,27,28,0,0,8363
2026-08-24T01:56:50Z,0,0.0,0.00,79,12.7,0.00,Deactivated,27,28,0,0,8363
2026-08-24T01:56:50Z,0,0.0,0.00,79,12.7,0.00,Deactivated,27,28,0,0,8363
2026-08-24T01:56:50Z,0,0.0,0.00,79,12.7,0.00,Deactivated,27,28,0,0,8363
2026-08-24T01:56:51Z,0,0.0,0.00,79,12.7,0.00,Deactivated,27,28,0,0,8363
2026-08-24T01:56:51Z,0,0.0,0.00,79,12.7,0.00,Deactivated,27,28,0,0,8363
2026-08-24T01:56:51Z,0,0.0,0.00,79,12.7,0.00,Deactivated,27,28,0,0,8363
2026-08-24T01:56:52Z,0,0.0,0.00,78,12.7,0.00,Deactivated,27,28,0,0,8363
2026-08-24T01:56:52Z,0,0.0,0.00,78,12.7,0.00,Deactivated,27,28,0,0,8363
2026-08-24T01:56:52Z,0,0.0,0.00,78,12.7,0.00,Deactivated,27,28,0,0,8363
2026-08-24T01:56:53Z,0,0.0,0.00,78,12.7,0.00,Deactivated,27,28,0,0,8363
2026-08-24T01:56:53Z,0,0.0,0.00,78,12.7,0.00,Deactivated,27,28,0,0,8363
2026-08-24T01:56:53Z,0,0.0,0.00,78,12.7,0.00,Deactivated,27,28,0,0,8363
2026-08-24T01:56:53Z,0,0.0,0.00,78,12.7,0.00,Deactivated,27,28,0,0,8363
2026-08-24T01:56:53Z,0,0.0,0.00,78,12.7,0.00,Deactivated,27,28,0,0,8363
2026-08-24T01:56:53Z,0,0.0,0.00,78,12.7,0.00,Deactivated,27,28,0,0,8363
2026-08-24T01:56:55Z,0,0.0,0.00,78,12.7,0.00,Deactivated,27,28,0,0,8363
2026-08-24T01:56:55Z,0,0.0,0.00,78,12.7,0.00,Deactivated,27,28,0,0,8363
2026-08-24T01:56:55Z,0,0.0,0.00,78,12.7,0.00,Deactivated,27,28,0,0,8363
2026-08-24T01:56:55Z,0,0.0,0.00,78,12.7,0.00,Deactivated,27,28,0,0,8363
2026-08-24T01:56:55Z,0,0.0,0.00,78,12.7,0.00,Deactivated,27,28,0,0,8363
2026-08-24T01:56:55Z,0,0.0,0.00,78,12.7,0.00,Deactivated,27,28,0,0,8363
2026-08-24T01:56:57Z,0,0.0,0.00,78,12.7,0.00,Deactivated,27,28,0,0,8363
2026-08-24T01:56:57Z,0,0.0,0.00,78,12.7,0.00,Deactivated,27,28,0,0,8363
2026-08-24T01:56:57Z,0,0.0,0.00,78,12.7,0.00,Deactivated,27,28,0,0,8363
2026-08-24T01:56:57Z,0,0.0,0.00,78,12.7,0.00,Deactivated,27,28,0,0,8363
2026-08-24T01:56:57Z,0,0.0,0.00,78,12.7,0.00,Deactivated,27,28,0,0,8363
2026-08-24T01:56:57Z,0,0.0,0.00,78,12.7,0.00,Deactivated,27,28,0,0,8363
2026-08-24T01:56:59Z,0,0.0,0.00,78,12.7,0.00,Deactivated,27,28,0,0,8363
2026-08-24T01:56:59Z,0,0.0,0.00,78,12.7,0.00,Deactivated,27,28,0,0,8363
2026-08-24T01:56:59Z,0,0.0,0.00,78,12.7,0.00,Deactivated,27,28,0,0,8363
2026-08-24T01:57:00Z,0,0.0,0.00,78,12.7,0.00,Deactivated,27,28,0,0,8363
2026-08-24T01:57:00Z,0,0.0,0.00,78,12.7,0.00,Deactivated,27,28,0,0,8363
2026-08-24T01:57:00Z,0,0.0,0.00,78,12.7,0.00,Deactivated,27,28,0,0,8363
2026-08-24T01:57:01Z,0,0.0,0.00,78,12.7,0.00,Deactivated,27,28,0,0,8363
2026-08-24T01:57:01Z,0,0.0,0.00,78,12.7,0.00,Deactivated,27,28,0,0,8363
2026-08-24T01:57:01Z,0,0.0,0.00,78,12.7,0.00,Deactivated,27,28,0,0,8363
2026-08-24T01:57:02Z,0,0.0,0.00,78,12.7,0.00,Deactivated,27,28,0,0,8363
2026-08-24T01:57:02Z,0,0.0,0.00,78,12.7,0.00,Deactivated,27,28,0,0,8363
2026-08-24T01:57:02Z,0,0.0,0.00,78,12.7,0.00,Deactivated,27,28,0,0,8363
2026-08-24T01:57:03Z,0,0.0,0.00,78,12.7,0.00,Deactivated,27,28,0,0,8363
2026-08-24T01:57:03Z,0,0.0,0.00,78,12.7,0.00,Deactivated,27,28,0,0,8363
2026-08-24T01:57:03Z,0,0.0,0.00,78,12.7,0.00,Deactivated,27,28,0,0,8363
2026-08-24T01:57:04Z,0,0.0,0.00,78,12.7,0.00,Deactivated,27,28,0,0,8363
2026-08-24T01:57:04Z,0,0.0,0.00,78,12.7,0.00,Deactivated,27,28,0,0,8363
2026-08-24T01:57:04Z,0,0.0,0.00,78,12.7,0.00,Deactivated,27,28,0,0,8363
2026-08-24T01:57:04Z,0,0.0,0.00,78,12.7,0.00,Deactivated,27,28,0,0,8363
2026-08-24T01:57:04Z,0,0.0,0.00,78,12.7,0.00,Deactivated,27,28,0,0,8363
2026-08-24T01:57:04Z,0,0.0,0.00,78,12.7,0.00,Deactivated,27,28,0,0,8363
2026-08-24T01:57:05Z,0,0.0,0.00,78,12.7,0.00,Deactivated,27,28,0,0,8363
2026-08-24T01:57:05Z,0,0.0,0.00,78,12.7,0.00,Deactivated,27,28,0,0,8363
2026-08-24T01:57:05Z,0,0.0,0.00,78,12.7,0.00,Deactivated,27,28,0,0,8363
2026-08-24T01:57:07Z,0,0.0,0.00,78,12.7,0.00,Deactivated,27,28,0,0,8363
2026-08-24T01:57:07Z,0,0.0,0.00,78,12.7,0.00,Deactivated,27,28,0,0,8363
2026-08-24T01:57:07Z,0,0.0,0.00,78,12.7,0.00,Deactivated,27,28,0,0,8363
2026-08-24T01:57:08Z,0,0.0,0.00,78,12.7,0.00,Deactivated,27,28,0,0,8363
2026-08-24T01:57:08Z,0,0.0,0.00,78,12.7,0.00,Deactivated,27,28,0,0,8363
2026-08-24T01:57:08Z,0,0.0,0.00,78,12.7,0.00,Deactivated,27,28,0,0,8363
2026-08-24T01:57:09Z,0,0.0,0.00,78,12.7,0.00,Deactivated,27,28,0,0,8363
2026-08-24T01:57:09Z,0,0.0,0.00,78,12.7,0.00,Deactivated,27,28,0,0,8363
2026-08-24T01:57:09Z,0,0.0,0.00,78,12.7,0.00,Deactivated,27,28,0,0,8363
2026-08-24T01:57:10Z,0,0.0,0.00,78,12.7,0.00,Deactivated,27,28,0,0,8363
2026-08-24T01:57:10Z,0,0.0,0.00,78,12.7,0.00,Deactivated,27,28,0,0,8363
2026-08-24T01:57:10Z,0,0.0,0.00,78,12.7,0.00,Deactivated,27,28,0,0,8363
2026-08-24T01:57:11Z,0,0.0,0.00,78,12.7,0.00,Deactivated,27,28,0,0,8363
2026-08-24T01:57:11Z,0,0.0,0.00,78,12.7,0.00,Deactivated,27,28,0,0,8363
2026-08-24T01:57:11Z,0,0.0,0.00,78,12.7,0.00,Deactivated,27,28,0,0,8363
2026-08-24T01:57:12Z,0,0.0,0.00,78,12.7,0.00,Deactivated,27,28,0,0,8363
2026-08-24T01:57:12Z,0,0.0,0.00,78,12.7,0.00,Deactivated,27,28,0,0,8363
2026-08-24T01:57:12Z,0,0.0,0.00,78,12.7,0.00,Deactivated,27,28,0,0,8363
2026-08-24T01:57:13Z,0,0.0,0.00,78,12.7,0.00,Deactivated,27,28,0,0,8363
2026-08-24T01:57:13Z,0,0.0,0.00,78,12.7,0.00,Deactivated,27,28,0,0,8363
2026-08-24T01:57:13Z,0,0.0,0.00,78,12.7,0.00,Deactivated,27,28,0,0,8363
2026-08-24T01:57:14Z,0,0.0,0.00,78,12.7,0.00,Deactivated,27,28,0,0,8363
2026-08-24T01:57:14Z,0,0.0,0.00,78,12.7,0.00,Deactivated,27,28,0,0,8363
2026-08-24T01:57:14Z,0,0.0,0.00,78,12.7,0.00,Deactivated,27,28,0,0,8363
2026-08-24T01:57:15Z,0,0.0,0.00,78,12.7,0.00,Deactivated,27,28,0,0,8363
2026-08-24T01:57:15Z,0,0.0,0.00,78,12.7,0.00,Deactivated,27,28,0,0,8363
2026-08-24T01:57:15Z,0,0.0,0.00,78,12.7,0.00,Deactivated,27,28,0,0,8363
2026-08-24T01:57:16Z,0,0.0,0.00,78,12.7,0.00,Deactivated,27,28,0,0,8363
2026-08-24T01:57:16Z,0,0.0,0.00,78,12.7,0.00,Deactivated,27,28,0,0,8363
2026-08-24T01:57:16Z,0,0.0,0.00,78,12.7,0.00,Deactivated,27,28,0,0,8363
2026-08-24T01:57:17Z,0,0.0,0.00,78,12.7,0.00,Deactivated,27,28,0,0,8363
2026-08-24T01:57:17Z,0,0.0,0.00,78,12.7,0.00,Deactivated,27,28,0,0,8363
2026-08-24T01:57:17Z,0,0.0,0.00,78,12.7,0.00,Deactivated,27,28,0,0,8363
2026-08-24T01:57:18Z,0,0.0,0.00,78,12.7,0.00,Deactivated,27,28,0,0,8363
2026-08-24T01:57:18Z,0,0.0,0.00,78,12.7,0.00,Deactivated,27,28,0,0,8363
2026-08-24T01:57:18Z,0,0.0,0.00,78,12.7,0.00,Deactivated,27,28,0,0,8363
2026-08-24T01:57:19Z,0,0.0,0.00,78,12.7,0.00,Deactivated,27,28,0,0,8363
2026-08-24T01:57:19Z,0,0.0,0.00,78,12.7,0.00,Deactivated,27,28,0,0,8363
2026-08-24T01:57:19Z,0,0.0,0.00,78,12.7,0.00,Deactivated,27,28,0,0,8363
2026-08-24T01:57:20Z,0,0.0,0.00,78,12.7,0.00,Deactivated,27,28,0,0,8363
2026-08-24T01:57:20Z,0,0.0,0.00,78,12.7,0.00,Deactivated,27,28,0,0,8363
2026-08-24T01:57:20Z,0,0.0,0.00,78,12.7,0.00,Deactivated,27,28,0,0,8363
2026-08-24T01:57:20Z,0,0.0,0.00,78,12.7,0.00,Deactivated,27,28,0,0,8363
2026-08-24T01:57:20Z,0,0.0,0.00,78,12.7,0.00,Deactivated,27,28,0,0,8363
2026-08-24T01:57:20Z,0,0.0,0.00,78,12.7,0.00,Deactivated,27,28,0,0,8363
2026-08-24T01:57:22Z,0,0.0,0.00,78,12.7,0.00,Deactivated,27,28,0,0,8363
2026-08-24T01:57:22Z,0,0.0,0.00,78,12.7,0.00,Deactivated,27,28,0,0,8363
2026-08-24T01:57:22Z,0,0.0,0.00,78,12.7,0.00,Deactivated,27,28,0,0,8363
2026-08-24T01:57:23Z,0,0.0,0.00,78,12.7,0.00,Deactivated,27,28,0,0,8363
2026-08-24T01:57:23Z,0,0.0,0.00,78,12.7,0.00,Deactivated,27,28,0,0,8363
2026-08-24T01:57:23Z,0,0.0,0.00,78,12.7,0.00,Deactivated,27,28,0,0,8363
2026-08-24T01:57:23Z,0,0.0,0.00,78,12.7,0.00,Deactivated,27,28,0,0,8363
2026-08-24T01:57:23Z,0,0.0,0.00,78,12.7,0.00,Deactivated,27,28,0,0,8363
2026-08-24T01:57:23Z,0,0.0,0.00,78,12.7,0.00,Deactivated,27,28,0,0,8363
2026-08-24T01:57:25Z,0,0.0,0.00,78,12.7,0.00,Deactivated,27,28,0,0,8363
2026-08-24T01:57:25Z,0,0.0,0.00,78,12.7,0.00,Deactivated,27,28,0,0,8363
2026-08-24T01:57:25Z,0,0.0,0.00,78,12.7,0.00,Deactivated,27,28,0,0,8363
2026-08-24T01:57:26Z,0,0.0,0.00,78,12.7,0.00,Deactivated,27,28,0,0,8363
2026-08-24T01:57:26Z,0,0.0,0.00,78,12.7,0.00,Deactivated,27,28,0,0,8363
2026-08-24T01:57:26Z,0,0.0,0.00,78,12.7,0.00,Deactivated,27,28,0,0,8363
2026-08-24T01:57:27Z,0,0.0,0.00,78,12.7,0.00,Deactivated,27,28,0,0,8363
2026-08-24T01:57:27Z,0,0.0,0.00,78,12.7,0.00,Deactivated,27,28,0,0,8363
2026-08-24T01:57:27Z,0,0.0,0.00,78,12.7,0.00,Deactivated,27,28,0,0,8363
2026-08-24T01:57:28Z,0,0.0,0.00,78,12.7,0.00,Deactivated,27,28,0,0,8363
2026-08-24T01:57:28Z,0,0.0,0.00,78,12.7,0.00,Deactivated,27,28,0,0,8363
2026-08-24T01:57:28Z,0,0.0,0.00,78,12.7,0.00,Deactivated,27,28,0,0,8363
2026-08-24T01:57:29Z,0,0.0,0.00,78,12.7,0.00,Deactivated,27,28,0,0,8363
2026-08-24T01:57:29Z,0,0.0,0.00,78,12.7,0.00,Deactivated,27,28,0,0,8363
2026-08-24T01:57:29Z,0,0.0,0.00,78,12.7,0.00,Deactivated,27,28,0,0,8363
2026-08-24T01:57:30Z,0,0.0,0.00,78,12.7,0.00,Deactivated,27,28,0,0,8363
2026-08-24T01:57:30Z,0,0.0,0.00,78,12.7,0.00,Deactivated,27,28,0,0,8363
2026-08-24T01:57:30Z,0,0.0,0.00,78,12.7,0.00,Deactivated,27,28,0,0,8363
2026-08-24T01:57:31Z,0,0.0,0.00,78,12.7,0.00,Deactivated,27,28,0,0,8363
2026-08-24T01:57:31Z,0,0.0,0.00,78,12.7,0.00,Deactivated,27,28,0,0,8363
2026-08-24T01:57:31Z,0,0.0,0.00,78,12.7,0.00,Deactivated,27,28,0,0,8363
2026-08-24T01:57:32Z,0,0.0,0.00,79,12.7,0.00,Deactivated,27,28,0,0,8363
2026-08-24T01:57:32Z,0,0.0,0.00,79,12.7,0.00,Deactivated,27,28,0,0,8363
2026-08-24T01:57:32Z,0,0.0,0.00,79,12.7,0.00,Deactivated,27,28,0,0,8363
2026-08-24T01:57:33Z,0,0.0,0.00,79,12.7,0.00,Deactivated,27,28,0,0,8363
2026-08-24T01:57:33Z,0,0.0,0.00,79,12.7,0.00,Deactivated,27,28,0,0,8363
2026-08-24T01:57:33Z,0,0.0,0.00,79,12.7,0.00,Deactivated,27,28,0,0,8363
2026-08-24T01:57:34Z,0,0.0,0.00,79,12.7,0.00,Deactivated,27,28,0,0,8363
2026-08-24T01:57:34Z,0,0.0,0.00,79,12.7,0.00,Deactivated,27,28,0,0,8363
2026-08-24T01:57:34Z,0,0.0,0.00,79,12.7,0.00,Deactivated,27,28,0,0,8363
2026-08-24T01:57:35Z,0,0.0,0.00,79,12.7,0.00,Deactivated,27,28,0,0,8363
2026-08-24T01:57:35Z,0,0.0,0.00,79,12.7,0.00,Deactivated,27,28,0,0,8363
2026-08-24T01:57:35Z,0,0.0,0.00,79,12.7,0.00,Deactivated,27,28,0,0,8363
2026-08-24T01:57:36Z,0,0.0,0.00,79,12.7,0.00,Deactivated,27,28,0,0,8363
2026-08-24T01:57:36Z,0,0.0,0.00,79,12.7,0.00,Deactivated,27,28,0,0,8363
2026-08-24T01:57:36Z,0,0.0,0.00,79,12.7,0.00,Deactivated,27,28,0,0,8363
2026-08-24T01:57:37Z,0,0.0,0.00,78,12.7,0.00,Deactivated,27,28,0,0,8363
2026-08-24T01:57:37Z,0,0.0,0.00,78,12.7,0.00,Deactivated,27,28,0,0,8363
2026-08-24T01:57:37Z,0,0.0,0.00,78,12.7,0.00,Deactivated,27,28,0,0,8363
2026-08-24T01:57:37Z,0,0.0,0.00,78,12.7,0.00,Deactivated,27,28,0,0,8363
2026-08-24T01:57:37Z,0,0.0,0.00,78,12.7,0.00,Deactivated,27,28,0,0,8363
2026-08-24T01:57:37Z,0,0.0,0.00,78,12.7,0.00,Deactivated,27,28,0,0,8363
2026-08-24T01:57:39Z,0,0.0,0.00,78,12.7,0.00,Deactivated,27,28,0,0,8363
2026-08-24T01:57:39Z,0,0.0,0.00,78,12.7,0.00,Deactivated,27,28,0,0,8363
2026-08-24T01:57:39Z,0,0.0,0.00,78,12.7,0.00,Deactivated,27,28,0,0,8363
2026-08-24T01:57:40Z,0,0.0,0.00,78,12.7,0.00,Deactivated,27,28,0,0,8363
2026-08-24T01:57:40Z,0,0.0,0.00,78,12.7,0.00,Deactivated,27,28,0,0,8363
2026-08-24T01:57:40Z,0,0.0,0.00,78,12.7,0.00,Deactivated,27,28,0,0,8363
2026-08-24T01:57:41Z,0,0.0,0.00,78,12.7,0.00,Deactivated,27,28,0,0,8363
2026-08-24T01:57:41Z,0,0.0,0.00,78,12.7,0.00,Deactivated,27,28,0,0,8363
2026-08-24T01:57:41Z,0,0.0,0.00,78,12.7,0.00,Deactivated,27,28,0,0,8363
2026-08-24T01:57:42Z,0,0.0,0.00,79,12.7,0.00,Deactivated,27,28,0,0,8363
2026-08-24T01:57:42Z,0,0.0,0.00,79,12.7,0.00,Deactivated,27,28,0,0,8363
2026-08-24T01:57:42Z,0,0.0,0.00,79,12.7,0.00,Deactivated,27,28,0,0,8363
2026-08-24T01:57:43Z,0,0.0,0.00,79,12.7,0.00,Deactivated,27,28,0,0,8363
2026-08-24T01:57:43Z,0,0.0,0.00,79,12.7,0.00,Deactivated,27,28,0,0,8363
2026-08-24T01:57:43Z,0,0.0,0.00,79,12.7,0.00,Deactivated,27,28,0,0,8363
2026-08-24T01:57:44Z,0,0.0,0.00,79,12.7,0.00,Deactivated,27,28,0,0,8363
2026-08-24T01:57:44Z,0,0.0,0.00,79,12.7,0.00,Deactivated,27,28,0,0,8363
2026-08-24T01:57:44Z,0,0.0,0.00,79,12.7,0.00,Deactivated,27,28,0,0,8363
2026-08-24T01:57:45Z,0,0.0,0.00,79,12.7,0.00,Deactivated,27,28,0,0,8363
2026-08-24T01:57:45Z,0,0.0,0.00,79,12.7,0.00,Deactivated,27,28,0,0,8363
2026-08-24T01:57:45Z,0,0.0,0.00,79,12.7,0.00,Deactivated,27,28,0,0,8363
2026-08-24T01:57:46Z,0,0.0,0.00,79,12.7,0.00,Deactivated,27,28,0,0,8363
2026-08-24T01:57:46Z,0,0.0,0.00,79,12.7,0.00,Deactivated,27,28,0,0,8363
2026-08-24T01:57:46Z,0,0.0,0.00,79,12.7,0.00,Deactivated,27,28,0,0,8363
2026-08-24T01:57:46Z,0,0.0,0.00,78,12.7,0.00,Deactivated,27,28,0,0,8363
2026-08-24T01:57:46Z,0,0.0,0.00,78,12.7,0.00,Deactivated,27,28,0,0,8363
2026-08-24T01:57:46Z,0,0.0,0.00,78,12.7,0.00,Deactivated,27,28,0,0,8363
2026-08-24T01:57:48Z,0,0.0,0.00,78,12.7,0.00,Deactivated,27,28,0,0,8363
2026-08-24T01:57:48Z,0,0.0,0.00,78,12.7,0.00,Deactivated,27,28,0,0,8363
2026-08-24T01:57:48Z,0,0.0,0.00,78,12.7,0.00,Deactivated,27,28,0,0,8363
2026-08-24T01:57:49Z,0,0.0,0.00,78,12.7,0.00,Deactivated,27,28,0,0,8363
2026-08-24T01:57:49Z,0,0.0,0.00,78,12.7,0.00,Deactivated,27,28,0,0,8363
2026-08-24T01:57:49Z,0,0.0,0.00,78,12.7,0.00,Deactivated,27,28,0,0,8363
2026-08-24T01:57:50Z,0,0.0,0.00,78,12.7,0.00,Deactivated,27,28,0,0,8363
2026-08-24T01:57:50Z,0,0.0,0.00,78,12.7,0.00,Deactivated,27,28,0,0,8363
2026-08-24T01:57:50Z,0,0.0,0.00,78,12.7,0.00,Deactivated,27,28,0,0,8363
2026-08-24T01:57:51Z,0,0.0,0.00,78,12.7,0.00,Deactivated,27,28,0,0,8363
2026-08-24T01:57:51Z,0,0.0,0.00,78,12.7,0.00,Deactivated,27,28,0,0,8363
2026-08-24T01:57:51Z,0,0.0,0.00,78,12.7,0.00,Deactivated,27,28,0,0,8363
2026-08-24T01:57:52Z,0,0.0,0.00,78,12.7,0.00,Deactivated,27,28,0,0,8363
2026-08-24T01:57:52Z,0,0.0,0.00,78,12.7,0.00,Deactivated,27,28,0,0,8363
2026-08-24T01:57:52Z,0,0.0,0.00,78,12.7,0.00,Deactivated,27,28,0,0,8363
2026-08-24T01:57:53Z,0,0.0,0.00,78,12.7,0.00,Deactivated,27,28,0,0,8363
2026-08-24T01:57:53Z,0,0.0,0.00,78,12.7,0.00,Deactivated,27,28,0,0,8363
2026-08-24T01:57:53Z,0,0.0,0.00,78,12.7,0.00,Deactivated,27,28,0,0,8363
2026-08-24T01:57:54Z,0,0.0,0.00,78,12.7,0.00,Deactivated,27,28,0,0,8363
2026-08-24T01:57:54Z,0,0.0,0.00,78,12.7,0.00,Deactivated,27,28,0,0,8363
2026-08-24T01:57:54Z,0,0.0,0.00,78,12.7,0.00,Deactivated,27,28,0,0,8363
2026-08-24T01:57:55Z,0,0.0,0.00,78,12.7,0.00,Deactivated,27,28,0,0,8363
2026-08-24T01:57:55Z,0,0.0,0.00,78,12.7,0.00,Deactivated,27,28,0,0,8363
2026-08-24T01:57:55Z,0,0.0,0.00,78,12.7,0.00,Deactivated,27,28,0,0,8363
2026-08-24T01:57:55Z,0,0.0,0.00,78,12.7,0.00,Deactivated,27,28,0,0,8363
2026-08-24T01:57:55Z,0,0.0,0.00,78,12.7,0.00,Deactivated,27,28,0,0,8363
2026-08-24T01:57:55Z,0,0.0,0.00,78,12.7,0.00,Deactivated,27,28,0,0,8363
2026-08-24T01:57:57Z,0,0.0,0.00,78,12.7,0.00,Deactivated,27,28,0,0,8363
2026-08-24T01:57:57Z,0,0.0,0.00,78,12.7,0.00,Deactivated,27,28,0,0,8363
2026-08-24T01:57:57Z,0,0.0,0.00,78,12.7,0.00,Deactivated,27,28,0,0,8363
2026-08-24T01:57:58Z,0,0.0,0.00,78,12.7,0.00,Deactivated,27,28,0,0,8363
2026-08-24T01:57:58Z,0,0.0,0.00,78,12.7,0.00,Deactivated,27,28,0,0,8363
2026-08-24T01:57:58Z,0,0.0,0.00,78,12.7,0.00,Deactivated,27,28,0,0,8363
2026-08-24T01:57:59Z,0,0.0,0.00,78,12.7,0.00,Deactivated,27,28,0,0,8363
2026-08-24T01:57:59Z,0,0.0,0.00,78,12.7,0.00,Deactivated,27,28,0,0,8363
2026-08-24T01:57:59Z,0,0.0,0.00,78,12.7,0.00,Deactivated,27,28,0,0,8363
2026-08-24T01:58:00Z,0,0.0,0.00,78,12.7,0.00,Deactivated,27,28,0,0,8363
2026-08-24T01:58:00Z,0,0.0,0.00,78,12.7,0.00,Deactivated,27,28,0,0,8363
2026-08-24T01:58:00Z,0,0.0,0.00,78,12.7,0.00,Deactivated,27,28,0,0,8363
2026-08-24T01:58:01Z,0,0.0,0.00,78,12.7,0.00,Deactivated,27,28,0,0,8363
2026-08-24T01:58:01Z,0,0.0,0.00,78,12.7,0.00,Deactivated,27,28,0,0,8363
2026-08-24T01:58:01Z,0,0.0,0.00,78,12.7,0.00,Deactivated,27,28,0,0,8363
2026-08-24T01:58:02Z,0,0.0,0.00,79,12.7,0.00,Deactivated,27,28,0,0,8363
2026-08-24T01:58:02Z,0,0.0,0.00,79,12.7,0.00,Deactivated,27,28,0,0,8363
2026-08-24T01:58:02Z,0,0.0,0.00,79,12.7,0.00,Deactivated,27,28,0,0,8363
2026-08-24T01:58:03Z,0,0.0,0.00,79,12.7,0.00,Deactivated,27,28,0,0,8363
2026-08-24T01:58:03Z,0,0.0,0.00,79,12.7,0.00,Deactivated,27,28,0,0,8363
2026-08-24T01:58:03Z,0,0.0,0.00,79,12.7,0.00,Deactivated,27,28,0,0,8363
2026-08-24T01:58:04Z,0,0.0,0.00,79,12.7,0.00,Deactivated,27,28,0,0,8363
2026-08-24T01:58:04Z,0,0.0,0.00,79,12.7,0.00,Deactivated,27,28,0,0,8363
2026-08-24T01:58:04Z,0,0.0,0.00,79,12.7,0.00,Deactivated,27,28,0,0,8363
2026-08-24T01:58:05Z,0,0.0,0.00,79,12.7,0.00,Deactivated,27,28,0,0,8363
2026-08-24T01:58:05Z,0,0.0,0.00,79,12.7,0.00,Deactivated,27,28,0,0,8363
2026-08-24T01:58:05Z,0,0.0,0.00,79,12.7,0.00,Deactivated,27,28,0,0,8363
2026-08-24T01:58:06Z,0,0.0,0.00,79,12.7,0.00,Deactivated,27,28,0,0,8363
2026-08-24T01:58:06Z,0,0.0,0.00,79,12.7,0.00,Deactivated,27,28,0,0,8363
2026-08-24T01:58:06Z,0,0.0,0.00,79,12.7,0.00,Deactivated,27,28,0,0,8363
2026-08-24T01:58:07Z,0,0.0,0.00,78,12.7,0.00,Deactivated,27,28,0,0,8363
2026-08-24T01:58:07Z,0,0.0,0.00,78,12.7,0.00,Deactivated,27,28,0,0,8363
2026-08-24T01:58:07Z,0,0.0,0.00,78,12.7,0.00,Deactivated,27,28,0,0,8363
2026-08-24T01:58:08Z,0,0.0,0.00,78,12.7,0.00,Deactivated,27,28,0,0,8363
2026-08-24T01:58:08Z,0,0.0,0.00,78,12.7,0.00,Deactivated,27,28,0,0,8363
2026-08-24T01:58:08Z,0,0.0,0.00,78,12.7,0.00,Deactivated,27,28,0,0,8363
2026-08-24T01:58:09Z,0,0.0,0.00,78,12.7,0.00,Deactivated,27,28,0,0,8363
2026-08-24T01:58:09Z,0,0.0,0.00,78,12.7,0.00,Deactivated,27,28,0,0,8363
2026-08-24T01:58:09Z,0,0.0,0.00,78,12.7,0.00,Deactivated,27,28,0,0,8363
2026-08-24T01:58:09Z,0,0.0,0.00,78,12.7,0.00,Deactivated,27,28,0,0,8363
2026-08-24T01:58:09Z,0,0.0,0.00,78,12.7,0.00,Deactivated,27,28,0,0,8363
2026-08-24T01:58:09Z,0,0.0,0.00,78,12.7,0.00,Deactivated,27,28,0,0,8363
2026-08-24T01:58:11Z,0,0.0,0.00,78,12.7,0.00,Deactivated,27,28,0,0,8363
2026-08-24T01:58:11Z,0,0.0,0.00,78,12.7,0.00,Deactivated,27,28,0,0,8363
2026-08-24T01:58:11Z,0,0.0,0.00,78,12.7,0.00,Deactivated,27,28,0,0,8363
2026-08-24T01:58:11Z,0,0.0,0.00,78,12.7,0.00,Deactivated,27,28,0,0,8363
2026-08-24T01:58:11Z,0,0.0,0.00,78,12.7,0.00,Deactivated,27,28,0,0,8363
2026-08-24T01:58:11Z,0,0.0,0.00,78,12.7,0.00,Deactivated,27,28,0,0,8363
2026-08-24T01:58:13Z,0,0.0,0.00,78,12.7,0.00,Deactivated,27,28,0,0,8363
2026-08-24T01:58:13Z,0,0.0,0.00,78,12.7,0.00,Deactivated,27,28,0,0,8363
2026-08-24T01:58:13Z,0,0.0,0.00,78,12.7,0.00,Deactivated,27,28,0,0,8363
2026-08-24T01:58:14Z,0,0.0,0.00,78,12.7,0.00,Deactivated,27,28,0,0,8363
2026-08-24T01:58:14Z,0,0.0,0.00,78,12.7,0.00,Deactivated,27,28,0,0,8363
2026-08-24T01:58:14Z,0,0.0,0.00,78,12.7,0.00,Deactivated,27,28,0,0,8363
2026-08-24T01:58:14Z,0,0.0,0.00,78,12.7,0.00,Deactivated,27,28,0,0,8363
2026-08-24T01:58:14Z,0,0.0,0.00,78,12.7,0.00,Deactivated,27,28,0,0,8363
2026-08-24T01:58:14Z,0,0.0,0.00,78,12.7,0.00,Deactivated,27,28,0,0,8363
2026-08-24T01:58:16Z,0,0.0,0.00,78,12.7,0.00,Deactivated,27,28,0,0,8363
2026-08-24T01:58:16Z,0,0.0,0.00,78,12.7,0.00,Deactivated,27,28,0,0,8363
2026-08-24T01:58:16Z,0,0.0,0.00,78,12.7,0.00,Deactivated,27,28,0,0,8363
2026-08-24T01:58:17Z,0,0.0,0.00,78,12.7,0.00,Deactivated,27,28,0,0,8363
2026-08-24T01:58:17Z,0,0.0,0.00,78,12.7,0.00,Deactivated,27,28,0,0,8363
2026-08-24T01:58:17Z,0,0.0,0.00,78,12.7,0.00,Deactivated,27,28,0,0,8363
2026-08-24T01:58:18Z,0,0.0,0.00,78,12.7,0.00,Deactivated,27,28,0,0,8363
2026-08-24T01:58:18Z,0,0.0,0.00,78,12.7,0.00,Deactivated,27,28,0,0,8363
2026-08-24T01:58:18Z,0,0.0,0.00,78,12.7,0.00,Deactivated,27,28,0,0,8363
2026-08-24T01:58:19Z,0,0.0,0.00,78,12.7,0.00,Deactivated,27,28,0,0,8363
2026-08-24T01:58:19Z,0,0.0,0.00,78,12.7,0.00,Deactivated,27,28,0,0,8363
2026-08-24T01:58:19Z,0,0.0,0.00,78,12.7,0.00,Deactivated,27,28,0,0,8363
2026-08-24T01:58:19Z,0,0.0,0.00,78,12.7,0.00,Deactivated,27,28,0,0,8363
2026-08-24T01:58:19Z,0,0.0,0.00,78,12.7,0.00,Deactivated,27,28,0,0,8363
2026-08-24T01:58:19Z,0,0.0,0.00,78,12.7,0.00,Deactivated,27,28,0,0,8363
2026-08-24T01:58:21Z,0,0.0,0.00,78,12.7,0.00,Deactivated,27,28,0,0,8363
2026-08-24T01:58:21Z,0,0.0,0.00,78,12.7,0.00,Deactivated,27,28,0,0,8363
2026-08-24T01:58:21Z,0,0.0,0.00,78,12.7,0.00,Deactivated,27,28,0,0,8363
2026-08-24T01:58:22Z,0,0.0,0.00,78,12.7,0.00,Deactivated,27,28,0,0,8363
2026-08-24T01:58:22Z,0,0.0,0.00,78,12.7,0.00,Deactivated,27,28,0,0,8363
2026-08-24T01:58:22Z,0,0.0,0.00,78,12.7,0.00,Deactivated,27,28,0,0,8363
2026-08-24T01:58:23Z,0,0.0,0.00,78,12.7,0.00,Deactivated,27,28,0,0,8363
2026-08-24T01:58:23Z,0,0.0,0.00,78,12.7,0.00,Deactivated,27,28,0,0,8363
2026-08-24T01:58:23Z,0,0.0,0.00,78,12.7,0.00,Deactivated,27,28,0,0,8363
2026-08-24T01:58:24Z,0,0.0,0.00,78,12.7,0.00,Deactivated,27,28,0,0,8363
2026-08-24T01:58:24Z,0,0.0,0.00,78,12.7,0.00,Deactivated,27,28,0,0,8363
2026-08-24T01:58:24Z,0,0.0,0.00,78,12.7,0.00,Deactivated,27,28,0,0,8363
2026-08-24T01:58:24Z,0,0.0,0.00,78,12.7,0.00,Deactivated,27,28,0,0,8363
2026-08-24T01:58:24Z,0,0.0,0.00,78,12.7,0.00,Deactivated,27,28,0,0,8363
2026-08-24T01:58:24Z,0,0.0,0.00,78,12.7,0.00,Deactivated,27,28,0,0,8363
2026-08-24T01:58:26Z,0,0.0,0.00,78,12.7,0.00,Deactivated,27,28,0,0,8363
2026-08-24T01:58:26Z,0,0.0,0.00,78,12.7,0.00,Deactivated,27,28,0,0,8363
2026-08-24T01:58:26Z,0,0.0,0.00,78,12.7,0.00,Deactivated,27,28,0,0,8363
2026-08-24T01:58:27Z,0,0.0,0.00,78,12.7,0.00,Deactivated,27,28,0,0,8363
2026-08-24T01:58:27Z,0,0.0,0.00,78,12.7,0.00,Deactivated,27,28,0,0,8363
2026-08-24T01:58:27Z,0,0.0,0.00,78,12.7,0.00,Deactivated,27,28,0,0,8363
2026-08-24T01:58:28Z,0,0.0,0.00,78,12.7,0.00,Deactivated,27,28,0,0,8363
2026-08-24T01:58:28Z,0,0.0,0.00,78,12.7,0.00,Deactivated,27,28,0,0,8363
2026-08-24T01:58:28Z,0,0.0,0.00,78,12.7,0.00,Deactivated,27,28,0,0,8363
2026-08-24T01:58:29Z,0,0.0,0.00,78,12.7,0.00,Deactivated,27,28,0,0,8363
2026-08-24T01:58:29Z,0,0.0,0.00,78,12.7,0.00,Deactivated,27,28,0,0,8363
2026-08-24T01:58:29Z,0,0.0,0.00,78,12.7,0.00,Deactivated,27,28,0,0,8363
2026-08-24T01:58:30Z,0,0.0,0.00,78,12.7,0.00,Deactivated,27,28,0,0,8363
2026-08-24T01:58:30Z,0,0.0,0.00,78,12.7,0.00,Deactivated,27,28,0,0,8363
2026-08-24T01:58:30Z,0,0.0,0.00,78,12.7,0.00,Deactivated,27,28,0,0,8363
2026-08-24T01:58:31Z,0,0.0,0.00,78,12.7,0.00,Deactivated,27,28,0,0,8363
2026-08-24T01:58:31Z,0,0.0,0.00,78,12.7,0.00,Deactivated,27,28,0,0,8363
2026-08-24T01:58:31Z,0,0.0,0.00,78,12.7,0.00,Deactivated,27,28,0,0,8363
2026-08-24T01:58:32Z,0,0.0,0.00,78,12.7,0.00,Deactivated,27,28,0,0,8363
2026-08-24T01:58:32Z,0,0.0,0.00,78,12.7,0.00,Deactivated,27,28,0,0,8363
2026-08-24T01:58:32Z,0,0.0,0.00,78,12.7,0.00,Deactivated,27,28,0,0,8363
2026-08-24T01:58:33Z,0,0.0,0.00,78,12.7,0.00,Deactivated,27,28,0,0,8363
2026-08-24T01:58:33Z,0,0.0,0.00,78,12.7,0.00,Deactivated,27,28,0,0,8363
2026-08-24T01:58:33Z,0,0.0,0.00,78,12.7,0.00,Deactivated,27,28,0,0,8363
2026-08-24T01:58:34Z,0,0.0,0.00,78,12.7,0.00,Deactivated,27,28,0,0,8363
2026-08-24T01:58:34Z,0,0.0,0.00,78,12.7,0.00,Deactivated,27,28,0,0,8363
2026-08-24T01:58:34Z,0,0.0,0.00,78,12.7,0.00,Deactivated,27,28,0,0,8363
2026-08-24T01:58:35Z,0,0.0,0.00,78,12.7,0.00,Deactivated,27,28,0,0,8363
2026-08-24T01:58:35Z,0,0.0,0.00,78,12.7,0.00,Deactivated,27,28,0,0,8363
2026-08-24T01:58:35Z,0,0.0,0.00,78,12.7,0.00,Deactivated,27,28,0,0,8363
2026-08-24T01:58:36Z,0,0.0,0.00,78,12.7,0.00,Deactivated,27,28,0,0,8363
2026-08-24T01:58:36Z,0,0.0,0.00,78,12.7,0.00,Deactivated,27,28,0,0,8363
2026-08-24T01:58:36Z,0,0.0,0.00,78,12.7,0.00,Deactivated,27,28,0,0,8363
2026-08-24T01:58:37Z,0,0.0,0.00,78,12.7,0.00,Deactivated,27,28,0,0,8363
2026-08-24T01:58:37Z,0,0.0,0.00,78,12.7,0.00,Deactivated,27,28,0,0,8363
2026-08-24T01:58:37Z,0,0.0,0.00,78,12.7,0.00,Deactivated,27,28,0,0,8363
2026-08-24T01:58:38Z,0,0.0,0.00,78,12.7,0.00,Deactivated,27,28,0,0,8363
2026-08-24T01:58:38Z,0,0.0,0.00,78,12.7,0.00,Deactivated,27,28,0,0,8363
2026-08-24T01:58:38Z,0,0.0,0.00,78,12.7,0.00,Deactivated,27,28,0,0,8363
2026-08-24T01:58:39Z,0,0.0,0.00,78,12.7,0.00,Deactivated,27,28,0,0,8363
2026-08-24T01:58:39Z,0,0.0,0.00,78,12.7,0.00,Deactivated,27,28,0,0,8363
2026-08-24T01:58:39Z,0,0.0,0.00,78,12.7,0.00,Deactivated,27,28,0,0,8363
2026-08-24T01:58:40Z,0,0.0,0.00,78,12.7,0.00,Deactivated,27,28,0,0,8363
2026-08-24T01:58:40Z,0,0.0,0.00,78,12.7,0.00,Deactivated,27,28,0,0,8363
2026-08-24T01:58:40Z,0,0.0,0.00,78,12.7,0.00,Deactivated,27,28,0,0,8363
2026-08-24T01:58:41Z,0,0.0,0.00,78,12.7,0.00,Deactivated,27,28,0,0,8363
2026-08-24T01:58:41Z,0,0.0,0.00,78,12.7,0.00,Deactivated,27,28,0,0,8363
2026-08-24T01:58:41Z,0,0.0,0.00,78,12.7,0.00,Deactivated,27,28,0,0,8363
2026-08-24T01:58:42Z,0,0.0,0.00,78,12.7,0.00,Deactivated,27,28,0,0,8363
2026-08-24T01:58:42Z,0,0.0,0.00,78,12.7,0.00,Deactivated,27,28,0,0,8363
2026-08-24T01:58:42Z,0,0.0,0.00,78,12.7,0.00,Deactivated,27,28,0,0,8363
2026-08-24T01:58:43Z,0,0.0,0.00,78,12.7,0.00,Deactivated,27,28,0,0,8363
2026-08-24T01:58:43Z,0,0.0,0.00,78,12.7,0.00,Deactivated,27,28,0,0,8363
2026-08-24T01:58:43Z,0,0.0,0.00,78,12.7,0.00,Deactivated,27,28,0,0,8363
2026-08-24T01:58:44Z,0,0.0,0.00,78,12.7,0.00,Deactivated,27,28,0,0,8363
2026-08-24T01:58:44Z,0,0.0,0.00,78,12.7,0.00,Deactivated,27,28,0,0,8363
2026-08-24T01:58:44Z,0,0.0,0.00,78,12.7,0.00,Deactivated,27,28,0,0,8363
2026-08-24T01:58:45Z,0,0.0,0.00,78,12.7,0.00,Deactivated,27,28,0,0,8363
2026-08-24T01:58:45Z,0,0.0,0.00,78,12.7,0.00,Deactivated,27,28,0,0,8363
2026-08-24T01:58:45Z,0,0.0,0.00,78,12.7,0.00,Deactivated,27,28,0,0,8363
2026-08-24T01:58:46Z,0,0.0,0.00,78,12.7,0.00,Deactivated,27,28,0,0,8363
2026-08-24T01:58:46Z,0,0.0,0.00,78,12.7,0.00,Deactivated,27,28,0,0,8363
2026-08-24T01:58:46Z,0,0.0,0.00,78,12.7,0.00,Deactivated,27,28,0,0,8363
2026-08-24T01:58:47Z,0,0.0,0.00,78,12.7,0.00,Deactivated,27,28,0,0,8363
2026-08-24T01:58:47Z,0,0.0,0.00,78,12.7,0.00,Deactivated,27,28,0,0,8363
2026-08-24T01:58:47Z,0,0.0,0.00,78,12.7,0.00,Deactivated,27,28,0,0,8363
2026-08-24T01:58:48Z,0,0.0,0.00,78,12.7,0.00,Deactivated,27,28,0,0,8363
2026-08-24T01:58:48Z,0,0.0,0.00,78,12.7,0.00,Deactivated,27,28,0,0,8363
2026-08-24T01:58:48Z,0,0.0,0.00,78,12.7,0.00,Deactivated,27,28,0,0,8363
2026-08-24T01:58:48Z,0,0.0,0.00,78,12.7,0.00,Deactivated,27,28,0,0,8363
2026-08-24T01:58:48Z,0,0.0,0.00,78,12.7,0.00,Deactivated,27,28,0,0,8363
2026-08-24T01:58:48Z,0,0.0,0.00,78,12.7,0.00,Deactivated,27,28,0,0,8363
2026-08-24T01:58:49Z,0,0.0,0.00,78,12.7,0.00,Deactivated,27,28,0,0,8363
2026-08-24T01:58:49Z,0,0.0,0.00,78,12.7,0.00,Deactivated,27,28,0,0,8363
2026-08-24T01:58:49Z,0,0.0,0.00,78,12.7,0.00,Deactivated,27,28,0,0,8363
2026-08-24T01:58:50Z,0,0.0,0.00,78,12.7,0.00,Deactivated,27,28,0,0,8363
2026-08-24T01:58:50Z,0,0.0,0.00,78,12.7,0.00,Deactivated,27,28,0,0,8363
2026-08-24T01:58:50Z,0,0.0,0.00,78,12.7,0.00,Deactivated,27,28,0,0,8363
2026-08-24T01:58:50Z,0,0.0,0.00,78,12.7,0.00,Deactivated,27,28,0,0,8363
2026-08-24T01:58:50Z,0,0.0,0.00,78,12.7,0.00,Deactivated,27,28,0,0,8363
2026-08-24T01:58:50Z,0,0.0,0.00,78,12.7,0.00,Deactivated,27,28,0,0,8363
2026-08-24T01:58:51Z,0,0.0,0.00,78,12.7,0.00,Deactivated,27,28,0,0,8363
2026-08-24T01:58:51Z,0,0.0,0.00,78,12.7,0.00,Deactivated,27,28,0,0,8363
2026-08-24T01:58:51Z,0,0.0,0.00,78,12.7,0.00,Deactivated,27,28,0,0,8363
2026-08-24T01:58:52Z,0,0.0,0.00,78,12.7,0.00,Deactivated,27,28,0,0,8363
2026-08-24T01:58:52Z,0,0.0,0.00,78,12.7,0.00,Deactivated,27,28,0,0,8363
2026-08-24T01:58:52Z,0,0.0,0.00,78,12.7,0.00,Deactivated,27,28,0,0,8363
2026-08-24T01:58:53Z,0,0.0,0.00,78,12.7,0.00,Deactivated,27,28,0,0,8363
2026-08-24T01:58:53Z,0,0.0,0.00,78,12.7,0.00,Deactivated,27,28,0,0,8363
2026-08-24T01:58:53Z,0,0.0,0.00,78,12.7,0.00,Deactivated,27,28,0,0,8363
2026-08-24T01:58:54Z,0,0.0,0.00,78,12.7,0.00,Deactivated,27,28,0,0,8363
2026-08-24T01:58:54Z,0,0.0,0.00,78,12.7,0.00,Deactivated,27,28,0,0,8363
2026-08-24T01:58:54Z,0,0.0,0.00,78,12.7,0.00,Deactivated,27,28,0,0,8363
2026-08-24T01:58:54Z,0,0.0,0.00,78,12.7,0.00,Deactivated,27,28,0,0,8363
2026-08-24T01:58:54Z,0,0.0,0.00,78,12.7,0.00,Deactivated,27,28,0,0,8363
2026-08-24T01:58:54Z,0,0.0,0.00,78,12.7,0.00,Deactivated,27,28,0,0,8363
2026-08-24T01:58:55Z,0,0.0,0.00,78,12.7,0.00,Deactivated,27,28,0,0,8363
2026-08-24T01:58:55Z,0,0.0,0.00,78,12.7,0.00,Deactivated,27,28,0,0,8363
2026-08-24T01:58:55Z,0,0.0,0.00,78,12.7,0.00,Deactivated,27,28,0,0,8363
2026-08-24T01:58:56Z,0,0.0,0.00,78,12.7,0.00,Deactivated,27,28,0,0,8363
2026-08-24T01:58:56Z,0,0.0,0.00,78,12.7,0.00,Deactivated,27,28,0,0,8363
2026-08-24T01:58:56Z,0,0.0,0.00,78,12.7,0.00,Deactivated,27,28,0,0,8363
2026-08-24T01:58:57Z,0,0.0,0.00,78,12.7,0.00,Deactivated,27,28,0,0,8363
2026-08-24T01:58:57Z,0,0.0,0.00,78,12.7,0.00,Deactivated,27,28,0,0,8363
2026-08-24T01:58:57Z,0,0.0,0.00,78,12.7,0.00,Deactivated,27,28,0,0,8363
2026-08-24T01:58:58Z,0,0.0,0.00,78,12.7,0.00,Deactivated,27,28,0,0,8363
2026-08-24T01:58:58Z,0,0.0,0.00,78,12.7,0.00,Deactivated,27,28,0,0,8363
2026-08-24T01:58:58Z,0,0.0,0.00,78,12.7,0.00,Deactivated,27,28,0,0,8363
2026-08-24T01:58:58Z,0,0.0,0.00,78,12.7,0.00,Deactivated,27,28,0,0,8363
2026-08-24T01:58:58Z,0,0.0,0.00,78,12.7,0.00,Deactivated,27,28,0,0,8363
2026-08-24T01:58:58Z,0,0.0,0.00,78,12.7,0.00,Deactivated,27,28,0,0,8363
2026-08-24T01:58:58Z,0,0.0,0.00,78,12.7,0.00,Deactivated,27,28,0,0,8363
2026-08-24T01:58:58Z,0,0.0,0.00,78,12.7,0.00,Deactivated,27,28,0,0,8363
2026-08-24T01:58:58Z,0,0.0,0.00,78,12.7,0.00,Deactivated,27,28,0,0,8363
2026-08-24T01:59:00Z,0,0.0,0.00,78,12.7,0.00,Deactivated,27,28,0,0,8363
2026-08-24T01:59:00Z,0,0.0,0.00,78,12.7,0.00,Deactivated,27,28,0,0,8363
2026-08-24T01:59:00Z,0,0.0,0.00,78,12.7,0.00,Deactivated,27,28,0,0,8363
2026-08-24T01:59:01Z,0,0.0,0.00,78,12.7,0.00,Deactivated,27,28,0,0,8363
2026-08-24T01:59:01Z,0,0.0,0.00,78,12.7,0.00,Deactivated,27,28,0,0,8363
2026-08-24T01:59:01Z,0,0.0,0.00,78,12.7,0.00,Deactivated,27,28,0,0,8363
2026-08-24T01:59:01Z,0,0.0,0.00,78,12.7,0.00,Deactivated,27,28,0,0,8363
2026-08-24T01:59:01Z,0,0.0,0.00,78,12.7,0.00,Deactivated,27,28,0,0,8363
2026-08-24T01:59:01Z,0,0.0,0.00,78,12.7,0.00,Deactivated,27,28,0,0,8363
2026-08-24T01:59:03Z,0,0.0,0.00,78,12.7,0.00,Deactivated,27,28,0,0,8363
2026-08-24T01:59:03Z,0,0.0,0.00,78,12.7,0.00,Deactivated,27,28,0,0,8363
2026-08-24T01:59:03Z,0,0.0,0.00,78,12.7,0.00,Deactivated,27,28,0,0,8363
2026-08-24T01:59:04Z,0,0.0,0.00,78,12.7,0.00,Deactivated,27,28,0,0,8363
2026-08-24T01:59:04Z,0,0.0,0.00,78,12.7,0.00,Deactivated,27,28,0,0,8363
2026-08-24T01:59:04Z,0,0.0,0.00,78,12.7,0.00,Deactivated,27,28,0,0,8363
2026-08-24T01:59:04Z,0,0.0,0.00,78,12.7,0.00,Deactivated,27,28,0,0,8363
2026-08-24T01:59:04Z,0,0.0,0.00,78,12.7,0.00,Deactivated,27,28,0,0,8363
2026-08-24T01:59:04Z,0,0.0,0.00,78,12.7,0.00,Deactivated,27,28,0,0,8363
2026-08-24T01:59:05Z,0,0.0,0.00,78,12.7,0.00,Deactivated,27,28,0,0,8363
2026-08-24T01:59:05Z,0,0.0,0.00,78,12.7,0.00,Deactivated,27,28,0,0,8363
2026-08-24T01:59:05Z,0,0.0,0.00,78,12.7,0.00,Deactivated,27,28,0,0,8363
2026-08-24T01:59:05Z,0,0.0,0.00,78,12.7,0.00,Deactivated,27,28,0,0,8363
2026-08-24T01:59:05Z,0,0.0,0.00,78,12.7,0.00,Deactivated,27,28,0,0,8363
2026-08-24T01:59:05Z,0,0.0,0.00,78,12.7,0.00,Deactivated,27,28,0,0,8363
2026-08-24T01:59:07Z,0,0.0,0.00,78,12.7,0.00,Deactivated,27,28,0,0,8363
2026-08-24T01:59:07Z,0,0.0,0.00,78,12.7,0.00,Deactivated,27,28,0,0,8363
2026-08-24T01:59:07Z,0,0.0,0.00,78,12.7,0.00,Deactivated,27,28,0,0,8363
2026-08-24T01:59:08Z,0,0.0,0.00,78,12.7,0.00,Deactivated,27,28,0,0,8363
2026-08-24T01:59:08Z,0,0.0,0.00,78,12.7,0.00,Deactivated,27,28,0,0,8363
2026-08-24T01:59:08Z,0,0.0,0.00,78,12.7,0.00,Deactivated,27,28,0,0,8363
2026-08-24T01:59:08Z,0,0.0,0.00,78,12.7,0.00,Deactivated,27,28,0,0,8363
2026-08-24T01:59:08Z,0,0.0,0.00,78,12.7,0.00,Deactivated,27,28,0,0,8363
2026-08-24T01:59:08Z,0,0.0,0.00,78,12.7,0.00,Deactivated,27,28,0,0,8363
2026-08-24T01:59:09Z,0,0.0,0.00,78,12.7,0.00,Deactivated,27,28,0,0,8363
2026-08-24T01:59:09Z,0,0.0,0.00,78,12.7,0.00,Deactivated,27,28,0,0,8363
2026-08-24T01:59:09Z,0,0.0,0.00,78,12.7,0.00,Deactivated,27,28,0,0,8363
2026-08-24T01:59:10Z,0,0.0,0.00,78,12.7,0.00,Deactivated,27,28,0,0,8363
2026-08-24T01:59:10Z,0,0.0,0.00,78,12.7,0.00,Deactivated,27,28,0,0,8363
2026-08-24T01:59:10Z,0,0.0,0.00,78,12.7,0.00,Deactivated,27,28,0,0,8363
2026-08-24T01:59:11Z,0,0.0,0.00,78,12.7,0.00,Deactivated,27,28,0,0,8363
2026-08-24T01:59:11Z,0,0.0,0.00,78,12.7,0.00,Deactivated,27,28,0,0,8363
2026-08-24T01:59:11Z,0,0.0,0.00,78,12.7,0.00,Deactivated,27,28,0,0,8363
2026-08-24T01:59:12Z,0,0.0,0.00,78,12.7,0.00,Deactivated,27,28,0,0,8363
2026-08-24T01:59:12Z,0,0.0,0.00,78,12.7,0.00,Deactivated,27,28,0,0,8363
2026-08-24T01:59:12Z,0,0.0,0.00,78,12.7,0.00,Deactivated,27,28,0,0,8363
2026-08-24T01:59:13Z,0,0.0,0.00,78,12.7,0.00,Deactivated,27,28,0,0,8363
2026-08-24T01:59:13Z,0,0.0,0.00,78,12.7,0.00,Deactivated,27,28,0,0,8363
2026-08-24T01:59:13Z,0,0.0,0.00,78,12.7,0.00,Deactivated,27,28,0,0,8363
2026-08-24T01:59:14Z,0,0.0,0.00,78,12.7,0.00,Deactivated,27,28,0,0,8363
2026-08-24T01:59:14Z,0,0.0,0.00,78,12.7,0.00,Deactivated,27,28,0,0,8363
2026-08-24T01:59:14Z,0,0.0,0.00,78,12.7,0.00,Deactivated,27,28,0,0,8363
2026-08-24T01:59:15Z,0,0.0,0.00,78,12.7,0.00,Deactivated,27,28,0,0,8363
2026-08-24T01:59:15Z,0,0.0,0.00,78,12.7,0.00,Deactivated,27,28,0,0,8363
2026-08-24T01:59:15Z,0,0.0,0.00,78,12.7,0.00,Deactivated,27,28,0,0,8363
2026-08-24T01:59:16Z,0,0.0,0.00,78,12.7,0.00,Deactivated,27,28,0,0,8363
2026-08-24T01:59:16Z,0,0.0,0.00,78,12.7,0.00,Deactivated,27,28,0,0,8363
2026-08-24T01:59:16Z,0,0.0,0.00,78,12.7,0.00,Deactivated,27,28,0,0,8363
2026-08-24T01:59:16Z,0,0.0,0.00,78,12.7,0.00,Deactivated,27,28,0,0,8363
2026-08-24T01:59:16Z,0,0.0,0.00,78,12.7,0.00,Deactivated,27,28,0,0,8363
2026-08-24T01:59:16Z,0,0.0,0.00,78,12.7,0.00,Deactivated,27,28,0,0,8363
2026-08-24T01:59:17Z,0,0.0,0.00,78,12.7,0.00,Deactivated,27,28,0,0,8363
2026-08-24T01:59:17Z,0,0.0,0.00,78,12.7,0.00,Deactivated,27,28,0,0,8363
2026-08-24T01:59:17Z,0,0.0,0.00,78,12.7,0.00,Deactivated,27,28,0,0,8363
2026-08-24T01:59:18Z,0,0.0,0.00,78,12.7,0.00,Deactivated,27,28,0,0,8363
2026-08-24T01:59:18Z,0,0.0,0.00,78,12.7,0.00,Deactivated,27,28,0,0,8363
2026-08-24T01:59:18Z,0,0.0,0.00,78,12.7,0.00,Deactivated,27,28,0,0,8363
2026-08-24T01:59:19Z,0,0.0,0.00,78,12.7,0.00,Deactivated,27,28,0,0,8363
2026-08-24T01:59:19Z,0,0.0,0.00,78,12.7,0.00,Deactivated,27,28,0,0,8363
2026-08-24T01:59:19Z,0,0.0,0.00,78,12.7,0.00,Deactivated,27,28,0,0,8363
2026-08-24T01:59:20Z,0,0.0,0.00,78,12.7,0.00,Deactivated,27,28,0,0,8363
2026-08-24T01:59:20Z,0,0.0,0.00,78,12.7,0.00,Deactivated,27,28,0,0,8363
2026-08-24T01:59:20Z,0,0.0,0.00,78,12.7,0.00,Deactivated,27,28,0,0,8363
2026-08-24T01:59:20Z,0,0.0,0.00,78,12.7,0.00,Deactivated,27,28,0,0,8363
2026-08-24T01:59:20Z,0,0.0,0.00,78,12.7,0.00,Deactivated,27,28,0,0,8363
2026-08-24T01:59:20Z,0,0.0,0.00,78,12.7,0.00,Deactivated,27,28,0,0,8363
2026-08-24T01:59:21Z,0,0.0,0.00,78,12.7,0.00,Deactivated,27,28,0,0,8363
2026-08-24T01:59:21Z,0,0.0,0.00,78,12.7,0.00,Deactivated,27,28,0,0,8363
2026-08-24T01:59:21Z,0,0.0,0.00,78,12.7,0.00,Deactivated,27,28,0,0,8363
2026-08-24T01:59:22Z,0,0.0,0.00,78,12.7,0.00,Deactivated,27,28,0,0,8363
2026-08-24T01:59:22Z,0,0.0,0.00,78,12.7,0.00,Deactivated,27,28,0,0,8363
2026-08-24T01:59:22Z,0,0.0,0.00,78,12.7,0.00,Deactivated,27,28,0,0,8363
2026-08-24T01:59:22Z,0,0.0,0.00,78,12.7,0.00,Deactivated,27,28,0,0,8363
2026-08-24T01:59:22Z,0,0.0,0.00,78,12.7,0.00,Deactivated,27,28,0,0,8363
2026-08-24T01:59:22Z,0,0.0,0.00,78,12.7,0.00,Deactivated,27,28,0,0,8363
2026-08-24T01:59:24Z,0,0.0,0.00,78,12.7,0.00,Deactivated,27,28,0,0,8363
2026-08-24T01:59:24Z,0,0.0,0.00,78,12.7,0.00,Deactivated,27,28,0,0,8363
2026-08-24T01:59:24Z,0,0.0,0.00,78,12.7,0.00,Deactivated,27,28,0,0,8363
2026-08-24T01:59:25Z,0,0.0,0.00,78,12.7,0.00,Deactivated,27,28,0,0,8363
2026-08-24T01:59:25Z,0,0.0,0.00,78,12.7,0.00,Deactivated,27,28,0,0,8363
2026-08-24T01:59:25Z,0,0.0,0.00,78,12.7,0.00,Deactivated,27,28,0,0,8363
2026-08-24T01:59:26Z,0,0.0,0.00,78,12.7,0.00,Deactivated,27,28,0,0,8363
2026-08-24T01:59:26Z,0,0.0,0.00,78,12.7,0.00,Deactivated,27,28,0,0,8363
2026-08-24T01:59:26Z,0,0.0,0.00,78,12.7,0.00,Deactivated,27,28,0,0,8363
2026-08-24T01:59:27Z,0,0.0,0.00,78,12.7,0.00,Deactivated,27,28,0,0,8363
2026-08-24T01:59:27Z,0,0.0,0.00,78,12.7,0.00,Deactivated,27,28,0,0,8363
2026-08-24T01:59:27Z,0,0.0,0.00,78,12.7,0.00,Deactivated,27,28,0,0,8363
2026-08-24T01:59:28Z,0,0.0,0.00,78,12.7,0.00,Deactivated,27,28,0,0,8363
2026-08-24T01:59:28Z,0,0.0,0.00,78,12.7,0.00,Deactivated,27,28,0,0,8363
2026-08-24T01:59:28Z,0,0.0,0.00,78,12.7,0.00,Deactivated,27,28,0,0,8363
2026-08-24T01:59:29Z,0,0.0,0.00,78,12.7,0.00,Deactivated,27,28,0,0,8363
2026-08-24T01:59:29Z,0,0.0,0.00,78,12.7,0.00,Deactivated,27,28,0,0,8363
2026-08-24T01:59:29Z,0,0.0,0.00,78,12.7,0.00,Deactivated,27,28,0,0,8363
2026-08-24T01:59:30Z,0,0.0,0.00,78,12.7,0.00,Deactivated,27,28,0,0,8363
2026-08-24T01:59:30Z,0,0.0,0.00,78,12.7,0.00,Deactivated,27,28,0,0,8363
2026-08-24T01:59:30Z,0,0.0,0.00,78,12.7,0.00,Deactivated,27,28,0,0,8363
2026-08-24T01:59:31Z,0,0.0,0.00,78,12.7,0.00,Deactivated,27,28,0,0,8363
2026-08-24T01:59:31Z,0,0.0,0.00,78,12.7,0.00,Deactivated,27,28,0,0,8363
2026-08-24T01:59:31Z,0,0.0,0.00,78,12.7,0.00,Deactivated,27,28,0,0,8363
2026-08-24T01:59:32Z,0,0.0,0.00,79,12.7,0.00,Deactivated,27,28,0,0,8363
2026-08-24T01:59:32Z,0,0.0,0.00,79,12.7,0.00,Deactivated,27,28,0,0,8363
2026-08-24T01:59:32Z,0,0.0,0.00,79,12.7,0.00,Deactivated,27,28,0,0,8363
2026-08-24T01:59:33Z,0,0.0,0.00,79,12.7,0.00,Deactivated,27,28,0,0,8363
2026-08-24T01:59:33Z,0,0.0,0.00,79,12.7,0.00,Deactivated,27,28,0,0,8363
2026-08-24T01:59:33Z,0,0.0,0.00,79,12.7,0.00,Deactivated,27,28,0,0,8363
2026-08-24T01:59:34Z,0,0.0,0.00,79,12.7,0.00,Deactivated,27,28,0,0,8363
2026-08-24T01:59:34Z,0,0.0,0.00,79,12.7,0.00,Deactivated,27,28,0,0,8363
2026-08-24T01:59:34Z,0,0.0,0.00,79,12.7,0.00,Deactivated,27,28,0,0,8363
2026-08-24T01:59:35Z,0,0.0,0.00,79,12.7,0.00,Deactivated,27,28,0,0,8363
2026-08-24T01:59:35Z,0,0.0,0.00,79,12.7,0.00,Deactivated,27,28,0,0,8363
2026-08-24T01:59:35Z,0,0.0,0.00,79,12.7,0.00,Deactivated,27,28,0,0,8363
2026-08-24T01:59:35Z,0,0.0,0.00,79,12.7,0.00,Deactivated,27,28,0,0,8363
2026-08-24T01:59:35Z,0,0.0,0.00,79,12.7,0.00,Deactivated,27,28,0,0,8363
2026-08-24T01:59:35Z,0,0.0,0.00,79,12.7,0.00,Deactivated,27,28,0,0,8363
2026-08-24T01:59:37Z,0,0.0,0.00,78,12.7,0.00,Deactivated,27,28,0,0,8363
2026-08-24T01:59:37Z,0,0.0,0.00,78,12.7,0.00,Deactivated,27,28,0,0,8363
2026-08-24T01:59:37Z,0,0.0,0.00,78,12.7,0.00,Deactivated,27,28,0,0,8363
2026-08-24T01:59:38Z,0,0.0,0.00,78,12.7,0.00,Deactivated,27,28,0,0,8363
2026-08-24T01:59:38Z,0,0.0,0.00,78,12.7,0.00,Deactivated,27,28,0,0,8363
2026-08-24T01:59:38Z,0,0.0,0.00,78,12.7,0.00,Deactivated,27,28,0,0,8363
2026-08-24T01:59:39Z,0,0.0,0.00,78,12.7,0.00,Deactivated,27,28,0,0,8363
2026-08-24T01:59:39Z,0,0.0,0.00,78,12.7,0.00,Deactivated,27,28,0,0,8363
2026-08-24T01:59:39Z,0,0.0,0.00,78,12.7,0.00,Deactivated,27,28,0,0,8363
2026-08-24T01:59:40Z,0,0.0,0.00,78,12.7,0.00,Deactivated,27,28,0,0,8363
2026-08-24T01:59:40Z,0,0.0,0.00,78,12.7,0.00,Deactivated,27,28,0,0,8363
2026-08-24T01:59:40Z,0,0.0,0.00,78,12.7,0.00,Deactivated,27,28,0,0,8363
2026-08-24T01:59:41Z,0,0.0,0.00,78,12.7,0.00,Deactivated,27,28,0,0,8363
2026-08-24T01:59:41Z,0,0.0,0.00,78,12.7,0.00,Deactivated,27,28,0,0,8363
2026-08-24T01:59:41Z,0,0.0,0.00,78,12.7,0.00,Deactivated,27,28,0,0,8363
2026-08-24T01:59:42Z,0,0.0,0.00,78,12.7,0.00,Deactivated,27,28,0,0,8363
2026-08-24T01:59:42Z,0,0.0,0.00,78,12.7,0.00,Deactivated,27,28,0,0,8363
2026-08-24T01:59:42Z,0,0.0,0.00,78,12.7,0.00,Deactivated,27,28,0,0,8363
2026-08-24T01:59:43Z,0,0.0,0.00,78,12.7,0.00,Deactivated,27,28,0,0,8363
2026-08-24T01:59:43Z,0,0.0,0.00,78,12.7,0.00,Deactivated,27,28,0,0,8363
2026-08-24T01:59:43Z,0,0.0,0.00,78,12.7,0.00,Deactivated,27,28,0,0,8363
2026-08-24T01:59:44Z,0,0.0,0.00,78,12.7,0.00,Deactivated,27,28,0,0,8363
2026-08-24T01:59:44Z,0,0.0,0.00,78,12.7,0.00,Deactivated,27,28,0,0,8363
2026-08-24T01:59:44Z,0,0.0,0.00,78,12.7,0.00,Deactivated,27,28,0,0,8363
2026-08-24T01:59:45Z,0,0.0,0.00,78,12.7,0.00,Deactivated,27,28,0,0,8363
2026-08-24T01:59:45Z,0,0.0,0.00,78,12.7,0.00,Deactivated,27,28,0,0,8363
2026-08-24T01:59:45Z,0,0.0,0.00,78,12.7,0.00,Deactivated,27,28,0,0,8363
2026-08-24T01:59:46Z,0,0.0,0.00,78,12.7,0.00,Deactivated,27,28,0,0,8363
2026-08-24T01:59:46Z,0,0.0,0.00,78,12.7,0.00,Deactivated,27,28,0,0,8363
2026-08-24T01:59:46Z,0,0.0,0.00,78,12.7,0.00,Deactivated,27,28,0,0,8363
2026-08-24T01:59:47Z,0,0.0,0.00,78,12.7,0.00,Deactivated,27,28,0,0,8363
2026-08-24T01:59:47Z,0,0.0,0.00,78,12.7,0.00,Deactivated,27,28,0,0,8363
2026-08-24T01:59:47Z,0,0.0,0.00,78,12.7,0.00,Deactivated,27,28,0,0,8363
2026-08-24T01:59:47Z,0,0.0,0.00,78,12.7,0.00,Deactivated,27,28,0,0,8363
2026-08-24T01:59:47Z,0,0.0,0.00,78,12.7,0.00,Deactivated,27,28,0,0,8363
2026-08-24T01:59:47Z,0,0.0,0.00,78,12.7,0.00,Deactivated,27,28,0,0,8363
2026-08-24T01:59:49Z,0,0.0,0.00,78,12.7,0.00,Deactivated,27,28,0,0,8363
2026-08-24T01:59:49Z,0,0.0,0.00,78,12.7,0.00,Deactivated,27,28,0,0,8363
2026-08-24T01:59:49Z,0,0.0,0.00,78,12.7,0.00,Deactivated,27,28,0,0,8363
2026-08-24T01:59:50Z,0,0.0,0.00,78,12.7,0.00,Deactivated,27,28,0,0,8363
2026-08-24T01:59:50Z,0,0.0,0.00,78,12.7,0.00,Deactivated,27,28,0,0,8363
2026-08-24T01:59:50Z,0,0.0,0.00,78,12.7,0.00,Deactivated,27,28,0,0,8363
2026-08-24T01:59:51Z,0,0.0,0.00,78,12.7,0.00,Deactivated,27,28,0,0,8363
2026-08-24T01:59:51Z,0,0.0,0.00,78,12.7,0.00,Deactivated,27,28,0,0,8363
2026-08-24T01:59:51Z,0,0.0,0.00,78,12.7,0.00,Deactivated,27,28,0,0,8363
2026-08-24T01:59:52Z,0,0.0,0.00,78,12.7,0.00,Deactivated,27,28,0,0,8363
2026-08-24T01:59:52Z,0,0.0,0.00,78,12.7,0.00,Deactivated,27,28,0,0,8363
2026-08-24T01:59:52Z,0,0.0,0.00,78,12.7,0.00,Deactivated,27,28,0,0,8363
2026-08-24T01:59:53Z,0,0.0,0.00,78,12.7,0.00,Deactivated,27,28,0,0,8363
2026-08-24T01:59:53Z,0,0.0,0.00,78,12.7,0.00,Deactivated,27,28,0,0,8363
2026-08-24T01:59:53Z,0,0.0,0.00,78,12.7,0.00,Deactivated,27,28,0,0,8363
2026-08-24T01:59:53Z,0,0.0,0.00,78,12.7,0.00,Deactivated,27,28,0,0,8363
2026-08-24T01:59:53Z,0,0.0,0.00,78,12.7,0.00,Deactivated,27,28,0,0,8363
2026-08-24T01:59:53Z,0,0.0,0.00,78,12.7,0.00,Deactivated,27,28,0,0,8363
2026-08-24T01:59:55Z,0,0.0,0.00,78,12.7,0.00,Deactivated,27,28,0,0,8363
2026-08-24T01:59:55Z,0,0.0,0.00,78,12.7,0.00,Deactivated,27,28,0,0,8363
2026-08-24T01:59:55Z,0,0.0,0.00,78,12.7,0.00,Deactivated,27,28,0,0,8363
2026-08-24T01:59:56Z,0,0.0,0.00,78,12.7,0.00,Deactivated,27,28,0,0,8363
2026-08-24T01:59:56Z,0,0.0,0.00,78,12.7,0.00,Deactivated,27,28,0,0,8363
2026-08-24T01:59:56Z,0,0.0,0.00,78,12.7,0.00,Deactivated,27,28,0,0,8363
2026-08-24T01:59:57Z,0,0.0,0.00,78,12.7,0.00,Deactivated,27,28,0,0,8363
2026-08-24T01:59:57Z,0,0.0,0.00,78,12.7,0.00,Deactivated,27,28,0,0,8363
2026-08-24T01:59:57Z,0,0.0,0.00,78,12.7,0.00,Deactivated,27,28,0,0,8363
2026-08-24T01:59:58Z,0,0.0,0.00,78,12.7,0.00,Deactivated,27,28,0,0,8363
2026-08-24T01:59:58Z,0,0.0,0.00,78,12.7,0.00,Deactivated,27,28,0,0,8363
2026-08-24T01:59:58Z,0,0.0,0.00,78,12.7,0.00,Deactivated,27,28,0,0,8363
2026-08-24T01:59:59Z,0,0.0,0.00,78,12.7,0.00,Deactivated,27,28,0,0,8363
2026-08-24T01:59:59Z,0,0.0,0.00,78,12.7,0.00,Deactivated,27,28,0,0,8363
2026-08-24T01:59:59Z,0,0.0,0.00,78,12.7,0.00,Deactivated,27,28,0,0,8363
2026-08-24T02:00:00Z,0,0.0,0.00,78,12.7,0.00,Deactivated,27,28,0,0,8363
2026-08-24T02:00:00Z,0,0.0,0.00,78,12.7,0.00,Deactivated,27,28,0,0,8363
2026-08-24T02:00:00Z,0,0.0,0.00,78,12.7,0.00,Deactivated,27,28,0,0,8363
2026-08-24T02:00:01Z,0,0.0,0.00,78,12.7,0.00,Deactivated,27,28,0,0,8363
2026-08-24T02:00:01Z,0,0.0,0.00,78,12.7,0.00,Deactivated,27,28,0,0,8363
2026-08-24T02:00:01Z,0,0.0,0.00,78,12.7,0.00,Deactivated,27,28,0,0,8363
2026-08-24T02:00:02Z,0,0.0,0.00,79,12.7,0.00,Deactivated,27,28,0,0,8363
2026-08-24T02:00:02Z,0,0.0,0.00,79,12.7,0.00,Deactivated,27,28,0,0,8363
2026-08-24T02:00:02Z,0,0.0,0.00,79,12.7,0.00,Deactivated,27,28,0,0,8363
2026-08-24T02:00:02Z,0,0.0,0.00,79,12.7,0.00,Deactivated,27,28,0,0,8363
2026-08-24T02:00:02Z,0,0.0,0.00,79,12.7,0.00,Deactivated,27,28,0,0,8363
2026-08-24T02:00:02Z,0,0.0,0.00,79,12.7,0.00,Deactivated,27,28,0,0,8363
2026-08-24T02:00:04Z,0,0.0,0.00,79,12.7,0.00,Deactivated,27,28,0,0,8363
2026-08-24T02:00:04Z,0,0.0,0.00,79,12.7,0.00,Deactivated,27,28,0,0,8363
2026-08-24T02:00:04Z,0,0.0,0.00,79,12.7,0.00,Deactivated,27,28,0,0,8363
2026-08-24T02:00:05Z,0,0.0,0.00,79,12.7,0.00,Deactivated,27,28,0,0,8363
2026-08-24T02:00:05Z,0,0.0,0.00,79,12.7,0.00,Deactivated,27,28,0,0,8363
2026-08-24T02:00:05Z,0,0.0,0.00,79,12.7,0.00,Deactivated,27,28,0,0,8363
2026-08-24T02:00:06Z,0,0.0,0.00,79,12.7,0.00,Deactivated,27,28,0,0,8363
2026-08-24T02:00:06Z,0,0.0,0.00,79,12.7,0.00,Deactivated,27,28,0,0,8363
2026-08-24T02:00:06Z,0,0.0,0.00,79,12.7,0.00,Deactivated,27,28,0,0,8363
2026-08-24T02:00:07Z,0,0.0,0.00,78,12.7,0.00,Deactivated,27,28,0,0,8363
2026-08-24T02:00:07Z,0,0.0,0.00,78,12.7,0.00,Deactivated,27,28,0,0,8363
2026-08-24T02:00:07Z,0,0.0,0.00,78,12.7,0.00,Deactivated,27,28,0,0,8363
2026-08-24T02:00:07Z,0,0.0,0.00,78,12.7,0.00,Deactivated,27,28,0,0,8363
2026-08-24T02:00:07Z,0,0.0,0.00,78,12.7,0.00,Deactivated,27,28,0,0,8363
2026-08-24T02:00:07Z,0,0.0,0.00,78,12.7,0.00,Deactivated,27,28,0,0,8363
2026-08-24T02:00:09Z,0,0.0,0.00,78,12.7,0.00,Deactivated,27,28,0,0,8363
2026-08-24T02:00:09Z,0,0.0,0.00,78,12.7,0.00,Deactivated,27,28,0,0,8363
2026-08-24T02:00:09Z,0,0.0,0.00,78,12.7,0.00,Deactivated,27,28,0,0,8363
2026-08-24T02:00:10Z,0,0.0,0.00,78,12.7,0.00,Deactivated,27,28,0,0,8363
2026-08-24T02:00:10Z,0,0.0,0.00,78,12.7,0.00,Deactivated,27,28,0,0,8363
2026-08-24T02:00:10Z,0,0.0,0.00,78,12.7,0.00,Deactivated,27,28,0,0,8363
2026-08-24T02:00:11Z,0,0.0,0.00,78,12.7,0.00,Deactivated,27,28,0,0,8363
2026-08-24T02:00:11Z,0,0.0,0.00,78,12.7,0.00,Deactivated,27,28,0,0,8363
2026-08-24T02:00:11Z,0,0.0,0.00,78,12.7,0.00,Deactivated,27,28,0,0,8363
2026-08-24T02:00:12Z,0,0.0,0.00,78,12.7,0.00,Deactivated,27,28,0,0,8363
2026-08-24T02:00:12Z,0,0.0,0.00,78,12.7,0.00,Deactivated,27,28,0,0,8363
2026-08-24T02:00:12Z,0,0.0,0.00,78,12.7,0.00,Deactivated,27,28,0,0,8363
2026-08-24T02:00:13Z,0,0.0,0.00,78,12.7,0.00,Deactivated,27,28,0,0,8363
2026-08-24T02:00:13Z,0,0.0,0.00,78,12.7,0.00,Deactivated,27,28,0,0,8363
2026-08-24T02:00:13Z,0,0.0,0.00,78,12.7,0.00,Deactivated,27,28,0,0,8363
2026-08-24T02:00:14Z,0,0.0,0.00,78,12.7,0.00,Deactivated,27,28,0,0,8363
2026-08-24T02:00:14Z,0,0.0,0.00,78,12.7,0.00,Deactivated,27,28,0,0,8363
2026-08-24T02:00:14Z,0,0.0,0.00,78,12.7,0.00,Deactivated,27,28,0,0,8363
2026-08-24T02:00:15Z,0,0.0,0.00,78,12.7,0.00,Deactivated,27,28,0,0,8363
2026-08-24T02:00:15Z,0,0.0,0.00,78,12.7,0.00,Deactivated,27,28,0,0,8363
2026-08-24T02:00:15Z,0,0.0,0.00,78,12.7,0.00,Deactivated,27,28,0,0,8363
2026-08-24T02:00:16Z,0,0.0,0.00,78,12.7,0.00,Deactivated,27,28,0,0,8363
2026-08-24T02:00:16Z,0,0.0,0.00,78,12.7,0.00,Deactivated,27,28,0,0,8363
2026-08-24T02:00:16Z,0,0.0,0.00,78,12.7,0.00,Deactivated,27,28,0,0,8363
2026-08-24T02:00:18Z,0,0.0,0.00,78,12.7,0.00,Deactivated,27,28,0,0,8363
2026-08-24T02:00:18Z,0,0.0,0.00,78,12.7,0.00,Deactivated,27,28,0,0,8363
2026-08-24T02:00:18Z,0,0.0,0.00,78,12.7,0.00,Deactivated,27,28,0,0,8363
2026-08-24T02:00:19Z,0,0.0,0.00,78,12.7,0.00,Deactivated,27,28,0,0,8363
2026-08-24T02:00:19Z,0,0.0,0.00,78,12.7,0.00,Deactivated,27,28,0,0,8363
2026-08-24T02:00:19Z,0,0.0,0.00,78,12.7,0.00,Deactivated,27,28,0,0,8363
2026-08-24T02:00:19Z,0,0.0,0.00,78,12.7,0.00,Deactivated,27,28,0,0,8363
2026-08-24T02:00:19Z,0,0.0,0.00,78,12.7,0.00,Deactivated,27,28,0,0,8363
2026-08-24T02:00:19Z,0,0.0,0.00,78,12.7,0.00,Deactivated,27,28,0,0,8363
2026-08-24T02:00:20Z,0,0.0,0.00,78,12.7,0.00,Deactivated,27,28,0,0,8363
2026-08-24T02:00:20Z,0,0.0,0.00,78,12.7,0.00,Deactivated,27,28,0,0,8363
2026-08-24T02:00:20Z,0,0.0,0.00,78,12.7,0.00,Deactivated,27,28,0,0,8363
2026-08-24T02:00:22Z,0,0.0,0.00,78,12.7,0.00,Deactivated,27,28,0,0,8363
2026-08-24T02:00:22Z,0,0.0,0.00,78,12.7,0.00,Deactivated,27,28,0,0,8363
2026-08-24T02:00:22Z,0,0.0,0.00,78,12.7,0.00,Deactivated,27,28,0,0,8363
2026-08-24T02:00:22Z,0,0.0,0.00,78,12.7,0.00,Deactivated,27,28,0,0,8363
2026-08-24T02:00:22Z,0,0.0,0.00,78,12.7,0.00,Deactivated,27,28,0,0,8363
2026-08-24T02:00:22Z,0,0.0,0.00,78,12.7,0.00,Deactivated,27,28,0,0,8363
2026-08-24T02:00:23Z,0,0.0,0.00,78,12.7,0.00,Deactivated,27,28,0,0,8363
2026-08-24T02:00:23Z,0,0.0,0.00,78,12.7,0.00,Deactivated,27,28,0,0,8363
2026-08-24T02:00:23Z,0,0.0,0.00,78,12.7,0.00,Deactivated,27,28,0,0,8363
2026-08-24T02:00:23Z,0,0.0,0.00,78,12.7,0.00,Deactivated,27,28,0,0,8363
2026-08-24T02:00:23Z,0,0.0,0.00,78,12.7,0.00,Deactivated,27,28,0,0,8363
2026-08-24T02:00:23Z,0,0.0,0.00,78,12.7,0.00,Deactivated,27,28,0,0,8363
2026-08-24T02:00:25Z,0,0.0,0.00,78,12.7,0.00,Deactivated,27,28,0,0,8363
2026-08-24T02:00:25Z,0,0.0,0.00,78,12.7,0.00,Deactivated,27,28,0,0,8363
2026-08-24T02:00:25Z,0,0.0,0.00,78,12.7,0.00,Deactivated,27,28,0,0,8363
2026-08-24T02:00:27Z,0,0.0,0.00,78,12.7,0.00,Deactivated,27,28,0,0,8363
2026-08-24T02:00:27Z,0,0.0,0.00,78,12.7,0.00,Deactivated,27,28,0,0,8363
2026-08-24T02:00:27Z,0,0.0,0.00,78,12.7,0.00,Deactivated,27,28,0,0,8363
2026-08-24T02:00:27Z,0,0.0,0.00,78,12.7,0.00,Deactivated,27,28,0,0,8363
2026-08-24T02:00:27Z,0,0.0,0.00,78,12.7,0.00,Deactivated,27,28,0,0,8363
2026-08-24T02:00:27Z,0,0.0,0.00,78,12.7,0.00,Deactivated,27,28,0,0,8363
2026-08-24T02:00:28Z,0,0.0,0.00,78,12.7,0.00,Deactivated,27,28,0,0,8363
2026-08-24T02:00:28Z,0,0.0,0.00,78,12.7,0.00,Deactivated,27,28,0,0,8363
2026-08-24T02:00:28Z,0,0.0,0.00,78,12.7,0.00,Deactivated,27,28,0,0,8363
2026-08-24T02:00:29Z,0,0.0,0.00,78,12.7,0.00,Deactivated,27,28,0,0,8363
2026-08-24T02:00:29Z,0,0.0,0.00,78,12.7,0.00,Deactivated,27,28,0,0,8363
2026-08-24T02:00:29Z,0,0.0,0.00,78,12.7,0.00,Deactivated,27,28,0,0,8363
2026-08-24T02:00:30Z,0,0.0,0.00,78,12.7,0.00,Deactivated,27,28,0,0,8363
2026-08-24T02:00:30Z,0,0.0,0.00,78,12.7,0.00,Deactivated,27,28,0,0,8363
2026-08-24T02:00:30Z,0,0.0,0.00,78,12.7,0.00,Deactivated,27,28,0,0,8363
2026-08-24T02:00:31Z,0,0.0,0.00,78,12.7,0.00,Deactivated,27,28,0,0,8363
2026-08-24T02:00:31Z,0,0.0,0.00,78,12.7,0.00,Deactivated,27,28,0,0,8363
2026-08-24T02:00:31Z,0,0.0,0.00,78,12.7,0.00,Deactivated,27,28,0,0,8363
2026-08-24T02:00:33Z,0,0.0,0.00,78,12.7,0.00,Deactivated,27,28,0,0,8363
2026-08-24T02:00:33Z,0,0.0,0.00,78,12.7,0.00,Deactivated,27,28,0,0,8363
2026-08-24T02:00:33Z,0,0.0,0.00,78,12.7,0.00,Deactivated,27,28,0,0,8363
2026-08-24T02:00:34Z,0,0.0,0.00,78,12.7,0.00,Deactivated,27,28,0,0,8363
2026-08-24T02:00:34Z,0,0.0,0.00,78,12.7,0.00,Deactivated,27,28,0,0,8363
2026-08-24T02:00:34Z,0,0.0,0.00,78,12.7,0.00,Deactivated,27,28,0,0,8363
2026-08-24T02:00:34Z,0,0.0,0.00,78,12.7,0.00,Deactivated,27,28,0,0,8363
2026-08-24T02:00:34Z,0,0.0,0.00,78,12.7,0.00,Deactivated,27,28,0,0,8363
2026-08-24T02:00:34Z,0,0.0,0.00,78,12.7,0.00,Deactivated,27,28,0,0,8363
2026-08-24T02:00:35Z,0,0.0,0.00,78,12.7,0.00,Deactivated,27,28,0,0,8363
2026-08-24T02:00:35Z,0,0.0,0.00,78,12.7,0.00,Deactivated,27,28,0,0,8363
2026-08-24T02:00:35Z,0,0.0,0.00,78,12.7,0.00,Deactivated,27,28,0,0,8363
2026-08-24T02:00:37Z,0,0.0,0.00,78,12.7,0.00,Deactivated,27,28,0,0,8363
2026-08-24T02:00:37Z,0,0.0,0.00,78,12.7,0.00,Deactivated,27,28,0,0,8363
2026-08-24T02:00:37Z,0,0.0,0.00,78,12.7,0.00,Deactivated,27,28,0,0,8363
2026-08-24T02:00:37Z,0,0.0,0.00,78,12.7,0.00,Deactivated,27,28,0,0,8363
2026-08-24T02:00:37Z,0,0.0,0.00,78,12.7,0.00,Deactivated,27,28,0,0,8363
2026-08-24T02:00:37Z,0,0.0,0.00,78,12.7,0.00,Deactivated,27,28,0,0,8363
2026-08-24T02:00:38Z,0,0.0,0.00,78,12.7,0.00,Deactivated,27,28,0,0,8363
2026-08-24T02:00:38Z,0,0.0,0.00,78,12.7,0.00,Deactivated,27,28,0,0,8363
2026-08-24T02:00:38Z,0,0.0,0.00,78,12.7,0.00,Deactivated,27,28,0,0,8363
2026-08-24T02:00:39Z,0,0.0,0.00,78,12.7,0.00,Deactivated,27,28,0,0,8363
2026-08-24T02:00:39Z,0,0.0,0.00,78,12.7,0.00,Deactivated,27,28,0,0,8363
2026-08-24T02:00:39Z,0,0.0,0.00,78,12.7,0.00,Deactivated,27,28,0,0,8363
2026-08-24T02:00:40Z,0,0.0,0.00,78,12.7,0.00,Deactivated,27,28,0,0,8363
2026-08-24T02:00:40Z,0,0.0,0.00,78,12.7,0.00,Deactivated,27,28,0,0,8363
2026-08-24T02:00:40Z,0,0.0,0.00,78,12.7,0.00,Deactivated,27,28,0,0,8363
2026-08-24T02:00:41Z,0,0.0,0.00,78,12.7,0.00,Deactivated,27,28,0,0,8363
2026-08-24T02:00:41Z,0,0.0,0.00,78,12.7,0.00,Deactivated,27,28,0,0,8363
2026-08-24T02:00:41Z,0,0.0,0.00,78,12.7,0.00,Deactivated,27,28,0,0,8363
2026-08-24T02:00:42Z,0,0.0,0.00,78,12.7,0.00,Deactivated,27,28,0,0,8363
2026-08-24T02:00:42Z,0,0.0,0.00,78,12.7,0.00,Deactivated,27,28,0,0,8363
2026-08-24T02:00:42Z,0,0.0,0.00,78,12.7,0.00,Deactivated,27,28,0,0,8363
2026-08-24T02:00:43Z,0,0.0,0.00,78,12.7,0.00,Deactivated,27,28,0,0,8363
2026-08-24T02:00:43Z,0,0.0,0.00,78,12.7,0.00,Deactivated,27,28,0,0,8363
2026-08-24T02:00:43Z,0,0.0,0.00,78,12.7,0.00,Deactivated,27,28,0,0,8363
2026-08-24T02:00:44Z,0,0.0,0.00,78,12.7,0.00,Deactivated,27,28,0,0,8363
2026-08-24T02:00:44Z,0,0.0,0.00,78,12.7,0.00,Deactivated,27,28,0,0,8363
2026-08-24T02:00:44Z,0,0.0,0.00,78,12.7,0.00,Deactivated,27,28,0,0,8363
2026-08-24T02:00:45Z,0,0.0,0.00,78,12.7,0.00,Deactivated,27,28,0,0,8363
2026-08-24T02:00:45Z,0,0.0,0.00,78,12.7,0.00,Deactivated,27,28,0,0,8363
2026-08-24T02:00:45Z,0,0.0,0.00,78,12.7,0.00,Deactivated,27,28,0,0,8363
2026-08-24T02:00:46Z,0,0.0,0.00,78,12.7,0.00,Deactivated,27,28,0,0,8363
2026-08-24T02:00:46Z,0,0.0,0.00,78,12.7,0.00,Deactivated,27,28,0,0,8363
2026-08-24T02:00:46Z,0,0.0,0.00,78,12.7,0.00,Deactivated,27,28,0,0,8363
2026-08-24T02:00:47Z,0,0.0,0.00,78,12.7,0.00,Deactivated,27,28,0,0,8363
2026-08-24T02:00:47Z,0,0.0,0.00,78,12.7,0.00,Deactivated,27,28,0,0,8363
2026-08-24T02:00:47Z,0,0.0,0.00,78,12.7,0.00,Deactivated,27,28,0,0,8363
2026-08-24T02:00:49Z,0,0.0,0.00,78,12.7,0.00,Deactivated,27,28,0,0,8363
2026-08-24T02:00:49Z,0,0.0,0.00,78,12.7,0.00,Deactivated,27,28,0,0,8363
2026-08-24T02:00:49Z,0,0.0,0.00,78,12.7,0.00,Deactivated,27,28,0,0,8363
2026-08-24T02:00:50Z,0,0.0,0.00,78,12.7,0.00,Deactivated,27,28,0,0,8363
2026-08-24T02:00:50Z,0,0.0,0.00,78,12.7,0.00,Deactivated,27,28,0,0,8363
2026-08-24T02:00:50Z,0,0.0,0.00,78,12.7,0.00,Deactivated,27,28,0,0,8363
2026-08-24T02:00:52Z,0,0.0,0.00,78,12.7,0.00,Deactivated,27,28,0,0,8363
2026-08-24T02:00:52Z,0,0.0,0.00,78,12.7,0.00,Deactivated,27,28,0,0,8363
2026-08-24T02:00:52Z,0,0.0,0.00,78,12.7,0.00,Deactivated,27,28,0,0,8363
2026-08-24T02:00:53Z,0,0.0,0.00,79,12.7,0.00,Deactivated,27,28,0,0,8363
2026-08-24T02:00:53Z,0,0.0,0.00,79,12.7,0.00,Deactivated,27,28,0,0,8363
2026-08-24T02:00:53Z,0,0.0,0.00,79,12.7,0.00,Deactivated,27,28,0,0,8363
2026-08-24T02:00:54Z,0,0.0,0.00,79,12.7,0.00,Deactivated,27,28,0,0,8363
2026-08-24T02:00:54Z,0,0.0,0.00,79,12.7,0.00,Deactivated,27,28,0,0,8363
2026-08-24T02:00:54Z,0,0.0,0.00,79,12.7,0.00,Deactivated,27,28,0,0,8363
2026-08-24T02:00:55Z,0,0.0,0.00,79,12.7,0.00,Deactivated,27,28,0,0,8363
2026-08-24T02:00:55Z,0,0.0,0.00,79,12.7,0.00,Deactivated,27,28,0,0,8363
2026-08-24T02:00:55Z,0,0.0,0.00,79,12.7,0.00,Deactivated,27,28,0,0,8363
2026-08-24T02:00:56Z,0,0.0,0.00,79,12.7,0.00,Deactivated,27,28,0,0,8363
2026-08-24T02:00:56Z,0,0.0,0.00,79,12.7,0.00,Deactivated,27,28,0,0,8363
2026-08-24T02:00:56Z,0,0.0,0.00,79,12.7,0.00,Deactivated,27,28,0,0,8363
2026-08-24T02:00:57Z,0,0.0,0.00,79,12.7,0.00,Deactivated,27,28,0,0,8363
2026-08-24T02:00:57Z,0,0.0,0.00,79,12.7,0.00,Deactivated,27,28,0,0,8363
2026-08-24T02:00:57Z,0,0.0,0.00,79,12.7,0.00,Deactivated,27,28,0,0,8363
2026-08-24T02:00:58Z,0,0.0,0.00,78,12.7,0.00,Deactivated,27,28,0,0,8363
2026-08-24T02:00:58Z,0,0.0,0.00,78,12.7,0.00,Deactivated,27,28,0,0,8363
2026-08-24T02:00:58Z,0,0.0,0.00,78,12.7,0.00,Deactivated,27,28,0,0,8363
2026-08-24T02:00:59Z,0,0.0,0.00,78,12.7,0.00,Deactivated,27,28,0,0,8363
2026-08-24T02:00:59Z,0,0.0,0.00,78,12.7,0.00,Deactivated,27,28,0,0,8363
2026-08-24T02:00:59Z,0,0.0,0.00,78,12.7,0.00,Deactivated,27,28,0,0,8363
2026-08-24T02:01:00Z,0,0.0,0.00,78,12.7,0.00,Deactivated,27,28,0,0,8363
2026-08-24T02:01:00Z,0,0.0,0.00,78,12.7,0.00,Deactivated,27,28,0,0,8363
2026-08-24T02:01:00Z,0,0.0,0.00,78,12.7,0.00,Deactivated,27,28,0,0,8363
2026-08-24T02:01:01Z,0,0.0,0.00,78,12.7,0.00,Deactivated,27,28,0,0,8363
2026-08-24T02:01:01Z,0,0.0,0.00,78,12.7,0.00,Deactivated,27,28,0,0,8363
2026-08-24T02:01:01Z,0,0.0,0.00,78,12.7,0.00,Deactivated,27,28,0,0,8363
2026-08-24T02:01:02Z,0,0.0,0.00,78,12.7,0.00,Deactivated,27,28,0,0,8363
2026-08-24T02:01:02Z,0,0.0,0.00,78,12.7,0.00,Deactivated,27,28,0,0,8363
2026-08-24T02:01:02Z,0,0.0,0.00,78,12.7,0.00,Deactivated,27,28,0,0,8363
2026-08-24T02:01:03Z,0,0.0,0.00,78,12.7,0.00,Deactivated,27,28,0,0,8363
2026-08-24T02:01:03Z,0,0.0,0.00,78,12.7,0.00,Deactivated,27,28,0,0,8363
2026-08-24T02:01:03Z,0,0.0,0.00,78,12.7,0.00,Deactivated,27,28,0,0,8363
2026-08-24T02:01:04Z,0,0.0,0.00,78,12.7,0.00,Deactivated,27,28,0,0,8363
2026-08-24T02:01:04Z,0,0.0,0.00,78,12.7,0.00,Deactivated,27,28,0,0,8363
2026-08-24T02:01:04Z,0,0.0,0.00,78,12.7,0.00,Deactivated,27,28,0,0,8363
2026-08-24T02:01:04Z,0,0.0,0.00,78,12.7,0.00,Deactivated,27,28,0,0,8363
2026-08-24T02:01:04Z,0,0.0,0.00,78,12.7,0.00,Deactivated,27,28,0,0,8363
2026-08-24T02:01:04Z,0,0.0,0.00,78,12.7,0.00,Deactivated,27,28,0,0,8363
2026-08-24T02:01:06Z,0,0.0,0.00,78,12.7,0.00,Deactivated,27,28,0,0,8363
2026-08-24T02:01:06Z,0,0.0,0.00,78,12.7,0.00,Deactivated,27,28,0,0,8363
2026-08-24T02:01:06Z,0,0.0,0.00,78,12.7,0.00,Deactivated,27,28,0,0,8363
2026-08-24T02:01:07Z,0,0.0,0.00,78,12.7,0.00,Deactivated,27,28,0,0,8363
2026-08-24T02:01:07Z,0,0.0,0.00,78,12.7,0.00,Deactivated,27,28,0,0,8363
2026-08-24T02:01:07Z,0,0.0,0.00,78,12.7,0.00,Deactivated,27,28,0,0,8363
2026-08-24T02:01:08Z,0,0.0,0.00,78,12.7,0.00,Deactivated,27,28,0,0,8363
2026-08-24T02:01:08Z,0,0.0,0.00,78,12.7,0.00,Deactivated,27,28,0,0,8363
2026-08-24T02:01:08Z,0,0.0,0.00,78,12.7,0.00,Deactivated,27,28,0,0,8363
2026-08-24T02:01:10Z,0,0.0,0.00,78,12.7,0.00,Deactivated,27,28,0,0,8363
2026-08-24T02:01:10Z,0,0.0,0.00,78,12.7,0.00,Deactivated,27,28,0,0,8363
2026-08-24T02:01:10Z,0,0.0,0.00,78,12.7,0.00,Deactivated,27,28,0,0,8363
2026-08-24T02:01:10Z,0,0.0,0.00,78,12.7,0.00,Deactivated,27,28,0,0,8363
2026-08-24T02:01:10Z,0,0.0,0.00,78,12.7,0.00,Deactivated,27,28,0,0,8363
2026-08-24T02:01:10Z,0,0.0,0.00,78,12.7,0.00,Deactivated,27,28,0,0,8363
2026-08-24T02:01:11Z,0,0.0,0.00,78,12.7,0.00,Deactivated,27,28,0,0,8363
2026-08-24T02:01:11Z,0,0.0,0.00,78,12.7,0.00,Deactivated,27,28,0,0,8363
2026-08-24T02:01:11Z,0,0.0,0.00,78,12.7,0.00,Deactivated,27,28,0,0,8363
2026-08-24T02:01:13Z,0,0.0,0.00,78,12.7,0.00,Deactivated,27,28,0,0,8363
2026-08-24T02:01:13Z,0,0.0,0.00,78,12.7,0.00,Deactivated,27,28,0,0,8363
2026-08-24T02:01:13Z,0,0.0,0.00,78,12.7,0.00,Deactivated,27,28,0,0,8363
2026-08-24T02:01:14Z,0,0.0,0.00,78,12.7,0.00,Deactivated,27,28,0,0,8363
2026-08-24T02:01:14Z,0,0.0,0.00,78,12.7,0.00,Deactivated,27,28,0,0,8363
2026-08-24T02:01:14Z,0,0.0,0.00,78,12.7,0.00,Deactivated,27,28,0,0,8363
2026-08-24T02:01:15Z,0,0.0,0.00,78,12.7,0.00,Deactivated,27,28,0,0,8363
2026-08-24T02:01:15Z,0,0.0,0.00,78,12.7,0.00,Deactivated,27,28,0,0,8363
2026-08-24T02:01:15Z,0,0.0,0.00,78,12.7,0.00,Deactivated,27,28,0,0,8363
2026-08-24T02:01:16Z,0,0.0,0.00,78,12.7,0.00,Deactivated,27,28,0,0,8363
2026-08-24T02:01:16Z,0,0.0,0.00,78,12.7,0.00,Deactivated,27,28,0,0,8363
2026-08-24T02:01:16Z,0,0.0,0.00,78,12.7,0.00,Deactivated,27,28,0,0,8363
2026-08-24T02:01:17Z,0,0.0,0.00,78,12.7,0.00,Deactivated,27,28,0,0,8363
2026-08-24T02:01:17Z,0,0.0,0.00,78,12.7,0.00,Deactivated,27,28,0,0,8363
2026-08-24T02:01:17Z,0,0.0,0.00,78,12.7,0.00,Deactivated,27,28,0,0,8363
2026-08-24T02:01:18Z,0,0.0,0.00,78,12.7,0.00,Deactivated,27,28,0,0,8363
2026-08-24T02:01:18Z,0,0.0,0.00,78,12.7,0.00,Deactivated,27,28,0,0,8363
2026-08-24T02:01:18Z,0,0.0,0.00,78,12.7,0.00,Deactivated,27,28,0,0,8363
2026-08-24T02:01:19Z,0,0.0,0.00,78,12.7,0.00,Deactivated,27,28,0,0,8363
2026-08-24T02:01:19Z,0,0.0,0.00,78,12.7,0.00,Deactivated,27,28,0,0,8363
2026-08-24T02:01:19Z,0,0.0,0.00,78,12.7,0.00,Deactivated,27,28,0,0,8363
2026-08-24T02:01:20Z,0,0.0,0.00,78,12.7,0.00,Deactivated,27,28,0,0,8363
2026-08-24T02:01:20Z,0,0.0,0.00,78,12.7,0.00,Deactivated,27,28,0,0,8363
2026-08-24T02:01:20Z,0,0.0,0.00,78,12.7,0.00,Deactivated,27,28,0,0,8363
2026-08-24T02:01:21Z,0,0.0,0.00,78,12.7,0.00,Deactivated,27,28,0,0,8363
2026-08-24T02:01:21Z,0,0.0,0.00,78,12.7,0.00,Deactivated,27,28,0,0,8363
2026-08-24T02:01:21Z,0,0.0,0.00,78,12.7,0.00,Deactivated,27,28,0,0,8363
2026-08-24T02:01:22Z,0,0.0,0.00,78,12.7,0.00,Deactivated,27,28,0,0,8363
2026-08-24T02:01:22Z,0,0.0,0.00,78,12.7,0.00,Deactivated,27,28,0,0,8363
2026-08-24T02:01:22Z,0,0.0,0.00,78,12.7,0.00,Deactivated,27,28,0,0,8363
2026-08-24T02:01:23Z,0,0.0,0.00,78,12.7,0.00,Deactivated,27,28,0,0,8363
2026-08-24T02:01:23Z,0,0.0,0.00,78,12.7,0.00,Deactivated,27,28,0,0,8363
2026-08-24T02:01:23Z,0,0.0,0.00,78,12.7,0.00,Deactivated,27,28,0,0,8363
2026-08-24T02:01:24Z,0,0.0,0.00,78,12.7,0.00,Deactivated,27,28,0,0,8363
2026-08-24T02:01:24Z,0,0.0,0.00,78,12.7,0.00,Deactivated,27,28,0,0,8363
2026-08-24T02:01:24Z,0,0.0,0.00,78,12.7,0.00,Deactivated,27,28,0,0,8363
2026-08-24T02:01:25Z,0,0.0,0.00,78,12.7,0.00,Deactivated,27,28,0,0,8363
2026-08-24T02:01:25Z,0,0.0,0.00,78,12.7,0.00,Deactivated,27,28,0,0,8363
2026-08-24T02:01:25Z,0,0.0,0.00,78,12.7,0.00,Deactivated,27,28,0,0,8363
2026-08-24T02:01:26Z,0,0.0,0.00,78,12.7,0.00,Deactivated,27,28,0,0,8363
2026-08-24T02:01:26Z,0,0.0,0.00,78,12.7,0.00,Deactivated,27,28,0,0,8363
2026-08-24T02:01:26Z,0,0.0,0.00,78,12.7,0.00,Deactivated,27,28,0,0,8363
2026-08-24T02:01:27Z,0,0.0,0.00,78,12.7,0.00,Deactivated,27,28,0,0,8363
2026-08-24T02:01:27Z,0,0.0,0.00,78,12.7,0.00,Deactivated,27,28,0,0,8363
2026-08-24T02:01:27Z,0,0.0,0.00,78,12.7,0.00,Deactivated,27,28,0,0,8363
2026-08-24T02:01:28Z,0,0.0,0.00,78,12.7,0.00,Deactivated,27,28,0,0,8363
2026-08-24T02:01:28Z,0,0.0,0.00,78,12.7,0.00,Deactivated,27,28,0,0,8363
2026-08-24T02:01:28Z,0,0.0,0.00,78,12.7,0.00,Deactivated,27,28,0,0,8363
2026-08-24T02:01:29Z,0,0.0,0.00,78,12.7,0.00,Deactivated,27,28,0,0,8363
2026-08-24T02:01:29Z,0,0.0,0.00,78,12.7,0.00,Deactivated,27,28,0,0,8363
2026-08-24T02:01:29Z,0,0.0,0.00,78,12.7,0.00,Deactivated,27,28,0,0,8363
2026-08-24T02:01:29Z,0,0.0,0.00,78,12.7,0.00,Deactivated,27,28,0,0,8363
2026-08-24T02:01:29Z,0,0.0,0.00,78,12.7,0.00,Deactivated,27,28,0,0,8363
2026-08-24T02:01:29Z,0,0.0,0.00,78,12.7,0.00,Deactivated,27,28,0,0,8363
2026-08-24T02:01:31Z,0,0.0,0.00,78,12.7,0.00,Deactivated,27,28,0,0,8363
2026-08-24T02:01:31Z,0,0.0,0.00,78,12.7,0.00,Deactivated,27,28,0,0,8363
2026-08-24T02:01:31Z,0,0.0,0.00,78,12.7,0.00,Deactivated,27,28,0,0,8363
2026-08-24T02:01:32Z,0,0.0,0.00,78,12.7,0.00,Deactivated,27,28,0,0,8363
2026-08-24T02:01:32Z,0,0.0,0.00,78,12.7,0.00,Deactivated,27,28,0,0,8363
2026-08-24T02:01:32Z,0,0.0,0.00,78,12.7,0.00,Deactivated,27,28,0,0,8363
2026-08-24T02:01:33Z,0,0.0,0.00,78,12.7,0.00,Deactivated,27,28,0,0,8363
2026-08-24T02:01:33Z,0,0.0,0.00,78,12.7,0.00,Deactivated,27,28,0,0,8363
2026-08-24T02:01:33Z,0,0.0,0.00,78,12.7,0.00,Deactivated,27,28,0,0,8363
2026-08-24T02:01:34Z,0,0.0,0.00,78,12.7,0.00,Deactivated,27,28,0,0,8363
2026-08-24T02:01:34Z,0,0.0,0.00,78,12.7,0.00,Deactivated,27,28,0,0,8363
2026-08-24T02:01:34Z,0,0.0,0.00,78,12.7,0.00,Deactivated,27,28,0,0,8363
2026-08-24T02:01:35Z,0,0.0,0.00,78,12.7,0.00,Deactivated,27,28,0,0,8363
2026-08-24T02:01:35Z,0,0.0,0.00,78,12.7,0.00,Deactivated,27,28,0,0,8363
2026-08-24T02:01:35Z,0,0.0,0.00,78,12.7,0.00,Deactivated,27,28,0,0,8363
2026-08-24T02:01:36Z,0,0.0,0.00,78,12.7,0.00,Deactivated,27,28,0,0,8363
2026-08-24T02:01:36Z,0,0.0,0.00,78,12.7,0.00,Deactivated,27,28,0,0,8363
2026-08-24T02:01:36Z,0,0.0,0.00,78,12.7,0.00,Deactivated,27,28,0,0,8363
2026-08-24T02:01:37Z,0,0.0,0.00,78,12.7,0.00,Deactivated,27,28,0,0,8363
2026-08-24T02:01:37Z,0,0.0,0.00,78,12.7,0.00,Deactivated,27,28,0,0,8363
2026-08-24T02:01:37Z,0,0.0,0.00,78,12.7,0.00,Deactivated,27,28,0,0,8363
2026-08-24T02:01:38Z,0,0.0,0.00,78,12.7,0.00,Deactivated,27,28,0,0,8363
2026-08-24T02:01:38Z,0,0.0,0.00,78,12.7,0.00,Deactivated,27,28,0,0,8363
2026-08-24T02:01:38Z,0,0.0,0.00,78,12.7,0.00,Deactivated,27,28,0,0,8363
2026-08-24T02:01:39Z,0,0.0,0.00,78,12.7,0.00,Deactivated,27,28,0,0,8363
2026-08-24T02:01:39Z,0,0.0,0.00,78,12.7,0.00,Deactivated,27,28,0,0,8363
2026-08-24T02:01:39Z,0,0.0,0.00,78,12.7,0.00,Deactivated,27,28,0,0,8363
2026-08-24T02:01:40Z,0,0.0,0.00,78,12.7,0.00,Deactivated,27,28,0,0,8363
2026-08-24T02:01:40Z,0,0.0,0.00,78,12.7,0.00,Deactivated,27,28,0,0,8363
2026-08-24T02:01:40Z,0,0.0,0.00,78,12.7,0.00,Deactivated,27,28,0,0,8363
2026-08-24T02:01:41Z,0,0.0,0.00,78,12.7,0.00,Deactivated,27,28,0,0,8363
2026-08-24T02:01:41Z,0,0.0,0.00,78,12.7,0.00,Deactivated,27,28,0,0,8363
2026-08-24T02:01:41Z,0,0.0,0.00,78,12.7,0.00,Deactivated,27,28,0,0,8363
2026-08-24T02:01:42Z,0,0.0,0.00,78,12.7,0.00,Deactivated,27,28,0,0,8363
2026-08-24T02:01:42Z,0,0.0,0.00,78,12.7,0.00,Deactivated,27,28,0,0,8363
2026-08-24T02:01:42Z,0,0.0,0.00,78,12.7,0.00,Deactivated,27,28,0,0,8363
2026-08-24T02:01:43Z,0,0.0,0.00,78,12.7,0.00,Deactivated,27,28,0,0,8363
2026-08-24T02:01:43Z,0,0.0,0.00,78,12.7,0.00,Deactivated,27,28,0,0,8363
2026-08-24T02:01:43Z,0,0.0,0.00,78,12.7,0.00,Deactivated,27,28,0,0,8363
2026-08-24T02:01:44Z,0,0.0,0.00,78,12.7,0.00,Deactivated,27,28,0,0,8363
2026-08-24T02:01:44Z,0,0.0,0.00,78,12.7,0.00,Deactivated,27,28,0,0,8363
2026-08-24T02:01:44Z,0,0.0,0.00,78,12.7,0.00,Deactivated,27,28,0,0,8363
2026-08-24T02:01:45Z,0,0.0,0.00,78,12.7,0.00,Deactivated,27,28,0,0,8363
2026-08-24T02:01:45Z,0,0.0,0.00,78,12.7,0.00,Deactivated,27,28,0,0,8363
2026-08-24T02:01:45Z,0,0.0,0.00,78,12.7,0.00,Deactivated,27,28,0,0,8363
2026-08-24T02:01:46Z,0,0.0,0.00,78,12.7,0.00,Deactivated,27,28,0,0,8363
2026-08-24T02:01:46Z,0,0.0,0.00,78,12.7,0.00,Deactivated,27,28,0,0,8363
2026-08-24T02:01:46Z,0,0.0,0.00,78,12.7,0.00,Deactivated,27,28,0,0,8363
2026-08-24T02:01:47Z,0,0.0,0.00,78,12.7,0.00,Deactivated,27,28,0,0,8363
2026-08-24T02:01:47Z,0,0.0,0.00,78,12.7,0.00,Deactivated,27,28,0,0,8363
2026-08-24T02:01:47Z,0,0.0,0.00,78,12.7,0.00,Deactivated,27,28,0,0,8363
2026-08-24T02:01:48Z,0,0.0,0.00,78,12.7,0.00,Deactivated,27,28,0,0,8363
2026-08-24T02:01:48Z,0,0.0,0.00,78,12.7,0.00,Deactivated,27,28,0,0,8363
2026-08-24T02:01:48Z,0,0.0,0.00,78,12.7,0.00,Deactivated,27,28,0,0,8363
2026-08-24T02:01:49Z,0,0.0,0.00,78,12.7,0.00,Deactivated,27,28,0,0,8363
2026-08-24T02:01:49Z,0,0.0,0.00,78,12.7,0.00,Deactivated,27,28,0,0,8363
2026-08-24T02:01:49Z,0,0.0,0.00,78,12.7,0.00,Deactivated,27,28,0,0,8363
2026-08-24T02:01:50Z,0,0.0,0.00,78,12.7,0.00,Deactivated,27,28,0,0,8363
2026-08-24T02:01:50Z,0,0.0,0.00,78,12.7,0.00,Deactivated,27,28,0,0,8363
2026-08-24T02:01:50Z,0,0.0,0.00,78,12.7,0.00,Deactivated,27,28,0,0,8363
2026-08-24T02:01:50Z,0,0.0,0.00,78,12.7,0.00,Deactivated,27,28,0,0,8363
2026-08-24T02:01:50Z,0,0.0,0.00,78,12.7,0.00,Deactivated,27,28,0,0,8363
2026-08-24T02:01:50Z,0,0.0,0.00,78,12.7,0.00,Deactivated,27,28,0,0,8363
2026-08-24T02:01:52Z,0,0.0,0.00,78,12.7,0.00,Deactivated,27,28,0,0,8363
2026-08-24T02:01:52Z,0,0.0,0.00,78,12.7,0.00,Deactivated,27,28,0,0,8363
2026-08-24T02:01:52Z,0,0.0,0.00,78,12.7,0.00,Deactivated,27,28,0,0,8363
2026-08-24T02:01:53Z,0,0.0,0.00,78,12.7,0.00,Deactivated,27,28,0,0,8363
2026-08-24T02:01:53Z,0,0.0,0.00,78,12.7,0.00,Deactivated,27,28,0,0,8363
2026-08-24T02:01:53Z,0,0.0,0.00,78,12.7,0.00,Deactivated,27,28,0,0,8363
2026-08-24T02:01:54Z,0,0.0,0.00,78,12.7,0.00,Deactivated,27,28,0,0,8363
2026-08-24T02:01:54Z,0,0.0,0.00,78,12.7,0.00,Deactivated,27,28,0,0,8363
2026-08-24T02:01:54Z,0,0.0,0.00,78,12.7,0.00,Deactivated,27,28,0,0,8363
2026-08-24T02:01:55Z,0,0.0,0.00,78,12.7,0.00,Deactivated,27,28,0,0,8363
2026-08-24T02:01:55Z,0,0.0,0.00,78,12.7,0.00,Deactivated,27,28,0,0,8363
2026-08-24T02:01:55Z,0,0.0,0.00,78,12.7,0.00,Deactivated,27,28,0,0,8363
2026-08-24T02:01:56Z,0,0.0,0.00,78,12.7,0.00,Deactivated,27,28,0,0,8363
2026-08-24T02:01:56Z,0,0.0,0.00,78,12.7,0.00,Deactivated,27,28,0,0,8363
2026-08-24T02:01:56Z,0,0.0,0.00,78,12.7,0.00,Deactivated,27,28,0,0,8363
2026-08-24T02:01:57Z,0,0.0,0.00,78,12.7,0.00,Deactivated,27,28,0,0,8363
2026-08-24T02:01:57Z,0,0.0,0.00,78,12.7,0.00,Deactivated,27,28,0,0,8363
2026-08-24T02:01:57Z,0,0.0,0.00,78,12.7,0.00,Deactivated,27,28,0,0,8363
2026-08-24T02:01:58Z,0,0.0,0.00,78,12.7,0.00,Deactivated,27,28,0,0,8363
2026-08-24T02:01:58Z,0,0.0,0.00,78,12.7,0.00,Deactivated,27,28,0,0,8363
2026-08-24T02:01:58Z,0,0.0,0.00,78,12.7,0.00,Deactivated,27,28,0,0,8363
2026-08-24T02:01:59Z,0,0.0,0.00,78,12.7,0.00,Deactivated,27,28,0,0,8363
2026-08-24T02:01:59Z,0,0.0,0.00,78,12.7,0.00,Deactivated,27,28,0,0,8363
2026-08-24T02:01:59Z,0,0.0,0.00,78,12.7,0.00,Deactivated,27,28,0,0,8363
2026-08-24T02:02:00Z,0,0.0,0.00,78,12.7,0.00,Deactivated,27,28,0,0,8363
2026-08-24T02:02:00Z,0,0.0,0.00,78,12.7,0.00,Deactivated,27,28,0,0,8363
2026-08-24T02:02:00Z,0,0.0,0.00,78,12.7,0.00,Deactivated,27,28,0,0,8363
2026-08-24T02:02:00Z,0,0.0,0.00,78,12.7,0.00,Deactivated,27,28,0,0,8363
2026-08-24T02:02:00Z,0,0.0,0.00,78,12.7,0.00,Deactivated,27,28,0,0,8363
2026-08-24T02:02:00Z,0,0.0,0.00,78,12.7,0.00,Deactivated,27,28,0,0,8363
2026-08-24T02:02:02Z,0,0.0,0.00,78,12.7,0.00,Deactivated,27,28,0,0,8363
2026-08-24T02:02:02Z,0,0.0,0.00,78,12.7,0.00,Deactivated,27,28,0,0,8363
2026-08-24T02:02:02Z,0,0.0,0.00,78,12.7,0.00,Deactivated,27,28,0,0,8363
2026-08-24T02:02:03Z,0,0.0,0.00,78,12.7,0.00,Deactivated,27,28,0,0,8363
2026-08-24T02:02:03Z,0,0.0,0.00,78,12.7,0.00,Deactivated,27,28,0,0,8363
2026-08-24T02:02:03Z,0,0.0,0.00,78,12.7,0.00,Deactivated,27,28,0,0,8363
2026-08-24T02:02:04Z,0,0.0,0.00,78,12.7,0.00,Deactivated,27,28,0,0,8363
2026-08-24T02:02:04Z,0,0.0,0.00,78,12.7,0.00,Deactivated,27,28,0,0,8363
2026-08-24T02:02:04Z,0,0.0,0.00,78,12.7,0.00,Deactivated,27,28,0,0,8363
2026-08-24T02:02:05Z,0,0.0,0.00,78,12.7,0.00,Deactivated,27,28,0,0,8363
2026-08-24T02:02:05Z,0,0.0,0.00,78,12.7,0.00,Deactivated,27,28,0,0,8363
2026-08-24T02:02:05Z,0,0.0,0.00,78,12.7,0.00,Deactivated,27,28,0,0,8363
2026-08-24T02:02:06Z,0,0.0,0.00,78,12.7,0.00,Deactivated,27,28,0,0,8363
2026-08-24T02:02:06Z,0,0.0,0.00,78,12.7,0.00,Deactivated,27,28,0,0,8363
2026-08-24T02:02:06Z,0,0.0,0.00,78,12.7,0.00,Deactivated,27,28,0,0,8363
2026-08-24T02:02:07Z,0,0.0,0.00,78,12.7,0.00,Deactivated,27,28,0,0,8363
2026-08-24T02:02:07Z,0,0.0,0.00,78,12.7,0.00,Deactivated,27,28,0,0,8363
2026-08-24T02:02:07Z,0,0.0,0.00,78,12.7,0.00,Deactivated,27,28,0,0,8363
2026-08-24T02:02:08Z,0,0.0,0.00,78,12.7,0.00,Deactivated,27,28,0,0,8363
2026-08-24T02:02:08Z,0,0.0,0.00,78,12.7,0.00,Deactivated,27,28,0,0,8363
2026-08-24T02:02:08Z,0,0.0,0.00,78,12.7,0.00,Deactivated,27,28,0,0,8363
2026-08-24T02:02:09Z,0,0.0,0.00,78,12.7,0.00,Deactivated,27,28,0,0,8363
2026-08-24T02:02:09Z,0,0.0,0.00,78,12.7,0.00,Deactivated,27,28,0,0,8363
2026-08-24T02:02:09Z,0,0.0,0.00,78,12.7,0.00,Deactivated,27,28,0,0,8363
2026-08-24T02:02:10Z,0,0.0,0.00,78,12.7,0.00,Deactivated,27,28,0,0,8363
2026-08-24T02:02:10Z,0,0.0,0.00,78,12.7,0.00,Deactivated,27,28,0,0,8363
2026-08-24T02:02:10Z,0,0.0,0.00,78,12.7,0.00,Deactivated,27,28,0,0,8363
2026-08-24T02:02:11Z,0,0.0,0.00,78,12.7,0.00,Deactivated,27,28,0,0,8363
2026-08-24T02:02:11Z,0,0.0,0.00,78,12.7,0.00,Deactivated,27,28,0,0,8363
2026-08-24T02:02:11Z,0,0.0,0.00,78,12.7,0.00,Deactivated,27,28,0,0,8363
2026-08-24T02:02:12Z,0,0.0,0.00,78,12.7,0.00,Deactivated,27,28,0,0,8363
2026-08-24T02:02:12Z,0,0.0,0.00,78,12.7,0.00,Deactivated,27,28,0,0,8363
2026-08-24T02:02:12Z,0,0.0,0.00,78,12.7,0.00,Deactivated,27,28,0,0,8363
2026-08-24T02:02:13Z,0,0.0,0.00,78,12.7,0.00,Deactivated,27,28,0,0,8363
2026-08-24T02:02:13Z,0,0.0,0.00,78,12.7,0.00,Deactivated,27,28,0,0,8363
2026-08-24T02:02:13Z,0,0.0,0.00,78,12.7,0.00,Deactivated,27,28,0,0,8363
2026-08-24T02:02:14Z,0,0.0,0.00,78,12.7,0.00,Deactivated,27,28,0,0,8363
2026-08-24T02:02:14Z,0,0.0,0.00,78,12.7,0.00,Deactivated,27,28,0,0,8363
2026-08-24T02:02:14Z,0,0.0,0.00,78,12.7,0.00,Deactivated,27,28,0,0,8363
2026-08-24T02:02:15Z,0,0.0,0.00,78,12.7,0.00,Deactivated,27,28,0,0,8363
2026-08-24T02:02:15Z,0,0.0,0.00,78,12.7,0.00,Deactivated,27,28,0,0,8363
2026-08-24T02:02:15Z,0,0.0,0.00,78,12.7,0.00,Deactivated,27,28,0,0,8363
2026-08-24T02:02:15Z,0,0.0,0.00,78,12.7,0.00,Deactivated,27,28,0,0,8363
2026-08-24T02:02:15Z,0,0.0,0.00,78,12.7,0.00,Deactivated,27,28,0,0,8363
2026-08-24T02:02:15Z,0,0.0,0.00,78,12.7,0.00,Deactivated,27,28,0,0,8363
2026-08-24T02:02:17Z,0,0.0,0.00,78,12.7,0.00,Deactivated,27,28,0,0,8363
2026-08-24T02:02:17Z,0,0.0,0.00,78,12.7,0.00,Deactivated,27,28,0,0,8363
2026-08-24T02:02:17Z,0,0.0,0.00,78,12.7,0.00,Deactivated,27,28,0,0,8363
2026-08-24T02:02:18Z,0,0.0,0.00,78,12.7,0.00,Deactivated,27,28,0,0,8363
2026-08-24T02:02:18Z,0,0.0,0.00,78,12.7,0.00,Deactivated,27,28,0,0,8363
2026-08-24T02:02:18Z,0,0.0,0.00,78,12.7,0.00,Deactivated,27,28,0,0,8363
2026-08-24T02:02:18Z,0,0.0,0.00,78,12.7,0.00,Deactivated,27,28,0,0,8363
2026-08-24T02:02:18Z,0,0.0,0.00,78,12.7,0.00,Deactivated,27,28,0,0,8363
2026-08-24T02:02:18Z,0,0.0,0.00,78,12.7,0.00,Deactivated,27,28,0,0,8363
2026-08-24T02:02:19Z,0,0.0,0.00,78,12.7,0.00,Deactivated,27,28,0,0,8363
2026-08-24T02:02:19Z,0,0.0,0.00,78,12.7,0.00,Deactivated,27,28,0,0,8363
2026-08-24T02:02:19Z,0,0.0,0.00,78,12.7,0.00,Deactivated,27,28,0,0,8363
2026-08-24T02:02:21Z,0,0.0,0.00,78,12.7,0.00,Deactivated,27,28,0,0,8363
2026-08-24T02:02:21Z,0,0.0,0.00,78,12.7,0.00,Deactivated,27,28,0,0,8363
2026-08-24T02:02:21Z,0,0.0,0.00,78,12.7,0.00,Deactivated,27,28,0,0,8363
2026-08-24T02:02:22Z,0,0.0,0.00,78,12.7,0.00,Deactivated,27,28,0,0,8363
2026-08-24T02:02:22Z,0,0.0,0.00,78,12.7,0.00,Deactivated,27,28,0,0,8363
2026-08-24T02:02:22Z,0,0.0,0.00,78,12.7,0.00,Deactivated,27,28,0,0,8363
2026-08-24T02:02:23Z,0,0.0,0.00,78,12.7,0.00,Deactivated,27,28,0,0,8363
2026-08-24T02:02:23Z,0,0.0,0.00,78,12.7,0.00,Deactivated,27,28,0,0,8363
2026-08-24T02:02:23Z,0,0.0,0.00,78,12.7,0.00,Deactivated,27,28,0,0,8363
2026-08-24T02:02:24Z,0,0.0,0.00,78,12.7,0.00,Deactivated,27,28,0,0,8363
2026-08-24T02:02:24Z,0,0.0,0.00,78,12.7,0.00,Deactivated,27,28,0,0,8363
2026-08-24T02:02:24Z,0,0.0,0.00,78,12.7,0.00,Deactivated,27,28,0,0,8363
2026-08-24T02:02:25Z,0,0.0,0.00,78,12.7,0.00,Deactivated,27,28,0,0,8363
2026-08-24T02:02:25Z,0,0.0,0.00,78,12.7,0.00,Deactivated,27,28,0,0,8363
2026-08-24T02:02:25Z,0,0.0,0.00,78,12.7,0.00,Deactivated,27,28,0,0,8363
2026-08-24T02:02:26Z,0,0.0,0.00,78,12.7,0.00,Deactivated,27,28,0,0,8363
2026-08-24T02:02:26Z,0,0.0,0.00,78,12.7,0.00,Deactivated,27,28,0,0,8363
2026-08-24T02:02:26Z,0,0.0,0.00,78,12.7,0.00,Deactivated,27,28,0,0,8363
2026-08-24T02:02:26Z,0,0.0,0.00,78,12.7,0.00,Deactivated,27,28,0,0,8363
2026-08-24T02:02:26Z,0,0.0,0.00,78,12.7,0.00,Deactivated,27,28,0,0,8363
2026-08-24T02:02:26Z,0,0.0,0.00,78,12.7,0.00,Deactivated,27,28,0,0,8363
2026-08-24T02:02:27Z,0,0.0,0.00,78,12.7,0.00,Deactivated,27,28,0,0,8363
2026-08-24T02:02:27Z,0,0.0,0.00,78,12.7,0.00,Deactivated,27,28,0,0,8363
2026-08-24T02:02:27Z,0,0.0,0.00,78,12.7,0.00,Deactivated,27,28,0,0,8363
2026-08-24T02:02:28Z,0,0.0,0.00,78,12.7,0.00,Deactivated,27,28,0,0,8363
2026-08-24T02:02:28Z,0,0.0,0.00,78,12.7,0.00,Deactivated,27,28,0,0,8363
2026-08-24T02:02:28Z,0,0.0,0.00,78,12.7,0.00,Deactivated,27,28,0,0,8363
2026-08-24T02:02:28Z,0,0.0,0.00,78,12.7,0.00,Deactivated,27,28,0,0,8363
2026-08-24T02:02:28Z,0,0.0,0.00,78,12.7,0.00,Deactivated,27,28,0,0,8363
2026-08-24T02:02:28Z,0,0.0,0.00,78,12.7,0.00,Deactivated,27,28,0,0,8363
2026-08-24T02:02:30Z,0,0.0,0.00,78,12.7,0.00,Deactivated,27,28,0,0,8363
2026-08-24T02:02:30Z,0,0.0,0.00,78,12.7,0.00,Deactivated,27,28,0,0,8363
2026-08-24T02:02:30Z,0,0.0,0.00,78,12.7,0.00,Deactivated,27,28,0,0,8363
2026-08-24T02:02:30Z,0,0.0,0.00,78,12.7,0.00,Deactivated,27,28,0,0,8363
2026-08-24T02:02:30Z,0,0.0,0.00,78,12.7,0.00,Deactivated,27,28,0,0,8363
2026-08-24T02:02:30Z,0,0.0,0.00,78,12.7,0.00,Deactivated,27,28,0,0,8363
2026-08-24T02:02:31Z,0,0.0,0.00,78,12.7,0.00,Deactivated,27,28,0,0,8363
2026-08-24T02:02:31Z,0,0.0,0.00,78,12.7,0.00,Deactivated,27,28,0,0,8363
2026-08-24T02:02:31Z,0,0.0,0.00,78,12.7,0.00,Deactivated,27,28,0,0,8363
2026-08-24T02:02:31Z,0,0.0,0.00,78,12.7,0.00,Deactivated,27,28,0,0,8363
2026-08-24T02:02:31Z,0,0.0,0.00,78,12.7,0.00,Deactivated,27,28,0,0,8363
2026-08-24T02:02:31Z,0,0.0,0.00,78,12.7,0.00,Deactivated,27,28,0,0,8363
2026-08-24T02:02:32Z,0,0.0,0.00,78,12.7,0.00,Deactivated,27,28,0,0,8363
2026-08-24T02:02:32Z,0,0.0,0.00,78,12.7,0.00,Deactivated,27,28,0,0,8363
2026-08-24T02:02:32Z,0,0.0,0.00,78,12.7,0.00,Deactivated,27,28,0,0,8363
2026-08-24T02:02:33Z,0,0.0,0.00,78,12.7,0.00,Deactivated,27,28,0,0,8363
2026-08-24T02:02:33Z,0,0.0,0.00,78,12.7,0.00,Deactivated,27,28,0,0,8363
2026-08-24T02:02:33Z,0,0.0,0.00,78,12.7,0.00,Deactivated,27,28,0,0,8363
2026-08-24T02:02:34Z,0,0.0,0.00,78,12.7,0.00,Deactivated,27,28,0,0,8363
2026-08-24T02:02:34Z,0,0.0,0.00,78,12.7,0.00,Deactivated,27,28,0,0,8363
2026-08-24T02:02:34Z,0,0.0,0.00,78,12.7,0.00,Deactivated,27,28,0,0,8363
2026-08-24T02:02:34Z,0,0.0,0.00,78,12.7,0.00,Deactivated,27,28,0,0,8363
2026-08-24T02:02:34Z,0,0.0,0.00,78,12.7,0.00,Deactivated,27,28,0,0,8363
2026-08-24T02:02:34Z,0,0.0,0.00,78,12.7,0.00,Deactivated,27,28,0,0,8363
2026-08-24T02:02:35Z,0,0.0,0.00,78,12.7,0.00,Deactivated,27,28,0,0,8363
2026-08-24T02:02:35Z,0,0.0,0.00,78,12.7,0.00,Deactivated,27,28,0,0,8363
2026-08-24T02:02:35Z,0,0.0,0.00,78,12.7,0.00,Deactivated,27,28,0,0,8363
2026-08-24T02:02:35Z,0,0.0,0.00,78,12.7,0.00,Deactivated,27,28,0,0,8363
2026-08-24T02:02:35Z,0,0.0,0.00,78,12.7,0.00,Deactivated,27,28,0,0,8363
2026-08-24T02:02:35Z,0,0.0,0.00,78,12.7,0.00,Deactivated,27,28,0,0,8363
2026-08-24T02:02:36Z,0,0.0,0.00,78,12.7,0.00,Deactivated,27,28,0,0,8363
2026-08-24T02:02:36Z,0,0.0,0.00,78,12.7,0.00,Deactivated,27,28,0,0,8363
2026-08-24T02:02:36Z,0,0.0,0.00,78,12.7,0.00,Deactivated,27,28,0,0,8363
2026-08-24T02:02:37Z,0,0.0,0.00,78,12.7,0.00,Deactivated,27,28,0,0,8363
2026-08-24T02:02:37Z,0,0.0,0.00,78,12.7,0.00,Deactivated,27,28,0,0,8363
2026-08-24T02:02:37Z,0,0.0,0.00,78,12.7,0.00,Deactivated,27,28,0,0,8363
2026-08-24T02:02:38Z,0,0.0,0.00,78,12.7,0.00,Deactivated,27,28,0,0,8363
2026-08-24T02:02:38Z,0,0.0,0.00,78,12.7,0.00,Deactivated,27,28,0,0,8363
2026-08-24T02:02:38Z,0,0.0,0.00,78,12.7,0.00,Deactivated,27,28,0,0,8363
2026-08-24T02:02:38Z,0,0.0,0.00,78,12.7,0.00,Deactivated,27,28,0,0,8363
2026-08-24T02:02:38Z,0,0.0,0.00,78,12.7,0.00,Deactivated,27,28,0,0,8363
2026-08-24T02:02:38Z,0,0.0,0.00,78,12.7,0.00,Deactivated,27,28,0,0,8363
2026-08-24T02:02:39Z,0,0.0,0.00,78,12.7,0.00,Deactivated,27,28,0,0,8363
2026-08-24T02:02:39Z,0,0.0,0.00,78,12.7,0.00,Deactivated,27,28,0,0,8363
2026-08-24T02:02:39Z,0,0.0,0.00,78,12.7,0.00,Deactivated,27,28,0,0,8363
2026-08-24T02:02:40Z,0,0.0,0.00,78,12.7,0.00,Deactivated,27,28,0,0,8363
2026-08-24T02:02:40Z,0,0.0,0.00,78,12.7,0.00,Deactivated,27,28,0,0,8363
2026-08-24T02:02:40Z,0,0.0,0.00,78,12.7,0.00,Deactivated,27,28,0,0,8363
2026-08-24T02:02:40Z,0,0.0,0.00,78,12.7,0.00,Deactivated,27,28,0,0,8363
2026-08-24T02:02:40Z,0,0.0,0.00,78,12.7,0.00,Deactivated,27,28,0,0,8363
2026-08-24T02:02:40Z,0,0.0,0.00,78,12.7,0.00,Deactivated,27,28,0,0,8363
2026-08-24T02:02:41Z,0,0.0,0.00,78,12.7,0.00,Deactivated,27,28,0,0,8363
2026-08-24T02:02:41Z,0,0.0,0.00,78,12.7,0.00,Deactivated,27,28,0,0,8363
2026-08-24T02:02:41Z,0,0.0,0.00,78,12.7,0.00,Deactivated,27,28,0,0,8363
2026-08-24T02:02:42Z,0,0.0,0.00,78,12.7,0.00,Deactivated,27,28,0,0,8363
2026-08-24T02:02:42Z,0,0.0,0.00,78,12.7,0.00,Deactivated,27,28,0,0,8363
2026-08-24T02:02:42Z,0,0.0,0.00,78,12.7,0.00,Deactivated,27,28,0,0,8363
2026-08-24T02:02:42Z,0,0.0,0.00,78,12.7,0.00,Deactivated,27,28,0,0,8363
2026-08-24T02:02:42Z,0,0.0,0.00,78,12.7,0.00,Deactivated,27,28,0,0,8363
2026-08-24T02:02:42Z,0,0.0,0.00,78,12.7,0.00,Deactivated,27,28,0,0,8363
2026-08-24T02:02:42Z,0,0.0,0.00,78,12.7,0.00,Deactivated,27,28,0,0,8363
2026-08-24T02:02:42Z,0,0.0,0.00,78,12.7,0.00,Deactivated,27,28,0,0,8363
2026-08-24T02:02:42Z,0,0.0,0.00,78,12.7,0.00,Deactivated,27,28,0,0,8363
2026-08-24T02:02:44Z,0,0.0,0.00,78,12.7,0.00,Deactivated,27,28,0,0,8363
2026-08-24T02:02:44Z,0,0.0,0.00,78,12.7,0.00,Deactivated,27,28,0,0,8363
2026-08-24T02:02:44Z,0,0.0,0.00,78,12.7,0.00,Deactivated,27,28,0,0,8363
2026-08-24T02:02:44Z,0,0.0,0.00,78,12.7,0.00,Deactivated,27,28,0,0,8363
2026-08-24T02:02:44Z,0,0.0,0.00,78,12.7,0.00,Deactivated,27,28,0,0,8363
2026-08-24T02:02:44Z,0,0.0,0.00,78,12.7,0.00,Deactivated,27,28,0,0,8363
2026-08-24T02:02:45Z,0,0.0,0.00,78,12.7,0.00,Deactivated,27,28,0,0,8363
2026-08-24T02:02:45Z,0,0.0,0.00,78,12.7,0.00,Deactivated,27,28,0,0,8363
2026-08-24T02:02:45Z,0,0.0,0.00,78,12.7,0.00,Deactivated,27,28,0,0,8363
2026-08-24T02:02:46Z,0,0.0,0.00,78,12.7,0.00,Deactivated,27,28,0,0,8363
2026-08-24T02:02:46Z,0,0.0,0.00,78,12.7,0.00,Deactivated,27,28,0,0,8363
2026-08-24T02:02:46Z,0,0.0,0.00,78,12.7,0.00,Deactivated,27,28,0,0,8363
2026-08-24T02:02:46Z,0,0.0,0.00,78,12.7,0.00,Deactivated,27,28,0,0,8363
2026-08-24T02:02:46Z,0,0.0,0.00,78,12.7,0.00,Deactivated,27,28,0,0,8363
2026-08-24T02:02:46Z,0,0.0,0.00,78,12.7,0.00,Deactivated,27,28,0,0,8363
2026-08-24T02:02:46Z,0,0.0,0.00,78,12.7,0.00,Deactivated,27,28,0,0,8363
2026-08-24T02:02:46Z,0,0.0,0.00,78,12.7,0.00,Deactivated,27,28,0,0,8363
2026-08-24T02:02:46Z,0,0.0,0.00,78,12.7,0.00,Deactivated,27,28,0,0,8363
2026-08-24T02:02:48Z,0,0.0,0.00,78,12.7,0.00,Deactivated,27,28,0,0,8363
2026-08-24T02:02:48Z,0,0.0,0.00,78,12.7,0.00,Deactivated,27,28,0,0,8363
2026-08-24T02:02:48Z,0,0.0,0.00,78,12.7,0.00,Deactivated,27,28,0,0,8363
2026-08-24T02:02:48Z,0,0.0,0.00,78,12.7,0.00,Deactivated,27,28,0,0,8363
2026-08-24T02:02:48Z,0,0.0,0.00,78,12.7,0.00,Deactivated,27,28,0,0,8363
2026-08-24T02:02:48Z,0,0.0,0.00,78,12.7,0.00,Deactivated,27,28,0,0,8363
2026-08-24T02:02:49Z,0,0.0,0.00,78,12.7,0.00,Deactivated,27,28,0,0,8363
2026-08-24T02:02:49Z,0,0.0,0.00,78,12.7,0.00,Deactivated,27,28,0,0,8363
2026-08-24T02:02:49Z,0,0.0,0.00,78,12.7,0.00,Deactivated,27,28,0,0,8363
2026-08-24T02:02:50Z,0,0.0,0.00,78,12.7,0.00,Deactivated,27,28,0,0,8363
2026-08-24T02:02:50Z,0,0.0,0.00,78,12.7,0.00,Deactivated,27,28,0,0,8363
2026-08-24T02:02:50Z,0,0.0,0.00,78,12.7,0.00,Deactivated,27,28,0,0,8363
2026-08-24T02:02:50Z,0,0.0,0.00,78,12.7,0.00,Deactivated,27,28,0,0,8363
2026-08-24T02:02:50Z,0,0.0,0.00,78,12.7,0.00,Deactivated,27,28,0,0,8363
2026-08-24T02:02:50Z,0,0.0,0.00,78,12.7,0.00,Deactivated,27,28,0,0,8363
2026-08-24T02:02:52Z,0,0.0,0.00,78,12.7,0.00,Deactivated,27,28,0,0,8363
2026-08-24T02:02:52Z,0,0.0,0.00,78,12.7,0.00,Deactivated,27,28,0,0,8363
2026-08-24T02:02:52Z,0,0.0,0.00,78,12.7,0.00,Deactivated,27,28,0,0,8363
2026-08-24T02:02:52Z,0,0.0,0.00,78,12.7,0.00,Deactivated,27,28,0,0,8363
2026-08-24T02:02:52Z,0,0.0,0.00,78,12.7,0.00,Deactivated,27,28,0,0,8363
2026-08-24T02:02:52Z,0,0.0,0.00,78,12.7,0.00,Deactivated,27,28,0,0,8363
2026-08-24T02:02:53Z,0,0.0,0.00,78,12.7,0.00,Deactivated,27,28,0,0,8363
2026-08-24T02:02:53Z,0,0.0,0.00,78,12.7,0.00,Deactivated,27,28,0,0,8363
2026-08-24T02:02:53Z,0,0.0,0.00,78,12.7,0.00,Deactivated,27,28,0,0,8363
2026-08-24T02:02:54Z,0,0.0,0.00,78,12.7,0.00,Deactivated,27,28,0,0,8363
2026-08-24T02:02:54Z,0,0.0,0.00,78,12.7,0.00,Deactivated,27,28,0,0,8363
2026-08-24T02:02:54Z,0,0.0,0.00,78,12.7,0.00,Deactivated,27,28,0,0,8363
2026-08-24T02:02:54Z,0,0.0,0.00,78,12.7,0.00,Deactivated,27,28,0,0,8363
2026-08-24T02:02:54Z,0,0.0,0.00,78,12.7,0.00,Deactivated,27,28,0,0,8363
2026-08-24T02:02:54Z,0,0.0,0.00,78,12.7,0.00,Deactivated,27,28,0,0,8363
2026-08-24T02:02:55Z,0,0.0,0.00,78,12.7,0.00,Deactivated,27,28,0,0,8363
2026-08-24T02:02:55Z,0,0.0,0.00,78,12.7,0.00,Deactivated,27,28,0,0,8363
2026-08-24T02:02:55Z,0,0.0,0.00,78,12.7,0.00,Deactivated,27,28,0,0,8363
2026-08-24T02:02:56Z,0,0.0,0.00,78,12.7,0.00,Deactivated,27,28,0,0,8363
2026-08-24T02:02:56Z,0,0.0,0.00,78,12.7,0.00,Deactivated,27,28,0,0,8363
2026-08-24T02:02:56Z,0,0.0,0.00,78,12.7,0.00,Deactivated,27,28,0,0,8363
2026-08-24T02:02:56Z,0,0.0,0.00,78,12.7,0.00,Deactivated,27,28,0,0,8363
2026-08-24T02:02:56Z,0,0.0,0.00,78,12.7,0.00,Deactivated,27,28,0,0,8363
2026-08-24T02:02:56Z,0,0.0,0.00,78,12.7,0.00,Deactivated,27,28,0,0,8363
2026-08-24T02:02:56Z,0,0.0,0.00,78,12.7,0.00,Deactivated,27,28,0,0,8363
2026-08-24T02:02:56Z,0,0.0,0.00,78,12.7,0.00,Deactivated,27,28,0,0,8363
2026-08-24T02:02:56Z,0,0.0,0.00,78,12.7,0.00,Deactivated,27,28,0,0,8363
2026-08-24T02:02:58Z,0,0.0,0.00,78,12.7,0.00,Deactivated,27,28,0,0,8363
2026-08-24T02:02:58Z,0,0.0,0.00,78,12.7,0.00,Deactivated,27,28,0,0,8363
2026-08-24T02:02:58Z,0,0.0,0.00,78,12.7,0.00,Deactivated,27,28,0,0,8363
2026-08-24T02:02:58Z,0,0.0,0.00,78,12.7,0.00,Deactivated,27,28,0,0,8363
2026-08-24T02:02:58Z,0,0.0,0.00,78,12.7,0.00,Deactivated,27,28,0,0,8363
2026-08-24T02:02:58Z,0,0.0,0.00,78,12.7,0.00,Deactivated,27,28,0,0,8363
2026-08-24T02:02:58Z,0,0.0,0.00,78,12.7,0.00,Deactivated,27,28,0,0,8363
2026-08-24T02:02:58Z,0,0.0,0.00,78,12.7,0.00,Deactivated,27,28,0,0,8363
2026-08-24T02:02:58Z,0,0.0,0.00,78,12.7,0.00,Deactivated,27,28,0,0,8363
2026-08-24T02:03:00Z,0,0.0,0.00,78,12.7,0.00,Deactivated,27,28,0,0,8363
2026-08-24T02:03:00Z,0,0.0,0.00,78,12.7,0.00,Deactivated,27,28,0,0,8363
2026-08-24T02:03:00Z,0,0.0,0.00,78,12.7,0.00,Deactivated,27,28,0,0,8363
2026-08-24T02:03:00Z,0,0.0,0.00,78,12.7,0.00,Deactivated,27,28,0,0,8363
2026-08-24T02:03:00Z,0,0.0,0.00,78,12.7,0.00,Deactivated,27,28,0,0,8363
2026-08-24T02:03:00Z,0,0.0,0.00,78,12.7,0.00,Deactivated,27,28,0,0,8363
2026-08-24T02:03:01Z,0,0.0,0.00,78,12.7,0.00,Deactivated,27,28,0,0,8363
2026-08-24T02:03:01Z,0,0.0,0.00,78,12.7,0.00,Deactivated,27,28,0,0,8363
2026-08-24T02:03:01Z,0,0.0,0.00,78,12.7,0.00,Deactivated,27,28,0,0,8363
2026-08-24T02:03:02Z,0,0.0,0.00,78,12.7,0.00,Deactivated,27,28,0,0,8363
2026-08-24T02:03:02Z,0,0.0,0.00,78,12.7,0.00,Deactivated,27,28,0,0,8363
2026-08-24T02:03:02Z,0,0.0,0.00,78,12.7,0.00,Deactivated,27,28,0,0,8363
2026-08-24T02:03:02Z,0,0.0,0.00,78,12.7,0.00,Deactivated,27,28,0,0,8363
2026-08-24T02:03:02Z,0,0.0,0.00,78,12.7,0.00,Deactivated,27,28,0,0,8363
2026-08-24T02:03:02Z,0,0.0,0.00,78,12.7,0.00,Deactivated,27,28,0,0,8363
2026-08-24T02:03:02Z,0,0.0,0.00,78,12.7,0.00,Deactivated,27,28,0,0,8363
2026-08-24T02:03:02Z,0,0.0,0.00,78,12.7,0.00,Deactivated,27,28,0,0,8363
2026-08-24T02:03:02Z,0,0.0,0.00,78,12.7,0.00,Deactivated,27,28,0,0,8363
2026-08-24T02:03:03Z,0,0.0,0.00,78,12.7,0.00,Deactivated,27,28,0,0,8363
2026-08-24T02:03:03Z,0,0.0,0.00,78,12.7,0.00,Deactivated,27,28,0,0,8363
2026-08-24T02:03:03Z,0,0.0,0.00,78,12.7,0.00,Deactivated,27,28,0,0,8363
2026-08-24T02:03:04Z,0,0.0,0.00,78,12.7,0.00,Deactivated,27,28,0,0,8363
2026-08-24T02:03:04Z,0,0.0,0.00,78,12.7,0.00,Deactivated,27,28,0,0,8363
2026-08-24T02:03:04Z,0,0.0,0.00,78,12.7,0.00,Deactivated,27,28,0,0,8363
2026-08-24T02:03:05Z,0,0.0,0.00,78,12.7,0.00,Deactivated,27,28,0,0,8363
2026-08-24T02:03:05Z,0,0.0,0.00,78,12.7,0.00,Deactivated,27,28,0,0,8363
2026-08-24T02:03:05Z,0,0.0,0.00,78,12.7,0.00,Deactivated,27,28,0,0,8363
2026-08-24T02:03:05Z,0,0.0,0.00,78,12.7,0.00,Deactivated,27,28,0,0,8363
2026-08-24T02:03:05Z,0,0.0,0.00,78,12.7,0.00,Deactivated,27,28,0,0,8363
2026-08-24T02:03:05Z,0,0.0,0.00,78,12.7,0.00,Deactivated,27,28,0,0,8363
2026-08-24T02:03:06Z,0,0.0,0.00,78,12.7,0.00,Deactivated,27,28,0,0,8363
2026-08-24T02:03:06Z,0,0.0,0.00,78,12.7,0.00,Deactivated,27,28,0,0,8363
2026-08-24T02:03:06Z,0,0.0,0.00,78,12.7,0.00,Deactivated,27,28,0,0,8363
2026-08-24T02:03:07Z,0,0.0,0.00,78,12.7,0.00,Deactivated,27,28,0,0,8363
2026-08-24T02:03:07Z,0,0.0,0.00,78,12.7,0.00,Deactivated,27,28,0,0,8363
2026-08-24T02:03:07Z,0,0.0,0.00,78,12.7,0.00,Deactivated,27,28,0,0,8363
2026-08-24T02:03:08Z,0,0.0,0.00,78,12.7,0.00,Deactivated,27,28,0,0,8363
2026-08-24T02:03:08Z,0,0.0,0.00,78,12.7,0.00,Deactivated,27,28,0,0,8363
2026-08-24T02:03:08Z,0,0.0,0.00,78,12.7,0.00,Deactivated,27,28,0,0,8363
2026-08-24T02:03:08Z,0,0.0,0.00,78,12.7,0.00,Deactivated,27,28,0,0,8363
2026-08-24T02:03:08Z,0,0.0,0.00,78,12.7,0.00,Deactivated,27,28,0,0,8363
2026-08-24T02:03:08Z,0,0.0,0.00,78,12.7,0.00,Deactivated,27,28,0,0,8363
2026-08-24T02:03:09Z,0,0.0,0.00,78,12.7,0.00,Deactivated,27,28,0,0,8363
2026-08-24T02:03:09Z,0,0.0,0.00,78,12.7,0.00,Deactivated,27,28,0,0,8363
2026-08-24T02:03:09Z,0,0.0,0.00,78,12.7,0.00,Deactivated,27,28,0,0,8363
2026-08-24T02:03:10Z,0,0.0,0.00,78,12.7,0.00,Deactivated,27,28,0,0,8363
2026-08-24T02:03:10Z,0,0.0,0.00,78,12.7,0.00,Deactivated,27,28,0,0,8363
2026-08-24T02:03:10Z,0,0.0,0.00,78,12.7,0.00,Deactivated,27,28,0,0,8363
2026-08-24T02:03:10Z,0,0.0,0.00,78,12.7,0.00,Deactivated,27,28,0,0,8363
2026-08-24T02:03:10Z,0,0.0,0.00,78,12.7,0.00,Deactivated,27,28,0,0,8363
2026-08-24T02:03:10Z,0,0.0,0.00,78,12.7,0.00,Deactivated,27,28,0,0,8363
2026-08-24T02:03:11Z,0,0.0,0.00,78,12.7,0.00,Deactivated,27,28,0,0,8363
2026-08-24T02:03:11Z,0,0.0,0.00,78,12.7,0.00,Deactivated,27,28,0,0,8363
2026-08-24T02:03:11Z,0,0.0,0.00,78,12.7,0.00,Deactivated,27,28,0,0,8363
2026-08-24T02:03:12Z,0,0.0,0.00,78,12.7,0.00,Deactivated,27,28,0,0,8363
2026-08-24T02:03:12Z,0,0.0,0.00,78,12.7,0.00,Deactivated,27,28,0,0,8363
2026-08-24T02:03:12Z,0,0.0,0.00,78,12.7,0.00,Deactivated,27,28,0,0,8363
2026-08-24T02:03:12Z,0,0.0,0.00,78,12.7,0.00,Deactivated,27,28,0,0,8363
2026-08-24T02:03:12Z,0,0.0,0.00,78,12.7,0.00,Deactivated,27,28,0,0,8363
2026-08-24T02:03:12Z,0,0.0,0.00,78,12.7,0.00,Deactivated,27,28,0,0,8363
2026-08-24T02:03:13Z,0,0.0,0.00,78,12.7,0.00,Deactivated,27,28,0,0,8363
2026-08-24T02:03:13Z,0,0.0,0.00,78,12.7,0.00,Deactivated,27,28,0,0,8363
2026-08-24T02:03:13Z,0,0.0,0.00,78,12.7,0.00,Deactivated,27,28,0,0,8363
2026-08-24T02:03:13Z,0,0.0,0.00,78,12.7,0.00,Deactivated,27,28,0,0,8363
2026-08-24T02:03:13Z,0,0.0,0.00,78,12.7,0.00,Deactivated,27,28,0,0,8363
2026-08-24T02:03:13Z,0,0.0,0.00,78,12.7,0.00,Deactivated,27,28,0,0,8363
2026-08-24T02:03:14Z,0,0.0,0.00,78,12.7,0.00,Deactivated,27,28,0,0,8363
2026-08-24T02:03:14Z,0,0.0,0.00,78,12.7,0.00,Deactivated,27,28,0,0,8363
2026-08-24T02:03:14Z,0,0.0,0.00,78,12.7,0.00,Deactivated,27,28,0,0,8363
2026-08-24T02:03:15Z,0,0.0,0.00,78,12.7,0.00,Deactivated,27,28,0,0,8363
2026-08-24T02:03:15Z,0,0.0,0.00,78,12.7,0.00,Deactivated,27,28,0,0,8363
2026-08-24T02:03:15Z,0,0.0,0.00,78,12.7,0.00,Deactivated,27,28,0,0,8363
2026-08-24T02:03:16Z,0,0.0,0.00,78,12.7,0.00,Deactivated,27,28,0,0,8363
2026-08-24T02:03:16Z,0,0.0,0.00,78,12.7,0.00,Deactivated,27,28,0,0,8363
2026-08-24T02:03:16Z,0,0.0,0.00,78,12.7,0.00,Deactivated,27,28,0,0,8363
2026-08-24T02:03:16Z,0,0.0,0.00,78,12.7,0.00,Deactivated,27,28,0,0,8363
2026-08-24T02:03:16Z,0,0.0,0.00,78,12.7,0.00,Deactivated,27,28,0,0,8363
2026-08-24T02:03:16Z,0,0.0,0.00,78,12.7,0.00,Deactivated,27,28,0,0,8363
2026-08-24T02:03:17Z,0,0.0,0.00,78,12.7,0.00,Deactivated,27,28,0,0,8363
2026-08-24T02:03:17Z,0,0.0,0.00,78,12.7,0.00,Deactivated,27,28,0,0,8363
2026-08-24T02:03:17Z,0,0.0,0.00,78,12.7,0.00,Deactivated,27,28,0,0,8363
2026-08-24T02:03:18Z,0,0.0,0.00,78,12.7,0.00,Deactivated,27,28,0,0,8363
2026-08-24T02:03:18Z,0,0.0,0.00,78,12.7,0.00,Deactivated,27,28,0,0,8363
2026-08-24T02:03:19Z,0,0.0,0.00,78,12.7,0.00,Deactivated,27,28,0,0,8363
2026-08-24T02:03:19Z,0,0.0,0.00,78,12.7,0.00,Deactivated,27,28,0,0,8363
2026-08-24T02:03:20Z,0,0.0,0.00,78,12.7,0.00,Deactivated,27,28,0,0,8363
2026-08-24T02:03:20Z,0,0.0,0.00,78,12.7,0.00,Deactivated,27,28,0,0,8363
2026-08-24T02:03:21Z,0,0.0,0.00,78,12.7,0.00,Deactivated,27,28,0,0,8363
2026-08-24T02:03:21Z,0,0.0,0.00,78,12.7,0.00,Deactivated,27,28,0,0,8363
2026-08-24T02:03:22Z,0,0.0,0.00,78,12.7,0.00,Deactivated,27,28,0,0,8363
2026-08-24T02:03:22Z,0,0.0,0.00,78,12.7,0.00,Deactivated,27,28,0,0,8363
2026-08-24T02:03:22Z,0,0.0,0.00,79,12.7,0.00,Deactivated,27,28,0,0,8363
2026-08-24T02:03:22Z,0,0.0,0.00,79,12.7,0.00,Deactivated,27,28,0,0,8363
2026-08-24T02:03:24Z,0,0.0,0.00,79,12.7,0.00,Deactivated,27,28,0,0,8363
2026-08-24T02:03:24Z,0,0.0,0.00,79,12.7,0.00,Deactivated,27,28,0,0,8363
2026-08-24T02:03:25Z,0,0.0,0.00,79,12.7,0.00,Deactivated,27,28,0,0,8363
2026-08-24T02:03:25Z,0,0.0,0.00,79,12.7,0.00,Deactivated,27,28,0,0,8363
2026-08-24T02:03:26Z,0,0.0,0.00,79,12.7,0.00,Deactivated,27,28,0,0,8363
2026-08-24T02:03:26Z,0,0.0,0.00,79,12.7,0.00,Deactivated,27,28,0,0,8363
2026-08-24T02:03:27Z,0,0.0,0.00,79,12.7,0.00,Deactivated,27,28,0,0,8363
2026-08-24T02:03:27Z,0,0.0,0.00,79,12.7,0.00,Deactivated,27,28,0,0,8363
2026-08-24T02:03:28Z,0,0.0,0.00,78,12.7,0.00,Deactivated,27,28,0,0,8363
2026-08-24T02:03:28Z,0,0.0,0.00,78,12.7,0.00,Deactivated,27,28,0,0,8363
2026-08-24T02:03:29Z,0,0.0,0.00,78,12.7,0.00,Deactivated,27,28,0,0,8363
2026-08-24T02:03:29Z,0,0.0,0.00,78,12.7,0.00,Deactivated,27,28,0,0,8363
2026-08-24T02:03:29Z,0,0.0,0.00,78,12.7,0.00,Deactivated,27,28,0,0,8363
2026-08-24T02:03:29Z,0,0.0,0.00,78,12.7,0.00,Deactivated,27,28,0,0,8363
2026-08-24T02:03:29Z,0,0.0,0.00,78,12.7,0.00,Deactivated,27,28,0,0,8363
2026-08-24T02:03:29Z,0,0.0,0.00,78,12.7,0.00,Deactivated,27,28,0,0,8363
2026-08-24T02:03:29Z,0,0.0,0.00,78,12.7,0.00,Deactivated,27,28,0,0,8363
2026-08-24T02:03:29Z,0,0.0,0.00,79,12.7,0.00,Deactivated,27,28,0,0,8363
2026-08-24T02:03:29Z,0,0.0,0.00,79,12.7,0.00,Deactivated,27,28,0,0,8363
2026-08-24T02:03:29Z,0,0.0,0.00,79,12.7,0.00,Deactivated,27,28,0,0,8363
2026-08-24T02:03:29Z,0,0.0,0.00,79,12.7,0.00,Deactivated,27,28,0,0,8363
2026-08-24T02:03:29Z,0,0.0,0.00,79,12.7,0.00,Deactivated,27,28,0,0,8363
2026-08-24T02:03:29Z,0,0.0,0.00,78,12.7,0.00,Deactivated,27,28,0,0,8363
2026-08-24T02:03:29Z,0,0.0,0.00,78,12.7,0.00,Deactivated,27,28,0,0,8363
2026-08-24T02:03:30Z,0,0.0,0.00,78,12.7,0.00,Deactivated,27,28,0,0,8363
2026-08-24T02:03:30Z,0,0.0,0.00,78,12.7,0.00,Deactivated,27,28,0,0,8363
2026-08-24T02:03:30Z,0,0.0,0.00,78,12.7,0.00,Deactivated,27,28,0,0,8363
2026-08-24T02:03:31Z,0,0.0,0.00,78,12.7,0.00,Deactivated,27,28,0,0,8363
2026-08-24T02:03:31Z,0,0.0,0.00,78,12.7,0.00,Deactivated,27,28,0,0,8363
2026-08-24T02:03:31Z,0,0.0,0.00,78,12.7,0.00,Deactivated,27,28,0,0,8363
2026-08-24T02:03:32Z,0,0.0,0.00,78,12.7,0.00,Deactivated,27,28,0,0,8363
2026-08-24T02:03:32Z,0,0.0,0.00,78,12.7,0.00,Deactivated,27,28,0,0,8363
2026-08-24T02:03:32Z,0,0.0,0.00,78,12.7,0.00,Deactivated,27,28,0,0,8363
2026-08-24T02:03:32Z,0,0.0,0.00,78,12.7,0.00,Deactivated,27,28,0,0,8363
2026-08-24T02:03:32Z,0,0.0,0.00,78,12.7,0.00,Deactivated,27,28,0,0,8363
2026-08-24T02:03:32Z,0,0.0,0.00,78,12.7,0.00,Deactivated,27,28,0,0,8363
2026-08-24T02:03:32Z,0,0.0,0.00,78,12.7,0.00,Deactivated,27,28,0,0,8363
2026-08-24T02:03:32Z,0,0.0,0.00,78,12.7,0.00,Deactivated,27,28,0,0,8363
2026-08-24T02:03:32Z,0,0.0,0.00,78,12.7,0.00,Deactivated,27,28,0,0,8363
2026-08-24T02:03:33Z,0,0.0,0.00,78,12.7,0.00,Deactivated,27,28,0,0,8363
2026-08-24T02:03:33Z,0,0.0,0.00,78,12.7,0.00,Deactivated,27,28,0,0,8363
2026-08-24T02:03:33Z,0,0.0,0.00,78,12.7,0.00,Deactivated,27,28,0,0,8363
2026-08-24T02:03:34Z,0,0.0,0.00,78,12.7,0.00,Deactivated,27,28,0,0,8363
2026-08-24T02:03:34Z,0,0.0,0.00,78,12.7,0.00,Deactivated,27,28,0,0,8363
2026-08-24T02:03:34Z,0,0.0,0.00,78,12.7,0.00,Deactivated,27,28,0,0,8363
2026-08-24T02:03:35Z,0,0.0,0.00,78,12.7,0.00,Deactivated,27,28,0,0,8363
2026-08-24T02:03:35Z,0,0.0,0.00,78,12.7,0.00,Deactivated,27,28,0,0,8363
2026-08-24T02:03:35Z,0,0.0,0.00,78,12.7,0.00,Deactivated,27,28,0,0,8363
2026-08-24T02:03:36Z,0,0.0,0.00,78,12.7,0.00,Deactivated,27,28,0,0,8363
2026-08-24T02:03:36Z,0,0.0,0.00,78,12.7,0.00,Deactivated,27,28,0,0,8363
2026-08-24T02:03:36Z,0,0.0,0.00,78,12.7,0.00,Deactivated,27,28,0,0,8363
2026-08-24T02:03:36Z,0,0.0,0.00,78,12.7,0.00,Deactivated,27,28,0,0,8363
2026-08-24T02:03:36Z,0,0.0,0.00,78,12.7,0.00,Deactivated,27,28,0,0,8363
2026-08-24T02:03:36Z,0,0.0,0.00,78,12.7,0.00,Deactivated,27,28,0,0,8363
2026-08-24T02:03:37Z,0,0.0,0.00,78,12.7,0.00,Deactivated,27,28,0,0,8363
2026-08-24T02:03:37Z,0,0.0,0.00,78,12.7,0.00,Deactivated,27,28,0,0,8363
2026-08-24T02:03:37Z,0,0.0,0.00,78,12.7,0.00,Deactivated,27,28,0,0,8363
2026-08-24T02:03:38Z,0,0.0,0.00,78,12.7,0.00,Deactivated,27,28,0,0,8363
2026-08-24T02:03:38Z,0,0.0,0.00,78,12.7,0.00,Deactivated,27,28,0,0,8363
2026-08-24T02:03:38Z,0,0.0,0.00,78,12.7,0.00,Deactivated,27,28,0,0,8363
2026-08-24T02:03:38Z,0,0.0,0.00,78,12.7,0.00,Deactivated,27,28,0,0,8363
2026-08-24T02:03:38Z,0,0.0,0.00,78,12.7,0.00,Deactivated,27,28,0,0,8363
2026-08-24T02:03:38Z,0,0.0,0.00,78,12.7,0.00,Deactivated,27,28,0,0,8363
2026-08-24T02:03:39Z,0,0.0,0.00,78,12.7,0.00,Deactivated,27,28,0,0,8363
2026-08-24T02:03:39Z,0,0.0,0.00,78,12.7,0.00,Deactivated,27,28,0,0,8363
2026-08-24T02:03:39Z,0,0.0,0.00,78,12.7,0.00,Deactivated,27,28,0,0,8363
2026-08-24T02:03:40Z,0,0.0,0.00,78,12.7,0.00,Deactivated,27,28,0,0,8363
2026-08-24T02:03:40Z,0,0.0,0.00,78,12.7,0.00,Deactivated,27,28,0,0,8363
2026-08-24T02:03:40Z,0,0.0,0.00,78,12.7,0.00,Deactivated,27,28,0,0,8363
2026-08-24T02:03:40Z,0,0.0,0.00,78,12.7,0.00,Deactivated,27,28,0,0,8363
2026-08-24T02:03:40Z,0,0.0,0.00,78,12.7,0.00,Deactivated,27,28,0,0,8363
2026-08-24T02:03:40Z,0,0.0,0.00,78,12.7,0.00,Deactivated,27,28,0,0,8363
2026-08-24T02:03:41Z,0,0.0,0.00,78,12.7,0.00,Deactivated,27,28,0,0,8363
2026-08-24T02:03:41Z,0,0.0,0.00,78,12.7,0.00,Deactivated,27,28,0,0,8363
2026-08-24T02:03:41Z,0,0.0,0.00,78,12.7,0.00,Deactivated,27,28,0,0,8363
2026-08-24T02:03:42Z,0,0.0,0.00,78,12.7,0.00,Deactivated,27,28,0,0,8363
2026-08-24T02:03:42Z,0,0.0,0.00,78,12.7,0.00,Deactivated,27,28,0,0,8363
2026-08-24T02:03:42Z,0,0.0,0.00,78,12.7,0.00,Deactivated,27,28,0,0,8363
2026-08-24T02:03:42Z,0,0.0,0.00,78,12.7,0.00,Deactivated,27,28,0,0,8363
2026-08-24T02:03:42Z,0,0.0,0.00,78,12.7,0.00,Deactivated,27,28,0,0,8363
2026-08-24T02:03:42Z,0,0.0,0.00,78,12.7,0.00,Deactivated,27,28,0,0,8363
2026-08-24T02:03:43Z,0,0.0,0.00,78,12.7,0.00,Deactivated,27,28,0,0,8363
2026-08-24T02:03:43Z,0,0.0,0.00,78,12.7,0.00,Deactivated,27,28,0,0,8363
2026-08-24T02:03:43Z,0,0.0,0.00,78,12.7,0.00,Deactivated,27,28,0,0,8363
2026-08-24T02:03:44Z,0,0.0,0.00,78,12.7,0.00,Deactivated,27,28,0,0,8363
2026-08-24T02:03:44Z,0,0.0,0.00,78,12.7,0.00,Deactivated,27,28,0,0,8363
2026-08-24T02:03:44Z,0,0.0,0.00,78,12.7,0.00,Deactivated,27,28,0,0,8363
2026-08-24T02:03:44Z,0,0.0,0.00,78,12.7,0.00,Deactivated,27,28,0,0,8363
2026-08-24T02:03:44Z,0,0.0,0.00,78,12.7,0.00,Deactivated,27,28,0,0,8363
2026-08-24T02:03:44Z,0,0.0,0.00,78,12.7,0.00,Deactivated,27,28,0,0,8363
2026-08-24T02:03:45Z,0,0.0,0.00,78,12.7,0.00,Deactivated,27,28,0,0,8363
2026-08-24T02:03:45Z,0,0.0,0.00,78,12.7,0.00,Deactivated,27,28,0,0,8363
2026-08-24T02:03:45Z,0,0.0,0.00,78,12.7,0.00,Deactivated,27,28,0,0,8363
2026-08-24T02:03:46Z,0,0.0,0.00,78,12.7,0.00,Deactivated,27,28,0,0,8363
2026-08-24T02:03:46Z,0,0.0,0.00,78,12.7,0.00,Deactivated,27,28,0,0,8363
2026-08-24T02:03:46Z,0,0.0,0.00,78,12.7,0.00,Deactivated,27,28,0,0,8363
2026-08-24T02:03:46Z,0,0.0,0.00,78,12.7,0.00,Deactivated,27,28,0,0,8363
2026-08-24T02:03:46Z,0,0.0,0.00,78,12.7,0.00,Deactivated,27,28,0,0,8363
2026-08-24T02:03:46Z,0,0.0,0.00,78,12.7,0.00,Deactivated,27,28,0,0,8363
2026-08-24T02:03:47Z,0,0.0,0.00,78,12.7,0.00,Deactivated,27,28,0,0,8363
2026-08-24T02:03:47Z,0,0.0,0.00,78,12.7,0.00,Deactivated,27,28,0,0,8363
2026-08-24T02:03:47Z,0,0.0,0.00,78,12.7,0.00,Deactivated,27,28,0,0,8363
2026-08-24T02:03:48Z,0,0.0,0.00,78,12.7,0.00,Deactivated,27,28,0,0,8363
2026-08-24T02:03:48Z,0,0.0,0.00,78,12.7,0.00,Deactivated,27,28,0,0,8363
2026-08-24T02:03:48Z,0,0.0,0.00,78,12.7,0.00,Deactivated,27,28,0,0,8363
2026-08-24T02:03:48Z,0,0.0,0.00,78,12.7,0.00,Deactivated,27,28,0,0,8363
2026-08-24T02:03:48Z,0,0.0,0.00,78,12.7,0.00,Deactivated,27,28,0,0,8363
2026-08-24T02:03:48Z,0,0.0,0.00,78,12.7,0.00,Deactivated,27,28,0,0,8363
2026-08-24T02:03:49Z,0,0.0,0.00,78,12.7,0.00,Deactivated,27,28,0,0,8363
2026-08-24T02:03:49Z,0,0.0,0.00,78,12.7,0.00,Deactivated,27,28,0,0,8363
2026-08-24T02:03:49Z,0,0.0,0.00,78,12.7,0.00,Deactivated,27,28,0,0,8363
2026-08-24T02:03:50Z,0,0.0,0.00,78,12.7,0.00,Deactivated,27,28,0,0,8363
2026-08-24T02:03:50Z,0,0.0,0.00,78,12.7,0.00,Deactivated,27,28,0,0,8363
2026-08-24T02:03:50Z,0,0.0,0.00,78,12.7,0.00,Deactivated,27,28,0,0,8363
2026-08-24T02:03:50Z,0,0.0,0.00,78,12.7,0.00,Deactivated,27,28,0,0,8363
2026-08-24T02:03:50Z,0,0.0,0.00,78,12.7,0.00,Deactivated,27,28,0,0,8363
2026-08-24T02:03:50Z,0,0.0,0.00,78,12.7,0.00,Deactivated,27,28,0,0,8363
2026-08-24T02:03:50Z,0,0.0,0.00,78,12.7,0.00,Deactivated,27,28,0,0,8363
2026-08-24T02:03:50Z,0,0.0,0.00,78,12.7,0.00,Deactivated,27,28,0,0,8363
2026-08-24T02:03:50Z,0,0.0,0.00,78,12.7,0.00,Deactivated,27,28,0,0,8363
2026-08-24T02:03:52Z,0,0.0,0.00,78,12.7,0.00,Deactivated,27,28,0,0,8363
2026-08-24T02:03:52Z,0,0.0,0.00,78,12.7,0.00,Deactivated,27,28,0,0,8363
2026-08-24T02:03:52Z,0,0.0,0.00,78,12.7,0.00,Deactivated,27,28,0,0,8363
2026-08-24T02:03:52Z,0,0.0,0.00,78,12.7,0.00,Deactivated,27,28,0,0,8363
2026-08-24T02:03:52Z,0,0.0,0.00,78,12.7,0.00,Deactivated,27,28,0,0,8363
2026-08-24T02:03:52Z,0,0.0,0.00,78,12.7,0.00,Deactivated,27,28,0,0,8363
2026-08-24T02:03:53Z,0,0.0,0.00,78,12.7,0.00,Deactivated,27,28,0,0,8363
2026-08-24T02:03:53Z,0,0.0,0.00,78,12.7,0.00,Deactivated,27,28,0,0,8363
2026-08-24T02:03:53Z,0,0.0,0.00,78,12.7,0.00,Deactivated,27,28,0,0,8363
2026-08-24T02:03:54Z,0,0.0,0.00,78,12.7,0.00,Deactivated,27,28,0,0,8363
2026-08-24T02:03:54Z,0,0.0,0.00,78,12.7,0.00,Deactivated,27,28,0,0,8363
2026-08-24T02:03:54Z,0,0.0,0.00,78,12.7,0.00,Deactivated,27,28,0,0,8363
2026-08-24T02:03:54Z,0,0.0,0.00,78,12.7,0.00,Deactivated,27,28,0,0,8363
2026-08-24T02:03:54Z,0,0.0,0.00,78,12.7,0.00,Deactivated,27,28,0,0,8363
2026-08-24T02:03:54Z,0,0.0,0.00,78,12.7,0.00,Deactivated,27,28,0,0,8363
2026-08-24T02:03:55Z,0,0.0,0.00,78,12.7,0.00,Deactivated,27,28,0,0,8363
2026-08-24T02:03:55Z,0,0.0,0.00,78,12.7,0.00,Deactivated,27,28,0,0,8363
2026-08-24T02:03:55Z,0,0.0,0.00,78,12.7,0.00,Deactivated,27,28,0,0,8363
2026-08-24T02:03:56Z,0,0.0,0.00,78,12.7,0.00,Deactivated,27,28,0,0,8363
2026-08-24T02:03:56Z,0,0.0,0.00,78,12.7,0.00,Deactivated,27,28,0,0,8363
2026-08-24T02:03:56Z,0,0.0,0.00,78,12.7,0.00,Deactivated,27,28,0,0,8363
2026-08-24T02:03:56Z,0,0.0,0.00,78,12.7,0.00,Deactivated,27,28,0,0,8363
2026-08-24T02:03:56Z,0,0.0,0.00,78,12.7,0.00,Deactivated,27,28,0,0,8363
2026-08-24T02:03:56Z,0,0.0,0.00,78,12.7,0.00,Deactivated,27,28,0,0,8363
2026-08-24T02:03:56Z,0,0.0,0.00,78,12.7,0.00,Deactivated,27,28,0,0,8363
2026-08-24T02:03:56Z,0,0.0,0.00,78,12.7,0.00,Deactivated,27,28,0,0,8363
2026-08-24T02:03:56Z,0,0.0,0.00,78,12.7,0.00,Deactivated,27,28,0,0,8363
2026-08-24T02:03:58Z,0,0.0,0.00,78,12.7,0.00,Deactivated,27,28,0,0,8363
2026-08-24T02:03:58Z,0,0.0,0.00,78,12.7,0.00,Deactivated,27,28,0,0,8363
2026-08-24T02:03:58Z,0,0.0,0.00,78,12.7,0.00,Deactivated,27,28,0,0,8363
2026-08-24T02:03:58Z,0,0.0,0.00,78,12.7,0.00,Deactivated,27,28,0,0,8363
2026-08-24T02:03:58Z,0,0.0,0.00,78,12.7,0.00,Deactivated,27,28,0,0,8363
2026-08-24T02:03:58Z,0,0.0,0.00,78,12.7,0.00,Deactivated,27,28,0,0,8363
2026-08-24T02:03:59Z,0,0.0,0.00,78,12.7,0.00,Deactivated,27,28,0,0,8363
2026-08-24T02:03:59Z,0,0.0,0.00,78,12.7,0.00,Deactivated,27,28,0,0,8363
2026-08-24T02:03:59Z,0,0.0,0.00,78,12.7,0.00,Deactivated,27,28,0,0,8363
2026-08-24T02:04:00Z,0,0.0,0.00,78,12.7,0.00,Deactivated,27,28,0,0,8363
2026-08-24T02:04:00Z,0,0.0,0.00,78,12.7,0.00,Deactivated,27,28,0,0,8363
2026-08-24T02:04:00Z,0,0.0,0.00,78,12.7,0.00,Deactivated,27,28,0,0,8363
2026-08-24T02:04:00Z,0,0.0,0.00,78,12.7,0.00,Deactivated,27,28,0,0,8363
2026-08-24T02:04:00Z,0,0.0,0.00,78,12.7,0.00,Deactivated,27,28,0,0,8363
2026-08-24T02:04:00Z,0,0.0,0.00,78,12.7,0.00,Deactivated,27,28,0,0,8363
2026-08-24T02:04:01Z,0,0.0,0.00,78,12.7,0.00,Deactivated,27,28,0,0,8363
2026-08-24T02:04:01Z,0,0.0,0.00,78,12.7,0.00,Deactivated,27,28,0,0,8363
2026-08-24T02:04:01Z,0,0.0,0.00,78,12.7,0.00,Deactivated,27,28,0,0,8363
2026-08-24T02:04:02Z,0,0.0,0.00,78,12.7,0.00,Deactivated,27,28,0,0,8363
2026-08-24T02:04:02Z,0,0.0,0.00,78,12.7,0.00,Deactivated,27,28,0,0,8363
2026-08-24T02:04:02Z,0,0.0,0.00,78,12.7,0.00,Deactivated,27,28,0,0,8363
2026-08-24T02:04:03Z,0,0.0,0.00,79,12.7,0.00,Deactivated,27,28,0,0,8363
2026-08-24T02:04:03Z,0,0.0,0.00,79,12.7,0.00,Deactivated,27,28,0,0,8363
2026-08-24T02:04:03Z,0,0.0,0.00,79,12.7,0.00,Deactivated,27,28,0,0,8363
2026-08-24T02:04:03Z,0,0.0,0.00,79,12.7,0.00,Deactivated,27,28,0,0,8363
2026-08-24T02:04:03Z,0,0.0,0.00,79,12.7,0.00,Deactivated,27,28,0,0,8363
2026-08-24T02:04:03Z,0,0.0,0.00,79,12.7,0.00,Deactivated,27,28,0,0,8363
2026-08-24T02:04:03Z,0,0.0,0.00,79,12.7,0.00,Deactivated,27,28,0,0,8363
2026-08-24T02:04:03Z,0,0.0,0.00,79,12.7,0.00,Deactivated,27,28,0,0,8363
2026-08-24T02:04:03Z,0,0.0,0.00,79,12.7,0.00,Deactivated,27,28,0,0,8363
2026-08-24T02:04:05Z,0,0.0,0.00,79,12.7,0.00,Deactivated,27,28,0,0,8363
2026-08-24T02:04:05Z,0,0.0,0.00,79,12.7,0.00,Deactivated,27,28,0,0,8363
2026-08-24T02:04:05Z,0,0.0,0.00,79,12.7,0.00,Deactivated,27,28,0,0,8363
2026-08-24T02:04:05Z,0,0.0,0.00,79,12.7,0.00,Deactivated,27,28,0,0,8363
2026-08-24T02:04:05Z,0,0.0,0.00,79,12.7,0.00,Deactivated,27,28,0,0,8363
2026-08-24T02:04:05Z,0,0.0,0.00,79,12.7,0.00,Deactivated,27,28,0,0,8363
2026-08-24T02:04:06Z,0,0.0,0.00,79,12.7,0.00,Deactivated,27,28,0,0,8363
2026-08-24T02:04:06Z,0,0.0,0.00,79,12.7,0.00,Deactivated,27,28,0,0,8363
2026-08-24T02:04:06Z,0,0.0,0.00,79,12.7,0.00,Deactivated,27,28,0,0,8363
2026-08-24T02:04:06Z,0,0.0,0.00,79,12.7,0.00,Deactivated,27,28,0,0,8363
2026-08-24T02:04:06Z,0,0.0,0.00,79,12.7,0.00,Deactivated,27,28,0,0,8363
2026-08-24T02:04:06Z,0,0.0,0.00,79,12.7,0.00,Deactivated,27,28,0,0,8363
2026-08-24T02:04:07Z,0,0.0,0.00,78,12.7,0.00,Deactivated,27,28,0,0,8363
2026-08-24T02:04:07Z,0,0.0,0.00,78,12.7,0.00,Deactivated,27,28,0,0,8363
2026-08-24T02:04:07Z,0,0.0,0.00,78,12.7,0.00,Deactivated,27,28,0,0,8363
2026-08-24T02:04:08Z,0,0.0,0.00,78,12.7,0.00,Deactivated,27,28,0,0,8363
2026-08-24T02:04:08Z,0,0.0,0.00,78,12.7,0.00,Deactivated,27,28,0,0,8363
2026-08-24T02:04:08Z,0,0.0,0.00,78,12.7,0.00,Deactivated,27,28,0,0,8363
2026-08-24T02:04:09Z,0,0.0,0.00,78,12.7,0.00,Deactivated,27,28,0,0,8363
2026-08-24T02:04:09Z,0,0.0,0.00,78,12.7,0.00,Deactivated,27,28,0,0,8363
2026-08-24T02:04:09Z,0,0.0,0.00,78,12.7,0.00,Deactivated,27,28,0,0,8363
2026-08-24T02:04:10Z,0,0.0,0.00,78,12.7,0.00,Deactivated,27,28,0,0,8363
2026-08-24T02:04:10Z,0,0.0,0.00,78,12.7,0.00,Deactivated,27,28,0,0,8363
2026-08-24T02:04:10Z,0,0.0,0.00,78,12.7,0.00,Deactivated,27,28,0,0,8363
2026-08-24T02:04:11Z,0,0.0,0.00,78,12.7,0.00,Deactivated,27,28,0,0,8363
2026-08-24T02:04:11Z,0,0.0,0.00,78,12.7,0.00,Deactivated,27,28,0,0,8363
2026-08-24T02:04:11Z,0,0.0,0.00,78,12.7,0.00,Deactivated,27,28,0,0,8363
2026-08-24T02:04:12Z,0,0.0,0.00,78,12.7,0.00,Deactivated,27,28,0,0,8363
2026-08-24T02:04:12Z,0,0.0,0.00,78,12.7,0.00,Deactivated,27,28,0,0,8363
2026-08-24T02:04:12Z,0,0.0,0.00,78,12.7,0.00,Deactivated,27,28,0,0,8363
2026-08-24T02:04:12Z,0,0.0,0.00,78,12.7,0.00,Deactivated,27,28,0,0,8363
2026-08-24T02:04:12Z,0,0.0,0.00,78,12.7,0.00,Deactivated,27,28,0,0,8363
2026-08-24T02:04:12Z,0,0.0,0.00,78,12.7,0.00,Deactivated,27,28,0,0,8363
2026-08-24T02:04:13Z,0,0.0,0.00,78,12.7,0.00,Deactivated,27,28,0,0,8363
2026-08-24T02:04:13Z,0,0.0,0.00,78,12.7,0.00,Deactivated,27,28,0,0,8363
2026-08-24T02:04:13Z,0,0.0,0.00,78,12.7,0.00,Deactivated,27,28,0,0,8363
2026-08-24T02:04:15Z,0,0.0,0.00,78,12.7,0.00,Deactivated,27,28,0,0,8363
2026-08-24T02:04:15Z,0,0.0,0.00,78,12.7,0.00,Deactivated,27,28,0,0,8363
2026-08-24T02:04:15Z,0,0.0,0.00,78,12.7,0.00,Deactivated,27,28,0,0,8363
2026-08-24T02:04:16Z,0,0.0,0.00,78,12.7,0.00,Deactivated,27,28,0,0,8363
2026-08-24T02:04:16Z,0,0.0,0.00,78,12.7,0.00,Deactivated,27,28,0,0,8363
2026-08-24T02:04:16Z,0,0.0,0.00,78,12.7,0.00,Deactivated,27,28,0,0,8363
2026-08-24T02:04:16Z,0,0.0,0.00,78,12.7,0.00,Deactivated,27,28,0,0,8363
2026-08-24T02:04:16Z,0,0.0,0.00,78,12.7,0.00,Deactivated,27,28,0,0,8363
2026-08-24T02:04:16Z,0,0.0,0.00,78,12.7,0.00,Deactivated,27,28,0,0,8363
2026-08-24T02:04:17Z,0,0.0,0.00,78,12.7,0.00,Deactivated,27,28,0,0,8363
2026-08-24T02:04:17Z,0,0.0,0.00,78,12.7,0.00,Deactivated,27,28,0,0,8363
2026-08-24T02:04:17Z,0,0.0,0.00,78,12.7,0.00,Deactivated,27,28,0,0,8363
2026-08-24T02:04:18Z,0,0.0,0.00,78,12.7,0.00,Deactivated,27,28,0,0,8363
2026-08-24T02:04:18Z,0,0.0,0.00,78,12.7,0.00,Deactivated,27,28,0,0,8363
2026-08-24T02:04:18Z,0,0.0,0.00,78,12.7,0.00,Deactivated,27,28,0,0,8363
2026-08-24T02:04:20Z,0,0.0,0.00,78,12.7,0.00,Deactivated,27,28,0,0,8363
2026-08-24T02:04:20Z,0,0.0,0.00,78,12.7,0.00,Deactivated,27,28,0,0,8363
2026-08-24T02:04:20Z,0,0.0,0.00,78,12.7,0.00,Deactivated,27,28,0,0,8363
2026-08-24T02:04:21Z,0,0.0,0.00,78,12.7,0.00,Deactivated,27,28,0,0,8363
2026-08-24T02:04:21Z,0,0.0,0.00,78,12.7,0.00,Deactivated,27,28,0,0,8363
2026-08-24T02:04:21Z,0,0.0,0.00,78,12.7,0.00,Deactivated,27,28,0,0,8363
2026-08-24T02:04:21Z,0,0.0,0.00,78,12.7,0.00,Deactivated,27,28,0,0,8363
2026-08-24T02:04:21Z,0,0.0,0.00,78,12.7,0.00,Deactivated,27,28,0,0,8363
2026-08-24T02:04:21Z,0,0.0,0.00,78,12.7,0.00,Deactivated,27,28,0,0,8363
2026-08-24T02:04:22Z,0,0.0,0.00,78,12.7,0.00,Deactivated,27,28,0,0,8363
2026-08-24T02:04:22Z,0,0.0,0.00,78,12.7,0.00,Deactivated,27,28,0,0,8363
2026-08-24T02:04:22Z,0,0.0,0.00,78,12.7,0.00,Deactivated,27,28,0,0,8363
2026-08-24T02:04:24Z,0,0.0,0.00,78,12.7,0.00,Deactivated,27,28,0,0,8363
2026-08-24T02:04:24Z,0,0.0,0.00,78,12.7,0.00,Deactivated,27,28,0,0,8363
2026-08-24T02:04:24Z,0,0.0,0.00,78,12.7,0.00,Deactivated,27,28,0,0,8363
2026-08-24T02:04:25Z,0,0.0,0.00,78,12.7,0.00,Deactivated,27,28,0,0,8363
2026-08-24T02:04:25Z,0,0.0,0.00,78,12.7,0.00,Deactivated,27,28,0,0,8363
2026-08-24T02:04:25Z,0,0.0,0.00,78,12.7,0.00,Deactivated,27,28,0,0,8363
2026-08-24T02:04:26Z,0,0.0,0.00,78,12.7,0.00,Deactivated,27,28,0,0,8363
2026-08-24T02:04:26Z,0,0.0,0.00,78,12.7,0.00,Deactivated,27,28,0,0,8363
2026-08-24T02:04:26Z,0,0.0,0.00,78,12.7,0.00,Deactivated,27,28,0,0,8363
2026-08-24T02:04:26Z,0,0.0,0.00,78,12.7,0.00,Deactivated,27,28,0,0,8363
2026-08-24T02:04:26Z,0,0.0,0.00,78,12.7,0.00,Deactivated,27,28,0,0,8363
2026-08-24T02:04:26Z,0,0.0,0.00,78,12.7,0.00,Deactivated,27,28,0,0,8363
2026-08-24T02:04:28Z,0,0.0,0.00,78,12.7,0.00,Deactivated,27,28,0,0,8363
2026-08-24T02:04:28Z,0,0.0,0.00,78,12.7,0.00,Deactivated,27,28,0,0,8363
2026-08-24T02:04:28Z,0,0.0,0.00,78,12.7,0.00,Deactivated,27,28,0,0,8363
2026-08-24T02:04:29Z,0,0.0,0.00,78,12.7,0.00,Deactivated,27,28,0,0,8363
2026-08-24T02:04:29Z,0,0.0,0.00,78,12.7,0.00,Deactivated,27,28,0,0,8363
2026-08-24T02:04:29Z,0,0.0,0.00,78,12.7,0.00,Deactivated,27,28,0,0,8363
2026-08-24T02:04:30Z,0,0.0,0.00,78,12.7,0.00,Deactivated,27,28,0,0,8363
2026-08-24T02:04:30Z,0,0.0,0.00,78,12.7,0.00,Deactivated,27,28,0,0,8363
2026-08-24T02:04:30Z,0,0.0,0.00,78,12.7,0.00,Deactivated,27,28,0,0,8363
2026-08-24T02:04:31Z,0,0.0,0.00,78,12.7,0.00,Deactivated,27,28,0,0,8363
2026-08-24T02:04:31Z,0,0.0,0.00,78,12.7,0.00,Deactivated,27,28,0,0,8363
2026-08-24T02:04:31Z,0,0.0,0.00,78,12.7,0.00,Deactivated,27,28,0,0,8363
2026-08-24T02:04:32Z,0,0.0,0.00,78,12.7,0.00,Deactivated,27,28,0,0,8363
2026-08-24T02:04:32Z,0,0.0,0.00,78,12.7,0.00,Deactivated,27,28,0,0,8363
2026-08-24T02:04:32Z,0,0.0,0.00,78,12.7,0.00,Deactivated,27,28,0,0,8363
2026-08-24T02:04:33Z,0,0.0,0.00,78,12.7,0.00,Deactivated,27,28,0,0,8363
2026-08-24T02:04:33Z,0,0.0,0.00,78,12.7,0.00,Deactivated,27,28,0,0,8363
2026-08-24T02:04:33Z,0,0.0,0.00,78,12.7,0.00,Deactivated,27,28,0,0,8363
2026-08-24T02:04:33Z,0,0.0,0.00,78,12.7,0.00,Deactivated,27,28,0,0,8363
2026-08-24T02:04:33Z,0,0.0,0.00,78,12.7,0.00,Deactivated,27,28,0,0,8363
2026-08-24T02:04:33Z,0,0.0,0.00,78,12.7,0.00,Deactivated,27,28,0,0,8363
2026-08-24T02:04:35Z,0,0.0,0.00,78,12.7,0.00,Deactivated,27,28,0,0,8363
2026-08-24T02:04:35Z,0,0.0,0.00,78,12.7,0.00,Deactivated,27,28,0,0,8363
2026-08-24T02:04:35Z,0,0.0,0.00,78,12.7,0.00,Deactivated,27,28,0,0,8363
2026-08-24T02:04:36Z,0,0.0,0.00,78,12.7,0.00,Deactivated,27,28,0,0,8363
2026-08-24T02:04:36Z,0,0.0,0.00,78,12.7,0.00,Deactivated,27,28,0,0,8363
2026-08-24T02:04:36Z,0,0.0,0.00,78,12.7,0.00,Deactivated,27,28,0,0,8363
2026-08-24T02:04:37Z,0,0.0,0.00,78,12.7,0.00,Deactivated,27,28,0,0,8363
2026-08-24T02:04:37Z,0,0.0,0.00,78,12.7,0.00,Deactivated,27,28,0,0,8363
2026-08-24T02:04:37Z,0,0.0,0.00,78,12.7,0.00,Deactivated,27,28,0,0,8363
2026-08-24T02:04:38Z,0,0.0,0.00,78,12.7,0.00,Deactivated,27,28,0,0,8363
2026-08-24T02:04:38Z,0,0.0,0.00,78,12.7,0.00,Deactivated,27,28,0,0,8363
2026-08-24T02:04:38Z,0,0.0,0.00,78,12.7,0.00,Deactivated,27,28,0,0,8363
2026-08-24T02:04:39Z,0,0.0,0.00,78,12.7,0.00,Deactivated,27,28,0,0,8363
2026-08-24T02:04:39Z,0,0.0,0.00,78,12.7,0.00,Deactivated,27,28,0,0,8363
2026-08-24T02:04:39Z,0,0.0,0.00,78,12.7,0.00,Deactivated,27,28,0,0,8363
2026-08-24T02:04:39Z,0,0.0,0.00,78,12.7,0.00,Deactivated,27,28,0,0,8363
2026-08-24T02:04:39Z,0,0.0,0.00,78,12.7,0.00,Deactivated,27,28,0,0,8363
2026-08-24T02:04:39Z,0,0.0,0.00,78,12.7,0.00,Deactivated,27,28,0,0,8363
2026-08-24T02:04:41Z,0,0.0,0.00,78,12.7,0.00,Deactivated,27,28,0,0,8363
2026-08-24T02:04:41Z,0,0.0,0.00,78,12.7,0.00,Deactivated,27,28,0,0,8363
2026-08-24T02:04:41Z,0,0.0,0.00,78,12.7,0.00,Deactivated,27,28,0,0,8363
2026-08-24T02:04:42Z,0,0.0,0.00,78,12.7,0.00,Deactivated,27,28,0,0,8363
2026-08-24T02:04:42Z,0,0.0,0.00,78,12.7,0.00,Deactivated,27,28,0,0,8363
2026-08-24T02:04:42Z,0,0.0,0.00,78,12.7,0.00,Deactivated,27,28,0,0,8363
2026-08-24T02:04:43Z,0,0.0,0.00,78,12.7,0.00,Deactivated,27,28,0,0,8363
2026-08-24T02:04:43Z,0,0.0,0.00,78,12.7,0.00,Deactivated,27,28,0,0,8363
2026-08-24T02:04:43Z,0,0.0,0.00,78,12.7,0.00,Deactivated,27,28,0,0,8363
2026-08-24T02:04:43Z,0,0.0,0.00,78,12.7,0.00,Deactivated,27,28,0,0,8363
2026-08-24T02:04:43Z,0,0.0,0.00,78,12.7,0.00,Deactivated,27,28,0,0,8363
2026-08-24T02:04:43Z,0,0.0,0.00,78,12.7,0.00,Deactivated,27,28,0,0,8363
2026-08-24T02:04:45Z,0,0.0,0.00,78,12.7,0.00,Deactivated,27,28,0,0,8363
2026-08-24T02:04:45Z,0,0.0,0.00,78,12.7,0.00,Deactivated,27,28,0,0,8363
2026-08-24T02:04:45Z,0,0.0,0.00,78,12.7,0.00,Deactivated,27,28,0,0,8363
2026-08-24T02:04:46Z,0,0.0,0.00,78,12.7,0.00,Deactivated,27,28,0,0,8363
2026-08-24T02:04:46Z,0,0.0,0.00,78,12.7,0.00,Deactivated,27,28,0,0,8363
2026-08-24T02:04:46Z,0,0.0,0.00,78,12.7,0.00,Deactivated,27,28,0,0,8363
2026-08-24T02:04:46Z,0,0.0,0.00,78,12.7,0.00,Deactivated,27,28,0,0,8363
2026-08-24T02:04:46Z,0,0.0,0.00,78,12.7,0.00,Deactivated,27,28,0,0,8363
2026-08-24T02:04:46Z,0,0.0,0.00,78,12.7,0.00,Deactivated,27,28,0,0,8363
2026-08-24T02:04:48Z,0,0.0,0.00,78,12.7,0.00,Deactivated,27,28,0,0,8363
2026-08-24T02:04:48Z,0,0.0,0.00,78,12.7,0.00,Deactivated,27,28,0,0,8363
2026-08-24T02:04:48Z,0,0.0,0.00,78,12.7,0.00,Deactivated,27,28,0,0,8363
2026-08-24T02:04:48Z,0,0.0,0.00,78,12.7,0.00,Deactivated,27,28,0,0,8363
2026-08-24T02:04:48Z,0,0.0,0.00,78,12.7,0.00,Deactivated,27,28,0,0,8363
2026-08-24T02:04:48Z,0,0.0,0.00,78,12.7,0.00,Deactivated,27,28,0,0,8363
2026-08-24T02:04:50Z,0,0.0,0.00,78,12.7,0.00,Deactivated,27,28,0,0,8363
2026-08-24T02:04:50Z,0,0.0,0.00,78,12.7,0.00,Deactivated,27,28,0,0,8363
2026-08-24T02:04:50Z,0,0.0,0.00,78,12.7,0.00,Deactivated,27,28,0,0,8363
2026-08-24T02:04:51Z,0,0.0,0.00,78,12.7,0.00,Deactivated,27,28,0,0,8363
2026-08-24T02:04:51Z,0,0.0,0.00,78,12.7,0.00,Deactivated,27,28,0,0,8363
2026-08-24T02:04:51Z,0,0.0,0.00,78,12.7,0.00,Deactivated,27,28,0,0,8363
2026-08-24T02:04:52Z,0,0.0,0.00,78,12.7,0.00,Deactivated,27,28,0,0,8363
2026-08-24T02:04:52Z,0,0.0,0.00,78,12.7,0.00,Deactivated,27,28,0,0,8363
2026-08-24T02:04:52Z,0,0.0,0.00,78,12.7,0.00,Deactivated,27,28,0,0,8363
2026-08-24T02:04:52Z,0,0.0,0.00,78,12.7,0.00,Deactivated,27,28,0,0,8363
2026-08-24T02:04:52Z,0,0.0,0.00,78,12.7,0.00,Deactivated,27,28,0,0,8363
2026-08-24T02:04:52Z,0,0.0,0.00,78,12.7,0.00,Deactivated,27,28,0,0,8363
2026-08-24T02:04:53Z,0,0.0,0.00,78,12.7,0.00,Deactivated,27,28,0,0,8363
2026-08-24T02:04:53Z,0,0.0,0.00,78,12.7,0.00,Deactivated,27,28,0,0,8363
2026-08-24T02:04:53Z,0,0.0,0.00,78,12.7,0.00,Deactivated,27,28,0,0,8363
2026-08-24T02:04:55Z,0,0.0,0.00,78,12.7,0.00,Deactivated,27,28,0,0,8363
2026-08-24T02:04:55Z,0,0.0,0.00,78,12.7,0.00,Deactivated,27,28,0,0,8363
2026-08-24T02:04:55Z,0,0.0,0.00,78,12.7,0.00,Deactivated,27,28,0,0,8363
2026-08-24T02:04:56Z,0,0.0,0.00,78,12.7,0.00,Deactivated,27,28,0,0,8363
2026-08-24T02:04:56Z,0,0.0,0.00,78,12.7,0.00,Deactivated,27,28,0,0,8363
2026-08-24T02:04:56Z,0,0.0,0.00,78,12.7,0.00,Deactivated,27,28,0,0,8363
2026-08-24T02:04:56Z,0,0.0,0.00,78,12.7,0.00,Deactivated,27,28,0,0,8363
2026-08-24T02:04:56Z,0,0.0,0.00,78,12.7,0.00,Deactivated,27,28,0,0,8363
2026-08-24T02:04:56Z,0,0.0,0.00,78,12.7,0.00,Deactivated,27,28,0,0,8363
2026-08-24T02:04:58Z,0,0.0,0.00,78,12.7,0.00,Deactivated,27,28,0,0,8363
2026-08-24T02:04:58Z,0,0.0,0.00,78,12.7,0.00,Deactivated,27,28,0,0,8363
2026-08-24T02:04:58Z,0,0.0,0.00,78,12.7,0.00,Deactivated,27,28,0,0,8363
2026-08-24T02:04:58Z,0,0.0,0.00,78,12.7,0.00,Deactivated,27,28,0,0,8363
2026-08-24T02:04:58Z,0,0.0,0.00,78,12.7,0.00,Deactivated,27,28,0,0,8363
2026-08-24T02:04:58Z,0,0.0,0.00,78,12.7,0.00,Deactivated,27,28,0,0,8363
2026-08-24T02:05:00Z,0,0.0,0.00,78,12.7,0.00,Deactivated,27,28,0,0,8363
2026-08-24T02:05:00Z,0,0.0,0.00,78,12.7,0.00,Deactivated,27,28,0,0,8363
2026-08-24T02:05:00Z,0,0.0,0.00,78,12.7,0.00,Deactivated,27,28,0,0,8363
2026-08-24T02:05:00Z,0,0.0,0.00,78,12.7,0.00,Deactivated,27,28,0,0,8363
2026-08-24T02:05:00Z,0,0.0,0.00,78,12.7,0.00,Deactivated,27,28,0,0,8363
2026-08-24T02:05:00Z,0,0.0,0.00,78,12.7,0.00,Deactivated,27,28,0,0,8363
2026-08-24T02:05:02Z,0,0.0,0.00,78,12.7,0.00,Deactivated,27,28,0,0,8363
2026-08-24T02:05:02Z,0,0.0,0.00,78,12.7,0.00,Deactivated,27,28,0,0,8363
2026-08-24T02:05:02Z,0,0.0,0.00,78,12.7,0.00,Deactivated,27,28,0,0,8363
2026-08-24T02:05:03Z,0,0.0,0.00,78,12.7,0.00,Deactivated,27,28,0,0,8363
2026-08-24T02:05:03Z,0,0.0,0.00,78,12.7,0.00,Deactivated,27,28,0,0,8363
2026-08-24T02:05:03Z,0,0.0,0.00,78,12.7,0.00,Deactivated,27,28,0,0,8363
2026-08-24T02:05:04Z,0,0.0,0.00,78,12.7,0.00,Deactivated,27,28,0,0,8363
2026-08-24T02:05:04Z,0,0.0,0.00,78,12.7,0.00,Deactivated,27,28,0,0,8363
2026-08-24T02:05:04Z,0,0.0,0.00,78,12.7,0.00,Deactivated,27,28,0,0,8363
2026-08-24T02:05:04Z,0,0.0,0.00,78,12.7,0.00,Deactivated,27,28,0,0,8363
2026-08-24T02:05:04Z,0,0.0,0.00,78,12.7,0.00,Deactivated,27,28,0,0,8363
2026-08-24T02:05:04Z,0,0.0,0.00,78,12.7,0.00,Deactivated,27,28,0,0,8363
2026-08-24T02:05:06Z,0,0.0,0.00,78,12.7,0.00,Deactivated,27,28,0,0,8363
2026-08-24T02:05:06Z,0,0.0,0.00,78,12.7,0.00,Deactivated,27,28,0,0,8363
2026-08-24T02:05:06Z,0,0.0,0.00,78,12.7,0.00,Deactivated,27,28,0,0,8363
2026-08-24T02:05:07Z,0,0.0,0.00,78,12.7,0.00,Deactivated,27,28,0,0,8363
2026-08-24T02:05:07Z,0,0.0,0.00,78,12.7,0.00,Deactivated,27,28,0,0,8363
2026-08-24T02:05:07Z,0,0.0,0.00,78,12.7,0.00,Deactivated,27,28,0,0,8363
2026-08-24T02:05:08Z,0,0.0,0.00,78,12.7,0.00,Deactivated,27,28,0,0,8363
2026-08-24T02:05:08Z,0,0.0,0.00,78,12.7,0.00,Deactivated,27,28,0,0,8363
2026-08-24T02:05:08Z,0,0.0,0.00,78,12.7,0.00,Deactivated,27,28,0,0,8363
2026-08-24T02:05:09Z,0,0.0,0.00,78,12.7,0.00,Deactivated,27,28,0,0,8363
2026-08-24T02:05:09Z,0,0.0,0.00,78,12.7,0.00,Deactivated,27,28,0,0,8363
2026-08-24T02:05:09Z,0,0.0,0.00,78,12.7,0.00,Deactivated,27,28,0,0,8363
2026-08-24T02:05:10Z,0,0.0,0.00,78,12.7,0.00,Deactivated,27,28,0,0,8363
2026-08-24T02:05:10Z,0,0.0,0.00,78,12.7,0.00,Deactivated,27,28,0,0,8363
2026-08-24T02:05:10Z,0,0.0,0.00,78,12.7,0.00,Deactivated,27,28,0,0,8363
2026-08-24T02:05:11Z,0,0.0,0.00,78,12.7,0.00,Deactivated,27,28,0,0,8363
2026-08-24T02:05:11Z,0,0.0,0.00,78,12.7,0.00,Deactivated,27,28,0,0,8363
2026-08-24T02:05:11Z,0,0.0,0.00,78,12.7,0.00,Deactivated,27,28,0,0,8363
2026-08-24T02:05:12Z,0,0.0,0.00,78,12.7,0.00,Deactivated,27,28,0,0,8363
2026-08-24T02:05:12Z,0,0.0,0.00,78,12.7,0.00,Deactivated,27,28,0,0,8363
2026-08-24T02:05:12Z,0,0.0,0.00,78,12.7,0.00,Deactivated,27,28,0,0,8363
2026-08-24T02:05:13Z,0,0.0,0.00,78,12.7,0.00,Deactivated,27,28,0,0,8363
2026-08-24T02:05:13Z,0,0.0,0.00,78,12.7,0.00,Deactivated,27,28,0,0,8363
2026-08-24T02:05:13Z,0,0.0,0.00,78,12.7,0.00,Deactivated,27,28,0,0,8363
2026-08-24T02:05:14Z,0,0.0,0.00,78,12.7,0.00,Deactivated,27,28,0,0,8363
2026-08-24T02:05:14Z,0,0.0,0.00,78,12.7,0.00,Deactivated,27,28,0,0,8363
2026-08-24T02:05:14Z,0,0.0,0.00,78,12.7,0.00,Deactivated,27,28,0,0,8363
2026-08-24T02:05:15Z,0,0.0,0.00,78,12.7,0.00,Deactivated,27,28,0,0,8363
2026-08-24T02:05:15Z,0,0.0,0.00,78,12.7,0.00,Deactivated,27,28,0,0,8363
2026-08-24T02:05:15Z,0,0.0,0.00,78,12.7,0.00,Deactivated,27,28,0,0,8363
2026-08-24T02:05:15Z,0,0.0,0.00,78,12.7,0.00,Deactivated,27,28,0,0,8363
2026-08-24T02:05:15Z,0,0.0,0.00,78,12.7,0.00,Deactivated,27,28,0,0,8363
2026-08-24T02:05:15Z,0,0.0,0.00,78,12.7,0.00,Deactivated,27,28,0,0,8363
2026-08-24T02:05:16Z,0,0.0,0.00,78,12.7,0.00,Deactivated,27,28,0,0,8363
2026-08-24T02:05:16Z,0,0.0,0.00,78,12.7,0.00,Deactivated,27,28,0,0,8363
2026-08-24T02:05:16Z,0,0.0,0.00,78,12.7,0.00,Deactivated,27,28,0,0,8363
2026-08-24T02:05:18Z,0,0.0,0.00,78,12.7,0.00,Deactivated,27,28,0,0,8363
2026-08-24T02:05:18Z,0,0.0,0.00,78,12.7,0.00,Deactivated,27,28,0,0,8363
2026-08-24T02:05:18Z,0,0.0,0.00,78,12.7,0.00,Deactivated,27,28,0,0,8363
2026-08-24T02:05:19Z,0,0.0,0.00,78,12.7,0.00,Deactivated,27,28,0,0,8363
2026-08-24T02:05:19Z,0,0.0,0.00,78,12.7,0.00,Deactivated,27,28,0,0,8363
2026-08-24T02:05:19Z,0,0.0,0.00,78,12.7,0.00,Deactivated,27,28,0,0,8363
2026-08-24T02:05:20Z,0,0.0,0.00,78,12.7,0.00,Deactivated,27,28,0,0,8363
2026-08-24T02:05:20Z,0,0.0,0.00,78,12.7,0.00,Deactivated,27,28,0,0,8363
2026-08-24T02:05:20Z,0,0.0,0.00,78,12.7,0.00,Deactivated,27,28,0,0,8363
2026-08-24T02:05:21Z,0,0.0,0.00,78,12.7,0.00,Deactivated,27,28,0,0,8363
2026-08-24T02:05:21Z,0,0.0,0.00,78,12.7,0.00,Deactivated,27,28,0,0,8363
2026-08-24T02:05:21Z,0,0.0,0.00,78,12.7,0.00,Deactivated,27,28,0,0,8363
2026-08-24T02:05:22Z,0,0.0,0.00,78,12.7,0.00,Deactivated,27,28,0,0,8363
2026-08-24T02:05:22Z,0,0.0,0.00,78,12.7,0.00,Deactivated,27,28,0,0,8363
2026-08-24T02:05:22Z,0,0.0,0.00,78,12.7,0.00,Deactivated,27,28,0,0,8363
2026-08-24T02:05:23Z,0,0.0,0.00,78,12.7,0.00,Deactivated,27,28,0,0,8363
2026-08-24T02:05:23Z,0,0.0,0.00,78,12.7,0.00,Deactivated,27,28,0,0,8363
2026-08-24T02:05:23Z,0,0.0,0.00,78,12.7,0.00,Deactivated,27,28,0,0,8363
2026-08-24T02:05:24Z,0,0.0,0.00,78,12.7,0.00,Deactivated,27,28,0,0,8363
2026-08-24T02:05:24Z,0,0.0,0.00,78,12.7,0.00,Deactivated,27,28,0,0,8363
2026-08-24T02:05:24Z,0,0.0,0.00,78,12.7,0.00,Deactivated,27,28,0,0,8363
2026-08-24T02:05:25Z,0,0.0,0.00,78,12.7,0.00,Deactivated,27,28,0,0,8363
2026-08-24T02:05:25Z,0,0.0,0.00,78,12.7,0.00,Deactivated,27,28,0,0,8363
2026-08-24T02:05:25Z,0,0.0,0.00,78,12.7,0.00,Deactivated,27,28,0,0,8363
2026-08-24T02:05:26Z,0,0.0,0.00,78,12.7,0.00,Deactivated,27,28,0,0,8363
2026-08-24T02:05:26Z,0,0.0,0.00,78,12.7,0.00,Deactivated,27,28,0,0,8363
2026-08-24T02:05:26Z,0,0.0,0.00,78,12.7,0.00,Deactivated,27,28,0,0,8363
2026-08-24T02:05:27Z,0,0.0,0.00,78,12.7,0.00,Deactivated,27,28,0,0,8363
2026-08-24T02:05:27Z,0,0.0,0.00,78,12.7,0.00,Deactivated,27,28,0,0,8363
2026-08-24T02:05:27Z,0,0.0,0.00,78,12.7,0.00,Deactivated,27,28,0,0,8363
2026-08-24T02:05:28Z,0,0.0,0.00,78,12.7,0.00,Deactivated,27,28,0,0,8363
2026-08-24T02:05:28Z,0,0.0,0.00,78,12.7,0.00,Deactivated,27,28,0,0,8363
2026-08-24T02:05:28Z,0,0.0,0.00,78,12.7,0.00,Deactivated,27,28,0,0,8363
2026-08-24T02:05:29Z,0,0.0,0.00,78,12.7,0.00,Deactivated,27,28,0,0,8363
2026-08-24T02:05:29Z,0,0.0,0.00,78,12.7,0.00,Deactivated,27,28,0,0,8363
2026-08-24T02:05:29Z,0,0.0,0.00,78,12.7,0.00,Deactivated,27,28,0,0,8363
2026-08-24T02:05:29Z,0,0.0,0.00,78,12.7,0.00,Deactivated,27,28,0,0,8363
2026-08-24T02:05:29Z,0,0.0,0.00,78,12.7,0.00,Deactivated,27,28,0,0,8363
2026-08-24T02:05:29Z,0,0.0,0.00,78,12.7,0.00,Deactivated,27,28,0,0,8363
2026-08-24T02:05:31Z,0,0.0,0.00,78,12.7,0.00,Deactivated,27,28,0,0,8363
2026-08-24T02:05:31Z,0,0.0,0.00,78,12.7,0.00,Deactivated,27,28,0,0,8363
2026-08-24T02:05:31Z,0,0.0,0.00,78,12.7,0.00,Deactivated,27,28,0,0,8363
2026-08-24T02:05:31Z,0,0.0,0.00,78,12.7,0.00,Deactivated,27,28,0,0,8363
2026-08-24T02:05:31Z,0,0.0,0.00,78,12.7,0.00,Deactivated,27,28,0,0,8363
2026-08-24T02:05:31Z,0,0.0,0.00,78,12.7,0.00,Deactivated,27,28,0,0,8363
2026-08-24T02:05:33Z,0,0.0,0.00,78,12.7,0.00,Deactivated,27,28,0,0,8363
2026-08-24T02:05:33Z,0,0.0,0.00,78,12.7,0.00,Deactivated,27,28,0,0,8363
2026-08-24T02:05:33Z,0,0.0,0.00,78,12.7,0.00,Deactivated,27,28,0,0,8363
2026-08-24T02:05:34Z,0,0.0,0.00,78,12.7,0.00,Deactivated,27,28,0,0,8363
2026-08-24T02:05:34Z,0,0.0,0.00,78,12.7,0.00,Deactivated,27,28,0,0,8363
2026-08-24T02:05:34Z,0,0.0,0.00,78,12.7,0.00,Deactivated,27,28,0,0,8363
2026-08-24T02:05:34Z,0,0.0,0.00,78,12.7,0.00,Deactivated,27,28,0,0,8363
2026-08-24T02:05:34Z,0,0.0,0.00,78,12.7,0.00,Deactivated,27,28,0,0,8363
2026-08-24T02:05:34Z,0,0.0,0.00,78,12.7,0.00,Deactivated,27,28,0,0,8363
2026-08-24T02:05:36Z,0,0.0,0.00,78,12.7,0.00,Deactivated,27,28,0,0,8363
2026-08-24T02:05:36Z,0,0.0,0.00,78,12.7,0.00,Deactivated,27,28,0,0,8363
2026-08-24T02:05:36Z,0,0.0,0.00,78,12.7,0.00,Deactivated,27,28,0,0,8363
2026-08-24T02:05:37Z,0,0.0,0.00,78,12.7,0.00,Deactivated,27,28,0,0,8363
2026-08-24T02:05:37Z,0,0.0,0.00,78,12.7,0.00,Deactivated,27,28,0,0,8363
2026-08-24T02:05:37Z,0,0.0,0.00,78,12.7,0.00,Deactivated,27,28,0,0,8363
2026-08-24T02:05:38Z,0,0.0,0.00,78,12.7,0.00,Deactivated,27,28,0,0,8363
2026-08-24T02:05:38Z,0,0.0,0.00,78,12.7,0.00,Deactivated,27,28,0,0,8363
2026-08-24T02:05:38Z,0,0.0,0.00,78,12.7,0.00,Deactivated,27,28,0,0,8363
2026-08-24T02:05:39Z,0,0.0,0.00,78,12.7,0.00,Deactivated,27,28,0,0,8363
2026-08-24T02:05:39Z,0,0.0,0.00,78,12.7,0.00,Deactivated,27,28,0,0,8363
2026-08-24T02:05:39Z,0,0.0,0.00,78,12.7,0.00,Deactivated,27,28,0,0,8363
2026-08-24T02:05:40Z,0,0.0,0.00,78,12.7,0.00,Deactivated,27,28,0,0,8363
2026-08-24T02:05:40Z,0,0.0,0.00,78,12.7,0.00,Deactivated,27,28,0,0,8363
2026-08-24T02:05:40Z,0,0.0,0.00,78,12.7,0.00,Deactivated,27,28,0,0,8363
2026-08-24T02:05:41Z,0,0.0,0.00,78,12.7,0.00,Deactivated,27,28,0,0,8363
2026-08-24T02:05:41Z,0,0.0,0.00,78,12.7,0.00,Deactivated,27,28,0,0,8363
2026-08-24T02:05:41Z,0,0.0,0.00,78,12.7,0.00,Deactivated,27,28,0,0,8363
2026-08-24T02:05:42Z,0,0.0,0.00,78,12.7,0.00,Deactivated,27,28,0,0,8363
2026-08-24T02:05:42Z,0,0.0,0.00,78,12.7,0.00,Deactivated,27,28,0,0,8363
2026-08-24T02:05:42Z,0,0.0,0.00,78,12.7,0.00,Deactivated,27,28,0,0,8363
2026-08-24T02:05:43Z,0,0.0,0.00,78,12.7,0.00,Deactivated,27,28,0,0,8363
2026-08-24T02:05:43Z,0,0.0,0.00,78,12.7,0.00,Deactivated,27,28,0,0,8363
2026-08-24T02:05:43Z,0,0.0,0.00,78,12.7,0.00,Deactivated,27,28,0,0,8363
2026-08-24T02:05:44Z,0,0.0,0.00,78,12.7,0.00,Deactivated,27,28,0,0,8363
2026-08-24T02:05:44Z,0,0.0,0.00,78,12.7,0.00,Deactivated,27,28,0,0,8363
2026-08-24T02:05:44Z,0,0.0,0.00,78,12.7,0.00,Deactivated,27,28,0,0,8363
2026-08-24T02:05:45Z,0,0.0,0.00,78,12.7,0.00,Deactivated,27,28,0,0,8363
2026-08-24T02:05:45Z,0,0.0,0.00,78,12.7,0.00,Deactivated,27,28,0,0,8363
2026-08-24T02:05:45Z,0,0.0,0.00,78,12.7,0.00,Deactivated,27,28,0,0,8363
2026-08-24T02:05:46Z,0,0.0,0.00,78,12.7,0.00,Deactivated,27,28,0,0,8363
2026-08-24T02:05:46Z,0,0.0,0.00,78,12.7,0.00,Deactivated,27,28,0,0,8363
2026-08-24T02:05:46Z,0,0.0,0.00,78,12.7,0.00,Deactivated,27,28,0,0,8363
2026-08-24T02:05:46Z,0,0.0,0.00,78,12.7,0.00,Deactivated,27,28,0,0,8363
2026-08-24T02:05:46Z,0,0.0,0.00,78,12.7,0.00,Deactivated,27,28,0,0,8363
2026-08-24T02:05:46Z,0,0.0,0.00,78,12.7,0.00,Deactivated,27,28,0,0,8363
2026-08-24T02:05:48Z,0,0.0,0.00,78,12.7,0.00,Deactivated,27,28,0,0,8363
2026-08-24T02:05:48Z,0,0.0,0.00,78,12.7,0.00,Deactivated,27,28,0,0,8363
2026-08-24T02:05:48Z,0,0.0,0.00,78,12.7,0.00,Deactivated,27,28,0,0,8363
2026-08-24T02:05:49Z,0,0.0,0.00,78,12.7,0.00,Deactivated,27,28,0,0,8363
2026-08-24T02:05:49Z,0,0.0,0.00,78,12.7,0.00,Deactivated,27,28,0,0,8363
2026-08-24T02:05:49Z,0,0.0,0.00,78,12.7,0.00,Deactivated,27,28,0,0,8363
2026-08-24T02:05:50Z,0,0.0,0.00,78,12.7,0.00,Deactivated,27,28,0,0,8363
2026-08-24T02:05:50Z,0,0.0,0.00,78,12.7,0.00,Deactivated,27,28,0,0,8363
2026-08-24T02:05:50Z,0,0.0,0.00,78,12.7,0.00,Deactivated,27,28,0,0,8363
2026-08-24T02:05:51Z,0,0.0,0.00,78,12.7,0.00,Deactivated,27,28,0,0,8363
2026-08-24T02:05:51Z,0,0.0,0.00,78,12.7,0.00,Deactivated,27,28,0,0,8363
2026-08-24T02:05:51Z,0,0.0,0.00,78,12.7,0.00,Deactivated,27,28,0,0,8363
2026-08-24T02:05:52Z,0,0.0,0.00,78,12.7,0.00,Deactivated,27,28,0,0,8363
2026-08-24T02:05:52Z,0,0.0,0.00,78,12.7,0.00,Deactivated,27,28,0,0,8363
2026-08-24T02:05:52Z,0,0.0,0.00,78,12.7,0.00,Deactivated,27,28,0,0,8363
2026-08-24T02:05:53Z,0,0.0,0.00,79,12.7,0.00,Deactivated,27,28,0,0,8363
2026-08-24T02:05:53Z,0,0.0,0.00,79,12.7,0.00,Deactivated,27,28,0,0,8363
2026-08-24T02:05:53Z,0,0.0,0.00,79,12.7,0.00,Deactivated,27,28,0,0,8363
2026-08-24T02:05:54Z,0,0.0,0.00,79,12.7,0.00,Deactivated,27,28,0,0,8363
2026-08-24T02:05:54Z,0,0.0,0.00,79,12.7,0.00,Deactivated,27,28,0,0,8363
2026-08-24T02:05:54Z,0,0.0,0.00,79,12.7,0.00,Deactivated,27,28,0,0,8363
2026-08-24T02:05:55Z,0,0.0,0.00,79,12.7,0.00,Deactivated,27,28,0,0,8363
2026-08-24T02:05:55Z,0,0.0,0.00,79,12.7,0.00,Deactivated,27,28,0,0,8363
2026-08-24T02:05:55Z,0,0.0,0.00,79,12.7,0.00,Deactivated,27,28,0,0,8363
2026-08-24T02:05:56Z,0,0.0,0.00,79,12.7,0.00,Deactivated,27,28,0,0,8363
2026-08-24T02:05:56Z,0,0.0,0.00,79,12.7,0.00,Deactivated,27,28,0,0,8363
2026-08-24T02:05:56Z,0,0.0,0.00,79,12.7,0.00,Deactivated,27,28,0,0,8363
2026-08-24T02:05:57Z,0,0.0,0.00,79,12.7,0.00,Deactivated,27,28,0,0,8363
2026-08-24T02:05:57Z,0,0.0,0.00,79,12.7,0.00,Deactivated,27,28,0,0,8363
2026-08-24T02:05:57Z,0,0.0,0.00,79,12.7,0.00,Deactivated,27,28,0,0,8363
2026-08-24T02:05:58Z,0,0.0,0.00,78,12.7,0.00,Deactivated,27,28,0,0,8363
2026-08-24T02:05:58Z,0,0.0,0.00,78,12.7,0.00,Deactivated,27,28,0,0,8363
2026-08-24T02:05:58Z,0,0.0,0.00,78,12.7,0.00,Deactivated,27,28,0,0,8363
2026-08-24T02:05:59Z,0,0.0,0.00,78,12.7,0.00,Deactivated,27,28,0,0,8363
2026-08-24T02:05:59Z,0,0.0,0.00,78,12.7,0.00,Deactivated,27,28,0,0,8363
2026-08-24T02:05:59Z,0,0.0,0.00,78,12.7,0.00,Deactivated,27,28,0,0,8363
2026-08-24T02:06:00Z,0,0.0,0.00,78,12.7,0.00,Deactivated,27,28,0,0,8363
2026-08-24T02:06:00Z,0,0.0,0.00,78,12.7,0.00,Deactivated,27,28,0,0,8363
2026-08-24T02:06:00Z,0,0.0,0.00,78,12.7,0.00,Deactivated,27,28,0,0,8363
2026-08-24T02:06:01Z,0,0.0,0.00,78,12.7,0.00,Deactivated,27,28,0,0,8363
2026-08-24T02:06:01Z,0,0.0,0.00,78,12.7,0.00,Deactivated,27,28,0,0,8363
2026-08-24T02:06:01Z,0,0.0,0.00,78,12.7,0.00,Deactivated,27,28,0,0,8363
2026-08-24T02:06:02Z,0,0.0,0.00,78,12.7,0.00,Deactivated,27,28,0,0,8363
2026-08-24T02:06:02Z,0,0.0,0.00,78,12.7,0.00,Deactivated,27,28,0,0,8363
2026-08-24T02:06:02Z,0,0.0,0.00,78,12.7,0.00,Deactivated,27,28,0,0,8363
2026-08-24T02:06:03Z,0,0.0,0.00,78,12.7,0.00,Deactivated,27,28,0,0,8363
2026-08-24T02:06:03Z,0,0.0,0.00,78,12.7,0.00,Deactivated,27,28,0,0,8363
2026-08-24T02:06:03Z,0,0.0,0.00,78,12.7,0.00,Deactivated,27,28,0,0,8363
2026-08-24T02:06:04Z,0,0.0,0.00,78,12.7,0.00,Deactivated,27,28,0,0,8363
2026-08-24T02:06:04Z,0,0.0,0.00,78,12.7,0.00,Deactivated,27,28,0,0,8363
2026-08-24T02:06:04Z,0,0.0,0.00,78,12.7,0.00,Deactivated,27,28,0,0,8363
2026-08-24T02:06:05Z,0,0.0,0.00,78,12.7,0.00,Deactivated,27,28,0,0,8363
2026-08-24T02:06:05Z,0,0.0,0.00,78,12.7,0.00,Deactivated,27,28,0,0,8363
2026-08-24T02:06:05Z,0,0.0,0.00,78,12.7,0.00,Deactivated,27,28,0,0,8363
2026-08-24T02:06:06Z,0,0.0,0.00,78,12.7,0.00,Deactivated,27,28,0,0,8363
2026-08-24T02:06:06Z,0,0.0,0.00,78,12.7,0.00,Deactivated,27,28,0,0,8363
2026-08-24T02:06:06Z,0,0.0,0.00,78,12.7,0.00,Deactivated,27,28,0,0,8363
2026-08-24T02:06:07Z,0,0.0,0.00,78,12.7,0.00,Deactivated,27,28,0,0,8363
2026-08-24T02:06:07Z,0,0.0,0.00,78,12.7,0.00,Deactivated,27,28,0,0,8363
2026-08-24T02:06:07Z,0,0.0,0.00,78,12.7,0.00,Deactivated,27,28,0,0,8363
2026-08-24T02:06:08Z,0,0.0,0.00,78,12.7,0.00,Deactivated,27,28,0,0,8363
2026-08-24T02:06:08Z,0,0.0,0.00,78,12.7,0.00,Deactivated,27,28,0,0,8363
2026-08-24T02:06:08Z,0,0.0,0.00,78,12.7,0.00,Deactivated,27,28,0,0,8363
2026-08-24T02:06:09Z,0,0.0,0.00,78,12.7,0.00,Deactivated,27,28,0,0,8363
2026-08-24T02:06:09Z,0,0.0,0.00,78,12.7,0.00,Deactivated,27,28,0,0,8363
2026-08-24T02:06:09Z,0,0.0,0.00,78,12.7,0.00,Deactivated,27,28,0,0,8363
2026-08-24T02:06:10Z,0,0.0,0.00,78,12.7,0.00,Deactivated,27,28,0,0,8363
2026-08-24T02:06:10Z,0,0.0,0.00,78,12.7,0.00,Deactivated,27,28,0,0,8363
2026-08-24T02:06:10Z,0,0.0,0.00,78,12.7,0.00,Deactivated,27,28,0,0,8363
2026-08-24T02:06:11Z,0,0.0,0.00,78,12.7,0.00,Deactivated,27,28,0,0,8363
2026-08-24T02:06:11Z,0,0.0,0.00,78,12.7,0.00,Deactivated,27,28,0,0,8363
2026-08-24T02:06:11Z,0,0.0,0.00,78,12.7,0.00,Deactivated,27,28,0,0,8363
2026-08-24T02:06:12Z,0,0.0,0.00,78,12.7,0.00,Deactivated,27,28,0,0,8363
2026-08-24T02:06:12Z,0,0.0,0.00,78,12.7,0.00,Deactivated,27,28,0,0,8363
2026-08-24T02:06:12Z,0,0.0,0.00,78,12.7,0.00,Deactivated,27,28,0,0,8363
2026-08-24T02:06:13Z,0,0.0,0.00,78,12.7,0.00,Deactivated,27,28,0,0,8363
2026-08-24T02:06:13Z,0,0.0,0.00,78,12.7,0.00,Deactivated,27,28,0,0,8363
2026-08-24T02:06:13Z,0,0.0,0.00,78,12.7,0.00,Deactivated,27,28,0,0,8363
2026-08-24T02:06:14Z,0,0.0,0.00,78,12.7,0.00,Deactivated,27,28,0,0,8363
2026-08-24T02:06:14Z,0,0.0,0.00,78,12.7,0.00,Deactivated,27,28,0,0,8363
2026-08-24T02:06:14Z,0,0.0,0.00,78,12.7,0.00,Deactivated,27,28,0,0,8363
2026-08-24T02:06:15Z,0,0.0,0.00,78,12.7,0.00,Deactivated,27,28,0,0,8363
2026-08-24T02:06:15Z,0,0.0,0.00,78,12.7,0.00,Deactivated,27,28,0,0,8363
2026-08-24T02:06:15Z,0,0.0,0.00,78,12.7,0.00,Deactivated,27,28,0,0,8363
2026-08-24T02:06:16Z,0,0.0,0.00,78,12.7,0.00,Deactivated,27,28,0,0,8363
2026-08-24T02:06:16Z,0,0.0,0.00,78,12.7,0.00,Deactivated,27,28,0,0,8363
2026-08-24T02:06:16Z,0,0.0,0.00,78,12.7,0.00,Deactivated,27,28,0,0,8363
2026-08-24T02:06:17Z,0,0.0,0.00,78,12.7,0.00,Deactivated,27,28,0,0,8363
2026-08-24T02:06:17Z,0,0.0,0.00,78,12.7,0.00,Deactivated,27,28,0,0,8363
2026-08-24T02:06:17Z,0,0.0,0.00,78,12.7,0.00,Deactivated,27,28,0,0,8363
2026-08-24T02:06:18Z,0,0.0,0.00,78,12.7,0.00,Deactivated,27,28,0,0,8363
2026-08-24T02:06:18Z,0,0.0,0.00,78,12.7,0.00,Deactivated,27,28,0,0,8363
2026-08-24T02:06:18Z,0,0.0,0.00,78,12.7,0.00,Deactivated,27,28,0,0,8363
2026-08-24T02:06:19Z,0,0.0,0.00,78,12.7,0.00,Deactivated,27,28,0,0,8363
2026-08-24T02:06:19Z,0,0.0,0.00,78,12.7,0.00,Deactivated,27,28,0,0,8363
2026-08-24T02:06:19Z,0,0.0,0.00,78,12.7,0.00,Deactivated,27,28,0,0,8363
2026-08-24T02:06:20Z,0,0.0,0.00,78,12.7,0.00,Deactivated,27,28,0,0,8363
2026-08-24T02:06:20Z,0,0.0,0.00,78,12.7,0.00,Deactivated,27,28,0,0,8363
2026-08-24T02:06:20Z,0,0.0,0.00,78,12.7,0.00,Deactivated,27,28,0,0,8363
2026-08-24T02:06:21Z,0,0.0,0.00,78,12.7,0.00,Deactivated,27,28,0,0,8363
2026-08-24T02:06:21Z,0,0.0,0.00,78,12.7,0.00,Deactivated,27,28,0,0,8363
2026-08-24T02:06:21Z,0,0.0,0.00,78,12.7,0.00,Deactivated,27,28,0,0,8363
2026-08-24T02:06:22Z,0,0.0,0.00,78,12.7,0.00,Deactivated,27,28,0,0,8363
2026-08-24T02:06:22Z,0,0.0,0.00,78,12.7,0.00,Deactivated,27,28,0,0,8363
2026-08-24T02:06:22Z,0,0.0,0.00,78,12.7,0.00,Deactivated,27,28,0,0,8363
2026-08-24T02:06:23Z,0,0.0,0.00,78,12.7,0.00,Deactivated,27,28,0,0,8363
2026-08-24T02:06:23Z,0,0.0,0.00,78,12.7,0.00,Deactivated,27,28,0,0,8363
2026-08-24T02:06:23Z,0,0.0,0.00,78,12.7,0.00,Deactivated,27,28,0,0,8363
2026-08-24T02:06:24Z,0,0.0,0.00,78,12.7,0.00,Deactivated,27,28,0,0,8363
2026-08-24T02:06:24Z,0,0.0,0.00,78,12.7,0.00,Deactivated,27,28,0,0,8363
2026-08-24T02:06:24Z,0,0.0,0.00,78,12.7,0.00,Deactivated,27,28,0,0,8363
2026-08-24T02:06:25Z,0,0.0,0.00,78,12.7,0.00,Deactivated,27,28,0,0,8363
2026-08-24T02:06:25Z,0,0.0,0.00,78,12.7,0.00,Deactivated,27,28,0,0,8363
2026-08-24T02:06:25Z,0,0.0,0.00,78,12.7,0.00,Deactivated,27,28,0,0,8363
2026-08-24T02:06:26Z,0,0.0,0.00,78,12.7,0.00,Deactivated,27,28,0,0,8363
2026-08-24T02:06:26Z,0,0.0,0.00,78,12.7,0.00,Deactivated,27,28,0,0,8363
2026-08-24T02:06:26Z,0,0.0,0.00,78,12.7,0.00,Deactivated,27,28,0,0,8363
2026-08-24T02:06:27Z,0,0.0,0.00,78,12.7,0.00,Deactivated,27,28,0,0,8363
2026-08-24T02:06:27Z,0,0.0,0.00,78,12.7,0.00,Deactivated,27,28,0,0,8363
2026-08-24T02:06:27Z,0,0.0,0.00,78,12.7,0.00,Deactivated,27,28,0,0,8363
2026-08-24T02:06:28Z,0,0.0,0.00,78,12.7,0.00,Deactivated,27,28,0,0,8363
2026-08-24T02:06:28Z,0,0.0,0.00,78,12.7,0.00,Deactivated,27,28,0,0,8363
2026-08-24T02:06:28Z,0,0.0,0.00,78,12.7,0.00,Deactivated,27,28,0,0,8363
2026-08-24T02:06:29Z,0,0.0,0.00,78,12.7,0.00,Deactivated,27,28,0,0,8363
2026-08-24T02:06:29Z,0,0.0,0.00,78,12.7,0.00,Deactivated,27,28,0,0,8363
2026-08-24T02:06:29Z,0,0.0,0.00,78,12.7,0.00,Deactivated,27,28,0,0,8363
2026-08-24T02:06:30Z,0,0.0,0.00,78,12.7,0.00,Deactivated,27,28,0,0,8363
2026-08-24T02:06:30Z,0,0.0,0.00,78,12.7,0.00,Deactivated,27,28,0,0,8363
2026-08-24T02:06:30Z,0,0.0,0.00,78,12.7,0.00,Deactivated,27,28,0,0,8363
2026-08-24T02:06:30Z,0,0.0,0.00,78,12.7,0.00,Deactivated,27,28,0,0,8363
2026-08-24T02:06:30Z,0,0.0,0.00,78,12.7,0.00,Deactivated,27,28,0,0,8363
2026-08-24T02:06:30Z,0,0.0,0.00,78,12.7,0.00,Deactivated,27,28,0,0,8363
2026-08-24T02:06:32Z,0,0.0,0.00,78,12.7,0.00,Deactivated,27,28,0,0,8363
2026-08-24T02:06:32Z,0,0.0,0.00,78,12.7,0.00,Deactivated,27,28,0,0,8363
2026-08-24T02:06:32Z,0,0.0,0.00,78,12.7,0.00,Deactivated,27,28,0,0,8363
2026-08-24T02:06:33Z,0,0.0,0.00,79,12.7,0.00,Deactivated,27,28,0,0,8363
2026-08-24T02:06:33Z,0,0.0,0.00,79,12.7,0.00,Deactivated,27,28,0,0,8363
2026-08-24T02:06:33Z,0,0.0,0.00,79,12.7,0.00,Deactivated,27,28,0,0,8363
2026-08-24T02:06:34Z,0,0.0,0.00,79,12.7,0.00,Deactivated,27,28,0,0,8363
2026-08-24T02:06:34Z,0,0.0,0.00,79,12.7,0.00,Deactivated,27,28,0,0,8363
2026-08-24T02:06:34Z,0,0.0,0.00,79,12.7,0.00,Deactivated,27,28,0,0,8363
2026-08-24T02:06:35Z,0,0.0,0.00,79,12.7,0.00,Deactivated,27,28,0,0,8363
2026-08-24T02:06:35Z,0,0.0,0.00,79,12.7,0.00,Deactivated,27,28,0,0,8363
2026-08-24T02:06:35Z,0,0.0,0.00,79,12.7,0.00,Deactivated,27,28,0,0,8363
2026-08-24T02:06:36Z,0,0.0,0.00,79,12.7,0.00,Deactivated,27,28,0,0,8363
2026-08-24T02:06:36Z,0,0.0,0.00,79,12.7,0.00,Deactivated,27,28,0,0,8363
2026-08-24T02:06:36Z,0,0.0,0.00,79,12.7,0.00,Deactivated,27,28,0,0,8363
2026-08-24T02:06:37Z,0,0.0,0.00,79,12.7,0.00,Deactivated,27,28,0,0,8363
2026-08-24T02:06:37Z,0,0.0,0.00,79,12.7,0.00,Deactivated,27,28,0,0,8363
2026-08-24T02:06:37Z,0,0.0,0.00,79,12.7,0.00,Deactivated,27,28,0,0,8363
2026-08-24T02:06:38Z,0,0.0,0.00,79,12.7,0.00,Deactivated,27,28,0,0,8363
2026-08-24T02:06:38Z,0,0.0,0.00,79,12.7,0.00,Deactivated,27,28,0,0,8363
2026-08-24T02:06:38Z,0,0.0,0.00,79,12.7,0.00,Deactivated,27,28,0,0,8363
2026-08-24T02:06:39Z,0,0.0,0.00,78,12.7,0.00,Deactivated,27,28,0,0,8363
2026-08-24T02:06:39Z,0,0.0,0.00,78,12.7,0.00,Deactivated,27,28,0,0,8363
2026-08-24T02:06:39Z,0,0.0,0.00,78,12.7,0.00,Deactivated,27,28,0,0,8363
2026-08-24T02:06:40Z,0,0.0,0.00,78,12.7,0.00,Deactivated,27,28,0,0,8363
2026-08-24T02:06:40Z,0,0.0,0.00,78,12.7,0.00,Deactivated,27,28,0,0,8363
2026-08-24T02:06:40Z,0,0.0,0.00,78,12.7,0.00,Deactivated,27,28,0,0,8363
2026-08-24T02:06:41Z,0,0.0,0.00,78,12.7,0.00,Deactivated,27,28,0,0,8363
2026-08-24T02:06:41Z,0,0.0,0.00,78,12.7,0.00,Deactivated,27,28,0,0,8363
2026-08-24T02:06:41Z,0,0.0,0.00,78,12.7,0.00,Deactivated,27,28,0,0,8363
2026-08-24T02:06:42Z,0,0.0,0.00,78,12.7,0.00,Deactivated,27,28,0,0,8363
2026-08-24T02:06:42Z,0,0.0,0.00,78,12.7,0.00,Deactivated,27,28,0,0,8363
2026-08-24T02:06:42Z,0,0.0,0.00,78,12.7,0.00,Deactivated,27,28,0,0,8363
2026-08-24T02:06:43Z,0,0.0,0.00,78,12.7,0.00,Deactivated,27,28,0,0,8363
2026-08-24T02:06:43Z,0,0.0,0.00,78,12.7,0.00,Deactivated,27,28,0,0,8363
2026-08-24T02:06:43Z,0,0.0,0.00,78,12.7,0.00,Deactivated,27,28,0,0,8363
2026-08-24T02:06:43Z,0,0.0,0.00,78,12.7,0.00,Deactivated,27,28,0,0,8363
2026-08-24T02:06:43Z,0,0.0,0.00,78,12.7,0.00,Deactivated,27,28,0,0,8363
2026-08-24T02:06:43Z,0,0.0,0.00,78,12.7,0.00,Deactivated,27,28,0,0,8363
2026-08-24T02:06:45Z,0,0.0,0.00,78,12.7,0.00,Deactivated,27,28,0,0,8363
2026-08-24T02:06:45Z,0,0.0,0.00,78,12.7,0.00,Deactivated,27,28,0,0,8363
2026-08-24T02:06:45Z,0,0.0,0.00,78,12.7,0.00,Deactivated,27,28,0,0,8363
2026-08-24T02:06:45Z,0,0.0,0.00,78,12.7,0.00,Deactivated,27,28,0,0,8363
2026-08-24T02:06:45Z,0,0.0,0.00,78,12.7,0.00,Deactivated,27,28,0,0,8363
2026-08-24T02:06:45Z,0,0.0,0.00,78,12.7,0.00,Deactivated,27,28,0,0,8363
2026-08-24T02:06:47Z,0,0.0,0.00,78,12.7,0.00,Deactivated,27,28,0,0,8363
2026-08-24T02:06:47Z,0,0.0,0.00,78,12.7,0.00,Deactivated,27,28,0,0,8363
2026-08-24T02:06:47Z,0,0.0,0.00,78,12.7,0.00,Deactivated,27,28,0,0,8363
2026-08-24T02:06:48Z,0,0.0,0.00,78,12.7,0.00,Deactivated,27,28,0,0,8363
2026-08-24T02:06:48Z,0,0.0,0.00,78,12.7,0.00,Deactivated,27,28,0,0,8363
2026-08-24T02:06:48Z,0,0.0,0.00,78,12.7,0.00,Deactivated,27,28,0,0,8363
2026-08-24T02:06:49Z,0,0.0,0.00,78,12.7,0.00,Deactivated,27,28,0,0,8363
2026-08-24T02:06:49Z,0,0.0,0.00,78,12.7,0.00,Deactivated,27,28,0,0,8363
2026-08-24T02:06:49Z,0,0.0,0.00,78,12.7,0.00,Deactivated,27,28,0,0,8363
2026-08-24T02:06:50Z,0,0.0,0.00,78,12.7,0.00,Deactivated,27,28,0,0,8363
2026-08-24T02:06:50Z,0,0.0,0.00,78,12.7,0.00,Deactivated,27,28,0,0,8363
2026-08-24T02:06:50Z,0,0.0,0.00,78,12.7,0.00,Deactivated,27,28,0,0,8363
2026-08-24T02:06:50Z,0,0.0,0.00,78,12.7,0.00,Deactivated,27,28,0,0,8363
2026-08-24T02:06:50Z,0,0.0,0.00,78,12.7,0.00,Deactivated,27,28,0,0,8363
2026-08-24T02:06:50Z,0,0.0,0.00,78,12.7,0.00,Deactivated,27,28,0,0,8363
2026-08-24T02:06:52Z,0,0.0,0.00,78,12.7,0.00,Deactivated,27,28,0,0,8363
2026-08-24T02:06:52Z,0,0.0,0.00,78,12.7,0.00,Deactivated,27,28,0,0,8363
2026-08-24T02:06:52Z,0,0.0,0.00,78,12.7,0.00,Deactivated,27,28,0,0,8363
2026-08-24T02:06:53Z,0,0.0,0.00,78,12.7,0.00,Deactivated,27,28,0,0,8363
2026-08-24T02:06:53Z,0,0.0,0.00,78,12.7,0.00,Deactivated,27,28,0,0,8363
2026-08-24T02:06:53Z,0,0.0,0.00,78,12.7,0.00,Deactivated,27,28,0,0,8363
2026-08-24T02:06:54Z,0,0.0,0.00,78,12.7,0.00,Deactivated,27,28,0,0,8363
2026-08-24T02:06:54Z,0,0.0,0.00,78,12.7,0.00,Deactivated,27,28,0,0,8363
2026-08-24T02:06:54Z,0,0.0,0.00,78,12.7,0.00,Deactivated,27,28,0,0,8363
2026-08-24T02:06:55Z,0,0.0,0.00,78,12.7,0.00,Deactivated,27,28,0,0,8363
2026-08-24T02:06:55Z,0,0.0,0.00,78,12.7,0.00,Deactivated,27,28,0,0,8363
2026-08-24T02:06:55Z,0,0.0,0.00,78,12.7,0.00,Deactivated,27,28,0,0,8363
2026-08-24T02:06:56Z,0,0.0,0.00,78,12.7,0.00,Deactivated,27,28,0,0,8363
2026-08-24T02:06:56Z,0,0.0,0.00,78,12.7,0.00,Deactivated,27,28,0,0,8363
2026-08-24T02:06:56Z,0,0.0,0.00,78,12.7,0.00,Deactivated,27,28,0,0,8363
2026-08-24T02:06:57Z,0,0.0,0.00,78,12.7,0.00,Deactivated,27,28,0,0,8363
2026-08-24T02:06:57Z,0,0.0,0.00,78,12.7,0.00,Deactivated,27,28,0,0,8363
2026-08-24T02:06:57Z,0,0.0,0.00,78,12.7,0.00,Deactivated,27,28,0,0,8363
2026-08-24T02:06:58Z,0,0.0,0.00,78,12.7,0.00,Deactivated,27,28,0,0,8363
2026-08-24T02:06:58Z,0,0.0,0.00,78,12.7,0.00,Deactivated,27,28,0,0,8363
2026-08-24T02:06:58Z,0,0.0,0.00,78,12.7,0.00,Deactivated,27,28,0,0,8363
2026-08-24T02:06:59Z,0,0.0,0.00,78,12.7,0.00,Deactivated,27,28,0,0,8363
2026-08-24T02:06:59Z,0,0.0,0.00,78,12.7,0.00,Deactivated,27,28,0,0,8363
2026-08-24T02:06:59Z,0,0.0,0.00,78,12.7,0.00,Deactivated,27,28,0,0,8363
2026-08-24T02:07:00Z,0,0.0,0.00,78,12.7,0.00,Deactivated,27,28,0,0,8363
2026-08-24T02:07:00Z,0,0.0,0.00,78,12.7,0.00,Deactivated,27,28,0,0,8363
2026-08-24T02:07:00Z,0,0.0,0.00,78,12.7,0.00,Deactivated,27,28,0,0,8363
2026-08-24T02:07:01Z,0,0.0,0.00,78,12.7,0.00,Deactivated,27,28,0,0,8363
2026-08-24T02:07:01Z,0,0.0,0.00,78,12.7,0.00,Deactivated,27,28,0,0,8363
2026-08-24T02:07:01Z,0,0.0,0.00,78,12.7,0.00,Deactivated,27,28,0,0,8363
2026-08-24T02:07:02Z,0,0.0,0.00,78,12.7,0.00,Deactivated,27,28,0,0,8363
2026-08-24T02:07:02Z,0,0.0,0.00,78,12.7,0.00,Deactivated,27,28,0,0,8363
2026-08-24T02:07:02Z,0,0.0,0.00,78,12.7,0.00,Deactivated,27,28,0,0,8363
2026-08-24T02:07:03Z,0,0.0,0.00,78,12.7,0.00,Deactivated,27,28,0,0,8363
2026-08-24T02:07:03Z,0,0.0,0.00,78,12.7,0.00,Deactivated,27,28,0,0,8363
2026-08-24T02:07:03Z,0,0.0,0.00,78,12.7,0.00,Deactivated,27,28,0,0,8363
2026-08-24T02:07:04Z,0,0.0,0.00,78,12.7,0.00,Deactivated,27,28,0,0,8363
2026-08-24T02:07:04Z,0,0.0,0.00,78,12.7,0.00,Deactivated,27,28,0,0,8363
2026-08-24T02:07:04Z,0,0.0,0.00,78,12.7,0.00,Deactivated,27,28,0,0,8363
2026-08-24T02:07:05Z,0,0.0,0.00,78,12.7,0.00,Deactivated,27,28,0,0,8363
2026-08-24T02:07:05Z,0,0.0,0.00,78,12.7,0.00,Deactivated,27,28,0,0,8363
2026-08-24T02:07:05Z,0,0.0,0.00,78,12.7,0.00,Deactivated,27,28,0,0,8363
2026-08-24T02:07:05Z,0,0.0,0.00,78,12.7,0.00,Deactivated,27,28,0,0,8363
2026-08-24T02:07:05Z,0,0.0,0.00,78,12.7,0.00,Deactivated,27,28,0,0,8363
2026-08-24T02:07:05Z,0,0.0,0.00,78,12.7,0.00,Deactivated,27,28,0,0,8363
2026-08-24T02:07:07Z,0,0.0,0.00,78,12.7,0.00,Deactivated,27,28,0,0,8363
2026-08-24T02:07:07Z,0,0.0,0.00,78,12.7,0.00,Deactivated,27,28,0,0,8363
2026-08-24T02:07:07Z,0,0.0,0.00,78,12.7,0.00,Deactivated,27,28,0,0,8363
2026-08-24T02:07:08Z,0,0.0,0.00,78,12.7,0.00,Deactivated,27,28,0,0,8363
2026-08-24T02:07:08Z,0,0.0,0.00,78,12.7,0.00,Deactivated,27,28,0,0,8363
2026-08-24T02:07:08Z,0,0.0,0.00,78,12.7,0.00,Deactivated,27,28,0,0,8363
2026-08-24T02:07:09Z,0,0.0,0.00,78,12.7,0.00,Deactivated,27,28,0,0,8363
2026-08-24T02:07:09Z,0,0.0,0.00,78,12.7,0.00,Deactivated,27,28,0,0,8363
2026-08-24T02:07:09Z,0,0.0,0.00,78,12.7,0.00,Deactivated,27,28,0,0,8363
2026-08-24T02:07:10Z,0,0.0,0.00,78,12.7,0.00,Deactivated,27,28,0,0,8363
2026-08-24T02:07:10Z,0,0.0,0.00,78,12.7,0.00,Deactivated,27,28,0,0,8363
2026-08-24T02:07:10Z,0,0.0,0.00,78,12.7,0.00,Deactivated,27,28,0,0,8363
2026-08-24T02:07:11Z,0,0.0,0.00,78,12.7,0.00,Deactivated,27,28,0,0,8363
2026-08-24T02:07:11Z,0,0.0,0.00,78,12.7,0.00,Deactivated,27,28,0,0,8363
2026-08-24T02:07:11Z,0,0.0,0.00,78,12.7,0.00,Deactivated,27,28,0,0,8363
2026-08-24T02:07:12Z,0,0.0,0.00,78,12.7,0.00,Deactivated,27,28,0,0,8363
2026-08-24T02:07:12Z,0,0.0,0.00,78,12.7,0.00,Deactivated,27,28,0,0,8363
2026-08-24T02:07:12Z,0,0.0,0.00,78,12.7,0.00,Deactivated,27,28,0,0,8363
2026-08-24T02:07:13Z,0,0.0,0.00,78,12.7,0.00,Deactivated,27,28,0,0,8363
2026-08-24T02:07:13Z,0,0.0,0.00,78,12.7,0.00,Deactivated,27,28,0,0,8363
2026-08-24T02:07:13Z,0,0.0,0.00,78,12.7,0.00,Deactivated,27,28,0,0,8363
2026-08-24T02:07:14Z,0,0.0,0.00,78,12.7,0.00,Deactivated,27,28,0,0,8363
2026-08-24T02:07:14Z,0,0.0,0.00,78,12.7,0.00,Deactivated,27,28,0,0,8363
2026-08-24T02:07:14Z,0,0.0,0.00,78,12.7,0.00,Deactivated,27,28,0,0,8363
2026-08-24T02:07:15Z,0,0.0,0.00,78,12.7,0.00,Deactivated,27,28,0,0,8363
2026-08-24T02:07:15Z,0,0.0,0.00,78,12.7,0.00,Deactivated,27,28,0,0,8363
2026-08-24T02:07:15Z,0,0.0,0.00,78,12.7,0.00,Deactivated,27,28,0,0,8363
2026-08-24T02:07:16Z,0,0.0,0.00,78,12.7,0.00,Deactivated,27,28,0,0,8363
2026-08-24T02:07:16Z,0,0.0,0.00,78,12.7,0.00,Deactivated,27,28,0,0,8363
2026-08-24T02:07:16Z,0,0.0,0.00,78,12.7,0.00,Deactivated,27,28,0,0,8363
2026-08-24T02:07:17Z,0,0.0,0.00,78,12.7,0.00,Deactivated,27,28,0,0,8363
2026-08-24T02:07:17Z,0,0.0,0.00,78,12.7,0.00,Deactivated,27,28,0,0,8363
2026-08-24T02:07:17Z,0,0.0,0.00,78,12.7,0.00,Deactivated,27,28,0,0,8363
2026-08-24T02:07:18Z,0,0.0,0.00,78,12.7,0.00,Deactivated,27,28,0,0,8363
2026-08-24T02:07:18Z,0,0.0,0.00,78,12.7,0.00,Deactivated,27,28,0,0,8363
2026-08-24T02:07:18Z,0,0.0,0.00,78,12.7,0.00,Deactivated,27,28,0,0,8363
2026-08-24T02:07:19Z,0,0.0,0.00,78,12.7,0.00,Deactivated,27,28,0,0,8363
2026-08-24T02:07:19Z,0,0.0,0.00,78,12.7,0.00,Deactivated,27,28,0,0,8363
2026-08-24T02:07:19Z,0,0.0,0.00,78,12.7,0.00,Deactivated,27,28,0,0,8363
2026-08-24T02:07:20Z,0,0.0,0.00,78,12.7,0.00,Deactivated,27,28,0,0,8363
2026-08-24T02:07:20Z,0,0.0,0.00,78,12.7,0.00,Deactivated,27,28,0,0,8363
2026-08-24T02:07:20Z,0,0.0,0.00,78,12.7,0.00,Deactivated,27,28,0,0,8363
2026-08-24T02:07:21Z,0,0.0,0.00,78,12.7,0.00,Deactivated,27,28,0,0,8363
2026-08-24T02:07:21Z,0,0.0,0.00,78,12.7,0.00,Deactivated,27,28,0,0,8363
2026-08-24T02:07:21Z,0,0.0,0.00,78,12.7,0.00,Deactivated,27,28,0,0,8363
2026-08-24T02:07:22Z,0,0.0,0.00,78,12.7,0.00,Deactivated,27,28,0,0,8363
2026-08-24T02:07:22Z,0,0.0,0.00,78,12.7,0.00,Deactivated,27,28,0,0,8363
2026-08-24T02:07:22Z,0,0.0,0.00,78,12.7,0.00,Deactivated,27,28,0,0,8363
2026-08-24T02:07:23Z,0,0.0,0.00,78,12.7,0.00,Deactivated,27,28,0,0,8363
2026-08-24T02:07:23Z,0,0.0,0.00,78,12.7,0.00,Deactivated,27,28,0,0,8363
2026-08-24T02:07:23Z,0,0.0,0.00,78,12.7,0.00,Deactivated,27,28,0,0,8363
2026-08-24T02:07:23Z,0,0.0,0.00,78,12.7,0.00,Deactivated,27,28,0,0,8363
2026-08-24T02:07:23Z,0,0.0,0.00,78,12.7,0.00,Deactivated,27,28,0,0,8363
2026-08-24T02:07:23Z,0,0.0,0.00,78,12.7,0.00,Deactivated,27,28,0,0,8363
2026-08-24T02:07:25Z,0,0.0,0.00,78,12.7,0.00,Deactivated,27,28,0,0,8363
2026-08-24T02:07:25Z,0,0.0,0.00,78,12.7,0.00,Deactivated,27,28,0,0,8363
2026-08-24T02:07:25Z,0,0.0,0.00,78,12.7,0.00,Deactivated,27,28,0,0,8363
2026-08-24T02:07:26Z,0,0.0,0.00,78,12.7,0.00,Deactivated,27,28,0,0,8363
2026-08-24T02:07:26Z,0,0.0,0.00,78,12.7,0.00,Deactivated,27,28,0,0,8363
2026-08-24T02:07:26Z,0,0.0,0.00,78,12.7,0.00,Deactivated,27,28,0,0,8363
2026-08-24T02:07:27Z,0,0.0,0.00,78,12.7,0.00,Deactivated,27,28,0,0,8363
2026-08-24T02:07:27Z,0,0.0,0.00,78,12.7,0.00,Deactivated,27,28,0,0,8363
2026-08-24T02:07:27Z,0,0.0,0.00,78,12.7,0.00,Deactivated,27,28,0,0,8363
2026-08-24T02:07:28Z,0,0.0,0.00,78,12.7,0.00,Deactivated,27,28,0,0,8363
2026-08-24T02:07:28Z,0,0.0,0.00,78,12.7,0.00,Deactivated,27,28,0,0,8363
2026-08-24T02:07:28Z,0,0.0,0.00,78,12.7,0.00,Deactivated,27,28,0,0,8363
2026-08-24T02:07:28Z,0,0.0,0.00,78,12.7,0.00,Deactivated,27,28,0,0,8363
2026-08-24T02:07:28Z,0,0.0,0.00,78,12.7,0.00,Deactivated,27,28,0,0,8363
2026-08-24T02:07:28Z,0,0.0,0.00,78,12.7,0.00,Deactivated,27,28,0,0,8363
2026-08-24T02:07:30Z,0,0.0,0.00,78,12.7,0.00,Deactivated,27,28,0,0,8363
2026-08-24T02:07:30Z,0,0.0,0.00,78,12.7,0.00,Deactivated,27,28,0,0,8363
2026-08-24T02:07:30Z,0,0.0,0.00,78,12.7,0.00,Deactivated,27,28,0,0,8363
2026-08-24T02:07:31Z,0,0.0,0.00,78,12.7,0.00,Deactivated,27,28,0,0,8363
2026-08-24T02:07:31Z,0,0.0,0.00,78,12.7,0.00,Deactivated,27,28,0,0,8363
2026-08-24T02:07:31Z,0,0.0,0.00,78,12.7,0.00,Deactivated,27,28,0,0,8363
2026-08-24T02:07:32Z,0,0.0,0.00,78,12.7,0.00,Deactivated,27,28,0,0,8363
2026-08-24T02:07:32Z,0,0.0,0.00,78,12.7,0.00,Deactivated,27,28,0,0,8363
2026-08-24T02:07:32Z,0,0.0,0.00,78,12.7,0.00,Deactivated,27,28,0,0,8363
2026-08-24T02:07:33Z,0,0.0,0.00,78,12.7,0.00,Deactivated,27,28,0,0,8363
2026-08-24T02:07:33Z,0,0.0,0.00,78,12.7,0.00,Deactivated,27,28,0,0,8363
2026-08-24T02:07:33Z,0,0.0,0.00,78,12.7,0.00,Deactivated,27,28,0,0,8363
2026-08-24T02:07:33Z,0,0.0,0.00,78,12.7,0.00,Deactivated,27,28,0,0,8363
2026-08-24T02:07:33Z,0,0.0,0.00,78,12.7,0.00,Deactivated,27,28,0,0,8363
2026-08-24T02:07:33Z,0,0.0,0.00,78,12.7,0.00,Deactivated,27,28,0,0,8363
2026-08-24T02:07:35Z,0,0.0,0.00,78,12.7,0.00,Deactivated,27,28,0,0,8363
2026-08-24T02:07:35Z,0,0.0,0.00,78,12.7,0.00,Deactivated,27,28,0,0,8363
2026-08-24T02:07:35Z,0,0.0,0.00,78,12.7,0.00,Deactivated,27,28,0,0,8363
2026-08-24T02:07:36Z,0,0.0,0.00,78,12.7,0.00,Deactivated,27,28,0,0,8363
2026-08-24T02:07:36Z,0,0.0,0.00,78,12.7,0.00,Deactivated,27,28,0,0,8363
2026-08-24T02:07:36Z,0,0.0,0.00,78,12.7,0.00,Deactivated,27,28,0,0,8363
2026-08-24T02:07:37Z,0,0.0,0.00,78,12.7,0.00,Deactivated,27,28,0,0,8363
2026-08-24T02:07:37Z,0,0.0,0.00,78,12.7,0.00,Deactivated,27,28,0,0,8363
2026-08-24T02:07:37Z,0,0.0,0.00,78,12.7,0.00,Deactivated,27,28,0,0,8363
2026-08-24T02:07:38Z,0,0.0,0.00,78,12.7,0.00,Deactivated,27,28,0,0,8363
2026-08-24T02:07:38Z,0,0.0,0.00,78,12.7,0.00,Deactivated,27,28,0,0,8363
2026-08-24T02:07:38Z,0,0.0,0.00,78,12.7,0.00,Deactivated,27,28,0,0,8363
2026-08-24T02:07:39Z,0,0.0,0.00,78,12.7,0.00,Deactivated,27,28,0,0,8363
2026-08-24T02:07:39Z,0,0.0,0.00,78,12.7,0.00,Deactivated,27,28,0,0,8363
2026-08-24T02:07:39Z,0,0.0,0.00,78,12.7,0.00,Deactivated,27,28,0,0,8363
2026-08-24T02:07:40Z,0,0.0,0.00,78,12.7,0.00,Deactivated,27,28,0,0,8363
2026-08-24T02:07:40Z,0,0.0,0.00,78,12.7,0.00,Deactivated,27,28,0,0,8363
2026-08-24T02:07:40Z,0,0.0,0.00,78,12.7,0.00,Deactivated,27,28,0,0,8363
2026-08-24T02:07:42Z,0,0.0,0.00,78,12.7,0.00,Deactivated,27,28,0,0,8363
2026-08-24T02:07:42Z,0,0.0,0.00,78,12.7,0.00,Deactivated,27,28,0,0,8363
2026-08-24T02:07:42Z,0,0.0,0.00,78,12.7,0.00,Deactivated,27,28,0,0,8363
2026-08-24T02:07:43Z,0,0.0,0.00,78,12.7,0.00,Deactivated,27,28,0,0,8363
2026-08-24T02:07:43Z,0,0.0,0.00,78,12.7,0.00,Deactivated,27,28,0,0,8363
2026-08-24T02:07:43Z,0,0.0,0.00,78,12.7,0.00,Deactivated,27,28,0,0,8363
2026-08-24T02:07:43Z,0,0.0,0.00,78,12.7,0.00,Deactivated,27,28,0,0,8363
2026-08-24T02:07:43Z,0,0.0,0.00,78,12.7,0.00,Deactivated,27,28,0,0,8363
2026-08-24T02:07:43Z,0,0.0,0.00,78,12.7,0.00,Deactivated,27,28,0,0,8363
2026-08-24T02:07:43Z,0,0.0,0.00,78,12.7,0.00,Deactivated,27,28,0,0,8363
2026-08-24T02:07:43Z,0,0.0,0.00,78,12.7,0.00,Deactivated,27,28,0,0,8363
2026-08-24T02:07:43Z,0,0.0,0.00,78,12.7,0.00,Deactivated,27,28,0,0,8363
2026-08-24T02:07:45Z,0,0.0,0.00,78,12.7,0.00,Deactivated,27,28,0,0,8363
2026-08-24T02:07:45Z,0,0.0,0.00,78,12.7,0.00,Deactivated,27,28,0,0,8363
2026-08-24T02:07:45Z,0,0.0,0.00,78,12.7,0.00,Deactivated,27,28,0,0,8363
2026-08-24T02:07:45Z,0,0.0,0.00,78,12.7,0.00,Deactivated,27,28,0,0,8363
2026-08-24T02:07:45Z,0,0.0,0.00,78,12.7,0.00,Deactivated,27,28,0,0,8363
2026-08-24T02:07:45Z,0,0.0,0.00,78,12.7,0.00,Deactivated,27,28,0,0,8363
2026-08-24T02:07:47Z,0,0.0,0.00,78,12.7,0.00,Deactivated,27,28,0,0,8363
2026-08-24T02:07:47Z,0,0.0,0.00,78,12.7,0.00,Deactivated,27,28,0,0,8363
2026-08-24T02:07:47Z,0,0.0,0.00,78,12.7,0.00,Deactivated,27,28,0,0,8363
2026-08-24T02:07:48Z,0,0.0,0.00,78,12.7,0.00,Deactivated,27,28,0,0,8363
2026-08-24T02:07:48Z,0,0.0,0.00,78,12.7,0.00,Deactivated,27,28,0,0,8363
2026-08-24T02:07:48Z,0,0.0,0.00,78,12.7,0.00,Deactivated,27,28,0,0,8363
2026-08-24T02:07:49Z,0,0.0,0.00,78,12.7,0.00,Deactivated,27,28,0,0,8363
2026-08-24T02:07:49Z,0,0.0,0.00,78,12.7,0.00,Deactivated,27,28,0,0,8363
2026-08-24T02:07:49Z,0,0.0,0.00,78,12.7,0.00,Deactivated,27,28,0,0,8363
2026-08-24T02:07:50Z,0,0.0,0.00,78,12.7,0.00,Deactivated,27,28,0,0,8363
2026-08-24T02:07:50Z,0,0.0,0.00,78,12.7,0.00,Deactivated,27,28,0,0,8363
2026-08-24T02:07:50Z,0,0.0,0.00,78,12.7,0.00,Deactivated,27,28,0,0,8363
2026-08-24T02:07:50Z,0,0.0,0.00,78,12.7,0.00,Deactivated,27,28,0,0,8363
2026-08-24T02:07:50Z,0,0.0,0.00,78,12.7,0.00,Deactivated,27,28,0,0,8363
2026-08-24T02:07:50Z,0,0.0,0.00,78,12.7,0.00,Deactivated,27,28,0,0,8363
2026-08-24T02:07:52Z,0,0.0,0.00,78,12.7,0.00,Deactivated,27,28,0,0,8363
2026-08-24T02:07:52Z,0,0.0,0.00,78,12.7,0.00,Deactivated,27,28,0,0,8363
2026-08-24T02:07:52Z,0,0.0,0.00,78,12.7,0.00,Deactivated,27,28,0,0,8363
2026-08-24T02:07:53Z,0,0.0,0.00,78,12.7,0.00,Deactivated,27,28,0,0,8363
2026-08-24T02:07:53Z,0,0.0,0.00,78,12.7,0.00,Deactivated,27,28,0,0,8363
2026-08-24T02:07:53Z,0,0.0,0.00,78,12.7,0.00,Deactivated,27,28,0,0,8363
2026-08-24T02:07:53Z,0,0.0,0.00,78,12.7,0.00,Deactivated,27,28,0,0,8363
2026-08-24T02:07:53Z,0,0.0,0.00,78,12.7,0.00,Deactivated,27,28,0,0,8363
2026-08-24T02:07:53Z,0,0.0,0.00,78,12.7,0.00,Deactivated,27,28,0,0,8363
2026-08-24T02:07:55Z,0,0.0,0.00,78,12.7,0.00,Deactivated,27,28,0,0,8363
2026-08-24T02:07:55Z,0,0.0,0.00,78,12.7,0.00,Deactivated,27,28,0,0,8363
2026-08-24T02:07:55Z,0,0.0,0.00,78,12.7,0.00,Deactivated,27,28,0,0,8363
2026-08-24T02:07:55Z,0,0.0,0.00,78,12.7,0.00,Deactivated,27,28,0,0,8363
2026-08-24T02:07:55Z,0,0.0,0.00,78,12.7,0.00,Deactivated,27,28,0,0,8363
2026-08-24T02:07:55Z,0,0.0,0.00,78,12.7,0.00,Deactivated,27,28,0,0,8363
2026-08-24T02:07:57Z,0,0.0,0.00,78,12.7,0.00,Deactivated,27,28,0,0,8363
2026-08-24T02:07:57Z,0,0.0,0.00,78,12.7,0.00,Deactivated,27,28,0,0,8363
2026-08-24T02:07:57Z,0,0.0,0.00,78,12.7,0.00,Deactivated,27,28,0,0,8363
2026-08-24T02:07:58Z,0,0.0,0.00,78,12.7,0.00,Deactivated,27,28,0,0,8363
2026-08-24T02:07:58Z,0,0.0,0.00,78,12.7,0.00,Deactivated,27,28,0,0,8363
2026-08-24T02:07:58Z,0,0.0,0.00,78,12.7,0.00,Deactivated,27,28,0,0,8363
2026-08-24T02:07:58Z,0,0.0,0.00,78,12.7,0.00,Deactivated,27,28,0,0,8363
2026-08-24T02:07:58Z,0,0.0,0.00,78,12.7,0.00,Deactivated,27,28,0,0,8363
2026-08-24T02:07:58Z,0,0.0,0.00,78,12.7,0.00,Deactivated,27,28,0,0,8363
2026-08-24T02:08:00Z,0,0.0,0.00,78,12.7,0.00,Deactivated,27,28,0,0,8363
2026-08-24T02:08:00Z,0,0.0,0.00,78,12.7,0.00,Deactivated,27,28,0,0,8363
2026-08-24T02:08:00Z,0,0.0,0.00,78,12.7,0.00,Deactivated,27,28,0,0,8363
2026-08-24T02:08:00Z,0,0.0,0.00,78,12.7,0.00,Deactivated,27,28,0,0,8363
2026-08-24T02:08:00Z,0,0.0,0.00,78,12.7,0.00,Deactivated,27,28,0,0,8363
2026-08-24T02:08:00Z,0,0.0,0.00,78,12.7,0.00,Deactivated,27,28,0,0,8363
2026-08-24T02:08:02Z,0,0.0,0.00,78,12.7,0.00,Deactivated,27,28,0,0,8363
2026-08-24T02:08:02Z,0,0.0,0.00,78,12.7,0.00,Deactivated,27,28,0,0,8363
2026-08-24T02:08:02Z,0,0.0,0.00,78,12.7,0.00,Deactivated,27,28,0,0,8363
2026-08-24T02:08:03Z,0,0.0,0.00,78,12.7,0.00,Deactivated,27,28,0,0,8363
2026-08-24T02:08:03Z,0,0.0,0.00,78,12.7,0.00,Deactivated,27,28,0,0,8363
2026-08-24T02:08:03Z,0,0.0,0.00,78,12.7,0.00,Deactivated,27,28,0,0,8363
2026-08-24T02:08:04Z,0,0.0,0.00,78,12.7,0.00,Deactivated,27,28,0,0,8363
2026-08-24T02:08:04Z,0,0.0,0.00,78,12.7,0.00,Deactivated,27,28,0,0,8363
2026-08-24T02:08:04Z,0,0.0,0.00,78,12.7,0.00,Deactivated,27,28,0,0,8363
2026-08-24T02:08:05Z,0,0.0,0.00,78,12.7,0.00,Deactivated,27,28,0,0,8363
2026-08-24T02:08:05Z,0,0.0,0.00,78,12.7,0.00,Deactivated,27,28,0,0,8363
2026-08-24T02:08:05Z,0,0.0,0.00,78,12.7,0.00,Deactivated,27,28,0,0,8363
2026-08-24T02:08:05Z,0,0.0,0.00,78,12.7,0.00,Deactivated,27,28,0,0,8363
2026-08-24T02:08:05Z,0,0.0,0.00,78,12.7,0.00,Deactivated,27,28,0,0,8363
2026-08-24T02:08:05Z,0,0.0,0.00,78,12.7,0.00,Deactivated,27,28,0,0,8363
2026-08-24T02:08:07Z,0,0.0,0.00,78,12.7,0.00,Deactivated,27,28,0,0,8363
2026-08-24T02:08:07Z,0,0.0,0.00,78,12.7,0.00,Deactivated,27,28,0,0,8363
2026-08-24T02:08:07Z,0,0.0,0.00,78,12.7,0.00,Deactivated,27,28,0,0,8363
2026-08-24T02:08:08Z,0,0.0,0.00,78,12.7,0.00,Deactivated,27,28,0,0,8363
2026-08-24T02:08:08Z,0,0.0,0.00,78,12.7,0.00,Deactivated,27,28,0,0,8363
2026-08-24T02:08:08Z,0,0.0,0.00,78,12.7,0.00,Deactivated,27,28,0,0,8363
2026-08-24T02:08:09Z,0,0.0,0.00,78,12.7,0.00,Deactivated,27,28,0,0,8363
2026-08-24T02:08:09Z,0,0.0,0.00,78,12.7,0.00,Deactivated,27,28,0,0,8363
2026-08-24T02:08:09Z,0,0.0,0.00,78,12.7,0.00,Deactivated,27,28,0,0,8363
2026-08-24T02:08:10Z,0,0.0,0.00,78,12.7,0.00,Deactivated,27,28,0,0,8363
2026-08-24T02:08:10Z,0,0.0,0.00,78,12.7,0.00,Deactivated,27,28,0,0,8363
2026-08-24T02:08:10Z,0,0.0,0.00,78,12.7,0.00,Deactivated,27,28,0,0,8363
2026-08-24T02:08:10Z,0,0.0,0.00,78,12.7,0.00,Deactivated,27,28,0,0,8363
2026-08-24T02:08:10Z,0,0.0,0.00,78,12.7,0.00,Deactivated,27,28,0,0,8363
2026-08-24T02:08:10Z,0,0.0,0.00,78,12.7,0.00,Deactivated,27,28,0,0,8363
2026-08-24T02:08:12Z,0,0.0,0.00,78,12.7,0.00,Deactivated,27,28,0,0,8363
2026-08-24T02:08:12Z,0,0.0,0.00,78,12.7,0.00,Deactivated,27,28,0,0,8363
2026-08-24T02:08:12Z,0,0.0,0.00,78,12.7,0.00,Deactivated,27,28,0,0,8363
2026-08-24T02:08:13Z,0,0.0,0.00,78,12.7,0.00,Deactivated,27,28,0,0,8363
2026-08-24T02:08:13Z,0,0.0,0.00,78,12.7,0.00,Deactivated,27,28,0,0,8363
2026-08-24T02:08:13Z,0,0.0,0.00,78,12.7,0.00,Deactivated,27,28,0,0,8363
2026-08-24T02:08:14Z,0,0.0,0.00,78,12.7,0.00,Deactivated,27,28,0,0,8363
2026-08-24T02:08:14Z,0,0.0,0.00,78,12.7,0.00,Deactivated,27,28,0,0,8363
2026-08-24T02:08:14Z,0,0.0,0.00,78,12.7,0.00,Deactivated,27,28,0,0,8363
2026-08-24T02:08:15Z,0,0.0,0.00,78,12.7,0.00,Deactivated,27,28,0,0,8363
2026-08-24T02:08:15Z,0,0.0,0.00,78,12.7,0.00,Deactivated,27,28,0,0,8363
2026-08-24T02:08:15Z,0,0.0,0.00,78,12.7,0.00,Deactivated,27,28,0,0,8363
2026-08-24T02:08:15Z,0,0.0,0.00,78,12.7,0.00,Deactivated,27,28,0,0,8363
2026-08-24T02:08:15Z,0,0.0,0.00,78,12.7,0.00,Deactivated,27,28,0,0,8363
2026-08-24T02:08:15Z,0,0.0,0.00,78,12.7,0.00,Deactivated,27,28,0,0,8363
2026-08-24T02:08:17Z,0,0.0,0.00,78,12.7,0.00,Deactivated,27,28,0,0,8363
2026-08-24T02:08:17Z,0,0.0,0.00,78,12.7,0.00,Deactivated,27,28,0,0,8363
2026-08-24T02:08:17Z,0,0.0,0.00,78,12.7,0.00,Deactivated,27,28,0,0,8363
2026-08-24T02:08:18Z,0,0.0,0.00,78,12.7,0.00,Deactivated,27,28,0,0,8363
2026-08-24T02:08:18Z,0,0.0,0.00,78,12.7,0.00,Deactivated,27,28,0,0,8363
2026-08-24T02:08:18Z,0,0.0,0.00,78,12.7,0.00,Deactivated,27,28,0,0,8363
2026-08-24T02:08:19Z,0,0.0,0.00,78,12.7,0.00,Deactivated,27,28,0,0,8363
2026-08-24T02:08:19Z,0,0.0,0.00,78,12.7,0.00,Deactivated,27,28,0,0,8363
2026-08-24T02:08:19Z,0,0.0,0.00,78,12.7,0.00,Deactivated,27,28,0,0,8363
2026-08-24T02:08:20Z,0,0.0,0.00,78,12.7,0.00,Deactivated,27,28,0,0,8363
2026-08-24T02:08:20Z,0,0.0,0.00,78,12.7,0.00,Deactivated,27,28,0,0,8363
2026-08-24T02:08:20Z,0,0.0,0.00,78,12.7,0.00,Deactivated,27,28,0,0,8363
2026-08-24T02:08:21Z,0,0.0,0.00,78,12.7,0.00,Deactivated,27,28,0,0,8363
2026-08-24T02:08:21Z,0,0.0,0.00,78,12.7,0.00,Deactivated,27,28,0,0,8363
2026-08-24T02:08:21Z,0,0.0,0.00,78,12.7,0.00,Deactivated,27,28,0,0,8363
2026-08-24T02:08:22Z,0,0.0,0.00,78,12.7,0.00,Deactivated,27,28,0,0,8363
2026-08-24T02:08:22Z,0,0.0,0.00,78,12.7,0.00,Deactivated,27,28,0,0,8363
2026-08-24T02:08:22Z,0,0.0,0.00,78,12.7,0.00,Deactivated,27,28,0,0,8363
2026-08-24T02:08:23Z,0,0.0,0.00,78,12.7,0.00,Deactivated,27,28,0,0,8363
2026-08-24T02:08:23Z,0,0.0,0.00,78,12.7,0.00,Deactivated,27,28,0,0,8363
2026-08-24T02:08:23Z,0,0.0,0.00,78,12.7,0.00,Deactivated,27,28,0,0,8363
2026-08-24T02:08:24Z,0,0.0,0.00,78,12.7,0.00,Deactivated,27,28,0,0,8363
2026-08-24T02:08:24Z,0,0.0,0.00,78,12.7,0.00,Deactivated,27,28,0,0,8363
2026-08-24T02:08:24Z,0,0.0,0.00,78,12.7,0.00,Deactivated,27,28,0,0,8363
2026-08-24T02:08:25Z,0,0.0,0.00,78,12.7,0.00,Deactivated,27,28,0,0,8363
2026-08-24T02:08:25Z,0,0.0,0.00,78,12.7,0.00,Deactivated,27,28,0,0,8363
2026-08-24T02:08:25Z,0,0.0,0.00,78,12.7,0.00,Deactivated,27,28,0,0,8363
2026-08-24T02:08:26Z,0,0.0,0.00,78,12.7,0.00,Deactivated,27,28,0,0,8363
2026-08-24T02:08:26Z,0,0.0,0.00,78,12.7,0.00,Deactivated,27,28,0,0,8363
2026-08-24T02:08:26Z,0,0.0,0.00,78,12.7,0.00,Deactivated,27,28,0,0,8363
2026-08-24T02:08:27Z,0,0.0,0.00,78,12.7,0.00,Deactivated,27,28,0,0,8363
2026-08-24T02:08:27Z,0,0.0,0.00,78,12.7,0.00,Deactivated,27,28,0,0,8363
2026-08-24T02:08:27Z,0,0.0,0.00,78,12.7,0.00,Deactivated,27,28,0,0,8363
2026-08-24T02:08:28Z,0,0.0,0.00,78,12.7,0.00,Deactivated,27,28,0,0,8363
2026-08-24T02:08:28Z,0,0.0,0.00,78,12.7,0.00,Deactivated,27,28,0,0,8363
2026-08-24T02:08:28Z,0,0.0,0.00,78,12.7,0.00,Deactivated,27,28,0,0,8363
2026-08-24T02:08:29Z,0,0.0,0.00,78,12.7,0.00,Deactivated,27,28,0,0,8363
2026-08-24T02:08:29Z,0,0.0,0.00,78,12.7,0.00,Deactivated,27,28,0,0,8363
2026-08-24T02:08:29Z,0,0.0,0.00,78,12.7,0.00,Deactivated,27,28,0,0,8363
2026-08-24T02:08:30Z,0,0.0,0.00,78,12.7,0.00,Deactivated,27,28,0,0,8363
2026-08-24T02:08:30Z,0,0.0,0.00,78,12.7,0.00,Deactivated,27,28,0,0,8363
2026-08-24T02:08:30Z,0,0.0,0.00,78,12.7,0.00,Deactivated,27,28,0,0,8363
2026-08-24T02:08:31Z,0,0.0,0.00,78,12.7,0.00,Deactivated,27,28,0,0,8363
2026-08-24T02:08:31Z,0,0.0,0.00,78,12.7,0.00,Deactivated,27,28,0,0,8363
2026-08-24T02:08:31Z,0,0.0,0.00,78,12.7,0.00,Deactivated,27,28,0,0,8363
2026-08-24T02:08:32Z,0,0.0,0.00,78,12.7,0.00,Deactivated,27,28,0,0,8363
2026-08-24T02:08:32Z,0,0.0,0.00,78,12.7,0.00,Deactivated,27,28,0,0,8363
2026-08-24T02:08:32Z,0,0.0,0.00,78,12.7,0.00,Deactivated,27,28,0,0,8363
2026-08-24T02:08:33Z,0,0.0,0.00,78,12.7,0.00,Deactivated,27,28,0,0,8363
2026-08-24T02:08:33Z,0,0.0,0.00,78,12.7,0.00,Deactivated,27,28,0,0,8363
2026-08-24T02:08:33Z,0,0.0,0.00,78,12.7,0.00,Deactivated,27,28,0,0,8363
2026-08-24T02:08:34Z,0,0.0,0.00,78,12.7,0.00,Deactivated,27,28,0,0,8363
2026-08-24T02:08:34Z,0,0.0,0.00,78,12.7,0.00,Deactivated,27,28,0,0,8363
2026-08-24T02:08:34Z,0,0.0,0.00,78,12.7,0.00,Deactivated,27,28,0,0,8363
2026-08-24T02:08:35Z,0,0.0,0.00,78,12.7,0.00,Deactivated,27,28,0,0,8363
2026-08-24T02:08:35Z,0,0.0,0.00,78,12.7,0.00,Deactivated,27,28,0,0,8363
2026-08-24T02:08:35Z,0,0.0,0.00,78,12.7,0.00,Deactivated,27,28,0,0,8363
2026-08-24T02:08:36Z,0,0.0,0.00,78,12.7,0.00,Deactivated,27,28,0,0,8363
2026-08-24T02:08:36Z,0,0.0,0.00,78,12.7,0.00,Deactivated,27,28,0,0,8363
2026-08-24T02:08:36Z,0,0.0,0.00,78,12.7,0.00,Deactivated,27,28,0,0,8363
2026-08-24T02:08:37Z,0,0.0,0.00,78,12.7,0.00,Deactivated,27,28,0,0,8363
2026-08-24T02:08:37Z,0,0.0,0.00,78,12.7,0.00,Deactivated,27,28,0,0,8363
2026-08-24T02:08:37Z,0,0.0,0.00,78,12.7,0.00,Deactivated,27,28,0,0,8363
2026-08-24T02:08:38Z,0,0.0,0.00,78,12.7,0.00,Deactivated,27,28,0,0,8363
2026-08-24T02:08:38Z,0,0.0,0.00,78,12.7,0.00,Deactivated,27,28,0,0,8363
2026-08-24T02:08:38Z,0,0.0,0.00,78,12.7,0.00,Deactivated,27,28,0,0,8363
2026-08-24T02:08:39Z,0,0.0,0.00,78,12.7,0.00,Deactivated,27,28,0,0,8363
2026-08-24T02:08:39Z,0,0.0,0.00,78,12.7,0.00,Deactivated,27,28,0,0,8363
2026-08-24T02:08:39Z,0,0.0,0.00,78,12.7,0.00,Deactivated,27,28,0,0,8363
2026-08-24T02:08:40Z,0,0.0,0.00,78,12.7,0.00,Deactivated,27,28,0,0,8363
2026-08-24T02:08:40Z,0,0.0,0.00,78,12.7,0.00,Deactivated,27,28,0,0,8363
2026-08-24T02:08:40Z,0,0.0,0.00,78,12.7,0.00,Deactivated,27,28,0,0,8363
2026-08-24T02:08:41Z,0,0.0,0.00,78,12.7,0.00,Deactivated,27,28,0,0,8363
2026-08-24T02:08:41Z,0,0.0,0.00,78,12.7,0.00,Deactivated,27,28,0,0,8363
2026-08-24T02:08:41Z,0,0.0,0.00,78,12.7,0.00,Deactivated,27,28,0,0,8363
2026-08-24T02:08:42Z,0,0.0,0.00,78,12.7,0.00,Deactivated,27,28,0,0,8363
2026-08-24T02:08:42Z,0,0.0,0.00,78,12.7,0.00,Deactivated,27,28,0,0,8363
2026-08-24T02:08:42Z,0,0.0,0.00,78,12.7,0.00,Deactivated,27,28,0,0,8363
2026-08-24T02:08:43Z,0,0.0,0.00,78,12.7,0.00,Deactivated,27,28,0,0,8363
2026-08-24T02:08:43Z,0,0.0,0.00,78,12.7,0.00,Deactivated,27,28,0,0,8363
2026-08-24T02:08:43Z,0,0.0,0.00,78,12.7,0.00,Deactivated,27,28,0,0,8363
2026-08-24T02:08:44Z,0,0.0,0.00,78,12.7,0.00,Deactivated,27,28,0,0,8363
2026-08-24T02:08:44Z,0,0.0,0.00,78,12.7,0.00,Deactivated,27,28,0,0,8363
2026-08-24T02:08:44Z,0,0.0,0.00,78,12.7,0.00,Deactivated,27,28,0,0,8363
2026-08-24T02:08:45Z,0,0.0,0.00,78,12.7,0.00,Deactivated,27,28,0,0,8363
2026-08-24T02:08:45Z,0,0.0,0.00,78,12.7,0.00,Deactivated,27,28,0,0,8363
2026-08-24T02:08:45Z,0,0.0,0.00,78,12.7,0.00,Deactivated,27,28,0,0,8363
2026-08-24T02:08:45Z,0,0.0,0.00,78,12.7,0.00,Deactivated,27,28,0,0,8363
2026-08-24T02:08:45Z,0,0.0,0.00,78,12.7,0.00,Deactivated,27,28,0,0,8363
2026-08-24T02:08:45Z,0,0.0,0.00,78,12.7,0.00,Deactivated,27,28,0,0,8363
2026-08-24T02:08:46Z,0,0.0,0.00,78,12.7,0.00,Deactivated,27,28,0,0,8363
2026-08-24T02:08:46Z,0,0.0,0.00,78,12.7,0.00,Deactivated,27,28,0,0,8363
2026-08-24T02:08:46Z,0,0.0,0.00,78,12.7,0.00,Deactivated,27,28,0,0,8363
2026-08-24T02:08:47Z,0,0.0,0.00,78,12.7,0.00,Deactivated,27,28,0,0,8363
2026-08-24T02:08:47Z,0,0.0,0.00,78,12.7,0.00,Deactivated,27,28,0,0,8363
2026-08-24T02:08:47Z,0,0.0,0.00,78,12.7,0.00,Deactivated,27,28,0,0,8363
2026-08-24T02:08:48Z,0,0.0,0.00,78,12.7,0.00,Deactivated,27,28,0,0,8363
2026-08-24T02:08:48Z,0,0.0,0.00,78,12.7,0.00,Deactivated,27,28,0,0,8363
2026-08-24T02:08:48Z,0,0.0,0.00,78,12.7,0.00,Deactivated,27,28,0,0,8363
2026-08-24T02:08:50Z,0,0.0,0.00,78,12.7,0.00,Deactivated,27,28,0,0,8363
2026-08-24T02:08:50Z,0,0.0,0.00,78,12.7,0.00,Deactivated,27,28,0,0,8363
2026-08-24T02:08:50Z,0,0.0,0.00,78,12.7,0.00,Deactivated,27,28,0,0,8363
2026-08-24T02:08:51Z,0,0.0,0.00,78,12.7,0.00,Deactivated,27,28,0,0,8363
2026-08-24T02:08:51Z,0,0.0,0.00,78,12.7,0.00,Deactivated,27,28,0,0,8363
2026-08-24T02:08:51Z,0,0.0,0.00,78,12.7,0.00,Deactivated,27,28,0,0,8363
2026-08-24T02:08:52Z,0,0.0,0.00,78,12.7,0.00,Deactivated,27,28,0,0,8363
2026-08-24T02:08:52Z,0,0.0,0.00,78,12.7,0.00,Deactivated,27,28,0,0,8363
2026-08-24T02:08:52Z,0,0.0,0.00,78,12.7,0.00,Deactivated,27,28,0,0,8363
2026-08-24T02:08:53Z,0,0.0,0.00,78,12.7,0.00,Deactivated,27,28,0,0,8363
2026-08-24T02:08:53Z,0,0.0,0.00,78,12.7,0.00,Deactivated,27,28,0,0,8363
2026-08-24T02:08:53Z,0,0.0,0.00,78,12.7,0.00,Deactivated,27,28,0,0,8363
2026-08-24T02:08:54Z,0,0.0,0.00,78,12.7,0.00,Deactivated,27,28,0,0,8363
2026-08-24T02:08:54Z,0,0.0,0.00,78,12.7,0.00,Deactivated,27,28,0,0,8363
2026-08-24T02:08:54Z,0,0.0,0.00,78,12.7,0.00,Deactivated,27,28,0,0,8363
2026-08-24T02:08:55Z,0,0.0,0.00,78,12.7,0.00,Deactivated,27,28,0,0,8363
2026-08-24T02:08:55Z,0,0.0,0.00,78,12.7,0.00,Deactivated,27,28,0,0,8363
2026-08-24T02:08:55Z,0,0.0,0.00,78,12.7,0.00,Deactivated,27,28,0,0,8363
2026-08-24T02:08:56Z,0,0.0,0.00,78,12.7,0.00,Deactivated,27,28,0,0,8363
2026-08-24T02:08:56Z,0,0.0,0.00,78,12.7,0.00,Deactivated,27,28,0,0,8363
2026-08-24T02:08:56Z,0,0.0,0.00,78,12.7,0.00,Deactivated,27,28,0,0,8363
2026-08-24T02:08:57Z,0,0.0,0.00,78,12.7,0.00,Deactivated,27,28,0,0,8363
2026-08-24T02:08:57Z,0,0.0,0.00,78,12.7,0.00,Deactivated,27,28,0,0,8363
2026-08-24T02:08:57Z,0,0.0,0.00,78,12.7,0.00,Deactivated,27,28,0,0,8363
2026-08-24T02:08:58Z,0,0.0,0.00,78,12.7,0.00,Deactivated,27,28,0,0,8363
2026-08-24T02:08:58Z,0,0.0,0.00,78,12.7,0.00,Deactivated,27,28,0,0,8363
2026-08-24T02:08:58Z,0,0.0,0.00,78,12.7,0.00,Deactivated,27,28,0,0,8363
2026-08-24T02:08:58Z,0,0.0,0.00,79,12.7,0.00,Deactivated,27,28,0,0,8363
2026-08-24T02:08:58Z,0,0.0,0.00,79,12.7,0.00,Deactivated,27,28,0,0,8363
2026-08-24T02:08:58Z,0,0.0,0.00,79,12.7,0.00,Deactivated,27,28,0,0,8363
2026-08-24T02:08:59Z,0,0.0,0.00,79,12.7,0.00,Deactivated,27,28,0,0,8363
2026-08-24T02:08:59Z,0,0.0,0.00,79,12.7,0.00,Deactivated,27,28,0,0,8363
2026-08-24T02:08:59Z,0,0.0,0.00,79,12.7,0.00,Deactivated,27,28,0,0,8363
2026-08-24T02:09:00Z,0,0.0,0.00,79,12.7,0.00,Deactivated,27,28,0,0,8363
2026-08-24T02:09:00Z,0,0.0,0.00,79,12.7,0.00,Deactivated,27,28,0,0,8363
2026-08-24T02:09:00Z,0,0.0,0.00,79,12.7,0.00,Deactivated,27,28,0,0,8363
2026-08-24T02:09:01Z,0,0.0,0.00,79,12.7,0.00,Deactivated,27,28,0,0,8363
2026-08-24T02:09:01Z,0,0.0,0.00,79,12.7,0.00,Deactivated,27,28,0,0,8363
2026-08-24T02:09:01Z,0,0.0,0.00,79,12.7,0.00,Deactivated,27,28,0,0,8363
2026-08-24T02:09:01Z,0,0.0,0.00,79,12.7,0.00,Deactivated,27,28,0,0,8363
2026-08-24T02:09:01Z,0,0.0,0.00,79,12.7,0.00,Deactivated,27,28,0,0,8363
2026-08-24T02:09:01Z,0,0.0,0.00,79,12.7,0.00,Deactivated,27,28,0,0,8363
2026-08-24T02:09:03Z,0,0.0,0.00,79,12.7,0.00,Deactivated,27,28,0,0,8363
2026-08-24T02:09:03Z,0,0.0,0.00,79,12.7,0.00,Deactivated,27,28,0,0,8363
2026-08-24T02:09:03Z,0,0.0,0.00,79,12.7,0.00,Deactivated,27,28,0,0,8363
2026-08-24T02:09:04Z,0,0.0,0.00,78,12.7,0.00,Deactivated,27,28,0,0,8363
2026-08-24T02:09:04Z,0,0.0,0.00,78,12.7,0.00,Deactivated,27,28,0,0,8363
2026-08-24T02:09:04Z,0,0.0,0.00,78,12.7,0.00,Deactivated,27,28,0,0,8363
2026-08-24T02:09:05Z,0,0.0,0.00,78,12.7,0.00,Deactivated,27,28,0,0,8363
2026-08-24T02:09:05Z,0,0.0,0.00,78,12.7,0.00,Deactivated,27,28,0,0,8363
2026-08-24T02:09:05Z,0,0.0,0.00,78,12.7,0.00,Deactivated,27,28,0,0,8363
2026-08-24T02:09:06Z,0,0.0,0.00,78,12.7,0.00,Deactivated,27,28,0,0,8363
2026-08-24T02:09:06Z,0,0.0,0.00,78,12.7,0.00,Deactivated,27,28,0,0,8363
2026-08-24T02:09:06Z,0,0.0,0.00,78,12.7,0.00,Deactivated,27,28,0,0,8363
2026-08-24T02:09:07Z,0,0.0,0.00,78,12.7,0.00,Deactivated,27,28,0,0,8363
2026-08-24T02:09:07Z,0,0.0,0.00,78,12.7,0.00,Deactivated,27,28,0,0,8363
2026-08-24T02:09:07Z,0,0.0,0.00,78,12.7,0.00,Deactivated,27,28,0,0,8363
2026-08-24T02:09:08Z,0,0.0,0.00,78,12.7,0.00,Deactivated,27,28,0,0,8363
2026-08-24T02:09:08Z,0,0.0,0.00,78,12.7,0.00,Deactivated,27,28,0,0,8363
2026-08-24T02:09:08Z,0,0.0,0.00,78,12.7,0.00,Deactivated,27,28,0,0,8363
2026-08-24T02:09:08Z,0,0.0,0.00,78,12.7,0.00,Deactivated,27,28,0,0,8363
2026-08-24T02:09:08Z,0,0.0,0.00,78,12.7,0.00,Deactivated,27,28,0,0,8363
2026-08-24T02:09:08Z,0,0.0,0.00,78,12.7,0.00,Deactivated,27,28,0,0,8363
2026-08-24T02:09:10Z,0,0.0,0.00,78,12.7,0.00,Deactivated,27,28,0,0,8363
2026-08-24T02:09:10Z,0,0.0,0.00,78,12.7,0.00,Deactivated,27,28,0,0,8363
2026-08-24T02:09:10Z,0,0.0,0.00,78,12.7,0.00,Deactivated,27,28,0,0,8363
2026-08-24T02:09:11Z,0,0.0,0.00,78,12.7,0.00,Deactivated,27,28,0,0,8363
2026-08-24T02:09:11Z,0,0.0,0.00,78,12.7,0.00,Deactivated,27,28,0,0,8363
2026-08-24T02:09:11Z,0,0.0,0.00,78,12.7,0.00,Deactivated,27,28,0,0,8363
2026-08-24T02:09:12Z,0,0.0,0.00,78,12.7,0.00,Deactivated,27,28,0,0,8363
2026-08-24T02:09:12Z,0,0.0,0.00,78,12.7,0.00,Deactivated,27,28,0,0,8363
2026-08-24T02:09:12Z,0,0.0,0.00,78,12.7,0.00,Deactivated,27,28,0,0,8363
2026-08-24T02:09:13Z,0,0.0,0.00,78,12.7,0.00,Deactivated,27,28,0,0,8363
2026-08-24T02:09:13Z,0,0.0,0.00,78,12.7,0.00,Deactivated,27,28,0,0,8363
2026-08-24T02:09:13Z,0,0.0,0.00,78,12.7,0.00,Deactivated,27,28,0,0,8363
2026-08-24T02:09:14Z,0,0.0,0.00,78,12.7,0.00,Deactivated,27,28,0,0,8363
2026-08-24T02:09:14Z,0,0.0,0.00,78,12.7,0.00,Deactivated,27,28,0,0,8363
2026-08-24T02:09:14Z,0,0.0,0.00,78,12.7,0.00,Deactivated,27,28,0,0,8363
2026-08-24T02:09:15Z,0,0.0,0.00,78,12.7,0.00,Deactivated,27,28,0,0,8363
2026-08-24T02:09:15Z,0,0.0,0.00,78,12.7,0.00,Deactivated,27,28,0,0,8363
2026-08-24T02:09:15Z,0,0.0,0.00,78,12.7,0.00,Deactivated,27,28,0,0,8363
2026-08-24T02:09:16Z,0,0.0,0.00,78,12.7,0.00,Deactivated,27,28,0,0,8363
2026-08-24T02:09:16Z,0,0.0,0.00,78,12.7,0.00,Deactivated,27,28,0,0,8363
2026-08-24T02:09:16Z,0,0.0,0.00,78,12.7,0.00,Deactivated,27,28,0,0,8363
2026-08-24T02:09:17Z,0,0.0,0.00,78,12.7,0.00,Deactivated,27,28,0,0,8363
2026-08-24T02:09:17Z,0,0.0,0.00,78,12.7,0.00,Deactivated,27,28,0,0,8363
2026-08-24T02:09:17Z,0,0.0,0.00,78,12.7,0.00,Deactivated,27,28,0,0,8363
2026-08-24T02:09:18Z,0,0.0,0.00,78,12.7,0.00,Deactivated,27,28,0,0,8363
2026-08-24T02:09:18Z,0,0.0,0.00,78,12.7,0.00,Deactivated,27,28,0,0,8363
2026-08-24T02:09:18Z,0,0.0,0.00,78,12.7,0.00,Deactivated,27,28,0,0,8363
2026-08-24T02:09:19Z,0,0.0,0.00,79,12.7,0.00,Deactivated,27,28,0,0,8363
2026-08-24T02:09:19Z,0,0.0,0.00,79,12.7,0.00,Deactivated,27,28,0,0,8363
2026-08-24T02:09:19Z,0,0.0,0.00,79,12.7,0.00,Deactivated,27,28,0,0,8363
2026-08-24T02:09:20Z,0,0.0,0.00,79,12.7,0.00,Deactivated,27,28,0,0,8363
2026-08-24T02:09:20Z,0,0.0,0.00,79,12.7,0.00,Deactivated,27,28,0,0,8363
2026-08-24T02:09:20Z,0,0.0,0.00,79,12.7,0.00,Deactivated,27,28,0,0,8363
2026-08-24T02:09:21Z,0,0.0,0.00,79,12.7,0.00,Deactivated,27,28,0,0,8363
2026-08-24T02:09:21Z,0,0.0,0.00,79,12.7,0.00,Deactivated,27,28,0,0,8363
2026-08-24T02:09:21Z,0,0.0,0.00,79,12.7,0.00,Deactivated,27,28,0,0,8363
2026-08-24T02:09:22Z,0,0.0,0.00,79,12.7,0.00,Deactivated,27,28,0,0,8363
2026-08-24T02:09:22Z,0,0.0,0.00,79,12.7,0.00,Deactivated,27,28,0,0,8363
2026-08-24T02:09:22Z,0,0.0,0.00,79,12.7,0.00,Deactivated,27,28,0,0,8363
2026-08-24T02:09:23Z,0,0.0,0.00,79,12.7,0.00,Deactivated,27,28,0,0,8363
2026-08-24T02:09:23Z,0,0.0,0.00,79,12.7,0.00,Deactivated,27,28,0,0,8363
2026-08-24T02:09:23Z,0,0.0,0.00,79,12.7,0.00,Deactivated,27,28,0,0,8363
2026-08-24T02:09:24Z,0,0.0,0.00,78,12.7,0.00,Deactivated,27,28,0,0,8363
2026-08-24T02:09:24Z,0,0.0,0.00,78,12.7,0.00,Deactivated,27,28,0,0,8363
2026-08-24T02:09:24Z,0,0.0,0.00,78,12.7,0.00,Deactivated,27,28,0,0,8363
2026-08-24T02:09:25Z,0,0.0,0.00,78,12.7,0.00,Deactivated,27,28,0,0,8363
2026-08-24T02:09:25Z,0,0.0,0.00,78,12.7,0.00,Deactivated,27,28,0,0,8363
2026-08-24T02:09:25Z,0,0.0,0.00,78,12.7,0.00,Deactivated,27,28,0,0,8363
2026-08-24T02:09:25Z,0,0.0,0.00,78,12.7,0.00,Deactivated,27,28,0,0,8363
2026-08-24T02:09:25Z,0,0.0,0.00,78,12.7,0.00,Deactivated,27,28,0,0,8363
2026-08-24T02:09:25Z,0,0.0,0.00,78,12.7,0.00,Deactivated,27,28,0,0,8363
2026-08-24T02:09:27Z,0,0.0,0.00,78,12.7,0.00,Deactivated,27,28,0,0,8363
2026-08-24T02:09:27Z,0,0.0,0.00,78,12.7,0.00,Deactivated,27,28,0,0,8363
2026-08-24T02:09:27Z,0,0.0,0.00,78,12.7,0.00,Deactivated,27,28,0,0,8363
2026-08-24T02:09:28Z,0,0.0,0.00,78,12.7,0.00,Deactivated,27,28,0,0,8363
2026-08-24T02:09:28Z,0,0.0,0.00,78,12.7,0.00,Deactivated,27,28,0,0,8363
2026-08-24T02:09:28Z,0,0.0,0.00,78,12.7,0.00,Deactivated,27,28,0,0,8363
2026-08-24T02:09:29Z,0,0.0,0.00,79,12.7,0.00,Deactivated,27,28,0,0,8363
2026-08-24T02:09:29Z,0,0.0,0.00,79,12.7,0.00,Deactivated,27,28,0,0,8363
2026-08-24T02:09:29Z,0,0.0,0.00,79,12.7,0.00,Deactivated,27,28,0,0,8363
2026-08-24T02:09:30Z,0,0.0,0.00,79,12.7,0.00,Deactivated,27,28,0,0,8363
2026-08-24T02:09:30Z,0,0.0,0.00,79,12.7,0.00,Deactivated,27,28,0,0,8363
2026-08-24T02:09:30Z,0,0.0,0.00,79,12.7,0.00,Deactivated,27,28,0,0,8363
2026-08-24T02:09:31Z,0,0.0,0.00,79,12.7,0.00,Deactivated,27,28,0,0,8363
2026-08-24T02:09:31Z,0,0.0,0.00,79,12.7,0.00,Deactivated,27,28,0,0,8363
2026-08-24T02:09:31Z,0,0.0,0.00,79,12.7,0.00,Deactivated,27,28,0,0,8363
2026-08-24T02:09:32Z,0,0.0,0.00,79,12.7,0.00,Deactivated,27,28,0,0,8363
2026-08-24T02:09:32Z,0,0.0,0.00,79,12.7,0.00,Deactivated,27,28,0,0,8363
2026-08-24T02:09:32Z,0,0.0,0.00,79,12.7,0.00,Deactivated,27,28,0,0,8363
2026-08-24T02:09:33Z,0,0.0,0.00,79,12.7,0.00,Deactivated,27,28,0,0,8363
2026-08-24T02:09:33Z,0,0.0,0.00,79,12.7,0.00,Deactivated,27,28,0,0,8363
2026-08-24T02:09:33Z,0,0.0,0.00,79,12.7,0.00,Deactivated,27,28,0,0,8363
2026-08-24T02:09:34Z,0,0.0,0.00,79,12.7,0.00,Deactivated,27,28,0,0,8363
2026-08-24T02:09:34Z,0,0.0,0.00,79,12.7,0.00,Deactivated,27,28,0,0,8363
2026-08-24T02:09:34Z,0,0.0,0.00,79,12.7,0.00,Deactivated,27,28,0,0,8363
2026-08-24T02:09:35Z,0,0.0,0.00,79,12.7,0.00,Deactivated,27,28,0,0,8363
2026-08-24T02:09:35Z,0,0.0,0.00,79,12.7,0.00,Deactivated,27,28,0,0,8363
2026-08-24T02:09:35Z,0,0.0,0.00,79,12.7,0.00,Deactivated,27,28,0,0,8363
2026-08-24T02:09:36Z,0,0.0,0.00,79,12.7,0.00,Deactivated,27,28,0,0,8363
2026-08-24T02:09:36Z,0,0.0,0.00,79,12.7,0.00,Deactivated,27,28,0,0,8363
2026-08-24T02:09:36Z,0,0.0,0.00,79,12.7,0.00,Deactivated,27,28,0,0,8363
2026-08-24T02:09:37Z,0,0.0,0.00,79,12.7,0.00,Deactivated,27,28,0,0,8363
2026-08-24T02:09:37Z,0,0.0,0.00,79,12.7,0.00,Deactivated,27,28,0,0,8363
2026-08-24T02:09:37Z,0,0.0,0.00,79,12.7,0.00,Deactivated,27,28,0,0,8363
2026-08-24T02:09:38Z,0,0.0,0.00,79,12.7,0.00,Deactivated,27,28,0,0,8363
2026-08-24T02:09:38Z,0,0.0,0.00,79,12.7,0.00,Deactivated,27,28,0,0,8363
2026-08-24T02:09:38Z,0,0.0,0.00,79,12.7,0.00,Deactivated,27,28,0,0,8363
2026-08-24T02:09:39Z,0,0.0,0.00,78,12.7,0.00,Deactivated,27,28,0,0,8363
2026-08-24T02:09:39Z,0,0.0,0.00,78,12.7,0.00,Deactivated,27,28,0,0,8363
2026-08-24T02:09:39Z,0,0.0,0.00,78,12.7,0.00,Deactivated,27,28,0,0,8363
2026-08-24T02:09:40Z,0,0.0,0.00,78,12.7,0.00,Deactivated,27,28,0,0,8363
2026-08-24T02:09:40Z,0,0.0,0.00,78,12.7,0.00,Deactivated,27,28,0,0,8363
2026-08-24T02:09:40Z,0,0.0,0.00,78,12.7,0.00,Deactivated,27,28,0,0,8363
2026-08-24T02:09:41Z,0,0.0,0.00,78,12.7,0.00,Deactivated,27,28,0,0,8363
2026-08-24T02:09:41Z,0,0.0,0.00,78,12.7,0.00,Deactivated,27,28,0,0,8363
2026-08-24T02:09:41Z,0,0.0,0.00,78,12.7,0.00,Deactivated,27,28,0,0,8363
2026-08-24T02:09:42Z,0,0.0,0.00,78,12.7,0.00,Deactivated,27,28,0,0,8363
2026-08-24T02:09:42Z,0,0.0,0.00,78,12.7,0.00,Deactivated,27,28,0,0,8363
2026-08-24T02:09:42Z,0,0.0,0.00,78,12.7,0.00,Deactivated,27,28,0,0,8363
2026-08-24T02:09:43Z,0,0.0,0.00,78,12.7,0.00,Deactivated,27,28,0,0,8363
2026-08-24T02:09:43Z,0,0.0,0.00,78,12.7,0.00,Deactivated,27,28,0,0,8363
2026-08-24T02:09:43Z,0,0.0,0.00,78,12.7,0.00,Deactivated,27,28,0,0,8363
2026-08-24T02:09:44Z,0,0.0,0.00,78,12.7,0.00,Deactivated,27,28,0,0,8363
2026-08-24T02:09:44Z,0,0.0,0.00,78,12.7,0.00,Deactivated,27,28,0,0,8363
2026-08-24T02:09:44Z,0,0.0,0.00,78,12.7,0.00,Deactivated,27,28,0,0,8363
2026-08-24T02:09:45Z,0,0.0,0.00,78,12.7,0.00,Deactivated,27,28,0,0,8363
2026-08-24T02:09:45Z,0,0.0,0.00,78,12.7,0.00,Deactivated,27,28,0,0,8363
2026-08-24T02:09:45Z,0,0.0,0.00,78,12.7,0.00,Deactivated,27,28,0,0,8363
2026-08-24T02:09:45Z,0,0.0,0.00,78,12.7,0.00,Deactivated,27,28,0,0,8363
2026-08-24T02:09:45Z,0,0.0,0.00,78,12.7,0.00,Deactivated,27,28,0,0,8363
2026-08-24T02:09:45Z,0,0.0,0.00,78,12.7,0.00,Deactivated,27,28,0,0,8363
2026-08-24T02:09:47Z,0,0.0,0.00,78,12.7,0.00,Deactivated,27,28,0,0,8363
2026-08-24T02:09:47Z,0,0.0,0.00,78,12.7,0.00,Deactivated,27,28,0,0,8363
2026-08-24T02:09:47Z,0,0.0,0.00,78,12.7,0.00,Deactivated,27,28,0,0,8363
2026-08-24T02:09:47Z,0,0.0,0.00,78,12.7,0.00,Deactivated,27,28,0,0,8363
2026-08-24T02:09:47Z,0,0.0,0.00,78,12.7,0.00,Deactivated,27,28,0,0,8363
2026-08-24T02:09:47Z,0,0.0,0.00,78,12.7,0.00,Deactivated,27,28,0,0,8363
2026-08-24T02:09:49Z,0,0.0,0.00,79,12.7,0.00,Deactivated,27,28,0,0,8363
2026-08-24T02:09:49Z,0,0.0,0.00,79,12.7,0.00,Deactivated,27,28,0,0,8363
2026-08-24T02:09:49Z,0,0.0,0.00,79,12.7,0.00,Deactivated,27,28,0,0,8363
2026-08-24T02:09:50Z,0,0.0,0.00,79,12.7,0.00,Deactivated,27,28,0,0,8363
2026-08-24T02:09:50Z,0,0.0,0.00,79,12.7,0.00,Deactivated,27,28,0,0,8363
2026-08-24T02:09:50Z,0,0.0,0.00,79,12.7,0.00,Deactivated,27,28,0,0,8363
2026-08-24T02:09:51Z,0,0.0,0.00,79,12.7,0.00,Deactivated,27,28,0,0,8363
2026-08-24T02:09:51Z,0,0.0,0.00,79,12.7,0.00,Deactivated,27,28,0,0,8363
2026-08-24T02:09:51Z,0,0.0,0.00,79,12.7,0.00,Deactivated,27,28,0,0,8363
2026-08-24T02:09:52Z,0,0.0,0.00,79,12.7,0.00,Deactivated,27,28,0,0,8363
2026-08-24T02:09:52Z,0,0.0,0.00,79,12.7,0.00,Deactivated,27,28,0,0,8363
2026-08-24T02:09:52Z,0,0.0,0.00,79,12.7,0.00,Deactivated,27,28,0,0,8363
2026-08-24T02:09:53Z,0,0.0,0.00,79,12.7,0.00,Deactivated,27,28,0,0,8363
2026-08-24T02:09:53Z,0,0.0,0.00,79,12.7,0.00,Deactivated,27,28,0,0,8363
2026-08-24T02:09:53Z,0,0.0,0.00,79,12.7,0.00,Deactivated,27,28,0,0,8363
2026-08-24T02:09:54Z,0,0.0,0.00,78,12.7,0.00,Deactivated,27,28,0,0,8363
2026-08-24T02:09:54Z,0,0.0,0.00,78,12.7,0.00,Deactivated,27,28,0,0,8363
2026-08-24T02:09:54Z,0,0.0,0.00,78,12.7,0.00,Deactivated,27,28,0,0,8363
2026-08-24T02:09:55Z,0,0.0,0.00,78,12.7,0.00,Deactivated,27,28,0,0,8363
2026-08-24T02:09:55Z,0,0.0,0.00,78,12.7,0.00,Deactivated,27,28,0,0,8363
2026-08-24T02:09:55Z,0,0.0,0.00,78,12.7,0.00,Deactivated,27,28,0,0,8363
2026-08-24T02:09:56Z,0,0.0,0.00,78,12.7,0.00,Deactivated,27,28,0,0,8363
2026-08-24T02:09:56Z,0,0.0,0.00,78,12.7,0.00,Deactivated,27,28,0,0,8363
2026-08-24T02:09:56Z,0,0.0,0.00,78,12.7,0.00,Deactivated,27,28,0,0,8363
2026-08-24T02:09:56Z,0,0.0,0.00,78,12.7,0.00,Deactivated,27,28,0,0,8363
2026-08-24T02:09:56Z,0,0.0,0.00,78,12.7,0.00,Deactivated,27,28,0,0,8363
2026-08-24T02:09:56Z,0,0.0,0.00,78,12.7,0.00,Deactivated,27,28,0,0,8363
2026-08-24T02:09:57Z,0,0.0,0.00,78,12.7,0.00,Deactivated,27,28,0,0,8363
2026-08-24T02:09:57Z,0,0.0,0.00,78,12.7,0.00,Deactivated,27,28,0,0,8363
2026-08-24T02:09:57Z,0,0.0,0.00,78,12.7,0.00,Deactivated,27,28,0,0,8363
2026-08-24T02:09:59Z,0,0.0,0.00,79,12.7,0.00,Deactivated,27,28,0,0,8363
2026-08-24T02:09:59Z,0,0.0,0.00,79,12.7,0.00,Deactivated,27,28,0,0,8363
2026-08-24T02:09:59Z,0,0.0,0.00,79,12.7,0.00,Deactivated,27,28,0,0,8363
2026-08-24T02:10:00Z,0,0.0,0.00,79,12.7,0.00,Deactivated,27,28,0,0,8363
2026-08-24T02:10:00Z,0,0.0,0.00,79,12.7,0.00,Deactivated,27,28,0,0,8363
2026-08-24T02:10:00Z,0,0.0,0.00,79,12.7,0.00,Deactivated,27,28,0,0,8363
2026-08-24T02:10:01Z,0,0.0,0.00,79,12.7,0.00,Deactivated,27,28,0,0,8363
2026-08-24T02:10:01Z,0,0.0,0.00,79,12.7,0.00,Deactivated,27,28,0,0,8363
2026-08-24T02:10:01Z,0,0.0,0.00,79,12.7,0.00,Deactivated,27,28,0,0,8363
2026-08-24T02:10:02Z,0,0.0,0.00,79,12.7,0.00,Deactivated,27,28,0,0,8363
2026-08-24T02:10:02Z,0,0.0,0.00,79,12.7,0.00,Deactivated,27,28,0,0,8363
2026-08-24T02:10:02Z,0,0.0,0.00,79,12.7,0.00,Deactivated,27,28,0,0,8363
2026-08-24T02:10:02Z,0,0.0,0.00,79,12.7,0.00,Deactivated,27,28,0,0,8363
2026-08-24T02:10:02Z,0,0.0,0.00,79,12.7,0.00,Deactivated,27,28,0,0,8363
2026-08-24T02:10:02Z,0,0.0,0.00,79,12.7,0.00,Deactivated,27,28,0,0,8363
2026-08-24T02:10:04Z,0,0.0,0.00,78,12.7,0.00,Deactivated,27,28,0,0,8363
2026-08-24T02:10:04Z,0,0.0,0.00,78,12.7,0.00,Deactivated,27,28,0,0,8363
2026-08-24T02:10:04Z,0,0.0,0.00,78,12.7,0.00,Deactivated,27,28,0,0,8363
2026-08-24T02:10:05Z,0,0.0,0.00,78,12.7,0.00,Deactivated,27,28,0,0,8363
2026-08-24T02:10:05Z,0,0.0,0.00,78,12.7,0.00,Deactivated,27,28,0,0,8363
2026-08-24T02:10:05Z,0,0.0,0.00,78,12.7,0.00,Deactivated,27,28,0,0,8363
2026-08-24T02:10:06Z,0,0.0,0.00,78,12.7,0.00,Deactivated,27,28,0,0,8363
2026-08-24T02:10:06Z,0,0.0,0.00,78,12.7,0.00,Deactivated,27,28,0,0,8363
2026-08-24T02:10:06Z,0,0.0,0.00,78,12.7,0.00,Deactivated,27,28,0,0,8363
2026-08-24T02:10:07Z,0,0.0,0.00,78,12.7,0.00,Deactivated,27,28,0,0,8363
2026-08-24T02:10:07Z,0,0.0,0.00,78,12.7,0.00,Deactivated,27,28,0,0,8363
2026-08-24T02:10:07Z,0,0.0,0.00,78,12.7,0.00,Deactivated,27,28,0,0,8363
2026-08-24T02:10:08Z,0,0.0,0.00,78,12.7,0.00,Deactivated,27,28,0,0,8363
2026-08-24T02:10:08Z,0,0.0,0.00,78,12.7,0.00,Deactivated,27,28,0,0,8363
2026-08-24T02:10:08Z,0,0.0,0.00,78,12.7,0.00,Deactivated,27,28,0,0,8363
2026-08-24T02:10:09Z,0,0.0,0.00,78,12.7,0.00,Deactivated,27,28,0,0,8363
2026-08-24T02:10:09Z,0,0.0,0.00,78,12.7,0.00,Deactivated,27,28,0,0,8363
2026-08-24T02:10:09Z,0,0.0,0.00,78,12.7,0.00,Deactivated,27,28,0,0,8363
2026-08-24T02:10:10Z,0,0.0,0.00,78,12.7,0.00,Deactivated,27,28,0,0,8363
2026-08-24T02:10:10Z,0,0.0,0.00,78,12.7,0.00,Deactivated,27,28,0,0,8363
2026-08-24T02:10:10Z,0,0.0,0.00,78,12.7,0.00,Deactivated,27,28,0,0,8363
2026-08-24T02:10:11Z,0,0.0,0.00,78,12.7,0.00,Deactivated,27,28,0,0,8363
2026-08-24T02:10:11Z,0,0.0,0.00,78,12.7,0.00,Deactivated,27,28,0,0,8363
2026-08-24T02:10:11Z,0,0.0,0.00,78,12.7,0.00,Deactivated,27,28,0,0,8363
2026-08-24T02:10:12Z,0,0.0,0.00,78,12.7,0.00,Deactivated,27,28,0,0,8363
2026-08-24T02:10:12Z,0,0.0,0.00,78,12.7,0.00,Deactivated,27,28,0,0,8363
2026-08-24T02:10:12Z,0,0.0,0.00,78,12.7,0.00,Deactivated,27,28,0,0,8363
2026-08-24T02:10:13Z,0,0.0,0.00,78,12.7,0.00,Deactivated,27,28,0,0,8363
2026-08-24T02:10:13Z,0,0.0,0.00,78,12.7,0.00,Deactivated,27,28,0,0,8363
2026-08-24T02:10:13Z,0,0.0,0.00,78,12.7,0.00,Deactivated,27,28,0,0,8363
2026-08-24T02:10:14Z,0,0.0,0.00,78,12.7,0.00,Deactivated,27,28,0,0,8363
2026-08-24T02:10:14Z,0,0.0,0.00,78,12.7,0.00,Deactivated,27,28,0,0,8363
2026-08-24T02:10:14Z,0,0.0,0.00,78,12.7,0.00,Deactivated,27,28,0,0,8363
2026-08-24T02:10:15Z,0,0.0,0.00,78,12.7,0.00,Deactivated,27,28,0,0,8363
2026-08-24T02:10:15Z,0,0.0,0.00,78,12.7,0.00,Deactivated,27,28,0,0,8363
2026-08-24T02:10:15Z,0,0.0,0.00,78,12.7,0.00,Deactivated,27,28,0,0,8363
2026-08-24T02:10:16Z,0,0.0,0.00,78,12.7,0.00,Deactivated,27,28,0,0,8363
2026-08-24T02:10:16Z,0,0.0,0.00,78,12.7,0.00,Deactivated,27,28,0,0,8363
2026-08-24T02:10:16Z,0,0.0,0.00,78,12.7,0.00,Deactivated,27,28,0,0,8363
2026-08-24T02:10:17Z,0,0.0,0.00,78,12.7,0.00,Deactivated,27,28,0,0,8363
2026-08-24T02:10:17Z,0,0.0,0.00,78,12.7,0.00,Deactivated,27,28,0,0,8363
2026-08-24T02:10:17Z,0,0.0,0.00,78,12.7,0.00,Deactivated,27,28,0,0,8363
2026-08-24T02:10:17Z,0,0.0,0.00,78,12.7,0.00,Deactivated,27,28,0,0,8363
2026-08-24T02:10:17Z,0,0.0,0.00,78,12.7,0.00,Deactivated,27,28,0,0,8363
2026-08-24T02:10:17Z,0,0.0,0.00,78,12.7,0.00,Deactivated,27,28,0,0,8363
2026-08-24T02:10:19Z,0,0.0,0.00,78,12.7,0.00,Deactivated,27,28,0,0,8363
2026-08-24T02:10:19Z,0,0.0,0.00,78,12.7,0.00,Deactivated,27,28,0,0,8363
2026-08-24T02:10:19Z,0,0.0,0.00,78,12.7,0.00,Deactivated,27,28,0,0,8363
2026-08-24T02:10:20Z,0,0.0,0.00,78,12.7,0.00,Deactivated,27,28,0,0,8363
2026-08-24T02:10:20Z,0,0.0,0.00,78,12.7,0.00,Deactivated,27,28,0,0,8363
2026-08-24T02:10:20Z,0,0.0,0.00,78,12.7,0.00,Deactivated,27,28,0,0,8363
2026-08-24T02:10:21Z,0,0.0,0.00,78,12.7,0.00,Deactivated,27,28,0,0,8363
2026-08-24T02:10:21Z,0,0.0,0.00,78,12.7,0.00,Deactivated,27,28,0,0,8363
2026-08-24T02:10:21Z,0,0.0,0.00,78,12.7,0.00,Deactivated,27,28,0,0,8363
2026-08-24T02:10:21Z,0,0.0,0.00,78,12.7,0.00,Deactivated,27,28,0,0,8363
2026-08-24T02:10:21Z,0,0.0,0.00,78,12.7,0.00,Deactivated,27,28,0,0,8363
2026-08-24T02:10:21Z,0,0.0,0.00,78,12.7,0.00,Deactivated,27,28,0,0,8363
2026-08-24T02:10:22Z,0,0.0,0.00,78,12.7,0.00,Deactivated,27,28,0,0,8363
2026-08-24T02:10:22Z,0,0.0,0.00,78,12.7,0.00,Deactivated,27,28,0,0,8363
2026-08-24T02:10:22Z,0,0.0,0.00,78,12.7,0.00,Deactivated,27,28,0,0,8363
2026-08-24T02:10:24Z,0,0.0,0.00,78,12.7,0.00,Deactivated,27,28,0,0,8363
2026-08-24T02:10:24Z,0,0.0,0.00,78,12.7,0.00,Deactivated,27,28,0,0,8363
2026-08-24T02:10:24Z,0,0.0,0.00,78,12.7,0.00,Deactivated,27,28,0,0,8363
2026-08-24T02:10:24Z,0,0.0,0.00,78,12.7,0.00,Deactivated,27,28,0,0,8363
2026-08-24T02:10:24Z,0,0.0,0.00,78,12.7,0.00,Deactivated,27,28,0,0,8363
2026-08-24T02:10:24Z,0,0.0,0.00,78,12.7,0.00,Deactivated,27,28,0,0,8363
2026-08-24T02:10:26Z,0,0.0,0.00,78,12.7,0.00,Deactivated,27,28,0,0,8363
2026-08-24T02:10:26Z,0,0.0,0.00,78,12.7,0.00,Deactivated,27,28,0,0,8363
2026-08-24T02:10:26Z,0,0.0,0.00,78,12.7,0.00,Deactivated,27,28,0,0,8363
2026-08-24T02:10:27Z,0,0.0,0.00,78,12.7,0.00,Deactivated,27,28,0,0,8363
2026-08-24T02:10:27Z,0,0.0,0.00,78,12.7,0.00,Deactivated,27,28,0,0,8363
2026-08-24T02:10:27Z,0,0.0,0.00,78,12.7,0.00,Deactivated,27,28,0,0,8363
2026-08-24T02:10:28Z,0,0.0,0.00,78,12.7,0.00,Deactivated,27,28,0,0,8363
2026-08-24T02:10:28Z,0,0.0,0.00,78,12.7,0.00,Deactivated,27,28,0,0,8363
2026-08-24T02:10:28Z,0,0.0,0.00,78,12.7,0.00,Deactivated,27,28,0,0,8363
2026-08-24T02:10:28Z,0,0.0,0.00,78,12.7,0.00,Deactivated,27,28,0,0,8363
2026-08-24T02:10:28Z,0,0.0,0.00,78,12.7,0.00,Deactivated,27,28,0,0,8363
2026-08-24T02:10:28Z,0,0.0,0.00,78,12.7,0.00,Deactivated,27,28,0,0,8363
2026-08-24T02:10:30Z,0,0.0,0.00,78,12.7,0.00,Deactivated,27,28,0,0,8363
2026-08-24T02:10:30Z,0,0.0,0.00,78,12.7,0.00,Deactivated,27,28,0,0,8363
2026-08-24T02:10:30Z,0,0.0,0.00,78,12.7,0.00,Deactivated,27,28,0,0,8363
2026-08-24T02:10:31Z,0,0.0,0.00,78,12.7,0.00,Deactivated,27,28,0,0,8363
2026-08-24T02:10:31Z,0,0.0,0.00,78,12.7,0.00,Deactivated,27,28,0,0,8363
2026-08-24T02:10:31Z,0,0.0,0.00,78,12.7,0.00,Deactivated,27,28,0,0,8363
2026-08-24T02:10:32Z,0,0.0,0.00,78,12.7,0.00,Deactivated,27,28,0,0,8363
2026-08-24T02:10:32Z,0,0.0,0.00,78,12.7,0.00,Deactivated,27,28,0,0,8363
2026-08-24T02:10:32Z,0,0.0,0.00,78,12.7,0.00,Deactivated,27,28,0,0,8363
2026-08-24T02:10:33Z,0,0.0,0.00,78,12.7,0.00,Deactivated,27,28,0,0,8363
2026-08-24T02:10:33Z,0,0.0,0.00,78,12.7,0.00,Deactivated,27,28,0,0,8363
2026-08-24T02:10:33Z,0,0.0,0.00,78,12.7,0.00,Deactivated,27,28,0,0,8363
2026-08-24T02:10:33Z,0,0.0,0.00,78,12.7,0.00,Deactivated,27,28,0,0,8363
2026-08-24T02:10:33Z,0,0.0,0.00,78,12.7,0.00,Deactivated,27,28,0,0,8363
2026-08-24T02:10:33Z,0,0.0,0.00,78,12.7,0.00,Deactivated,27,28,0,0,8363
2026-08-24T02:10:35Z,0,0.0,0.00,78,12.7,0.00,Deactivated,27,28,0,0,8363
2026-08-24T02:10:35Z,0,0.0,0.00,78,12.7,0.00,Deactivated,27,28,0,0,8363
2026-08-24T02:10:35Z,0,0.0,0.00,78,12.7,0.00,Deactivated,27,28,0,0,8363
2026-08-24T02:10:36Z,0,0.0,0.00,78,12.7,0.00,Deactivated,27,28,0,0,8363
2026-08-24T02:10:36Z,0,0.0,0.00,78,12.7,0.00,Deactivated,27,28,0,0,8363
2026-08-24T02:10:36Z,0,0.0,0.00,78,12.7,0.00,Deactivated,27,28,0,0,8363
2026-08-24T02:10:37Z,0,0.0,0.00,78,12.7,0.00,Deactivated,27,28,0,0,8363
2026-08-24T02:10:37Z,0,0.0,0.00,78,12.7,0.00,Deactivated,27,28,0,0,8363
2026-08-24T02:10:37Z,0,0.0,0.00,78,12.7,0.00,Deactivated,27,28,0,0,8363
2026-08-24T02:10:38Z,0,0.0,0.00,78,12.7,0.00,Deactivated,27,28,0,0,8363
2026-08-24T02:10:38Z,0,0.0,0.00,78,12.7,0.00,Deactivated,27,28,0,0,8363
2026-08-24T02:10:38Z,0,0.0,0.00,78,12.7,0.00,Deactivated,27,28,0,0,8363
2026-08-24T02:10:38Z,0,0.0,0.00,78,12.7,0.00,Deactivated,27,28,0,0,8363
2026-08-24T02:10:38Z,0,0.0,0.00,78,12.7,0.00,Deactivated,27,28,0,0,8363
2026-08-24T02:10:38Z,0,0.0,0.00,78,12.7,0.00,Deactivated,27,28,0,0,8363
2026-08-24T02:10:40Z,0,0.0,0.00,78,12.7,0.00,Deactivated,27,28,0,0,8363
2026-08-24T02:10:40Z,0,0.0,0.00,78,12.7,0.00,Deactivated,27,28,0,0,8363
2026-08-24T02:10:40Z,0,0.0,0.00,78,12.7,0.00,Deactivated,27,28,0,0,8363
2026-08-24T02:10:41Z,0,0.0,0.00,78,12.7,0.00,Deactivated,27,28,0,0,8363
2026-08-24T02:10:41Z,0,0.0,0.00,78,12.7,0.00,Deactivated,27,28,0,0,8363
2026-08-24T02:10:41Z,0,0.0,0.00,78,12.7,0.00,Deactivated,27,28,0,0,8363
2026-08-24T02:10:41Z,0,0.0,0.00,78,12.7,0.00,Deactivated,27,28,0,0,8363
2026-08-24T02:10:41Z,0,0.0,0.00,78,12.7,0.00,Deactivated,27,28,0,0,8363
2026-08-24T02:10:41Z,0,0.0,0.00,78,12.7,0.00,Deactivated,27,28,0,0,8363
2026-08-24T02:10:43Z,0,0.0,0.00,78,12.7,0.00,Deactivated,27,28,0,0,8363
2026-08-24T02:10:43Z,0,0.0,0.00,78,12.7,0.00,Deactivated,27,28,0,0,8363
2026-08-24T02:10:43Z,0,0.0,0.00,78,12.7,0.00,Deactivated,27,28,0,0,8363
2026-08-24T02:10:44Z,0,0.0,0.00,78,12.7,0.00,Deactivated,27,28,0,0,8363
2026-08-24T02:10:44Z,0,0.0,0.00,78,12.7,0.00,Deactivated,27,28,0,0,8363
2026-08-24T02:10:44Z,0,0.0,0.00,78,12.7,0.00,Deactivated,27,28,0,0,8363
2026-08-24T02:10:45Z,0,0.0,0.00,78,12.7,0.00,Deactivated,27,28,0,0,8363
2026-08-24T02:10:45Z,0,0.0,0.00,78,12.7,0.00,Deactivated,27,28,0,0,8363
2026-08-24T02:10:45Z,0,0.0,0.00,78,12.7,0.00,Deactivated,27,28,0,0,8363
2026-08-24T02:10:46Z,0,0.0,0.00,78,12.7,0.00,Deactivated,27,28,0,0,8363
2026-08-24T02:10:46Z,0,0.0,0.00,78,12.7,0.00,Deactivated,27,28,0,0,8363
2026-08-24T02:10:46Z,0,0.0,0.00,78,12.7,0.00,Deactivated,27,28,0,0,8363
2026-08-24T02:10:46Z,0,0.0,0.00,78,12.7,0.00,Deactivated,27,28,0,0,8363
2026-08-24T02:10:46Z,0,0.0,0.00,78,12.7,0.00,Deactivated,27,28,0,0,8363
2026-08-24T02:10:46Z,0,0.0,0.00,78,12.7,0.00,Deactivated,27,28,0,0,8363
2026-08-24T02:10:48Z,0,0.0,0.00,78,12.7,0.00,Deactivated,27,28,0,0,8363
2026-08-24T02:10:48Z,0,0.0,0.00,78,12.7,0.00,Deactivated,27,28,0,0,8363
2026-08-24T02:10:48Z,0,0.0,0.00,78,12.7,0.00,Deactivated,27,28,0,0,8363
2026-08-24T02:10:49Z,0,0.0,0.00,78,12.7,0.00,Deactivated,27,28,0,0,8363
2026-08-24T02:10:49Z,0,0.0,0.00,78,12.7,0.00,Deactivated,27,28,0,0,8363
2026-08-24T02:10:49Z,0,0.0,0.00,78,12.7,0.00,Deactivated,27,28,0,0,8363
2026-08-24T02:10:49Z,0,0.0,0.00,78,12.7,0.00,Deactivated,27,28,0,0,8363
2026-08-24T02:10:49Z,0,0.0,0.00,78,12.7,0.00,Deactivated,27,28,0,0,8363
2026-08-24T02:10:49Z,0,0.0,0.00,78,12.7,0.00,Deactivated,27,28,0,0,8363
2026-08-24T02:10:51Z,0,0.0,0.00,78,12.7,0.00,Deactivated,27,28,0,0,8363
2026-08-24T02:10:51Z,0,0.0,0.00,78,12.7,0.00,Deactivated,27,28,0,0,8363
2026-08-24T02:10:51Z,0,0.0,0.00,78,12.7,0.00,Deactivated,27,28,0,0,8363
2026-08-24T02:10:52Z,0,0.0,0.00,78,12.7,0.00,Deactivated,27,28,0,0,8363
2026-08-24T02:10:52Z,0,0.0,0.00,78,12.7,0.00,Deactivated,27,28,0,0,8363
2026-08-24T02:10:52Z,0,0.0,0.00,78,12.7,0.00,Deactivated,27,28,0,0,8363
2026-08-24T02:10:52Z,0,0.0,0.00,78,12.7,0.00,Deactivated,27,28,0,0,8363
2026-08-24T02:10:52Z,0,0.0,0.00,78,12.7,0.00,Deactivated,27,28,0,0,8363
2026-08-24T02:10:52Z,0,0.0,0.00,78,12.7,0.00,Deactivated,27,28,0,0,8363
2026-08-24T02:10:54Z,0,0.0,0.00,78,12.7,0.00,Deactivated,27,28,0,0,8363
2026-08-24T02:10:54Z,0,0.0,0.00,78,12.7,0.00,Deactivated,27,28,0,0,8363
2026-08-24T02:10:54Z,0,0.0,0.00,78,12.7,0.00,Deactivated,27,28,0,0,8363
2026-08-24T02:10:55Z,0,0.0,0.00,78,12.7,0.00,Deactivated,27,28,0,0,8363
2026-08-24T02:10:55Z,0,0.0,0.00,78,12.7,0.00,Deactivated,27,28,0,0,8363
2026-08-24T02:10:55Z,0,0.0,0.00,78,12.7,0.00,Deactivated,27,28,0,0,8363
2026-08-24T02:10:56Z,0,0.0,0.00,78,12.7,0.00,Deactivated,27,28,0,0,8363
2026-08-24T02:10:56Z,0,0.0,0.00,78,12.7,0.00,Deactivated,27,28,0,0,8363
2026-08-24T02:10:56Z,0,0.0,0.00,78,12.7,0.00,Deactivated,27,28,0,0,8363
2026-08-24T02:10:57Z,0,0.0,0.00,78,12.7,0.00,Deactivated,27,28,0,0,8363
2026-08-24T02:10:57Z,0,0.0,0.00,78,12.7,0.00,Deactivated,27,28,0,0,8363
2026-08-24T02:10:57Z,0,0.0,0.00,78,12.7,0.00,Deactivated,27,28,0,0,8363
2026-08-24T02:10:57Z,0,0.0,0.00,78,12.7,0.00,Deactivated,27,28,0,0,8363
2026-08-24T02:10:57Z,0,0.0,0.00,78,12.7,0.00,Deactivated,27,28,0,0,8363
2026-08-24T02:10:57Z,0,0.0,0.00,78,12.7,0.00,Deactivated,27,28,0,0,8363
2026-08-24T02:10:59Z,0,0.0,0.00,79,12.7,0.00,Deactivated,27,28,0,0,8363
2026-08-24T02:10:59Z,0,0.0,0.00,79,12.7,0.00,Deactivated,27,28,0,0,8363
2026-08-24T02:10:59Z,0,0.0,0.00,79,12.7,0.00,Deactivated,27,28,0,0,8363
2026-08-24T02:10:59Z,0,0.0,0.00,79,12.7,0.00,Deactivated,27,28,0,0,8363
2026-08-24T02:10:59Z,0,0.0,0.00,79,12.7,0.00,Deactivated,27,28,0,0,8363
2026-08-24T02:10:59Z,0,0.0,0.00,79,12.7,0.00,Deactivated,27,28,0,0,8363
2026-08-24T02:11:01Z,0,0.0,0.00,79,12.7,0.00,Deactivated,27,28,0,0,8363
2026-08-24T02:11:01Z,0,0.0,0.00,79,12.7,0.00,Deactivated,27,28,0,0,8363
2026-08-24T02:11:01Z,0,0.0,0.00,79,12.7,0.00,Deactivated,27,28,0,0,8363
2026-08-24T02:11:02Z,0,0.0,0.00,79,12.7,0.00,Deactivated,27,28,0,0,8363
2026-08-24T02:11:02Z,0,0.0,0.00,79,12.7,0.00,Deactivated,27,28,0,0,8363
2026-08-24T02:11:02Z,0,0.0,0.00,79,12.7,0.00,Deactivated,27,28,0,0,8363
2026-08-24T02:11:03Z,0,0.0,0.00,79,12.7,0.00,Deactivated,27,28,0,0,8363
2026-08-24T02:11:03Z,0,0.0,0.00,79,12.7,0.00,Deactivated,27,28,0,0,8363
2026-08-24T02:11:03Z,0,0.0,0.00,79,12.7,0.00,Deactivated,27,28,0,0,8363
2026-08-24T02:11:04Z,0,0.0,0.00,78,12.7,0.00,Deactivated,27,28,0,0,8363
2026-08-24T02:11:04Z,0,0.0,0.00,78,12.7,0.00,Deactivated,27,28,0,0,8363
2026-08-24T02:11:04Z,0,0.0,0.00,78,12.7,0.00,Deactivated,27,28,0,0,8363
2026-08-24T02:11:05Z,0,0.0,0.00,78,12.7,0.00,Deactivated,27,28,0,0,8363
2026-08-24T02:11:05Z,0,0.0,0.00,78,12.7,0.00,Deactivated,27,28,0,0,8363
2026-08-24T02:11:05Z,0,0.0,0.00,78,12.7,0.00,Deactivated,27,28,0,0,8363
2026-08-24T02:11:06Z,0,0.0,0.00,78,12.7,0.00,Deactivated,27,28,0,0,8363
2026-08-24T02:11:06Z,0,0.0,0.00,78,12.7,0.00,Deactivated,27,28,0,0,8363
2026-08-24T02:11:06Z,0,0.0,0.00,78,12.7,0.00,Deactivated,27,28,0,0,8363
2026-08-24T02:11:07Z,0,0.0,0.00,78,12.7,0.00,Deactivated,27,28,0,0,8363
2026-08-24T02:11:07Z,0,0.0,0.00,78,12.7,0.00,Deactivated,27,28,0,0,8363
2026-08-24T02:11:07Z,0,0.0,0.00,78,12.7,0.00,Deactivated,27,28,0,0,8363
2026-08-24T02:11:08Z,0,0.0,0.00,78,12.7,0.00,Deactivated,27,28,0,0,8363
2026-08-24T02:11:08Z,0,0.0,0.00,78,12.7,0.00,Deactivated,27,28,0,0,8363
2026-08-24T02:11:08Z,0,0.0,0.00,78,12.7,0.00,Deactivated,27,28,0,0,8363
2026-08-24T02:11:09Z,0,0.0,0.00,78,12.7,0.00,Deactivated,27,28,0,0,8363
2026-08-24T02:11:09Z,0,0.0,0.00,78,12.7,0.00,Deactivated,27,28,0,0,8363
2026-08-24T02:11:09Z,0,0.0,0.00,78,12.7,0.00,Deactivated,27,28,0,0,8363
2026-08-24T02:11:10Z,0,0.0,0.00,78,12.7,0.00,Deactivated,27,28,0,0,8363
2026-08-24T02:11:10Z,0,0.0,0.00,78,12.7,0.00,Deactivated,27,28,0,0,8363
2026-08-24T02:11:10Z,0,0.0,0.00,78,12.7,0.00,Deactivated,27,28,0,0,8363
2026-08-24T02:11:11Z,0,0.0,0.00,78,12.7,0.00,Deactivated,27,28,0,0,8363
2026-08-24T02:11:11Z,0,0.0,0.00,78,12.7,0.00,Deactivated,27,28,0,0,8363
2026-08-24T02:11:11Z,0,0.0,0.00,78,12.7,0.00,Deactivated,27,28,0,0,8363
2026-08-24T02:11:12Z,0,0.0,0.00,78,12.7,0.00,Deactivated,27,28,0,0,8363
2026-08-24T02:11:12Z,0,0.0,0.00,78,12.7,0.00,Deactivated,27,28,0,0,8363
2026-08-24T02:11:12Z,0,0.0,0.00,78,12.7,0.00,Deactivated,27,28,0,0,8363
2026-08-24T02:11:13Z,0,0.0,0.00,78,12.7,0.00,Deactivated,27,28,0,0,8363
2026-08-24T02:11:13Z,0,0.0,0.00,78,12.7,0.00,Deactivated,27,28,0,0,8363
2026-08-24T02:11:13Z,0,0.0,0.00,78,12.7,0.00,Deactivated,27,28,0,0,8363
2026-08-24T02:11:13Z,0,0.0,0.00,79,12.7,0.00,Deactivated,27,28,0,0,8363
2026-08-24T02:11:13Z,0,0.0,0.00,79,12.7,0.00,Deactivated,27,28,0,0,8363
2026-08-24T02:11:13Z,0,0.0,0.00,79,12.7,0.00,Deactivated,27,28,0,0,8363
2026-08-24T02:11:14Z,0,0.0,0.00,79,12.7,0.00,Deactivated,27,28,0,0,8363
2026-08-24T02:11:14Z,0,0.0,0.00,79,12.7,0.00,Deactivated,27,28,0,0,8363
2026-08-24T02:11:14Z,0,0.0,0.00,79,12.7,0.00,Deactivated,27,28,0,0,8363
2026-08-24T02:11:16Z,0,0.0,0.00,79,12.7,0.00,Deactivated,27,28,0,0,8363
2026-08-24T02:11:16Z,0,0.0,0.00,79,12.7,0.00,Deactivated,27,28,0,0,8363
2026-08-24T02:11:16Z,0,0.0,0.00,79,12.7,0.00,Deactivated,27,28,0,0,8363
2026-08-24T02:11:17Z,0,0.0,0.00,79,12.7,0.00,Deactivated,27,28,0,0,8363
2026-08-24T02:11:17Z,0,0.0,0.00,79,12.7,0.00,Deactivated,27,28,0,0,8363
2026-08-24T02:11:17Z,0,0.0,0.00,79,12.7,0.00,Deactivated,27,28,0,0,8363
2026-08-24T02:11:18Z,0,0.0,0.00,79,12.7,0.00,Deactivated,27,28,0,0,8363
2026-08-24T02:11:18Z,0,0.0,0.00,79,12.7,0.00,Deactivated,27,28,0,0,8363
2026-08-24T02:11:18Z,0,0.0,0.00,79,12.7,0.00,Deactivated,27,28,0,0,8363
2026-08-24T02:11:19Z,0,0.0,0.00,78,12.7,0.00,Deactivated,27,28,0,0,8363
2026-08-24T02:11:19Z,0,0.0,0.00,78,12.7,0.00,Deactivated,27,28,0,0,8363
2026-08-24T02:11:19Z,0,0.0,0.00,78,12.7,0.00,Deactivated,27,28,0,0,8363
2026-08-24T02:11:20Z,0,0.0,0.00,78,12.7,0.00,Deactivated,27,28,0,0,8363
2026-08-24T02:11:20Z,0,0.0,0.00,78,12.7,0.00,Deactivated,27,28,0,0,8363
2026-08-24T02:11:20Z,0,0.0,0.00,78,12.7,0.00,Deactivated,27,28,0,0,8363
2026-08-24T02:11:21Z,0,0.0,0.00,78,12.7,0.00,Deactivated,27,28,0,0,8363
2026-08-24T02:11:21Z,0,0.0,0.00,78,12.7,0.00,Deactivated,27,28,0,0,8363
2026-08-24T02:11:21Z,0,0.0,0.00,78,12.7,0.00,Deactivated,27,28,0,0,8363
2026-08-24T02:11:22Z,0,0.0,0.00,78,12.7,0.00,Deactivated,27,28,0,0,8363
2026-08-24T02:11:22Z,0,0.0,0.00,78,12.7,0.00,Deactivated,27,28,0,0,8363
2026-08-24T02:11:22Z,0,0.0,0.00,78,12.7,0.00,Deactivated,27,28,0,0,8363
2026-08-24T02:11:23Z,0,0.0,0.00,78,12.7,0.00,Deactivated,27,28,0,0,8363
2026-08-24T02:11:23Z,0,0.0,0.00,78,12.7,0.00,Deactivated,27,28,0,0,8363
2026-08-24T02:11:23Z,0,0.0,0.00,78,12.7,0.00,Deactivated,27,28,0,0,8363
2026-08-24T02:11:24Z,0,0.0,0.00,79,12.7,0.00,Deactivated,27,28,0,0,8363
2026-08-24T02:11:24Z,0,0.0,0.00,79,12.7,0.00,Deactivated,27,28,0,0,8363
2026-08-24T02:11:24Z,0,0.0,0.00,79,12.7,0.00,Deactivated,27,28,0,0,8363
2026-08-24T02:11:25Z,0,0.0,0.00,79,12.7,0.00,Deactivated,27,28,0,0,8363
2026-08-24T02:11:25Z,0,0.0,0.00,79,12.7,0.00,Deactivated,27,28,0,0,8363
2026-08-24T02:11:25Z,0,0.0,0.00,79,12.7,0.00,Deactivated,27,28,0,0,8363
2026-08-24T02:11:26Z,0,0.0,0.00,79,12.7,0.00,Deactivated,27,28,0,0,8363
2026-08-24T02:11:26Z,0,0.0,0.00,79,12.7,0.00,Deactivated,27,28,0,0,8363
2026-08-24T02:11:26Z,0,0.0,0.00,79,12.7,0.00,Deactivated,27,28,0,0,8363
2026-08-24T02:11:26Z,0,0.0,0.00,79,12.7,0.00,Deactivated,27,28,0,0,8363
2026-08-24T02:11:26Z,0,0.0,0.00,79,12.7,0.00,Deactivated,27,28,0,0,8363
2026-08-24T02:11:26Z,0,0.0,0.00,79,12.7,0.00,Deactivated,27,28,0,0,8363
2026-08-24T02:11:28Z,0,0.0,0.00,79,12.7,0.00,Deactivated,27,28,0,0,8363
2026-08-24T02:11:28Z,0,0.0,0.00,79,12.7,0.00,Deactivated,27,28,0,0,8363
2026-08-24T02:11:28Z,0,0.0,0.00,79,12.7,0.00,Deactivated,27,28,0,0,8363
2026-08-24T02:11:29Z,0,0.0,0.00,79,12.7,0.00,Deactivated,27,28,0,0,8363
2026-08-24T02:11:29Z,0,0.0,0.00,79,12.7,0.00,Deactivated,27,28,0,0,8363
2026-08-24T02:11:29Z,0,0.0,0.00,79,12.7,0.00,Deactivated,27,28,0,0,8363
2026-08-24T02:11:30Z,0,0.0,0.00,79,12.7,0.00,Deactivated,27,28,0,0,8363
2026-08-24T02:11:30Z,0,0.0,0.00,79,12.7,0.00,Deactivated,27,28,0,0,8363
2026-08-24T02:11:30Z,0,0.0,0.00,79,12.7,0.00,Deactivated,27,28,0,0,8363
2026-08-24T02:11:31Z,0,0.0,0.00,79,12.7,0.00,Deactivated,27,28,0,0,8363
2026-08-24T02:11:31Z,0,0.0,0.00,79,12.7,0.00,Deactivated,27,28,0,0,8363
2026-08-24T02:11:31Z,0,0.0,0.00,79,12.7,0.00,Deactivated,27,28,0,0,8363
2026-08-24T02:11:31Z,0,0.0,0.00,79,12.7,0.00,Deactivated,27,28,0,0,8363
2026-08-24T02:11:31Z,0,0.0,0.00,79,12.7,0.00,Deactivated,27,28,0,0,8363
2026-08-24T02:11:31Z,0,0.0,0.00,79,12.7,0.00,Deactivated,27,28,0,0,8363
2026-08-24T02:11:33Z,0,0.0,0.00,79,12.7,0.00,Deactivated,27,28,0,0,8363
2026-08-24T02:11:33Z,0,0.0,0.00,79,12.7,0.00,Deactivated,27,28,0,0,8363
2026-08-24T02:11:33Z,0,0.0,0.00,79,12.7,0.00,Deactivated,27,28,0,0,8363
2026-08-24T02:11:33Z,0,0.0,0.00,78,12.7,0.00,Deactivated,27,28,0,0,8363
2026-08-24T02:11:33Z,0,0.0,0.00,78,12.7,0.00,Deactivated,27,28,0,0,8363
2026-08-24T02:11:33Z,0,0.0,0.00,78,12.7,0.00,Deactivated,27,28,0,0,8363
2026-08-24T02:11:34Z,0,0.0,0.00,78,12.7,0.00,Deactivated,27,28,0,0,8363
2026-08-24T02:11:34Z,0,0.0,0.00,78,12.7,0.00,Deactivated,27,28,0,0,8363
2026-08-24T02:11:34Z,0,0.0,0.00,78,12.7,0.00,Deactivated,27,28,0,0,8363
2026-08-24T02:11:35Z,0,0.0,0.00,78,12.7,0.00,Deactivated,27,28,0,0,8363
2026-08-24T02:11:35Z,0,0.0,0.00,78,12.7,0.00,Deactivated,27,28,0,0,8363
2026-08-24T02:11:35Z,0,0.0,0.00,78,12.7,0.00,Deactivated,27,28,0,0,8363
2026-08-24T02:11:37Z,0,0.0,0.00,78,12.7,0.00,Deactivated,27,28,0,0,8363
2026-08-24T02:11:37Z,0,0.0,0.00,78,12.7,0.00,Deactivated,27,28,0,0,8363
2026-08-24T02:11:37Z,0,0.0,0.00,78,12.7,0.00,Deactivated,27,28,0,0,8363
2026-08-24T02:11:38Z,0,0.0,0.00,78,12.7,0.00,Deactivated,27,28,0,0,8363
2026-08-24T02:11:38Z,0,0.0,0.00,78,12.7,0.00,Deactivated,27,28,0,0,8363
2026-08-24T02:11:38Z,0,0.0,0.00,78,12.7,0.00,Deactivated,27,28,0,0,8363
2026-08-24T02:11:39Z,0,0.0,0.00,79,12.7,0.00,Deactivated,27,28,0,0,8363
2026-08-24T02:11:39Z,0,0.0,0.00,79,12.7,0.00,Deactivated,27,28,0,0,8363
2026-08-24T02:11:39Z,0,0.0,0.00,79,12.7,0.00,Deactivated,27,28,0,0,8363
2026-08-24T02:11:40Z,0,0.0,0.00,79,12.7,0.00,Deactivated,27,28,0,0,8363
2026-08-24T02:11:40Z,0,0.0,0.00,79,12.7,0.00,Deactivated,27,28,0,0,8363
2026-08-24T02:11:40Z,0,0.0,0.00,79,12.7,0.00,Deactivated,27,28,0,0,8363
2026-08-24T02:11:40Z,0,0.0,0.00,79,12.7,0.00,Deactivated,27,28,0,0,8363
2026-08-24T02:11:40Z,0,0.0,0.00,79,12.7,0.00,Deactivated,27,28,0,0,8363
2026-08-24T02:11:40Z,0,0.0,0.00,79,12.7,0.00,Deactivated,27,28,0,0,8363
2026-08-24T02:11:42Z,0,0.0,0.00,79,12.7,0.00,Deactivated,27,28,0,0,8363
2026-08-24T02:11:42Z,0,0.0,0.00,79,12.7,0.00,Deactivated,27,28,0,0,8363
2026-08-24T02:11:42Z,0,0.0,0.00,79,12.7,0.00,Deactivated,27,28,0,0,8363
2026-08-24T02:11:43Z,0,0.0,0.00,79,12.7,0.00,Deactivated,27,28,0,0,8363
2026-08-24T02:11:43Z,0,0.0,0.00,79,12.7,0.00,Deactivated,27,28,0,0,8363
2026-08-24T02:11:43Z,0,0.0,0.00,79,12.7,0.00,Deactivated,27,28,0,0,8363
2026-08-24T02:11:44Z,0,0.0,0.00,79,12.7,0.00,Deactivated,27,28,0,0,8363
2026-08-24T02:11:44Z,0,0.0,0.00,79,12.7,0.00,Deactivated,27,28,0,0,8363
2026-08-24T02:11:44Z,0,0.0,0.00,79,12.7,0.00,Deactivated,27,28,0,0,8363
2026-08-24T02:11:45Z,0,0.0,0.00,79,12.7,0.00,Deactivated,27,28,0,0,8363
2026-08-24T02:11:45Z,0,0.0,0.00,79,12.7,0.00,Deactivated,27,28,0,0,8363
2026-08-24T02:11:45Z,0,0.0,0.00,79,12.7,0.00,Deactivated,27,28,0,0,8363
2026-08-24T02:11:45Z,0,0.0,0.00,79,12.7,0.00,Deactivated,27,28,0,0,8363
2026-08-24T02:11:45Z,0,0.0,0.00,79,12.7,0.00,Deactivated,27,28,0,0,8363
2026-08-24T02:11:45Z,0,0.0,0.00,79,12.7,0.00,Deactivated,27,28,0,0,8363
2026-08-24T02:11:47Z,0,0.0,0.00,79,12.7,0.00,Deactivated,27,28,0,0,8363
2026-08-24T02:11:47Z,0,0.0,0.00,79,12.7,0.00,Deactivated,27,28,0,0,8363
2026-08-24T02:11:47Z,0,0.0,0.00,79,12.7,0.00,Deactivated,27,28,0,0,8363
2026-08-24T02:11:48Z,0,0.0,0.00,79,12.7,0.00,Deactivated,27,28,0,0,8363
2026-08-24T02:11:48Z,0,0.0,0.00,79,12.7,0.00,Deactivated,27,28,0,0,8363
2026-08-24T02:11:48Z,0,0.0,0.00,79,12.7,0.00,Deactivated,27,28,0,0,8363
2026-08-24T02:11:49Z,0,0.0,0.00,78,12.7,0.00,Deactivated,27,28,0,0,8363
2026-08-24T02:11:49Z,0,0.0,0.00,78,12.7,0.00,Deactivated,27,28,0,0,8363
2026-08-24T02:11:49Z,0,0.0,0.00,78,12.7,0.00,Deactivated,27,28,0,0,8363
2026-08-24T02:11:50Z,0,0.0,0.00,78,12.7,0.00,Deactivated,27,28,0,0,8363
2026-08-24T02:11:50Z,0,0.0,0.00,78,12.7,0.00,Deactivated,27,28,0,0,8363
2026-08-24T02:11:50Z,0,0.0,0.00,78,12.7,0.00,Deactivated,27,28,0,0,8363
2026-08-24T02:11:51Z,0,0.0,0.00,78,12.7,0.00,Deactivated,27,28,0,0,8363
2026-08-24T02:11:51Z,0,0.0,0.00,78,12.7,0.00,Deactivated,27,28,0,0,8363
2026-08-24T02:11:51Z,0,0.0,0.00,78,12.7,0.00,Deactivated,27,28,0,0,8363
2026-08-24T02:11:52Z,0,0.0,0.00,78,12.7,0.00,Deactivated,27,28,0,0,8363
2026-08-24T02:11:52Z,0,0.0,0.00,78,12.7,0.00,Deactivated,27,28,0,0,8363
2026-08-24T02:11:52Z,0,0.0,0.00,78,12.7,0.00,Deactivated,27,28,0,0,8363
2026-08-24T02:11:53Z,0,0.0,0.00,78,12.7,0.00,Deactivated,27,28,0,0,8363
2026-08-24T02:11:53Z,0,0.0,0.00,78,12.7,0.00,Deactivated,27,28,0,0,8363
2026-08-24T02:11:53Z,0,0.0,0.00,78,12.7,0.00,Deactivated,27,28,0,0,8363
2026-08-24T02:11:54Z,0,0.0,0.00,78,12.7,0.00,Deactivated,27,28,0,0,8363
2026-08-24T02:11:54Z,0,0.0,0.00,78,12.7,0.00,Deactivated,27,28,0,0,8363
2026-08-24T02:11:54Z,0,0.0,0.00,78,12.7,0.00,Deactivated,27,28,0,0,8363
2026-08-24T02:11:55Z,0,0.0,0.00,78,12.7,0.00,Deactivated,27,28,0,0,8363
2026-08-24T02:11:55Z,0,0.0,0.00,78,12.7,0.00,Deactivated,27,28,0,0,8363
2026-08-24T02:11:55Z,0,0.0,0.00,78,12.7,0.00,Deactivated,27,28,0,0,8363
2026-08-24T02:11:56Z,0,0.0,0.00,78,12.7,0.00,Deactivated,27,28,0,0,8363
2026-08-24T02:11:56Z,0,0.0,0.00,78,12.7,0.00,Deactivated,27,28,0,0,8363
2026-08-24T02:11:56Z,0,0.0,0.00,78,12.7,0.00,Deactivated,27,28,0,0,8363
2026-08-24T02:11:57Z,0,0.0,0.00,78,12.7,0.00,Deactivated,27,28,0,0,8363
2026-08-24T02:11:57Z,0,0.0,0.00,78,12.7,0.00,Deactivated,27,28,0,0,8363
2026-08-24T02:11:57Z,0,0.0,0.00,78,12.7,0.00,Deactivated,27,28,0,0,8363
2026-08-24T02:11:57Z,0,0.0,0.00,78,12.7,0.00,Deactivated,27,28,0,0,8363
2026-08-24T02:11:57Z,0,0.0,0.00,78,12.7,0.00,Deactivated,27,28,0,0,8363
2026-08-24T02:11:57Z,0,0.0,0.00,78,12.7,0.00,Deactivated,27,28,0,0,8363
2026-08-24T02:11:58Z,0,0.0,0.00,79,12.7,0.00,Deactivated,27,28,0,0,8363
2026-08-24T02:11:58Z,0,0.0,0.00,79,12.7,0.00,Deactivated,27,28,0,0,8363
2026-08-24T02:11:58Z,0,0.0,0.00,79,12.7,0.00,Deactivated,27,28,0,0,8363
2026-08-24T02:12:00Z,0,0.0,0.00,79,12.7,0.00,Deactivated,27,28,0,0,8363
2026-08-24T02:12:00Z,0,0.0,0.00,79,12.7,0.00,Deactivated,27,28,0,0,8363
2026-08-24T02:12:00Z,0,0.0,0.00,79,12.7,0.00,Deactivated,27,28,0,0,8363
2026-08-24T02:12:01Z,0,0.0,0.00,79,12.7,0.00,Deactivated,27,28,0,0,8363
2026-08-24T02:12:01Z,0,0.0,0.00,79,12.7,0.00,Deactivated,27,28,0,0,8363
2026-08-24T02:12:01Z,0,0.0,0.00,79,12.7,0.00,Deactivated,27,28,0,0,8363
2026-08-24T02:12:02Z,0,0.0,0.00,79,12.7,0.00,Deactivated,27,28,0,0,8363
2026-08-24T02:12:02Z,0,0.0,0.00,79,12.7,0.00,Deactivated,27,28,0,0,8363
2026-08-24T02:12:02Z,0,0.0,0.00,79,12.7,0.00,Deactivated,27,28,0,0,8363
2026-08-24T02:12:03Z,0,0.0,0.00,79,12.7,0.00,Deactivated,27,28,0,0,8363
2026-08-24T02:12:03Z,0,0.0,0.00,79,12.7,0.00,Deactivated,27,28,0,0,8363
2026-08-24T02:12:03Z,0,0.0,0.00,79,12.7,0.00,Deactivated,27,28,0,0,8363
2026-08-24T02:12:04Z,0,0.0,0.00,78,12.7,0.00,Deactivated,27,28,0,0,8363
2026-08-24T02:12:04Z,0,0.0,0.00,78,12.7,0.00,Deactivated,27,28,0,0,8363
2026-08-24T02:12:04Z,0,0.0,0.00,78,12.7,0.00,Deactivated,27,28,0,0,8363
2026-08-24T02:12:05Z,0,0.0,0.00,78,12.7,0.00,Deactivated,27,28,0,0,8363
2026-08-24T02:12:05Z,0,0.0,0.00,78,12.7,0.00,Deactivated,27,28,0,0,8363
2026-08-24T02:12:05Z,0,0.0,0.00,78,12.7,0.00,Deactivated,27,28,0,0,8363
2026-08-24T02:12:06Z,0,0.0,0.00,78,12.7,0.00,Deactivated,27,28,0,0,8363
2026-08-24T02:12:06Z,0,0.0,0.00,78,12.7,0.00,Deactivated,27,28,0,0,8363
2026-08-24T02:12:06Z,0,0.0,0.00,78,12.7,0.00,Deactivated,27,28,0,0,8363
2026-08-24T02:12:07Z,0,0.0,0.00,78,12.7,0.00,Deactivated,27,28,0,0,8363
2026-08-24T02:12:07Z,0,0.0,0.00,78,12.7,0.00,Deactivated,27,28,0,0,8363
2026-08-24T02:12:07Z,0,0.0,0.00,78,12.7,0.00,Deactivated,27,28,0,0,8363
2026-08-24T02:12:08Z,0,0.0,0.00,78,12.7,0.00,Deactivated,27,28,0,0,8363
2026-08-24T02:12:08Z,0,0.0,0.00,78,12.7,0.00,Deactivated,27,28,0,0,8363
2026-08-24T02:12:08Z,0,0.0,0.00,78,12.7,0.00,Deactivated,27,28,0,0,8363
2026-08-24T02:12:09Z,0,0.0,0.00,78,12.7,0.00,Deactivated,27,28,0,0,8363
2026-08-24T02:12:09Z,0,0.0,0.00,78,12.7,0.00,Deactivated,27,28,0,0,8363
2026-08-24T02:12:09Z,0,0.0,0.00,78,12.7,0.00,Deactivated,27,28,0,0,8363
2026-08-24T02:12:09Z,0,0.0,0.00,78,12.7,0.00,Deactivated,27,28,0,0,8363
2026-08-24T02:12:09Z,0,0.0,0.00,78,12.7,0.00,Deactivated,27,28,0,0,8363
2026-08-24T02:12:09Z,0,0.0,0.00,78,12.7,0.00,Deactivated,27,28,0,0,8363
2026-08-24T02:12:10Z,0,0.0,0.00,78,12.7,0.00,Deactivated,27,28,0,0,8363
2026-08-24T02:12:10Z,0,0.0,0.00,78,12.7,0.00,Deactivated,27,28,0,0,8363
2026-08-24T02:12:10Z,0,0.0,0.00,78,12.7,0.00,Deactivated,27,28,0,0,8363
2026-08-24T02:12:12Z,0,0.0,0.00,78,12.7,0.00,Deactivated,27,28,0,0,8363
2026-08-24T02:12:12Z,0,0.0,0.00,78,12.7,0.00,Deactivated,27,28,0,0,8363
2026-08-24T02:12:12Z,0,0.0,0.00,78,12.7,0.00,Deactivated,27,28,0,0,8363
2026-08-24T02:12:13Z,0,0.0,0.00,78,12.7,0.00,Deactivated,27,28,0,0,8363
2026-08-24T02:12:13Z,0,0.0,0.00,78,12.7,0.00,Deactivated,27,28,0,0,8363
2026-08-24T02:12:13Z,0,0.0,0.00,78,12.7,0.00,Deactivated,27,28,0,0,8363
2026-08-24T02:12:14Z,0,0.0,0.00,78,12.7,0.00,Deactivated,27,28,0,0,8363
2026-08-24T02:12:14Z,0,0.0,0.00,78,12.7,0.00,Deactivated,27,28,0,0,8363
2026-08-24T02:12:14Z,0,0.0,0.00,78,12.7,0.00,Deactivated,27,28,0,0,8363
2026-08-24T02:12:15Z,0,0.0,0.00,78,12.7,0.00,Deactivated,27,28,0,0,8363
2026-08-24T02:12:15Z,0,0.0,0.00,78,12.7,0.00,Deactivated,27,28,0,0,8363
2026-08-24T02:12:15Z,0,0.0,0.00,78,12.7,0.00,Deactivated,27,28,0,0,8363
2026-08-24T02:12:15Z,0,0.0,0.00,78,12.7,0.00,Deactivated,27,28,0,0,8363
2026-08-24T02:12:15Z,0,0.0,0.00,78,12.7,0.00,Deactivated,27,28,0,0,8363
2026-08-24T02:12:15Z,0,0.0,0.00,78,12.7,0.00,Deactivated,27,28,0,0,8363
2026-08-24T02:12:17Z,0,0.0,0.00,78,12.7,0.00,Deactivated,27,28,0,0,8363
2026-08-24T02:12:17Z,0,0.0,0.00,78,12.7,0.00,Deactivated,27,28,0,0,8363
2026-08-24T02:12:17Z,0,0.0,0.00,78,12.7,0.00,Deactivated,27,28,0,0,8363
2026-08-24T02:12:18Z,0,0.0,0.00,78,12.7,0.00,Deactivated,27,28,0,0,8363
2026-08-24T02:12:18Z,0,0.0,0.00,78,12.7,0.00,Deactivated,27,28,0,0,8363
2026-08-24T02:12:18Z,0,0.0,0.00,78,12.7,0.00,Deactivated,27,28,0,0,8363
2026-08-24T02:12:18Z,0,0.0,0.00,78,12.7,0.00,Deactivated,27,28,0,0,8363
2026-08-24T02:12:18Z,0,0.0,0.00,78,12.7,0.00,Deactivated,27,28,0,0,8363
2026-08-24T02:12:18Z,0,0.0,0.00,78,12.7,0.00,Deactivated,27,28,0,0,8363
2026-08-24T02:12:20Z,0,0.0,0.00,78,12.7,0.00,Deactivated,27,28,0,0,8363
2026-08-24T02:12:20Z,0,0.0,0.00,78,12.7,0.00,Deactivated,27,28,0,0,8363
2026-08-24T02:12:20Z,0,0.0,0.00,78,12.7,0.00,Deactivated,27,28,0,0,8363
2026-08-24T02:12:21Z,0,0.0,0.00,78,12.7,0.00,Deactivated,27,28,0,0,8363
2026-08-24T02:12:21Z,0,0.0,0.00,78,12.7,0.00,Deactivated,27,28,0,0,8363
2026-08-24T02:12:21Z,0,0.0,0.00,78,12.7,0.00,Deactivated,27,28,0,0,8363
2026-08-24T02:12:22Z,0,0.0,0.00,78,12.7,0.00,Deactivated,27,28,0,0,8363
2026-08-24T02:12:22Z,0,0.0,0.00,78,12.7,0.00,Deactivated,27,28,0,0,8363
2026-08-24T02:12:22Z,0,0.0,0.00,78,12.7,0.00,Deactivated,27,28,0,0,8363
2026-08-24T02:12:23Z,0,0.0,0.00,78,12.7,0.00,Deactivated,27,28,0,0,8363
2026-08-24T02:12:23Z,0,0.0,0.00,78,12.7,0.00,Deactivated,27,28,0,0,8363
2026-08-24T02:12:23Z,0,0.0,0.00,78,12.7,0.00,Deactivated,27,28,0,0,8363
2026-08-24T02:12:24Z,0,0.0,0.00,78,12.7,0.00,Deactivated,27,28,0,0,8363
2026-08-24T02:12:24Z,0,0.0,0.00,78,12.7,0.00,Deactivated,27,28,0,0,8363
2026-08-24T02:12:24Z,0,0.0,0.00,78,12.7,0.00,Deactivated,27,28,0,0,8363
2026-08-24T02:12:25Z,0,0.0,0.00,78,12.7,0.00,Deactivated,27,28,0,0,8363
2026-08-24T02:12:25Z,0,0.0,0.00,78,12.7,0.00,Deactivated,27,28,0,0,8363
2026-08-24T02:12:25Z,0,0.0,0.00,78,12.7,0.00,Deactivated,27,28,0,0,8363
2026-08-24T02:12:26Z,0,0.0,0.00,78,12.7,0.00,Deactivated,27,28,0,0,8363
2026-08-24T02:12:26Z,0,0.0,0.00,78,12.7,0.00,Deactivated,27,28,0,0,8363
2026-08-24T02:12:26Z,0,0.0,0.00,78,12.7,0.00,Deactivated,27,28,0,0,8363
2026-08-24T02:12:26Z,0,0.0,0.00,78,12.7,0.00,Deactivated,27,28,0,0,8363
2026-08-24T02:12:26Z,0,0.0,0.00,78,12.7,0.00,Deactivated,27,28,0,0,8363
2026-08-24T02:12:26Z,0,0.0,0.00,78,12.7,0.00,Deactivated,27,28,0,0,8363
2026-08-24T02:12:28Z,0,0.0,0.00,78,12.7,0.00,Deactivated,27,28,0,0,8363
2026-08-24T02:12:28Z,0,0.0,0.00,78,12.7,0.00,Deactivated,27,28,0,0,8363
2026-08-24T02:12:28Z,0,0.0,0.00,78,12.7,0.00,Deactivated,27,28,0,0,8363
2026-08-24T02:12:29Z,0,0.0,0.00,78,12.7,0.00,Deactivated,27,28,0,0,8363
2026-08-24T02:12:29Z,0,0.0,0.00,78,12.7,0.00,Deactivated,27,28,0,0,8363
2026-08-24T02:12:29Z,0,0.0,0.00,78,12.7,0.00,Deactivated,27,28,0,0,8363
2026-08-24T02:12:30Z,0,0.0,0.00,78,12.7,0.00,Deactivated,27,28,0,0,8363
2026-08-24T02:12:30Z,0,0.0,0.00,78,12.7,0.00,Deactivated,27,28,0,0,8363
2026-08-24T02:12:30Z,0,0.0,0.00,78,12.7,0.00,Deactivated,27,28,0,0,8363
2026-08-24T02:12:31Z,0,0.0,0.00,78,12.7,0.00,Deactivated,27,28,0,0,8363
2026-08-24T02:12:31Z,0,0.0,0.00,78,12.7,0.00,Deactivated,27,28,0,0,8363
2026-08-24T02:12:31Z,0,0.0,0.00,78,12.7,0.00,Deactivated,27,28,0,0,8363
2026-08-24T02:12:32Z,0,0.0,0.00,78,12.7,0.00,Deactivated,27,28,0,0,8363
2026-08-24T02:12:32Z,0,0.0,0.00,78,12.7,0.00,Deactivated,27,28,0,0,8363
2026-08-24T02:12:32Z,0,0.0,0.00,78,12.7,0.00,Deactivated,27,28,0,0,8363
2026-08-24T02:12:33Z,0,0.0,0.00,78,12.7,0.00,Deactivated,27,28,0,0,8363
2026-08-24T02:12:33Z,0,0.0,0.00,78,12.7,0.00,Deactivated,27,28,0,0,8363
2026-08-24T02:12:33Z,0,0.0,0.00,78,12.7,0.00,Deactivated,27,28,0,0,8363
2026-08-24T02:12:34Z,0,0.0,0.00,78,12.7,0.00,Deactivated,27,28,0,0,8363
2026-08-24T02:12:34Z,0,0.0,0.00,78,12.7,0.00,Deactivated,27,28,0,0,8363
2026-08-24T02:12:34Z,0,0.0,0.00,78,12.7,0.00,Deactivated,27,28,0,0,8363
2026-08-24T02:12:35Z,0,0.0,0.00,78,12.7,0.00,Deactivated,27,28,0,0,8363
2026-08-24T02:12:35Z,0,0.0,0.00,78,12.7,0.00,Deactivated,27,28,0,0,8363
2026-08-24T02:12:35Z,0,0.0,0.00,78,12.7,0.00,Deactivated,27,28,0,0,8363
2026-08-24T02:12:36Z,0,0.0,0.00,78,12.7,0.00,Deactivated,27,28,0,0,8363
2026-08-24T02:12:36Z,0,0.0,0.00,78,12.7,0.00,Deactivated,27,28,0,0,8363
2026-08-24T02:12:36Z,0,0.0,0.00,78,12.7,0.00,Deactivated,27,28,0,0,8363
2026-08-24T02:12:37Z,0,0.0,0.00,78,12.7,0.00,Deactivated,27,28,0,0,8363
2026-08-24T02:12:37Z,0,0.0,0.00,78,12.7,0.00,Deactivated,27,28,0,0,8363
2026-08-24T02:12:37Z,0,0.0,0.00,78,12.7,0.00,Deactivated,27,28,0,0,8363
2026-08-24T02:12:41Z,0,0.0,0.00,78,12.7,0.00,Deactivated,27,28,0,0,8363
2026-08-24T02:12:41Z,0,0.0,0.00,78,12.7,0.00,Deactivated,27,28,0,0,8363
2026-08-24T02:12:41Z,0,0.0,0.00,78,12.7,0.00,Deactivated,27,28,0,0,8363
2026-08-24T02:12:42Z,0,0.0,0.00,78,12.7,0.00,Deactivated,27,28,0,0,8363
2026-08-24T02:12:42Z,0,0.0,0.00,78,12.7,0.00,Deactivated,27,28,0,0,8363
2026-08-24T02:12:42Z,0,0.0,0.00,78,12.7,0.00,Deactivated,27,28,0,0,8363
2026-08-24T02:12:43Z,0,0.0,0.00,78,12.7,0.00,Deactivated,27,28,0,0,8363
2026-08-24T02:12:43Z,0,0.0,0.00,78,12.7,0.00,Deactivated,27,28,0,0,8363
2026-08-24T02:12:43Z,0,0.0,0.00,78,12.7,0.00,Deactivated,27,28,0,0,8363
2026-08-24T02:12:43Z,0,0.0,0.00,78,12.7,0.00,Deactivated,27,28,0,0,8363
2026-08-24T02:12:43Z,0,0.0,0.00,78,12.7,0.00,Deactivated,27,28,0,0,8363
2026-08-24T02:12:43Z,0,0.0,0.00,78,12.7,0.00,Deactivated,27,28,0,0,8363
2026-08-24T02:12:45Z,0,0.0,0.00,78,12.7,0.00,Deactivated,27,28,0,0,8363
2026-08-24T02:12:45Z,0,0.0,0.00,78,12.7,0.00,Deactivated,27,28,0,0,8363
2026-08-24T02:12:45Z,0,0.0,0.00,78,12.7,0.00,Deactivated,27,28,0,0,8363
2026-08-24T02:12:46Z,0,0.0,0.00,78,12.7,0.00,Deactivated,27,28,0,0,8363
2026-08-24T02:12:46Z,0,0.0,0.00,78,12.7,0.00,Deactivated,27,28,0,0,8363
2026-08-24T02:12:46Z,0,0.0,0.00,78,12.7,0.00,Deactivated,27,28,0,0,8363
2026-08-24T02:12:47Z,0,0.0,0.00,78,12.7,0.00,Deactivated,27,28,0,0,8363
2026-08-24T02:12:47Z,0,0.0,0.00,78,12.7,0.00,Deactivated,27,28,0,0,8363
2026-08-24T02:12:47Z,0,0.0,0.00,78,12.7,0.00,Deactivated,27,28,0,0,8363
2026-08-24T02:12:48Z,0,0.0,0.00,78,12.7,0.00,Deactivated,27,28,0,0,8363
2026-08-24T02:12:48Z,0,0.0,0.00,78,12.7,0.00,Deactivated,27,28,0,0,8363
2026-08-24T02:12:48Z,0,0.0,0.00,78,12.7,0.00,Deactivated,27,28,0,0,8363
2026-08-24T02:12:48Z,0,0.0,0.00,78,12.7,0.00,Deactivated,27,28,0,0,8363
2026-08-24T02:12:48Z,0,0.0,0.00,78,12.7,0.00,Deactivated,27,28,0,0,8363
2026-08-24T02:12:48Z,0,0.0,0.00,78,12.7,0.00,Deactivated,27,28,0,0,8363
2026-08-24T02:12:50Z,0,0.0,0.00,76,12.7,0.00,Deactivated,27,28,0,0,8363
2026-08-24T02:12:50Z,0,0.0,0.00,76,12.7,0.00,Deactivated,27,28,0,0,8363
2026-08-24T02:12:50Z,0,0.0,0.00,76,12.7,0.00,Deactivated,27,28,0,0,8363
2026-08-24T02:12:50Z,0,0.0,0.00,76,12.7,0.00,Deactivated,27,28,0,0,8363
2026-08-24T02:12:50Z,0,0.0,0.00,76,12.7,0.00,Deactivated,27,28,0,0,8363
2026-08-24T02:12:50Z,0,0.0,0.00,76,12.7,0.00,Deactivated,27,28,0,0,8363
2026-08-24T02:12:51Z,0,0.0,0.00,76,12.7,0.00,Deactivated,27,28,0,0,8363
2026-08-24T02:12:51Z,0,0.0,0.00,76,12.7,0.00,Deactivated,27,28,0,0,8363
2026-08-24T02:12:51Z,0,0.0,0.00,76,12.7,0.00,Deactivated,27,28,0,0,8363
2026-08-24T02:12:52Z,0,0.0,0.00,76,12.7,0.00,Deactivated,27,28,0,0,8363
2026-08-24T02:12:52Z,0,0.0,0.00,76,12.7,0.00,Deactivated,27,28,0,0,8363
2026-08-24T02:12:52Z,0,0.0,0.00,76,12.7,0.00,Deactivated,27,28,0,0,8363
2026-08-24T02:12:53Z,0,0.0,0.00,76,12.7,0.00,Deactivated,27,28,0,0,8363
2026-08-24T02:12:53Z,0,0.0,0.00,76,12.7,0.00,Deactivated,27,28,0,0,8363
2026-08-24T02:12:53Z,0,0.0,0.00,76,12.7,0.00,Deactivated,27,28,0,0,8363
2026-08-24T02:12:55Z,0,0.0,0.00,78,12.7,0.00,Deactivated,27,28,0,0,8363
2026-08-24T02:12:55Z,0,0.0,0.00,78,12.7,0.00,Deactivated,27,28,0,0,8363
2026-08-24T02:12:55Z,0,0.0,0.00,78,12.7,0.00,Deactivated,27,28,0,0,8363
2026-08-24T02:12:56Z,0,0.0,0.00,78,12.7,0.00,Deactivated,27,28,0,0,8363
2026-08-24T02:12:56Z,0,0.0,0.00,78,12.7,0.00,Deactivated,27,28,0,0,8363
2026-08-24T02:12:56Z,0,0.0,0.00,78,12.7,0.00,Deactivated,27,28,0,0,8363
2026-08-24T02:12:57Z,0,0.0,0.00,78,12.7,0.00,Deactivated,27,28,0,0,8363
2026-08-24T02:12:57Z,0,0.0,0.00,78,12.7,0.00,Deactivated,27,28,0,0,8363
2026-08-24T02:12:57Z,0,0.0,0.00,78,12.7,0.00,Deactivated,27,28,0,0,8363
2026-08-24T02:12:57Z,0,0.0,0.00,78,12.7,0.00,Deactivated,27,28,0,0,8363
2026-08-24T02:12:57Z,0,0.0,0.00,78,12.7,0.00,Deactivated,27,28,0,0,8363
2026-08-24T02:12:57Z,0,0.0,0.00,78,12.7,0.00,Deactivated,27,28,0,0,8363
2026-08-24T02:12:59Z,0,0.0,0.00,78,12.7,0.00,Deactivated,27,28,0,0,8363
2026-08-24T02:12:59Z,0,0.0,0.00,78,12.7,0.00,Deactivated,27,28,0,0,8363
2026-08-24T02:12:59Z,0,0.0,0.00,78,12.7,0.00,Deactivated,27,28,0,0,8363
2026-08-24T02:13:00Z,0,0.0,0.00,78,12.7,0.00,Deactivated,27,28,0,0,8363
2026-08-24T02:13:00Z,0,0.0,0.00,78,12.7,0.00,Deactivated,27,28,0,0,8363
2026-08-24T02:13:00Z,0,0.0,0.00,78,12.7,0.00,Deactivated,27,28,0,0,8363
2026-08-24T02:13:01Z,0,0.0,0.00,78,12.7,0.00,Deactivated,27,28,0,0,8363
2026-08-24T02:13:01Z,0,0.0,0.00,78,12.7,0.00,Deactivated,27,28,0,0,8363
2026-08-24T02:13:01Z,0,0.0,0.00,78,12.7,0.00,Deactivated,27,28,0,0,8363
2026-08-24T02:13:02Z,0,0.0,0.00,78,12.7,0.00,Deactivated,27,28,0,0,8363
2026-08-24T02:13:02Z,0,0.0,0.00,78,12.7,0.00,Deactivated,27,28,0,0,8363
2026-08-24T02:13:02Z,0,0.0,0.00,78,12.7,0.00,Deactivated,27,28,0,0,8363
2026-08-24T02:13:03Z,0,0.0,0.00,78,12.7,0.00,Deactivated,27,28,0,0,8363
2026-08-24T02:13:03Z,0,0.0,0.00,78,12.7,0.00,Deactivated,27,28,0,0,8363
2026-08-24T02:13:03Z,0,0.0,0.00,78,12.7,0.00,Deactivated,27,28,0,0,8363
2026-08-24T02:13:04Z,0,0.0,0.00,78,12.7,0.00,Deactivated,27,28,0,0,8363
2026-08-24T02:13:04Z,0,0.0,0.00,78,12.7,0.00,Deactivated,27,28,0,0,8363
2026-08-24T02:13:04Z,0,0.0,0.00,78,12.7,0.00,Deactivated,27,28,0,0,8363
2026-08-24T02:13:05Z,0,0.0,0.00,78,12.7,0.00,Deactivated,27,28,0,0,8363
2026-08-24T02:13:05Z,0,0.0,0.00,78,12.7,0.00,Deactivated,27,28,0,0,8363
2026-08-24T02:13:05Z,0,0.0,0.00,78,12.7,0.00,Deactivated,27,28,0,0,8363
2026-08-24T02:13:05Z,0,0.0,0.00,78,12.7,0.00,Deactivated,27,28,0,0,8363
2026-08-24T02:13:05Z,0,0.0,0.00,78,12.7,0.00,Deactivated,27,28,0,0,8363
2026-08-24T02:13:05Z,0,0.0,0.00,78,12.7,0.00,Deactivated,27,28,0,0,8363
2026-08-24T02:13:07Z,0,0.0,0.00,78,12.7,0.00,Deactivated,27,28,0,0,8363
2026-08-24T02:13:07Z,0,0.0,0.00,78,12.7,0.00,Deactivated,27,28,0,0,8363
2026-08-24T02:13:07Z,0,0.0,0.00,78,12.7,0.00,Deactivated,27,28,0,0,8363
2026-08-24T02:13:08Z,0,0.0,0.00,78,12.7,0.00,Deactivated,27,28,0,0,8363
2026-08-24T02:13:08Z,0,0.0,0.00,78,12.7,0.00,Deactivated,27,28,0,0,8363
2026-08-24T02:13:08Z,0,0.0,0.00,78,12.7,0.00,Deactivated,27,28,0,0,8363
2026-08-24T02:13:08Z,0,0.0,0.00,78,12.7,0.00,Deactivated,27,28,0,0,8363
2026-08-24T02:13:08Z,0,0.0,0.00,78,12.7,0.00,Deactivated,27,28,0,0,8363
2026-08-24T02:13:08Z,0,0.0,0.00,78,12.7,0.00,Deactivated,27,28,0,0,8363
2026-08-24T02:13:10Z,0,0.0,0.00,79,12.7,0.00,Deactivated,27,28,0,0,8363
2026-08-24T02:13:10Z,0,0.0,0.00,79,12.7,0.00,Deactivated,27,28,0,0,8363
2026-08-24T02:13:10Z,0,0.0,0.00,79,12.7,0.00,Deactivated,27,28,0,0,8363
2026-08-24T02:13:11Z,0,0.0,0.00,79,12.7,0.00,Deactivated,27,28,0,0,8363
2026-08-24T02:13:11Z,0,0.0,0.00,79,12.7,0.00,Deactivated,27,28,0,0,8363
2026-08-24T02:13:11Z,0,0.0,0.00,79,12.7,0.00,Deactivated,27,28,0,0,8363
2026-08-24T02:13:12Z,0,0.0,0.00,79,12.7,0.00,Deactivated,27,28,0,0,8363
2026-08-24T02:13:12Z,0,0.0,0.00,79,12.7,0.00,Deactivated,27,28,0,0,8363
2026-08-24T02:13:12Z,0,0.0,0.00,79,12.7,0.00,Deactivated,27,28,0,0,8363
2026-08-24T02:13:13Z,0,0.0,0.00,79,12.7,0.00,Deactivated,27,28,0,0,8363
2026-08-24T02:13:13Z,0,0.0,0.00,79,12.7,0.00,Deactivated,27,28,0,0,8363
2026-08-24T02:13:13Z,0,0.0,0.00,79,12.7,0.00,Deactivated,27,28,0,0,8363
2026-08-24T02:13:14Z,0,0.0,0.00,79,12.7,0.00,Deactivated,27,28,0,0,8363
2026-08-24T02:13:14Z,0,0.0,0.00,79,12.7,0.00,Deactivated,27,28,0,0,8363
2026-08-24T02:13:14Z,0,0.0,0.00,79,12.7,0.00,Deactivated,27,28,0,0,8363
2026-08-24T02:13:15Z,0,0.0,0.00,79,12.7,0.00,Deactivated,27,28,0,0,8363
2026-08-24T02:13:15Z,0,0.0,0.00,79,12.7,0.00,Deactivated,27,28,0,0,8363
2026-08-24T02:13:15Z,0,0.0,0.00,79,12.7,0.00,Deactivated,27,28,0,0,8363
2026-08-24T02:13:15Z,0,0.0,0.00,79,12.7,0.00,Deactivated,27,28,0,0,8363
2026-08-24T02:13:15Z,0,0.0,0.00,79,12.7,0.00,Deactivated,27,28,0,0,8363
2026-08-24T02:13:15Z,0,0.0,0.00,79,12.7,0.00,Deactivated,27,28,0,0,8363
2026-08-24T02:13:17Z,0,0.0,0.00,79,12.7,0.00,Deactivated,27,28,0,0,8363
2026-08-24T02:13:17Z,0,0.0,0.00,79,12.7,0.00,Deactivated,27,28,0,0,8363
2026-08-24T02:13:17Z,0,0.0,0.00,79,12.7,0.00,Deactivated,27,28,0,0,8363
2026-08-24T02:13:17Z,0,0.0,0.00,79,12.7,0.00,Deactivated,27,28,0,0,8363
2026-08-24T02:13:17Z,0,0.0,0.00,79,12.7,0.00,Deactivated,27,28,0,0,8363
2026-08-24T02:13:17Z,0,0.0,0.00,79,12.7,0.00,Deactivated,27,28,0,0,8363
2026-08-24T02:13:18Z,0,0.0,0.00,79,12.7,0.00,Deactivated,27,28,0,0,8363
2026-08-24T02:13:18Z,0,0.0,0.00,79,12.7,0.00,Deactivated,27,28,0,0,8363
2026-08-24T02:13:18Z,0,0.0,0.00,79,12.7,0.00,Deactivated,27,28,0,0,8363
2026-08-24T02:13:20Z,0,0.0,0.00,78,12.7,0.00,Deactivated,27,28,0,0,8363
2026-08-24T02:13:20Z,0,0.0,0.00,78,12.7,0.00,Deactivated,27,28,0,0,8363
2026-08-24T02:13:20Z,0,0.0,0.00,78,12.7,0.00,Deactivated,27,28,0,0,8363
2026-08-24T02:13:21Z,0,0.0,0.00,78,12.7,0.00,Deactivated,27,28,0,0,8363
2026-08-24T02:13:21Z,0,0.0,0.00,78,12.7,0.00,Deactivated,27,28,0,0,8363
2026-08-24T02:13:21Z,0,0.0,0.00,78,12.7,0.00,Deactivated,27,28,0,0,8363
2026-08-24T02:13:22Z,0,0.0,0.00,78,12.7,0.00,Deactivated,27,28,0,0,8363
2026-08-24T02:13:22Z,0,0.0,0.00,78,12.7,0.00,Deactivated,27,28,0,0,8363
2026-08-24T02:13:22Z,0,0.0,0.00,78,12.7,0.00,Deactivated,27,28,0,0,8363
2026-08-24T02:13:23Z,0,0.0,0.00,78,12.7,0.00,Deactivated,27,28,0,0,8363
2026-08-24T02:13:23Z,0,0.0,0.00,78,12.7,0.00,Deactivated,27,28,0,0,8363
2026-08-24T02:13:23Z,0,0.0,0.00,78,12.7,0.00,Deactivated,27,28,0,0,8363
2026-08-24T02:13:24Z,0,0.0,0.00,78,12.7,0.00,Deactivated,27,28,0,0,8363
2026-08-24T02:13:24Z,0,0.0,0.00,78,12.7,0.00,Deactivated,27,28,0,0,8363
2026-08-24T02:13:24Z,0,0.0,0.00,78,12.7,0.00,Deactivated,27,28,0,0,8363
2026-08-24T02:13:25Z,0,0.0,0.00,78,12.7,0.00,Deactivated,27,28,0,0,8363
2026-08-24T02:13:25Z,0,0.0,0.00,78,12.7,0.00,Deactivated,27,28,0,0,8363
2026-08-24T02:13:25Z,0,0.0,0.00,78,12.7,0.00,Deactivated,27,28,0,0,8363
2026-08-24T02:13:26Z,0,0.0,0.00,78,12.7,0.00,Deactivated,27,28,0,0,8363
2026-08-24T02:13:26Z,0,0.0,0.00,78,12.7,0.00,Deactivated,27,28,0,0,8363
2026-08-24T02:13:26Z,0,0.0,0.00,78,12.7,0.00,Deactivated,27,28,0,0,8363
2026-08-24T02:13:26Z,0,0.0,0.00,78,12.7,0.00,Deactivated,27,28,0,0,8363
2026-08-24T02:13:26Z,0,0.0,0.00,78,12.7,0.00,Deactivated,27,28,0,0,8363
2026-08-24T02:13:26Z,0,0.0,0.00,78,12.7,0.00,Deactivated,27,28,0,0,8363
2026-08-24T02:13:47Z,0,0.0,0.00,78,12.7,0.00,Deactivated,27,28,0,0,8363
2026-08-24T02:13:55Z,0,0.0,0.00,78,12.7,0.00,Deactivated,27,28,0,0,8363
2026-08-24T02:14:03Z,0,0.0,0.00,78,12.7,0.00,Deactivated,27,28,0,0,8363
2026-08-24T02:14:11Z,0,0.0,0.00,78,12.7,0.00,Deactivated,27,28,0,0,8363
2026-08-24T02:14:20Z,0,0.0,0.00,78,12.7,0.00,Deactivated,27,28,0,0,8363
2026-08-24T02:14:28Z,0,0.0,0.00,78,12.7,0.00,Deactivated,27,28,0,0,8363
2026-08-24T02:14:41Z,0,0.0,0.00,78,12.7,0.00,Deactivated,27,28,0,0,8363
2026-08-24T02:14:51Z,0,0.0,0.00,78,12.7,0.00,Deactivated,27,28,0,0,8363
2026-08-24T02:15:02Z,0,0.0,0.00,78,12.7,0.00,Deactivated,27,28,0,0,8363
2026-08-24T02:15:12Z,0,0.0,0.00,79,12.7,0.00,Deactivated,27,28,0,0,8363
2026-08-24T02:15:22Z,0,0.0,0.00,78,12.7,0.00,Deactivated,27,28,0,0,8363
2026-08-24T02:15:32Z,0,0.0,0.00,78,12.7,0.00,Deactivated,27,28,0,0,8363
2026-08-24T02:15:42Z,0,0.0,0.00,79,12.7,0.00,Deactivated,27,28,0,0,8363
2026-08-24T02:15:52Z,0,0.0,0.00,79,12.7,0.00,Deactivated,27,28,0,0,8363
2026-08-24T02:16:02Z,0,0.0,0.00,78,12.7,0.00,Deactivated,27,28,0,0,8363
2026-08-24T02:16:12Z,0,0.0,0.00,78,12.7,0.00,Deactivated,27,28,0,0,8363
2026-08-24T02:16:22Z,0,0.0,0.00,78,12.7,0.00,Deactivated,27,28,0,0,8363
2026-08-24T02:16:32Z,0,0.0,0.00,78,12.7,0.00,Deactivated,27,28,0,0,8363
2026-08-24T02:16:42Z,0,0.0,0.00,78,12.7,0.00,Deactivated,27,28,0,0,8363
2026-08-24T02:16:52Z,0,0.0,0.00,78,12.7,0.00,Deactivated,27,28,0,0,8363
2026-08-24T02:17:02Z,0,0.0,0.00,78,12.7,0.00,Deactivated,27,28,0,0,8363
2026-08-24T02:17:11Z,0,0.0,0.00,78,12.7,0.00,Deactivated,27,28,0,0,8363
2026-08-24T02:17:22Z,0,0.0,0.00,78,12.7,0.00,Deactivated,27,28,0,0,8363
2026-08-24T02:17:32Z,0,0.0,0.00,78,12.7,0.00,Deactivated,27,28,0,0,8363
2026-08-24T02:17:42Z,0,0.0,0.00,78,12.7,0.00,Deactivated,27,28,0,0,8363
2026-08-24T02:17:52Z,0,0.0,0.00,78,12.7,0.00,Deactivated,27,28,0,0,8363
2026-08-24T02:18:02Z,0,0.0,0.00,78,12.7,0.00,Deactivated,27,28,0,0,8363
2026-08-24T02:18:12Z,0,0.0,0.00,78,12.7,0.00,Deactivated,27,28,0,0,8363
2026-08-24T02:18:22Z,0,0.0,0.00,78,12.7,0.00,Deactivated,27,28,0,0,8363
2026-08-24T02:18:32Z,0,0.0,0.00,78,12.7,0.00,Deactivated,27,28,0,0,8363
2026-08-24T02:18:42Z,0,0.0,0.00,78,12.7,0.00,Deactivated,27,28,0,0,8363
2026-08-24T02:18:52Z,0,0.0,0.00,80,12.7,0.00,Deactivated,27,28,0,0,8363
2026-08-24T02:19:02Z,0,0.0,0.00,78,12.7,0.00,Deactivated,27,28,0,0,8363
2026-08-24T02:19:12Z,0,0.0,0.00,78,12.7,0.00,Deactivated,27,28,0,0,8363
2026-08-24T02:19:21Z,0,0.0,0.00,78,12.7,0.00,Deactivated,27,28,0,0,8363
2026-08-24T02:19:31Z,0,0.0,0.00,78,12.7,0.00,Deactivated,27,28,0,0,8363
2026-08-24T02:19:41Z,0,0.0,0.00,78,12.7,0.00,Deactivated,27,28,0,0,8363
2026-08-24T02:19:52Z,0,0.0,0.00,80,12.7,0.00,Deactivated,27,28,0,0,8363
2026-08-24T02:20:01Z,0,0.0,0.00,78,12.7,0.00,Deactivated,27,28,0,0,8363
2026-08-24T02:20:12Z,0,0.0,0.00,78,12.7,0.00,Deactivated,27,28,0,0,8363
2026-08-24T02:20:22Z,0,0.0,0.00,78,12.7,0.00,Deactivated,27,28,0,0,8363
2026-08-24T02:20:32Z,0,0.0,0.00,78,12.7,0.00,Deactivated,27,28,0,0,8363
2026-08-24T02:20:42Z,0,0.0,0.00,78,12.7,0.00,Deactivated,27,28,0,0,8363
2026-08-24T02:20:52Z,0,0.0,0.00,78,12.7,0.00,Deactivated,27,28,0,0,8363
2026-08-24T02:21:01Z,0,0.0,0.00,78,12.7,0.00,Deactivated,27,28,0,0,8363
2026-08-24T02:21:12Z,0,0.0,0.00,78,12.7,0.00,Deactivated,27,28,0,0,8363
2026-08-24T02:21:22Z,0,0.0,0.00,78,12.7,0.00,Deactivated,27,28,0,0,8363
2026-08-24T02:21:32Z,0,0.0,0.00,78,12.7,0.00,Deactivated,27,28,0,0,8363
2026-08-24T02:21:42Z,0,0.0,0.00,78,12.7,0.00,Deactivated,27,28,0,0,8363
2026-08-24T02:21:52Z,0,0.0,0.00,78,12.7,0.00,Deactivated,27,28,0,0,8363
2026-08-24T02:22:01Z,0,0.0,0.00,78,12.7,0.00,Deactivated,27,28,0,0,8363
2026-08-24T02:22:12Z,0,0.0,0.00,78,12.7,0.00,Deactivated,27,28,0,0,8363
2026-08-24T02:22:22Z,0,0.0,0.00,78,12.7,0.00,Deactivated,27,28,0,0,8363
2026-08-24T02:22:32Z,0,0.0,0.00,78,12.7,0.00,Deactivated,27,28,0,0,8363
2026-08-24T02:22:42Z,0,0.0,0.00,78,12.7,0.00,Deactivated,27,28,0,0,8363
2026-08-24T02:22:52Z,0,0.0,0.00,78,12.7,0.00,Deactivated,27,28,0,0,8363
2026-08-24T02:23:02Z,0,0.0,0.00,78,12.7,0.00,Deactivated,27,28,0,0,8363
2026-08-24T02:23:12Z,0,0.0,0.00,78,12.7,0.00,Deactivated,27,28,0,0,8363
2026-08-24T02:23:22Z,0,0.0,0.00,78,12.7,0.00,Deactivated,27,28,0,0,8363
2026-08-24T02:23:32Z,0,0.0,0.00,78,12.7,0.00,Deactivated,27,28,0,0,8363
2026-08-24T02:23:42Z,0,0.0,0.00,78,12.7,0.00,Deactivated,27,28,0,0,8363
2026-08-24T02:23:52Z,0,0.0,0.00,78,12.7,0.00,Deactivated,27,28,0,0,8363
2026-08-24T02:24:02Z,0,0.0,0.00,78,12.7,0.00,Deactivated,27,28,0,0,8363
2026-08-24T02:24:12Z,0,0.0,0.00,78,12.7,0.00,Deactivated,27,28,0,0,8363
2026-08-24T02:24:21Z,0,0.0,0.00,78,12.7,0.00,Deactivated,27,28,0,0,8363
2026-08-24T02:24:32Z,0,0.0,0.00,78,12.7,0.00,Deactivated,27,28,0,0,8363
2026-08-24T02:24:42Z,0,0.0,0.00,79,12.7,0.00,Deactivated,27,28,0,0,8363
2026-08-24T02:24:51Z,0,0.0,0.00,78,12.7,0.00,Deactivated,27,28,0,0,8363
2026-08-24T02:25:02Z,0,0.0,0.00,78,12.7,0.00,Deactivated,27,28,0,0,8363
2026-08-24T02:25:12Z,0,0.0,0.00,79,12.7,0.00,Deactivated,27,28,0,0,8363
2026-08-24T02:25:22Z,0,0.0,0.00,78,12.7,0.00,Deactivated,27,28,0,0,8363
2026-08-24T02:25:32Z,0,0.0,0.00,78,12.7,0.00,Deactivated,27,28,0,0,8363
2026-08-24T02:25:42Z,0,0.0,0.00,78,12.7,0.00,Deactivated,27,28,0,0,8363
2026-08-24T02:25:52Z,0,0.0,0.00,79,12.7,0.00,Deactivated,27,28,0,0,8363
2026-08-24T02:26:02Z,0,0.0,0.00,78,12.7,0.00,Deactivated,27,28,0,0,8363
2026-08-24T02:26:11Z,0,0.0,0.00,78,12.7,0.00,Deactivated,27,28,0,0,8363
2026-08-24T02:26:22Z,0,0.0,0.00,78,12.7,0.00,Deactivated,27,28,0,0,8363
2026-08-24T02:26:32Z,0,0.0,0.00,78,12.7,0.00,Deactivated,27,28,0,0,8363
2026-08-24T02:26:42Z,0,0.0,0.00,79,12.7,0.00,Deactivated,27,28,0,0,8363
2026-08-24T02:26:52Z,0,0.0,0.00,78,12.7,0.00,Deactivated,27,28,0,0,8363
2026-08-24T02:27:02Z,0,0.0,0.00,78,12.7,0.00,Deactivated,27,28,0,0,8363
2026-08-24T02:27:12Z,0,0.0,0.00,78,12.7,0.00,Deactivated,27,28,0,0,8363
2026-08-24T02:27:22Z,0,0.0,0.00,78,12.7,0.00,Deactivated,27,28,0,0,8363
2026-08-24T02:27:31Z,0,0.0,0.00,78,12.7,0.00,Deactivated,27,28,0,0,8363
2026-08-24T02:27:41Z,0,0.0,0.00,78,12.7,0.00,Deactivated,27,28,0,0,8363
2026-08-24T02:27:52Z,0,0.0,0.00,78,12.7,0.00,Deactivated,27,28,0,0,8363
2026-08-24T02:28:01Z,0,0.0,0.00,78,12.7,0.00,Deactivated,27,28,0,0,8363
2026-08-24T02:28:11Z,0,0.0,0.00,78,12.7,0.00,Deactivated,27,28,0,0,8363
2026-08-24T02:28:21Z,0,0.0,0.00,79,12.7,0.00,Deactivated,27,28,0,0,8363
2026-08-24T02:28:31Z,0,0.0,0.00,79,12.7,0.00,Deactivated,27,28,0,0,8363
2026-08-24T02:28:42Z,0,0.0,0.00,78,12.7,0.00,Deactivated,27,28,0,0,8363
2026-08-24T02:28:52Z,0,0.0,0.00,78,12.7,0.00,Deactivated,27,28,0,0,8363
2026-08-24T02:29:02Z,0,0.0,0.00,78,12.7,0.00,Deactivated,27,28,0,0,8363
2026-08-24T02:29:12Z,0,0.0,0.00,78,12.7,0.00,Deactivated,27,28,0,0,8363
2026-08-24T02:29:22Z,0,0.0,0.00,78,12.7,0.00,Deactivated,27,28,0,0,8363
2026-08-24T02:29:32Z,0,0.0,0.00,78,12.7,0.00,Deactivated,27,28,0,0,8363
2026-08-24T02:29:42Z,0,0.0,0.00,78,12.7,0.00,Deactivated,27,28,0,0,8363
2026-08-24T02:29:52Z,0,0.0,0.00,78,12.7,0.00,Deactivated,27,28,0,0,8363
2026-08-24T02:30:01Z,0,0.0,0.00,78,12.7,0.00,Deactivated,27,28,0,0,8363
2026-08-24T02:30:11Z,0,0.0,0.00,78,12.7,0.00,Deactivated,27,28,0,0,8363
2026-08-24T02:30:21Z,0,0.0,0.00,78,12.7,0.00,Deactivated,27,28,0,0,8363
2026-08-24T02:30:31Z,0,0.0,0.00,78,12.7,0.00,Deactivated,27,28,0,0,8363
2026-08-24T02:30:41Z,0,0.0,0.00,78,12.7,0.00,Deactivated,27,28,0,0,8363
2026-08-24T02:30:51Z,0,0.0,0.00,78,12.7,0.00,Deactivated,27,28,0,0,8363
2026-08-24T02:31:01Z,0,0.0,0.00,78,12.7,0.00,Deactivated,27,28,0,0,8363
2026-08-24T02:31:11Z,0,0.0,0.00,78,12.7,0.00,Deactivated,27,28,0,0,8363
2026-08-24T02:31:22Z,0,0.0,0.00,78,12.7,0.00,Deactivated,27,28,0,0,8363
2026-08-24T02:31:32Z,0,0.0,0.00,79,12.7,0.00,Deactivated,27,28,0,0,8363
2026-08-24T02:31:41Z,0,0.0,0.00,78,12.7,0.00,Deactivated,27,28,0,0,8363
2026-08-24T02:31:51Z,0,0.0,0.00,78,12.7,0.00,Deactivated,27,28,0,0,8363
2026-08-24T02:32:01Z,0,0.0,0.00,78,12.7,0.00,Deactivated,27,28,0,0,8363
2026-08-24T02:32:12Z,0,0.0,0.00,78,12.7,0.00,Deactivated,27,28,0,0,8363
2026-08-24T02:32:21Z,0,0.0,0.00,78,12.7,0.00,Deactivated,27,28,0,0,8363
2026-08-24T02:32:32Z,0,0.0,0.00,78,12.7,0.00,Deactivated,27,28,0,0,8363
2026-08-24T02:32:42Z,0,0.0,0.00,78,12.7,0.00,Deactivated,27,28,0,0,8363
2026-08-24T02:32:52Z,0,0.0,0.00,78,12.7,0.00,Deactivated,27,28,0,0,8363
2026-08-24T02:33:02Z,0,0.0,0.00,79,12.7,0.00,Deactivated,27,28,0,0,8363
2026-08-24T02:33:11Z,0,0.0,0.00,78,12.7,0.00,Deactivated,27,28,0,0,8363
2026-08-24T02:33:22Z,0,0.0,0.00,78,12.7,0.00,Deactivated,27,28,0,0,8363
2026-08-24T02:33:32Z,0,0.0,0.00,78,12.7,0.00,Deactivated,27,28,0,0,8363
2026-08-24T02:33:41Z,0,0.0,0.00,78,12.7,0.00,Deactivated,27,28,0,0,8363
2026-08-24T02:33:52Z,0,0.0,0.00,78,12.7,0.00,Deactivated,27,28,0,0,8363
2026-08-24T02:34:02Z,0,0.0,0.00,78,12.7,0.00,Deactivated,27,28,0,0,8363
2026-08-24T02:34:12Z,0,0.0,0.00,79,12.7,0.00,Deactivated,27,28,0,0,8363
2026-08-24T02:34:22Z,0,0.0,0.00,78,12.7,0.00,Deactivated,27,28,0,0,8363
2026-08-24T02:34:32Z,0,0.0,0.00,79,12.7,0.00,Deactivated,27,28,0,0,8363
2026-08-24T02:34:42Z,0,0.0,0.00,78,12.7,0.00,Deactivated,27,28,0,0,8363
2026-08-24T02:34:53Z,0,0.0,0.00,79,12.7,0.00,Deactivated,27,28,0,0,8363
2026-08-24T02:35:02Z,0,0.0,0.00,78,12.7,0.00,Deactivated,27,28,0,0,8363
2026-08-24T02:35:12Z,0,0.0,0.00,79,12.7,0.00,Deactivated,27,28,0,0,8363
2026-08-24T02:35:22Z,0,0.0,0.00,78,12.7,0.00,Deactivated,27,28,0,0,8363
2026-08-24T02:35:32Z,0,0.0,0.00,78,12.7,0.00,Deactivated,27,28,0,0,8363
2026-08-24T02:35:42Z,0,0.0,0.00,78,12.7,0.00,Deactivated,27,28,0,0,8363
2026-08-24T02:35:52Z,0,0.0,0.00,78,12.7,0.00,Deactivated,27,28,0,0,8363
2026-08-24T02:36:02Z,0,0.0,0.00,78,12.7,0.00,Deactivated,27,28,0,0,8363
2026-08-24T02:36:12Z,0,0.0,0.00,78,12.7,0.00,Deactivated,27,28,0,0,8363
2026-08-24T02:36:22Z,0,0.0,0.00,78,12.7,0.00,Deactivated,27,28,0,0,8363
2026-08-24T02:36:32Z,0,0.0,0.00,78,12.7,0.00,Deactivated,27,28,0,0,8363
2026-08-24T02:36:42Z,0,0.0,0.00,78,12.7,0.00,Deactivated,27,28,0,0,8363
2026-08-24T02:36:51Z,0,0.0,0.00,78,12.7,0.00,Deactivated,27,28,0,0,8363
2026-08-24T02:37:02Z,0,0.0,0.00,78,12.7,0.00,Deactivated,27,28,0,0,8363
2026-08-24T02:37:20Z,0,0.0,0.00,78,12.7,0.00,Deactivated,27,28,0,0,8363
2026-08-24T02:37:31Z,0,0.0,0.00,78,12.7,0.00,Deactivated,27,28,0,0,8363
2026-08-24T02:37:41Z,0,0.0,0.00,78,12.7,0.00,Deactivated,27,28,0,0,8363
2026-08-24T02:37:51Z,0,0.0,0.00,78,12.7,0.00,Deactivated,27,28,0,0,8363
2026-08-24T02:38:01Z,0,0.0,0.00,78,12.7,0.00,Deactivated,27,28,0,0,8363
2026-08-24T02:38:11Z,0,0.0,0.00,78,12.7,0.00,Deactivated,27,28,0,0,8363
2026-08-24T02:38:21Z,0,0.0,0.00,78,12.7,0.00,Deactivated,27,28,0,0,8363
2026-08-24T02:38:31Z,0,0.0,0.00,78,12.7,0.00,Deactivated,27,28,0,0,8363
2026-08-24T02:38:41Z,0,0.0,0.00,78,12.7,0.00,Deactivated,27,28,0,0,8363
2026-08-24T02:38:52Z,0,0.0,0.00,78,12.7,0.00,Deactivated,27,28,0,0,8363
2026-08-24T02:39:01Z,0,0.0,0.00,78,12.7,0.00,Deactivated,27,28,0,0,8363
2026-08-24T02:39:12Z,0,0.0,0.00,78,12.7,0.00,Deactivated,27,28,0,0,8363
2026-08-24T02:39:22Z,0,0.0,0.00,78,12.7,0.00,Deactivated,27,28,0,0,8363
2026-08-24T02:39:32Z,0,0.0,0.00,78,12.7,0.00,Deactivated,27,28,0,0,8363
2026-08-24T02:39:42Z,0,0.0,0.00,78,12.7,0.00,Deactivated,27,28,0,0,8363
2026-08-24T02:39:52Z,0,0.0,0.00,78,12.7,0.00,Deactivated,27,28,0,0,8363
2026-08-24T02:40:02Z,0,0.0,0.00,78,12.7,0.00,Deactivated,27,28,0,0,8363
2026-08-24T02:40:12Z,0,0.0,0.00,79,12.7,0.00,Deactivated,27,28,0,0,8363
2026-08-24T02:40:21Z,0,0.0,0.00,79,12.7,0.00,Deactivated,27,28,0,0,8363
2026-08-24T02:40:32Z,0,0.0,0.00,78,12.7,0.00,Deactivated,27,28,0,0,8363
2026-08-24T02:40:41Z,0,0.0,0.00,79,12.7,0.00,Deactivated,27,28,0,0,8363
2026-08-24T02:40:51Z,0,0.0,0.00,78,12.7,0.00,Deactivated,27,28,0,0,8363
2026-08-24T02:41:01Z,0,0.0,0.00,78,12.7,0.00,Deactivated,27,28,0,0,8363
2026-08-24T02:41:11Z,0,0.0,0.00,78,12.7,0.00,Deactivated,27,28,0,0,8363
2026-08-24T02:41:21Z,0,0.0,0.00,79,12.7,0.00,Deactivated,27,28,0,0,8363
2026-08-24T02:41:31Z,0,0.0,0.00,78,12.7,0.00,Deactivated,27,28,0,0,8363
2026-08-24T02:41:41Z,0,0.0,0.00,78,12.7,0.00,Deactivated,27,28,0,0,8363
2026-08-24T02:41:52Z,0,0.0,0.00,78,12.7,0.00,Deactivated,27,28,0,0,8363
2026-08-24T02:42:02Z,0,0.0,0.00,78,12.7,0.00,Deactivated,27,28,0,0,8363
2026-08-24T02:42:11Z,0,0.0,0.00,78,12.7,0.00,Deactivated,27,28,0,0,8363
2026-08-24T02:42:21Z,0,0.0,0.00,78,12.7,0.00,Deactivated,27,28,0,0,8363
2026-08-24T02:42:31Z,0,0.0,0.00,79,12.7,0.00,Deactivated,27,28,0,0,8363
2026-08-24T02:42:41Z,0,0.0,0.00,78,12.7,0.00,Deactivated,27,28,0,0,8363
2026-08-24T02:42:52Z,0,0.0,0.00,78,12.7,0.00,Deactivated,27,28,0,0,8363
2026-08-24T02:43:01Z,0,0.0,0.00,78,12.7,0.00,Deactivated,27,28,0,0,8363
2026-08-24T02:43:12Z,0,0.0,0.00,78,12.7,0.00,Deactivated,27,28,0,0,8363
2026-08-24T02:43:22Z,0,0.0,0.00,79,12.7,0.00,Deactivated,27,28,0,0,8363
2026-08-24T02:43:32Z,0,0.0,0.00,78,12.7,0.00,Deactivated,27,28,0,0,8363
2026-08-24T02:43:42Z,0,0.0,0.00,78,12.7,0.00,Deactivated,27,28,0,0,8363
2026-08-24T02:43:52Z,0,0.0,0.00,78,12.7,0.00,Deactivated,27,28,0,0,8363
2026-08-24T02:44:02Z,0,0.0,0.00,81,12.7,0.00,Deactivated,27,28,0,0,8363
2026-08-24T02:44:12Z,0,0.0,0.00,78,12.7,0.00,Deactivated,27,28,0,0,8363
2026-08-24T02:44:21Z,0,0.0,0.00,78,12.7,0.00,Deactivated,27,28,0,0,8363
2026-08-24T02:44:31Z,0,0.0,0.00,78,12.7,0.00,Deactivated,27,28,0,0,8363
2026-08-24T02:44:42Z,0,0.0,0.00,78,12.7,0.00,Deactivated,27,28,0,0,8363
2026-08-24T02:44:51Z,0,0.0,0.00,78,12.7,0.00,Deactivated,27,28,0,0,8363
2026-08-24T02:45:02Z,0,0.0,0.00,78,12.7,0.00,Deactivated,27,28,0,0,8363
2026-08-24T02:45:11Z,0,0.0,0.00,78,12.7,0.00,Deactivated,27,28,0,0,8363
2026-08-24T02:45:21Z,0,0.0,0.00,78,12.7,0.00,Deactivated,27,28,0,0,8363
2026-08-24T02:45:32Z,0,0.0,0.00,78,12.7,0.00,Deactivated,27,28,0,0,8363
2026-08-24T02:45:41Z,0,0.0,0.00,78,12.7,0.00,Deactivated,27,28,0,0,8363
2026-08-24T02:45:52Z,0,0.0,0.00,78,12.7,0.00,Deactivated,27,28,0,0,8363
2026-08-24T02:46:02Z,0,0.0,0.00,78,12.7,0.00,Deactivated,27,28,0,0,8363
2026-08-24T02:46:11Z,0,0.0,0.00,78,12.7,0.00,Deactivated,27,28,0,0,8363
2026-08-24T02:46:22Z,0,0.0,0.00,78,12.7,0.00,Deactivated,27,28,0,0,8363
2026-08-24T02:46:32Z,0,0.0,0.00,78,12.7,0.00,Deactivated,27,28,0,0,8363
2026-08-24T02:46:42Z,0,0.0,0.00,78,12.7,0.00,Deactivated,27,28,0,0,8363
2026-08-24T02:46:52Z,0,0.0,0.00,78,12.7,0.00,Deactivated,27,28,0,0,8363
2026-08-24T02:47:02Z,0,0.0,0.00,78,12.7,0.00,Deactivated,27,28,0,0,8363
2026-08-24T02:47:12Z,0,0.0,0.00,78,12.7,0.00,Deactivated,27,28,0,0,8363
2026-08-24T02:47:21Z,0,0.0,0.00,78,12.7,0.00,Deactivated,27,28,0,0,8363
2026-08-24T02:47:32Z,0,0.0,0.00,78,12.7,0.00,Deactivated,27,28,0,0,8363
2026-08-24T02:47:41Z,0,0.0,0.00,78,12.7,0.00,Deactivated,27,28,0,0,8363
2026-08-24T02:47:51Z,0,0.0,0.00,78,12.7,0.00,Deactivated,27,28,0,0,8363
2026-08-24T02:48:02Z,0,0.0,0.00,79,12.7,0.00,Deactivated,27,28,0,0,8363
2026-08-24T02:48:11Z,0,0.0,0.00,78,12.7,0.00,Deactivated,27,28,0,0,8363
2026-08-24T02:48:22Z,0,0.0,0.00,78,12.7,0.00,Deactivated,27,28,0,0,8363
2026-08-24T02:48:32Z,0,0.0,0.00,78,12.7,0.00,Deactivated,27,28,0,0,8363
2026-08-24T02:48:42Z,0,0.0,0.00,78,12.7,0.00,Deactivated,27,28,0,0,8363
2026-08-24T02:48:51Z,0,0.0,0.00,78,12.7,0.00,Deactivated,27,28,0,0,8363
2026-08-24T02:49:02Z,0,0.0,0.00,78,12.7,0.00,Deactivated,27,28,0,0,8363
2026-08-24T02:49:12Z,0,0.0,0.00,78,12.7,0.00,Deactivated,27,28,0,0,8363
2026-08-24T02:49:22Z,0,0.0,0.00,78,12.7,0.00,Deactivated,27,28,0,0,8363
2026-08-24T02:49:32Z,0,0.0,0.00,78,12.7,0.00,Deactivated,27,28,0,0,8363
2026-08-24T02:49:42Z,0,0.0,0.00,78,12.7,0.00,Deactivated,27,28,0,0,8363
2026-08-24T02:49:52Z,0,0.0,0.00,78,12.7,0.00,Deactivated,27,28,0,0,8363
2026-08-24T02:50:02Z,0,0.0,0.00,78,12.7,0.00,Deactivated,27,28,0,0,8363
2026-08-24T02:50:12Z,0,0.0,0.00,78,12.7,0.00,Deactivated,27,28,0,0,8363
2026-08-24T02:50:21Z,0,0.0,0.00,78,12.7,0.00,Deactivated,27,28,0,0,8363
2026-08-24T02:50:31Z,0,0.0,0.00,78,12.7,0.00,Deactivated,27,28,0,0,8363
2026-08-24T02:50:41Z,0,0.0,0.00,78,12.7,0.00,Deactivated,27,28,0,0,8363
2026-08-24T02:50:51Z,0,0.0,0.00,78,12.7,0.00,Deactivated,27,28,0,0,8363
2026-08-24T02:51:02Z,0,0.0,0.00,78,12.7,0.00,Deactivated,27,28,0,0,8363
2026-08-24T02:51:12Z,0,0.0,0.00,78,12.7,0.00,Deactivated,27,28,0,0,8363
2026-08-24T02:51:21Z,0,0.0,0.00,78,12.7,0.00,Deactivated,27,28,0,0,8363
2026-08-24T02:51:31Z,0,0.0,0.00,78,12.7,0.00,Deactivated,27,28,0,0,8363
2026-08-24T02:51:41Z,0,0.0,0.00,78,12.7,0.00,Deactivated,27,28,0,0,8363
2026-08-24T02:51:51Z,0,0.0,0.00,78,12.7,0.00,Deactivated,27,28,0,0,8363
2026-08-24T02:52:01Z,0,0.0,0.00,78,12.7,0.00,Deactivated,27,28,0,0,8363
2026-08-24T02:52:12Z,0,0.0,0.00,78,12.7,0.00,Deactivated,27,28,0,0,8363
2026-08-24T02:52:21Z,0,0.0,0.00,78,12.7,0.00,Deactivated,27,28,0,0,8363
2026-08-24T02:52:31Z,0,0.0,0.00,78,12.7,0.00,Deactivated,27,28,0,0,8363
2026-08-24T02:52:42Z,0,0.0,0.00,78,12.7,0.00,Deactivated,27,28,0,0,8363
2026-08-24T02:52:51Z,0,0.0,0.00,78,12.7,0.00,Deactivated,27,28,0,0,8363
2026-08-24T02:53:02Z,0,0.0,0.00,78,12.7,0.00,Deactivated,27,28,0,0,8363
2026-08-24T02:53:12Z,0,0.0,0.00,78,12.7,0.00,Deactivated,27,28,0,0,8363
2026-08-24T02:53:21Z,0,0.0,0.00,78,12.7,0.00,Deactivated,27,28,0,0,8363
2026-08-24T02:53:31Z,0,0.0,0.00,78,12.7,0.00,Deactivated,27,28,0,0,8363
2026-08-24T02:53:41Z,0,0.0,0.00,78,12.7,0.00,Deactivated,27,28,0,0,8363
2026-08-24T02:53:52Z,0,0.0,0.00,78,12.7,0.00,Deactivated,27,28,0,0,8363
2026-08-24T02:54:01Z,0,0.0,0.00,78,12.7,0.00,Deactivated,27,28,0,0,8363
2026-08-24T02:54:11Z,0,0.0,0.00,78,12.7,0.00,Deactivated,27,28,0,0,8363
2026-08-24T02:54:22Z,0,0.0,0.00,78,12.7,0.00,Deactivated,27,28,0,0,8363
2026-08-24T02:54:31Z,0,0.0,0.00,78,12.7,0.00,Deactivated,27,28,0,0,8363
2026-08-24T02:54:42Z,0,0.0,0.00,78,12.7,0.00,Deactivated,27,28,0,0,8363
2026-08-24T02:54:52Z,0,0.0,0.00,78,12.7,0.00,Deactivated,27,28,0,0,8363
2026-08-24T02:55:02Z,0,0.0,0.00,78,12.7,0.00,Deactivated,27,28,0,0,8363
2026-08-24T02:55:12Z,0,0.0,0.00,78,12.7,0.00,Deactivated,27,28,0,0,8363
2026-08-24T02:55:22Z,0,0.0,0.00,79,12.7,0.00,Deactivated,27,28,0,0,8363
2026-08-24T02:55:32Z,0,0.0,0.00,78,12.7,0.00,Deactivated,27,28,0,0,8363
2026-08-24T02:55:42Z,0,0.0,0.00,78,12.7,0.00,Deactivated,27,28,0,0,8363
2026-08-24T02:55:52Z,0,0.0,0.00,78,12.7,0.00,Deactivated,27,28,0,0,8363
2026-08-24T02:56:02Z,0,0.0,0.00,78,12.7,0.00,Deactivated,27,28,0,0,8363
2026-08-24T02:56:12Z,0,0.0,0.00,78,12.7,0.00,Deactivated,27,28,0,0,8363
2026-08-24T02:56:22Z,0,0.0,0.00,78,12.7,0.00,Deactivated,27,28,0,0,8363
2026-08-24T02:56:32Z,0,0.0,0.00,78,12.7,0.00,Deactivated,27,28,0,0,8363
2026-08-24T02:56:42Z,0,0.0,0.00,78,12.7,0.00,Deactivated,27,28,0,0,8363
2026-08-24T02:56:52Z,0,0.0,0.00,78,12.7,0.00,Deactivated,27,28,0,0,8363
2026-08-24T02:57:01Z,0,0.0,0.00,78,12.7,0.00,Deactivated,27,28,0,0,8363
2026-08-24T02:57:11Z,0,0.0,0.00,78,12.7,0.00,Deactivated,27,28,0,0,8363
2026-08-24T02:57:22Z,0,0.0,0.00,78,12.7,0.00,Deactivated,27,28,0,0,8363
2026-08-24T02:57:32Z,0,0.0,0.00,78,12.7,0.00,Deactivated,27,28,0,0,8363
2026-08-24T02:57:42Z,0,0.0,0.00,78,12.7,0.00,Deactivated,27,28,0,0,8363
2026-08-24T02:57:52Z,0,0.0,0.00,78,12.7,0.00,Deactivated,27,28,0,0,8363
2026-08-24T02:58:02Z,0,0.0,0.00,78,12.7,0.00,Deactivated,27,28,0,0,8363
2026-08-24T02:58:12Z,0,0.0,0.00,78,12.7,0.00,Deactivated,27,28,0,0,8363
2026-08-24T02:58:21Z,0,0.0,0.00,78,12.7,0.00,Deactivated,27,28,0,0,8363
2026-08-24T02:58:32Z,0,0.0,0.00,78,12.7,0.00,Deactivated,27,28,0,0,8363
2026-08-24T02:58:42Z,0,0.0,0.00,78,12.7,0.00,Deactivated,27,28,0,0,8363
2026-08-24T02:58:52Z,0,0.0,0.00,78,12.7,0.00,Deactivated,27,28,0,0,8363
2026-08-24T02:59:02Z,0,0.0,0.00,79,12.7,0.00,Deactivated,27,28,0,0,8363
2026-08-24T02:59:11Z,0,0.0,0.00,78,12.7,0.00,Deactivated,27,28,0,0,8363
2026-08-24T02:59:22Z,0,0.0,0.00,78,12.7,0.00,Deactivated,27,28,0,0,8363
2026-08-24T02:59:31Z,0,0.0,0.00,78,12.7,0.00,Deactivated,27,28,0,0,8363
2026-08-24T02:59:41Z,0,0.0,0.00,78,12.7,0.00,Deactivated,27,28,0,0,8363
2026-08-24T02:59:51Z,0,0.0,0.00,78,12.7,0.00,Deactivated,27,28,0,0,8363
2026-08-24T03:00:02Z,0,0.0,0.00,78,12.7,0.00,Deactivated,27,28,0,0,8363
2026-08-24T03:00:12Z,0,0.0,0.00,78,12.7,0.00,Deactivated,27,28,0,0,8363
2026-08-24T03:00:22Z,0,0.0,0.00,78,12.7,0.00,Deactivated,27,28,0,0,8363
2026-08-24T03:00:32Z,0,0.0,0.00,78,12.7,0.00,Deactivated,27,28,0,0,8363
2026-08-24T03:00:41Z,0,0.0,0.00,78,12.7,0.00,Deactivated,27,28,0,0,8363
2026-08-24T03:00:52Z,0,0.0,0.00,79,12.7,0.00,Deactivated,27,28,0,0,8363
2026-08-24T03:01:02Z,0,0.0,0.00,78,12.7,0.00,Deactivated,27,28,0,0,8363
2026-08-24T03:01:12Z,0,0.0,0.00,78,12.7,0.00,Deactivated,27,28,0,0,8363
2026-08-24T03:01:22Z,0,0.0,0.00,78,12.7,0.00,Deactivated,27,28,0,0,8363
2026-08-24T03:01:32Z,0,0.0,0.00,78,12.7,0.00,Deactivated,27,28,0,0,8363
2026-08-24T03:01:42Z,0,0.0,0.00,78,12.7,0.00,Deactivated,27,28,0,0,8363
2026-08-24T03:01:52Z,0,0.0,0.00,78,12.7,0.00,Deactivated,27,28,0,0,8363
2026-08-24T03:02:02Z,0,0.0,0.00,78,12.7,0.00,Deactivated,27,28,0,0,8363
2026-08-24T03:02:11Z,0,0.0,0.00,78,12.7,0.00,Deactivated,27,28,0,0,8363
2026-08-24T03:02:21Z,0,0.0,0.00,78,12.7,0.00,Deactivated,27,28,0,0,8363
2026-08-24T03:02:31Z,0,0.0,0.00,78,12.7,0.00,Deactivated,27,28,0,0,8363
2026-08-24T03:02:41Z,0,0.0,0.00,78,12.7,0.00,Deactivated,27,28,0,0,8363
2026-08-24T03:02:52Z,0,0.0,0.00,78,12.7,0.00,Deactivated,27,28,0,0,8363
2026-08-24T03:03:01Z,0,0.0,0.00,78,12.7,0.00,Deactivated,27,28,0,0,8363
2026-08-24T03:03:11Z,0,0.0,0.00,78,12.7,0.00,Deactivated,27,28,0,0,8363
2026-08-24T03:03:22Z,0,0.0,0.00,78,12.7,0.00,Deactivated,27,28,0,0,8363
2026-08-24T03:03:31Z,0,0.0,0.00,78,12.7,0.00,Deactivated,27,28,0,0,8363
2026-08-24T03:03:42Z,0,0.0,0.00,78,12.7,0.00,Deactivated,27,28,0,0,8363
2026-08-24T03:03:52Z,0,0.0,0.00,78,12.7,0.00,Deactivated,27,28,0,0,8363
2026-08-24T03:04:02Z,0,0.0,0.00,78,12.7,0.00,Deactivated,27,28,0,0,8363
2026-08-24T03:04:12Z,0,0.0,0.00,78,12.7,0.00,Deactivated,27,28,0,0,8363
2026-08-24T03:04:22Z,0,0.0,0.00,78,12.7,0.00,Deactivated,27,28,0,0,8363
2026-08-24T03:04:32Z,0,0.0,0.00,78,12.7,0.00,Deactivated,27,28,0,0,8363
2026-08-24T03:04:42Z,0,0.0,0.00,78,12.7,0.00,Deactivated,27,28,0,0,8363
2026-08-24T03:04:52Z,0,0.0,0.00,78,12.7,0.00,Deactivated,27,28,0,0,8363
2026-08-24T03:05:02Z,0,0.0,0.00,78,12.7,0.00,Deactivated,27,28,0,0,8363
2026-08-24T03:05:12Z,0,0.0,0.00,78,12.7,0.00,Deactivated,27,28,0,0,8363
2026-08-24T03:05:22Z,0,0.0,0.00,78,12.7,0.00,Deactivated,27,28,0,0,8363
2026-08-24T03:05:32Z,0,0.0,0.00,78,12.7,0.00,Deactivated,27,28,0,0,8363
2026-08-24T03:05:42Z,0,0.0,0.00,78,12.7,0.00,Deactivated,27,28,0,0,8363
2026-08-24T03:05:51Z,0,0.0,0.00,78,12.7,0.00,Deactivated,26,28,0,0,8363
2026-08-24T03:06:01Z,0,0.0,0.00,78,12.7,0.00,Deactivated,27,28,0,0,8363
2026-08-24T03:06:12Z,0,0.0,0.00,78,12.7,0.00,Deactivated,27,28,0,0,8363
2026-08-24T03:06:21Z,0,0.0,0.00,78,12.7,0.00,Deactivated,27,28,0,0,8363
2026-08-24T03:06:31Z,0,0.0,0.00,78,12.7,0.00,Deactivated,27,28,0,0,8363
2026-08-24T03:06:42Z,0,0.0,0.00,78,12.7,0.00,Deactivated,27,28,0,0,8363
2026-08-24T03:06:52Z,0,0.0,0.00,78,12.7,0.00,Deactivated,27,28,0,0,8363
2026-08-24T03:07:02Z,0,0.0,0.00,77,12.7,0.00,Deactivated,27,28,0,0,8363
2026-08-24T03:07:12Z,0,0.0,0.00,78,12.7,0.00,Deactivated,27,28,0,0,8363
2026-08-24T03:07:21Z,0,0.0,0.00,78,12.7,0.00,Deactivated,27,28,0,0,8363
2026-08-24T03:07:32Z,0,0.0,0.00,79,12.7,0.00,Deactivated,27,28,0,0,8363
2026-08-24T03:07:42Z,0,0.0,0.00,78,12.7,0.00,Deactivated,27,28,0,0,8363
2026-08-24T03:07:52Z,0,0.0,0.00,78,12.7,0.00,Deactivated,27,28,0,0,8363
2026-08-24T03:08:02Z,0,0.0,0.00,78,12.7,0.00,Deactivated,27,28,0,0,8363
2026-08-24T03:08:12Z,0,0.0,0.00,78,12.7,0.00,Deactivated,27,28,0,0,8363
2026-08-24T03:08:21Z,0,0.0,0.00,78,12.7,0.00,Deactivated,27,28,0,0,8363
2026-08-24T03:08:31Z,0,0.0,0.00,78,12.7,0.00,Deactivated,27,28,0,0,8363
2026-08-24T03:08:42Z,0,0.0,0.00,78,12.7,0.00,Deactivated,27,28,0,0,8363
2026-08-24T03:08:52Z,0,0.0,0.00,78,12.7,0.00,Deactivated,27,28,0,0,8363
2026-08-24T03:09:02Z,0,0.0,0.00,78,12.7,0.00,Deactivated,27,28,0,0,8363
2026-08-24T03:09:12Z,0,0.0,0.00,78,12.7,0.00,Deactivated,27,28,0,0,8363
2026-08-24T03:09:21Z,0,0.0,0.00,78,12.7,0.00,Deactivated,27,28,0,0,8363
2026-08-24T03:09:31Z,0,0.0,0.00,78,12.7,0.00,Deactivated,27,28,0,0,8363
2026-08-24T03:09:41Z,0,0.0,0.00,79,12.7,0.00,Deactivated,27,28,0,0,8363
2026-08-24T03:09:52Z,0,0.0,0.00,78,12.7,0.00,Deactivated,27,28,0,0,8363
2026-08-24T03:10:02Z,0,0.0,0.00,78,12.7,0.00,Deactivated,27,28,0,0,8363
2026-08-24T03:10:12Z,0,0.0,0.00,78,12.7,0.00,Deactivated,27,28,0,0,8363
2026-08-24T03:10:22Z,0,0.0,0.00,78,12.7,0.00,Deactivated,27,28,0,0,8363
2026-08-24T03:10:33Z,0,0.0,0.00,78,12.7,0.00,Deactivated,27,28,0,0,8363
2026-08-24T03:10:42Z,0,0.0,0.00,78,12.7,0.00,Deactivated,27,28,0,0,8363
2026-08-24T03:10:52Z,0,0.0,0.00,78,12.7,0.00,Deactivated,27,28,0,0,8363
2026-08-24T03:11:02Z,0,0.0,0.00,78,12.7,0.00,Deactivated,27,28,0,0,8363
2026-08-24T03:11:11Z,0,0.0,0.00,78,12.7,0.00,Deactivated,27,28,0,0,8363
2026-08-24T03:11:21Z,0,0.0,0.00,78,12.7,0.00,Deactivated,27,28,0,0,8363
2026-08-24T03:11:31Z,0,0.0,0.00,78,12.7,0.00,Deactivated,27,28,0,0,8363
2026-08-24T03:11:41Z,0,0.0,0.00,78,12.7,0.00,Deactivated,27,28,0,0,8363
2026-08-24T03:11:52Z,0,0.0,0.00,78,12.7,0.00,Deactivated,27,28,0,0,8363
2026-08-24T03:12:02Z,0,0.0,0.00,78,12.7,0.00,Deactivated,27,28,0,0,8363
2026-08-24T03:12:12Z,0,0.0,0.00,78,12.7,0.00,Deactivated,27,28,0,0,8363
2026-08-24T03:12:22Z,0,0.0,0.00,78,12.7,0.00,Deactivated,27,28,0,0,8363
2026-08-24T03:12:32Z,0,0.0,0.00,78,12.7,0.00,Deactivated,27,28,0,0,8363
2026-08-24T03:12:42Z,0,0.0,0.00,79,12.7,0.00,Deactivated,27,28,0,0,8363
2026-08-24T03:12:52Z,0,0.0,0.00,78,12.7,0.00,Deactivated,27,28,0,0,8363
2026-08-24T03:13:02Z,0,0.0,0.00,78,12.7,0.00,Deactivated,27,28,0,0,8363
2026-08-24T03:13:11Z,0,0.0,0.00,78,12.7,0.00,Deactivated,27,28,0,0,8363
2026-08-24T03:13:22Z,0,0.0,0.00,78,12.7,0.00,Deactivated,27,28,0,0,8363
2026-08-24T03:13:31Z,0,0.0,0.00,78,12.7,0.00,Deactivated,27,28,0,0,8363
2026-08-24T03:13:42Z,0,0.0,0.00,78,12.7,0.00,Deactivated,27,28,0,0,8363
2026-08-24T03:13:51Z,0,0.0,0.00,79,12.7,0.00,Deactivated,27,28,0,0,8363
2026-08-24T03:14:02Z,0,0.0,0.00,78,12.7,0.00,Deactivated,27,28,0,0,8363
2026-08-24T03:14:11Z,0,0.0,0.00,78,12.7,0.00,Deactivated,27,28,0,0,8363
2026-08-24T03:14:22Z,0,0.0,0.00,78,12.7,0.00,Deactivated,27,28,0,0,8363
2026-08-24T03:14:31Z,0,0.0,0.00,78,12.7,0.00,Deactivated,27,28,0,0,8363
2026-08-24T03:14:42Z,0,0.0,0.00,78,12.7,0.00,Deactivated,27,28,0,0,8363
2026-08-24T03:14:52Z,0,0.0,0.00,78,12.7,0.00,Deactivated,27,28,0,0,8363
2026-08-24T03:15:01Z,0,0.0,0.00,78,12.7,0.00,Deactivated,27,28,0,0,8363
2026-08-24T03:15:12Z,0,0.0,0.00,78,12.7,0.00,Deactivated,27,28,0,0,8363
2026-08-24T03:15:21Z,0,0.0,0.00,78,12.7,0.00,Deactivated,27,28,0,0,8363
2026-08-24T03:15:32Z,0,0.0,0.00,78,12.7,0.00,Deactivated,27,28,0,0,8363
2026-08-24T03:15:42Z,0,0.0,0.00,78,12.7,0.00,Deactivated,27,28,0,0,8363
2026-08-24T03:15:51Z,0,0.0,0.00,78,12.7,0.00,Deactivated,27,28,0,0,8363
2026-08-24T03:16:01Z,0,0.0,0.00,78,12.7,0.00,Deactivated,27,28,0,0,8363
2026-08-24T03:16:12Z,0,0.0,0.00,78,12.7,0.00,Deactivated,27,28,0,0,8363
2026-08-24T03:16:21Z,0,0.0,0.00,78,12.7,0.00,Deactivated,27,28,0,0,8363
2026-08-24T03:16:31Z,0,0.0,0.00,78,12.7,0.00,Deactivated,27,28,0,0,8363
2026-08-24T03:16:42Z,0,0.0,0.00,78,12.7,0.00,Deactivated,27,28,0,0,8363
2026-08-24T03:16:52Z,0,0.0,0.00,78,12.7,0.00,Deactivated,27,28,0,0,8363
2026-08-24T03:17:01Z,0,0.0,0.00,78,12.7,0.00,Deactivated,27,28,0,0,8363
2026-08-24T03:17:11Z,0,0.0,0.00,78,12.7,0.00,Deactivated,27,28,0,0,8363
2026-08-24T03:17:21Z,0,0.0,0.00,78,12.7,0.00,Deactivated,27,28,0,0,8363
2026-08-24T03:17:31Z,0,0.0,0.00,78,12.7,0.00,Deactivated,27,28,0,0,8363
2026-08-24T03:17:41Z,0,0.0,0.00,78,12.7,0.00,Deactivated,27,28,0,0,8363
2026-08-24T03:17:51Z,0,0.0,0.00,78,12.7,0.00,Deactivated,27,28,0,0,8363
2026-08-24T03:18:02Z,0,0.0,0.00,78,12.7,0.00,Deactivated,27,28,0,0,8363
2026-08-24T03:18:11Z,0,0.0,0.00,78,12.7,0.00,Deactivated,27,28,0,0,8363
2026-08-24T03:18:21Z,0,0.0,0.00,78,12.7,0.00,Deactivated,27,28,0,0,8363
2026-08-24T03:18:31Z,0,0.0,0.00,78,12.7,0.00,Deactivated,27,28,0,0,8363
2026-08-24T03:18:41Z,0,0.0,0.00,78,12.7,0.00,Deactivated,27,28,0,0,8363
2026-08-24T03:18:51Z,0,0.0,0.00,78,12.7,0.00,Deactivated,27,28,0,0,8363
2026-08-24T03:19:02Z,0,0.0,0.00,78,12.7,0.00,Deactivated,27,28,0,0,8363
2026-08-24T03:19:11Z,0,0.0,0.00,78,12.7,0.00,Deactivated,27,28,0,0,8363
2026-08-24T03:19:22Z,0,0.0,0.00,78,12.7,0.00,Deactivated,27,28,0,0,8363
2026-08-24T03:19:31Z,0,0.0,0.00,78,12.7,0.00,Deactivated,27,28,0,0,8363
2026-08-24T03:19:41Z,0,0.0,0.00,78,12.7,0.00,Deactivated,27,28,0,0,8363
2026-08-24T03:19:52Z,0,0.0,0.00,78,12.7,0.00,Deactivated,27,28,0,0,8363
2026-08-24T03:20:01Z,0,0.0,0.00,78,12.7,0.00,Deactivated,27,28,0,0,8363
2026-08-24T03:20:11Z,0,0.0,0.00,78,12.7,0.00,Deactivated,27,28,0,0,8363
2026-08-24T03:20:21Z,0,0.0,0.00,78,12.7,0.00,Deactivated,27,28,0,0,8363
2026-08-24T03:20:31Z,0,0.0,0.00,79,12.7,0.00,Deactivated,27,28,0,0,8363
2026-08-24T03:20:41Z,0,0.0,0.00,78,12.7,0.00,Deactivated,27,28,0,0,8363
2026-08-24T03:20:52Z,0,0.0,0.00,78,12.7,0.00,Deactivated,27,28,0,0,8363
2026-08-24T03:21:01Z,0,0.0,0.00,78,12.7,0.00,Deactivated,27,28,0,0,8363
2026-08-24T03:21:11Z,0,0.0,0.00,78,12.7,0.00,Deactivated,27,28,0,0,8363
2026-08-24T03:21:21Z,0,0.0,0.00,78,12.7,0.00,Deactivated,27,28,0,0,8363
2026-08-24T03:21:31Z,0,0.0,0.00,78,12.7,0.00,Deactivated,27,28,0,0,8363
2026-08-24T03:21:41Z,0,0.0,0.00,78,12.7,0.00,Deactivated,27,28,0,0,8363
2026-08-24T03:21:51Z,0,0.0,0.00,78,12.7,0.00,Deactivated,27,28,0,0,8363
2026-08-24T03:22:01Z,0,0.0,0.00,78,12.7,0.00,Deactivated,27,28,0,0,8363
2026-08-24T03:22:11Z,0,0.0,0.00,78,12.7,0.00,Deactivated,27,28,0,0,8363
2026-08-24T03:22:21Z,0,0.0,0.00,78,12.7,0.00,Deactivated,27,28,0,0,8363
2026-08-24T03:22:31Z,0,0.0,0.00,78,12.7,0.00,Deactivated,27,28,0,0,8363
2026-08-24T03:22:41Z,0,0.0,0.00,78,12.7,0.00,Deactivated,27,28,0,0,8363
2026-08-24T03:22:52Z,0,0.0,0.00,78,12.7,0.00,Deactivated,27,28,0,0,8363
2026-08-24T03:23:01Z,0,0.0,0.00,78,12.7,0.00,Deactivated,27,28,0,0,8363
2026-08-24T03:23:11Z,0,0.0,0.00,78,12.7,0.00,Deactivated,27,28,0,0,8363
2026-08-24T03:23:21Z,0,0.0,0.00,78,12.7,0.00,Deactivated,27,28,0,0,8363
2026-08-24T03:23:31Z,0,0.0,0.00,78,12.7,0.00,Deactivated,27,28,0,0,8363
2026-08-24T03:23:41Z,0,0.0,0.00,78,12.7,0.00,Deactivated,27,28,0,0,8363
2026-08-24T03:23:51Z,0,0.0,0.00,81,12.7,0.00,Deactivated,27,28,0,0,8363
2026-08-24T03:24:01Z,0,0.0,0.00,78,12.7,0.00,Deactivated,27,28,0,0,8363
2026-08-24T03:24:11Z,0,0.0,0.00,78,12.7,0.00,Deactivated,27,28,0,0,8363
2026-08-24T03:24:21Z,0,0.0,0.00,78,12.7,0.00,Deactivated,27,28,0,0,8363
2026-08-24T03:24:31Z,0,0.0,0.00,78,12.7,0.00,Deactivated,27,28,0,0,8363
2026-08-24T03:24:41Z,0,0.0,0.00,78,12.7,0.00,Deactivated,27,28,0,0,8363
2026-08-24T03:24:51Z,0,0.0,0.00,78,12.7,0.00,Deactivated,27,28,0,0,8363
2026-08-24T03:25:01Z,0,0.0,0.00,78,12.7,0.00,Deactivated,27,28,0,0,8363
2026-08-24T03:25:11Z,0,0.0,0.00,78,12.7,0.00,Deactivated,27,28,0,0,8363
2026-08-24T03:25:21Z,0,0.0,0.00,78,12.7,0.00,Deactivated,27,28,0,0,8363
2026-08-24T03:25:32Z,0,0.0,0.00,78,12.7,0.00,Deactivated,27,28,0,0,8363
2026-08-24T03:25:41Z,0,0.0,0.00,78,12.7,0.00,Deactivated,27,28,0,0,8363
2026-08-24T03:25:51Z,0,0.0,0.00,78,12.7,0.00,Deactivated,27,28,0,0,8363
2026-08-24T03:26:02Z,0,0.0,0.00,78,12.7,0.00,Deactivated,27,28,0,0,8363
2026-08-24T03:26:11Z,0,0.0,0.00,78,12.7,0.00,Deactivated,27,28,0,0,8363
2026-08-24T03:26:21Z,0,0.0,0.00,78,12.7,0.00,Deactivated,27,28,0,0,8363
2026-08-24T03:26:31Z,0,0.0,0.00,78,12.7,0.00,Deactivated,27,28,0,0,8363
2026-08-24T03:26:41Z,0,0.0,0.00,78,12.7,0.00,Deactivated,27,28,0,0,8363
2026-08-24T03:26:51Z,0,0.0,0.00,78,12.7,0.00,Deactivated,27,28,0,0,8363
2026-08-24T03:27:01Z,0,0.0,0.00,78,12.7,0.00,Deactivated,27,28,0,0,8363
2026-08-24T03:27:11Z,0,0.0,0.00,78,12.7,0.00,Deactivated,27,28,0,0,8363
2026-08-24T03:27:21Z,0,0.0,0.00,78,12.7,0.00,Deactivated,27,28,0,0,8363
2026-08-24T03:27:31Z,0,0.0,0.00,78,12.7,0.00,Deactivated,27,28,0,0,8363
2026-08-24T03:27:41Z,0,0.0,0.00,78,12.7,0.00,Deactivated,27,28,0,0,8363
2026-08-24T03:27:51Z,0,0.0,0.00,78,12.7,0.00,Deactivated,27,28,0,0,8363
2026-08-24T03:28:01Z,0,0.0,0.00,78,12.7,0.00,Deactivated,27,28,0,0,8363
2026-08-24T03:28:11Z,0,0.0,0.00,78,12.7,0.00,Deactivated,27,28,0,0,8363
2026-08-24T03:28:21Z,0,0.0,0.00,78,12.7,0.00,Deactivated,27,28,0,0,8363
2026-08-24T03:28:31Z,0,0.0,0.00,81,12.7,0.00,Deactivated,27,28,0,0,8363
2026-08-24T03:28:41Z,0,0.0,0.00,78,12.7,0.00,Deactivated,27,28,0,0,8363
2026-08-24T03:28:51Z,0,0.0,0.00,78,12.7,0.00,Deactivated,27,28,0,0,8363
2026-08-24T03:29:01Z,0,0.0,0.00,78,12.7,0.00,Deactivated,27,28,0,0,8363
2026-08-24T03:29:11Z,0,0.0,0.00,78,12.7,0.00,Deactivated,27,28,0,0,8363
2026-08-24T03:29:21Z,0,0.0,0.00,78,12.7,0.00,Deactivated,27,28,0,0,8363
2026-08-24T03:29:31Z,0,0.0,0.00,78,12.7,0.00,Deactivated,27,28,0,0,8363
2026-08-24T03:29:41Z,0,0.0,0.00,78,12.7,0.00,Deactivated,27,28,0,0,8363
2026-08-24T03:29:51Z,0,0.0,0.00,76,12.7,0.00,Deactivated,27,28,0,0,8363
2026-08-24T03:30:01Z,0,0.0,0.00,78,12.7,0.00,Deactivated,27,28,0,0,8363
2026-08-24T03:30:11Z,0,0.0,0.00,78,12.7,0.00,Deactivated,27,28,0,0,8363
2026-08-24T03:30:21Z,0,0.0,0.00,78,12.7,0.00,Deactivated,27,28,0,0,8363
2026-08-24T03:30:31Z,0,0.0,0.00,78,12.7,0.00,Deactivated,27,28,0,0,8363
2026-08-24T03:30:41Z,0,0.0,0.00,78,12.7,0.00,Deactivated,27,28,0,0,8363
2026-08-24T03:30:51Z,0,0.0,0.00,78,12.7,0.00,Deactivated,27,28,0,0,8363
2026-08-24T03:31:01Z,0,0.0,0.00,78,12.7,0.00,Deactivated,27,28,0,0,8363
2026-08-24T03:31:12Z,0,0.0,0.00,78,12.7,0.00,Deactivated,27,28,0,0,8363
2026-08-24T03:31:21Z,0,0.0,0.00,78,12.7,0.00,Deactivated,27,28,0,0,8363
2026-08-24T03:31:31Z,0,0.0,0.00,78,12.7,0.00,Deactivated,27,28,0,0,8363
2026-08-24T03:31:41Z,0,0.0,0.00,78,12.7,0.00,Deactivated,27,28,0,0,8363
2026-08-24T03:31:52Z,0,0.0,0.00,78,12.7,0.00,Deactivated,27,28,0,0,8363
2026-08-24T03:32:01Z,0,0.0,0.00,78,12.7,0.00,Deactivated,27,28,0,0,8363
2026-08-24T03:32:11Z,0,0.0,0.00,78,12.7,0.00,Deactivated,27,28,0,0,8363
2026-08-24T03:32:22Z,0,0.0,0.00,78,12.7,0.00,Deactivated,27,28,0,0,8363
2026-08-24T03:32:32Z,0,0.0,0.00,78,12.7,0.00,Deactivated,27,28,0,0,8363
2026-08-24T03:32:42Z,0,0.0,0.00,78,12.7,0.00,Deactivated,27,28,0,0,8363
2026-08-24T03:32:51Z,0,0.0,0.00,78,12.7,0.00,Deactivated,27,28,0,0,8363
2026-08-24T03:33:01Z,0,0.0,0.00,78,12.7,0.00,Deactivated,27,28,0,0,8363
2026-08-24T03:33:11Z,0,0.0,0.00,78,12.7,0.00,Deactivated,27,28,0,0,8363
2026-08-24T03:33:21Z,0,0.0,0.00,78,12.7,0.00,Deactivated,27,28,0,0,8363
2026-08-24T03:33:31Z,0,0.0,0.00,78,12.7,0.00,Deactivated,27,28,0,0,8363
2026-08-24T03:33:41Z,0,0.0,0.00,78,12.7,0.00,Deactivated,27,28,0,0,8363
2026-08-24T03:33:51Z,0,0.0,0.00,78,12.7,0.00,Deactivated,27,28,0,0,8363
2026-08-24T03:34:06Z,0,0.0,0.00,78,12.7,0.00,Deactivated,27,28,0,0,8363
2026-08-24T03:34:17Z,0,0.0,0.00,78,12.7,0.00,Deactivated,27,28,0,0,8363
2026-08-24T03:34:26Z,0,0.0,0.00,78,12.7,0.00,Deactivated,27,28,0,0,8363
2026-08-24T03:34:37Z,0,0.0,0.00,78,12.7,0.00,Deactivated,27,28,0,0,8363
2026-08-24T03:34:47Z,0,0.0,0.00,78,12.7,0.00,Deactivated,27,28,0,0,8363
2026-08-24T03:34:56Z,0,0.0,0.00,79,12.7,0.00,Deactivated,27,28,0,0,8363
2026-08-24T03:35:07Z,0,0.0,0.00,78,12.7,0.00,Deactivated,27,28,0,0,8363
2026-08-24T03:35:17Z,0,0.0,0.00,78,12.7,0.00,Deactivated,27,28,0,0,8363
2026-08-24T03:35:27Z,0,0.0,0.00,78,12.7,0.00,Deactivated,27,28,0,0,8363
2026-08-24T03:35:37Z,0,0.0,0.00,78,12.7,0.00,Deactivated,27,28,0,0,8363
2026-08-24T03:35:47Z,0,0.0,0.00,78,12.7,0.00,Deactivated,27,28,0,0,8363
2026-08-24T03:35:57Z,0,0.0,0.00,78,12.7,0.00,Deactivated,27,28,0,0,8363
2026-08-24T03:36:07Z,0,0.0,0.00,78,12.7,0.00,Deactivated,27,28,0,0,8363
2026-08-24T03:36:18Z,0,0.0,0.00,78,12.7,0.00,Deactivated,27,28,0,0,8363
2026-08-24T03:36:27Z,0,0.0,0.00,78,12.7,0.00,Deactivated,27,28,0,0,8363
2026-08-24T03:36:37Z,0,0.0,0.00,78,12.7,0.00,Deactivated,27,28,0,0,8363
2026-08-24T03:36:47Z,0,0.0,0.00,78,12.7,0.00,Deactivated,27,28,0,0,8363
2026-08-24T03:36:56Z,0,0.0,0.00,78,12.7,0.00,Deactivated,26,28,0,0,8363
2026-08-24T03:37:06Z,0,0.0,0.00,78,12.7,0.00,Deactivated,27,28,0,0,8363
2026-08-24T03:37:17Z,0,0.0,0.00,78,12.7,0.00,Deactivated,27,28,0,0,8363
2026-08-24T03:37:27Z,0,0.0,0.00,78,12.7,0.00,Deactivated,27,28,0,0,8363
2026-08-24T03:37:37Z,0,0.0,0.00,78,12.7,0.00,Deactivated,27,28,0,0,8363
2026-08-24T03:37:47Z,0,0.0,0.00,78,12.7,0.00,Deactivated,27,28,0,0,8363
2026-08-24T03:37:56Z,0,0.0,0.00,78,12.7,0.00,Deactivated,27,28,0,0,8363
2026-08-24T03:38:07Z,0,0.0,0.00,78,12.7,0.00,Deactivated,27,28,0,0,8363
2026-08-24T13:24:56Z,0,13.0,0.00,77,12.7,0.00,MPPT Charging,26,27,0,0,8363
2026-08-24T13:25:08Z,0,13.0,0.00,77,12.7,0.00,MPPT Charging,26,27,0,0,8363
2026-08-24T13:25:19Z,0,13.0,0.00,77,12.7,0.00,MPPT Charging,26,27,0,0,8363
2026-08-24T13:25:29Z,0,13.0,0.00,77,12.7,0.00,MPPT Charging,26,27,0,0,8363
2026-08-24T13:25:39Z,0,13.0,0.00,77,12.7,0.00,MPPT Charging,26,27,0,0,8363
2026-08-24T13:25:49Z,0,13.0,0.00,77,12.7,0.00,MPPT Charging,26,27,0,0,8363
2026-08-24T13:25:59Z,0,13.0,0.00,77,12.7,0.00,MPPT Charging,26,27,0,0,8363
2026-08-24T13:26:09Z,0,13.0,0.00,77,12.7,0.00,MPPT Charging,26,27,0,0,8363
2026-08-24T13:26:19Z,0,13.0,0.00,77,12.7,0.00,MPPT Charging,26,28,0,0,8363
2026-08-24T13:26:29Z,0,13.0,0.00,77,12.7,0.00,MPPT Charging,26,27,0,0,8363
2026-08-24T13:26:39Z,0,13.0,0.00,77,12.7,0.00,MPPT Charging,26,27,0,0,8363
2026-08-24T13:26:49Z,0,13.0,0.00,77,12.7,0.00,MPPT Charging,26,27,0,0,8363
2026-08-24T13:26:59Z,0,13.0,0.00,78,12.7,0.00,MPPT Charging,26,28,0,0,8363
2026-08-24T13:27:09Z,0,13.0,0.00,78,12.7,0.00,MPPT Charging,26,27,0,0,8363
2026-08-24T13:27:19Z,0,13.0,0.00,77,12.7,0.00,MPPT Charging,26,27,0,0,8363
2026-08-24T13:27:29Z,0,13.0,0.00,77,12.7,0.00,MPPT Charging,26,27,0,0,8363
2026-08-24T13:27:39Z,0,13.0,0.00,78,12.7,0.00,MPPT Charging,26,27,0,0,8363
2026-08-24T13:27:49Z,0,13.0,0.00,77,12.7,0.00,MPPT Charging,26,27,0,0,8363
2026-08-24T13:27:59Z,0,13.0,0.00,77,12.7,0.00,MPPT Charging,26,27,0,0,8363
2026-08-24T13:28:09Z,0,13.0,0.00,74,12.7,0.00,MPPT Charging,26,27,0,0,8363
2026-08-24T13:28:19Z,0,13.0,0.00,78,12.7,0.00,MPPT Charging,26,27,0,0,8363
2026-08-24T13:28:29Z,0,13.0,0.00,77,12.7,0.00,MPPT Charging,26,27,0,0,8363
2026-08-24T13:28:39Z,0,12.8,0.00,77,12.7,0.00,MPPT Charging,26,27,0,0,8363
2026-08-24T13:28:49Z,0,13.0,0.00,76,12.7,0.00,MPPT Charging,26,27,0,0,8363
2026-08-24T13:28:59Z,0,13.0,0.00,77,12.7,0.00,MPPT Charging,26,27,0,0,8363
2026-08-24T13:29:09Z,0,13.0,0.00,77,12.7,0.00,MPPT Charging,26,27,0,0,8363
2026-08-24T13:29:19Z,0,13.0,0.00,78,12.7,0.00,MPPT Charging,26,27,0,0,8363
2026-08-24T13:29:29Z,0,13.0,0.00,77,12.7,0.00,MPPT Charging,26,27,0,0,8363
2026-08-24T13:29:39Z,0,13.0,0.00,78,12.7,0.00,MPPT Charging,26,27,0,0,8363
2026-08-24T13:29:49Z,0,13.1,0.00,77,12.7,0.00,MPPT Charging,26,27,0,0,8363
2026-08-24T13:29:59Z,0,13.1,0.00,78,12.7,0.00,MPPT Charging,26,27,0,0,8363
2026-08-24T13:30:09Z,0,13.0,0.00,77,12.6,0.00,MPPT Charging,26,27,0,0,8363
2026-08-24T13:30:19Z,0,13.0,0.00,77,12.7,0.00,MPPT Charging,26,27,0,0,8363
2026-08-24T13:30:29Z,0,13.1,0.00,77,12.7,0.00,MPPT Charging,26,27,0,0,8363
2026-08-24T13:30:39Z,0,13.1,0.00,77,12.7,0.00,MPPT Charging,26,27,0,0,8363
2026-08-24T13:30:49Z,0,13.1,0.00,77,12.7,0.00,MPPT Charging,26,27,0,0,8363
2026-08-24T13:30:59Z,0,13.1,0.00,78,12.7,0.00,MPPT Charging,26,27,0,0,8363
2026-08-24T13:31:09Z,0,13.0,0.00,77,12.7,0.00,MPPT Charging,26,27,0,0,8363
2026-08-24T13:31:19Z,0,13.1,0.00,78,12.7,0.00,MPPT Charging,26,27,0,0,8363
2026-08-24T13:31:29Z,0,13.1,0.00,78,12.7,0.00,MPPT Charging,26,28,0,0,8363
2026-08-24T13:31:39Z,0,13.1,0.00,77,12.7,0.00,MPPT Charging,26,27,0,0,8363
2026-08-24T13:31:49Z,0,13.1,0.00,77,12.7,0.00,MPPT Charging,26,27,0,0,8363
2026-08-24T13:31:59Z,0,13.1,0.00,77,12.7,0.00,MPPT Charging,26,28,0,0,8363
2026-08-24T13:32:09Z,0,13.1,0.00,78,12.7,0.00,MPPT Charging,26,27,0,0,8363
2026-08-24T13:32:19Z,0,13.1,0.00,78,12.7,0.00,MPPT Charging,26,27,0,0,8363
2026-08-24T13:32:29Z,0,13.1,0.00,78,12.7,0.00,MPPT Charging,26,27,0,0,8363
2026-08-24T13:32:39Z,0,13.1,0.00,77,12.7,0.00,MPPT Charging,26,27,0,0,8363
2026-08-24T13:32:49Z,0,13.1,0.00,77,12.7,0.00,MPPT Charging,26,27,0,0,8363
2026-08-24T13:32:59Z,0,13.1,0.00,78,12.7,0.00,MPPT Charging,26,27,0,0,8363
2026-08-24T13:33:09Z,0,13.1,0.00,77,12.7,0.00,MPPT Charging,26,27,0,0,8363
2026-08-24T13:33:19Z,0,13.1,0.00,77,12.7,0.00,MPPT Charging,26,27,0,0,8363
2026-08-24T13:33:29Z,0,13.1,0.00,76,12.7,0.00,MPPT Charging,26,27,0,0,8363
2026-08-24T13:33:39Z,0,13.1,0.00,77,12.7,0.00,MPPT Charging,26,27,0,0,8363
2026-08-24T13:33:49Z,0,12.5,0.00,77,12.7,0.00,MPPT Charging,26,27,0,0,8363
2026-08-24T13:33:59Z,0,13.1,0.00,77,12.7,0.00,MPPT Charging,26,27,0,0,8363
2026-08-24T13:34:09Z,0,13.1,0.00,77,12.6,0.00,MPPT Charging,26,27,0,0,8363
2026-08-24T13:34:19Z,0,13.1,0.00,77,12.7,0.00,MPPT Charging,26,27,0,0,8363
2026-08-24T13:34:29Z,0,13.1,0.00,77,12.7,0.00,MPPT Charging,26,28,0,0,8363
2026-08-24T13:34:39Z,0,13.1,0.00,78,12.7,0.00,MPPT Charging,26,27,0,0,8363
2026-08-24T13:34:49Z,0,13.1,0.00,77,12.7,0.00,MPPT Charging,26,28,0,0,8363
2026-08-24T13:34:59Z,0,13.1,0.00,77,12.7,0.00,MPPT Charging,26,27,0,0,8363
2026-08-24T13:35:09Z,0,13.1,0.00,77,12.7,0.00,MPPT Charging,26,27,0,0,8363
2026-08-24T13:35:19Z,0,13.0,0.00,77,12.7,0.00,MPPT Charging,26,27,0,0,8363
2026-08-24T13:35:29Z,0,13.0,0.00,77,12.7,0.00,MPPT Charging,26,28,0,0,8363
2026-08-24T13:35:39Z,0,13.0,0.00,77,12.7,0.00,MPPT Charging,26,27,0,0,8363
2026-08-24T13:35:49Z,0,13.0,0.00,78,12.7,0.00,MPPT Charging,26,27,0,0,8363
2026-08-24T13:35:59Z,0,13.0,0.00,77,12.7,0.00,MPPT Charging,26,27,0,0,8363
2026-08-24T13:36:09Z,0,13.0,0.00,78,12.7,0.00,MPPT Charging,26,27,0,0,8363
2026-08-24T13:36:19Z,0,13.0,0.00,78,12.7,0.00,MPPT Charging,26,27,0,0,8363
2026-08-24T13:36:29Z,0,13.0,0.00,77,12.7,0.00,MPPT Charging,26,27,0,0,8363
2026-08-24T13:36:39Z,0,13.0,0.00,77,12.6,0.00,MPPT Charging,26,27,0,0,8363
2026-08-24T13:36:49Z,0,13.0,0.00,77,12.7,0.00,MPPT Charging,26,27,0,0,8363
2026-08-24T13:36:59Z,0,13.0,0.00,77,12.7,0.00,MPPT Charging,26,27,0,0,8363
2026-08-24T13:37:09Z,0,13.0,0.00,77,12.7,0.00,MPPT Charging,26,27,0,0,8363
2026-08-24T13:37:19Z,0,13.0,0.00,78,12.7,0.00,MPPT Charging,26,27,0,0,8363
2026-08-24T13:37:29Z,0,13.0,0.00,77,12.7,0.00,MPPT Charging,26,27,0,0,8363
2026-08-24T13:37:39Z,0,13.0,0.00,77,12.7,0.00,MPPT Charging,26,27,0,0,8363
2026-08-24T13:37:49Z,0,13.0,0.00,77,12.7,0.00,MPPT Charging,26,27,0,0,8363
2026-08-24T13:37:59Z,0,13.0,0.00,77,12.7,0.00,MPPT Charging,26,27,0,0,8363
2026-08-24T13:38:09Z,0,13.0,0.00,77,12.7,0.00,MPPT Charging,26,27,0,0,8363
2026-08-24T13:38:19Z,0,13.0,0.00,77,12.6,0.00,MPPT Charging,26,27,0,0,8363
2026-08-24T13:38:29Z,0,13.0,0.00,77,12.6,0.00,MPPT Charging,26,27,0,0,8363
2026-08-24T13:38:39Z,0,13.0,0.00,77,12.7,0.00,MPPT Charging,26,27,0,0,8363
2026-08-24T13:38:49Z,0,13.0,0.00,77,12.7,0.00,MPPT Charging,26,27,0,0,8363
2026-08-24T13:39:00Z,0,12.4,0.00,77,12.7,0.00,MPPT Charging,26,27,0,0,8363
2026-08-24T13:39:09Z,0,13.0,0.00,77,12.7,0.00,MPPT Charging,26,27,0,0,8363
2026-08-24T13:39:19Z,0,13.0,0.00,77,12.7,0.00,MPPT Charging,26,27,0,0,8363
2026-08-24T13:39:29Z,0,13.0,0.00,77,12.7,0.00,MPPT Charging,26,27,0,0,8363
2026-08-24T13:39:39Z,0,13.0,0.00,77,12.7,0.00,MPPT Charging,26,27,0,0,8363
2026-08-24T13:39:49Z,0,13.0,0.00,78,12.6,0.00,MPPT Charging,26,28,0,0,8363
2026-08-24T13:39:59Z,0,13.0,0.00,77,12.7,0.00,MPPT Charging,26,27,0,0,8363
2026-08-24T13:40:09Z,0,13.0,0.00,76,12.6,0.00,MPPT Charging,26,27,0,0,8363
2026-08-24T13:40:19Z,0,13.0,0.00,75,12.6,0.00,MPPT Charging,26,27,0,0,8363
2026-08-24T13:40:29Z,0,13.0,0.00,77,12.7,0.00,MPPT Charging,26,27,0,0,8363
2026-08-24T13:40:39Z,0,13.0,0.00,77,12.7,0.00,MPPT Charging,26,27,0,0,8363
2026-08-24T13:40:49Z,0,13.0,0.00,78,12.7,0.00,MPPT Charging,26,27,0,0,8363
2026-08-24T13:40:59Z,0,13.0,0.00,77,12.7,0.00,MPPT Charging,26,27,0,0,8363
2026-08-24T13:41:09Z,0,13.0,0.00,77,12.7,0.00,MPPT Charging,26,27,0,0,8363
2026-08-24T13:41:19Z,0,13.0,0.00,77,12.7,0.00,MPPT Charging,26,27,0,0,8363
2026-08-24T13:41:29Z,0,13.0,0.00,76,12.7,0.00,MPPT Charging,26,27,0,0,8363
2026-08-24T13:41:50Z,0,13.0,0.00,77,12.7,0.00,MPPT Charging,26,28,0,0,8363
2026-08-24T13:41:59Z,0,13.0,0.00,77,12.7,0.00,MPPT Charging,26,27,0,0,8363
2026-08-24T13:42:09Z,0,13.0,0.00,78,12.6,0.00,MPPT Charging,26,27,0,0,8363
2026-08-24T13:42:19Z,0,13.0,0.00,78,12.7,0.00,MPPT Charging,26,27,0,0,8363
2026-08-24T13:42:29Z,0,13.0,0.00,77,12.7,0.00,MPPT Charging,26,27,0,0,8363
2026-08-24T13:42:39Z,0,13.0,0.00,77,12.7,0.00,MPPT Charging,26,27,0,0,8363
2026-08-24T13:42:49Z,0,13.0,0.00,78,12.7,0.00,MPPT Charging,26,27,0,0,8363
2026-08-24T13:42:59Z,0,13.0,0.00,77,12.7,0.00,MPPT Charging,26,27,0,0,8363
2026-08-24T13:43:09Z,0,13.0,0.00,77,12.6,0.00,MPPT Charging,26,27,0,0,8363
2026-08-24T13:43:19Z,0,13.0,0.00,75,12.7,0.00,MPPT Charging,26,27,0,0,8363
2026-08-24T13:43:29Z,0,13.0,0.00,77,12.7,0.00,MPPT Charging,26,27,0,0,8363
2026-08-24T13:43:39Z,0,13.0,0.00,77,12.7,0.00,MPPT Charging,26,27,0,0,8363
2026-08-24T13:43:49Z,0,13.0,0.00,77,12.7,0.00,MPPT Charging,26,27,0,0,8363
2026-08-24T13:43:59Z,0,13.0,0.00,77,12.7,0.00,MPPT Charging,26,27,0,0,8363
2026-08-24T13:44:09Z,0,12.5,0.00,77,12.7,0.00,MPPT Charging,26,27,0,0,8363
2026-08-24T13:44:19Z,0,13.0,0.00,78,12.7,0.00,MPPT Charging,26,27,0,0,8363
2026-08-24T13:44:29Z,0,13.0,0.00,77,12.7,0.00,MPPT Charging,26,27,0,0,8363
2026-08-24T13:44:39Z,0,13.0,0.00,77,12.7,0.00,MPPT Charging,26,27,0,0,8363
2026-08-24T13:44:49Z,0,13.0,0.00,77,12.7,0.00,MPPT Charging,26,27,0,0,8363
2026-08-24T13:44:59Z,0,13.0,0.00,77,12.7,0.00,MPPT Charging,26,27,0,0,8363
2026-08-24T13:45:09Z,0,13.0,0.00,78,12.7,0.00,MPPT Charging,26,27,0,0,8363
2026-08-24T13:45:19Z,0,13.0,0.00,77,12.7,0.00,MPPT Charging,26,27,0,0,8363
2026-08-24T13:45:29Z,0,13.0,0.00,77,12.7,0.00,MPPT Charging,26,27,0,0,8363
2026-08-24T13:45:39Z,0,13.0,0.00,77,12.7,0.00,MPPT Charging,26,27,0,0,8363
2026-08-24T13:45:49Z,0,13.0,0.00,77,12.7,0.00,MPPT Charging,26,27,0,0,8363
2026-08-24T13:45:59Z,0,13.0,0.00,77,12.6,0.00,MPPT Charging,26,27,0,0,8363
2026-08-24T13:46:09Z,0,13.0,0.00,77,12.7,0.00,MPPT Charging,26,27,0,0,8363
2026-08-24T13:46:19Z,0,13.0,0.00,76,12.7,0.00,MPPT Charging,26,27,0,0,8363
2026-08-24T13:46:29Z,0,13.0,0.00,78,12.7,0.00,MPPT Charging,26,27,0,0,8363
2026-08-24T13:46:39Z,0,13.0,0.00,77,12.7,0.00,MPPT Charging,26,27,0,0,8363
2026-08-24T13:46:49Z,0,13.0,0.00,78,12.7,0.00,MPPT Charging,26,27,0,0,8363
2026-08-24T13:47:00Z,0,13.0,0.00,77,12.7,0.00,MPPT Charging,26,27,0,0,8363
2026-08-24T13:47:09Z,0,13.0,0.00,77,12.7,0.00,MPPT Charging,26,27,0,0,8363
2026-08-24T13:47:19Z,0,13.0,0.00,77,12.7,0.00,MPPT Charging,26,27,0,0,8363
2026-08-24T13:47:29Z,0,13.0,0.00,78,12.7,0.00,MPPT Charging,26,27,0,0,8363
2026-08-24T13:47:39Z,0,13.0,0.00,77,12.7,0.00,MPPT Charging,26,27,0,0,8363
2026-08-24T13:47:49Z,0,13.0,0.00,77,12.7,0.00,MPPT Charging,26,27,0,0,8363
2026-08-24T13:47:59Z,0,13.1,0.00,77,12.7,0.00,MPPT Charging,26,27,0,0,8363
2026-08-24T13:48:09Z,0,13.0,0.00,78,12.6,0.00,MPPT Charging,26,27,0,0,8363
2026-08-24T13:48:19Z,0,13.1,0.00,78,12.6,0.00,MPPT Charging,26,27,0,0,8363
2026-08-24T13:48:29Z,0,13.0,0.00,77,12.7,0.00,MPPT Charging,26,27,0,0,8363
2026-08-24T13:48:39Z,0,13.0,0.00,77,12.7,0.00,MPPT Charging,26,27,0,0,8363
2026-08-24T13:48:49Z,0,13.0,0.00,77,12.7,0.00,MPPT Charging,26,27,0,0,8363
2026-08-24T13:48:59Z,0,13.1,0.00,77,12.7,0.00,MPPT Charging,26,27,0,0,8363
2026-08-24T13:49:09Z,0,13.1,0.00,77,12.7,0.00,MPPT Charging,26,27,0,0,8363
2026-08-24T13:49:19Z,0,12.6,0.00,78,12.6,0.00,MPPT Charging,26,27,0,0,8363
2026-08-24T13:49:29Z,0,13.1,0.00,77,12.7,0.00,MPPT Charging,26,27,0,0,8363
2026-08-24T13:49:39Z,0,13.1,0.00,78,12.7,0.00,MPPT Charging,26,27,0,0,8363
2026-08-24T13:49:49Z,0,13.1,0.00,77,12.7,0.00,MPPT Charging,26,27,0,0,8363
2026-08-24T13:49:59Z,0,13.1,0.00,77,12.7,0.00,MPPT Charging,26,27,0,0,8363
2026-08-24T13:50:09Z,0,13.1,0.00,78,12.7,0.00,MPPT Charging,26,27,0,0,8363
2026-08-24T13:50:19Z,0,13.1,0.00,78,12.7,0.00,MPPT Charging,26,27,0,0,8363
2026-08-24T13:50:29Z,0,13.1,0.00,77,12.7,0.00,MPPT Charging,26,27,0,0,8363
2026-08-24T13:50:39Z,0,13.1,0.00,77,12.7,0.00,MPPT Charging,26,28,0,0,8363
2026-08-24T13:50:49Z,0,13.1,0.00,77,12.7,0.00,MPPT Charging,26,27,0,0,8363
2026-08-24T13:50:59Z,0,13.1,0.00,76,12.7,0.00,MPPT Charging,26,27,0,0,8363
2026-08-24T13:51:09Z,0,13.1,0.00,77,12.7,0.00,MPPT Charging,26,27,0,0,8363
2026-08-24T13:51:19Z,0,13.1,0.00,77,12.7,0.00,MPPT Charging,26,27,0,0,8363
2026-08-24T13:51:29Z,0,13.1,0.00,77,12.7,0.00,MPPT Charging,26,27,0,0,8363
2026-08-24T13:51:39Z,0,13.1,0.00,77,12.7,0.00,MPPT Charging,26,27,0,0,8363
2026-08-24T13:51:49Z,0,13.1,0.00,75,12.7,0.00,MPPT Charging,26,27,0,0,8363
2026-08-24T13:51:59Z,0,13.1,0.00,77,12.7,0.00,MPPT Charging,26,27,0,0,8363
2026-08-24T13:52:10Z,0,13.1,0.00,77,12.7,0.00,MPPT Charging,26,27,0,0,8363
2026-08-24T13:52:19Z,0,13.1,0.00,77,12.7,0.00,MPPT Charging,26,27,0,0,8363
2026-08-24T13:52:29Z,0,13.1,0.00,77,12.7,0.00,MPPT Charging,26,27,0,0,8363
2026-08-24T13:52:39Z,0,13.1,0.00,78,12.7,0.00,MPPT Charging,26,27,0,0,8363
2026-08-24T13:52:49Z,0,13.1,0.00,76,12.7,0.00,MPPT Charging,26,27,0,0,8363
2026-08-24T13:52:59Z,0,13.1,0.00,77,12.7,0.00,MPPT Charging,26,27,0,0,8363
2026-08-24T13:53:09Z,0,13.1,0.00,78,12.7,0.00,MPPT Charging,26,27,0,0,8363
2026-08-24T13:53:19Z,0,13.1,0.00,77,12.7,0.00,MPPT Charging,26,27,0,0,8363
2026-08-24T13:53:29Z,0,13.1,0.00,77,12.7,0.00,MPPT Charging,26,27,0,0,8363
2026-08-24T13:53:39Z,0,13.1,0.00,77,12.7,0.00,MPPT Charging,26,27,0,0,8363
2026-08-24T13:53:49Z,0,13.1,0.00,77,12.7,0.00,MPPT Charging,26,27,0,0,8363
2026-08-24T13:53:59Z,0,13.1,0.00,77,12.7,0.00,MPPT Charging,26,27,0,0,8363
2026-08-24T13:54:09Z,0,13.1,0.00,78,12.7,0.00,MPPT Charging,26,27,0,0,8363
2026-08-24T13:54:19Z,0,13.1,0.00,78,12.7,0.00,MPPT Charging,26,27,0,0,8363
2026-08-24T13:54:29Z,0,21.5,0.00,78,12.7,0.00,MPPT Charging,26,28,0,0,8363
2026-08-24T13:54:39Z,0,28.3,0.00,78,12.7,0.00,MPPT Charging,26,27,0,0,8363
2026-08-24T13:54:49Z,0,26.7,0.00,78,12.7,0.00,MPPT Charging,26,27,0,0,8363
2026-08-24T13:54:59Z,0,26.1,0.00,78,12.7,0.00,MPPT Charging,26,27,0,0,8363
2026-08-24T13:55:09Z,0,24.6,0.00,78,12.7,0.00,MPPT Charging,26,27,0,0,8363
2026-08-24T13:55:19Z,0,29.8,0.00,78,12.7,0.00,MPPT Charging,26,27,0,0,8363
2026-08-24T13:55:29Z,0,23.1,0.00,78,12.7,0.00,MPPT Charging,26,27,0,0,8363
2026-08-24T13:55:39Z,0,21.5,0.00,78,12.7,0.00,MPPT Charging,26,27,0,0,8363
2026-08-24T13:55:49Z,0,24.5,0.00,77,12.7,0.00,MPPT Charging,26,27,0,0,8363
2026-08-24T13:55:59Z,0,26.6,0.00,78,12.7,0.00,MPPT Charging,26,27,0,0,8363
2026-08-24T13:56:09Z,0,21.5,0.00,77,12.7,0.00,MPPT Charging,26,27,0,0,8363
2026-08-24T13:56:19Z,0,24.0,0.00,78,12.7,0.00,MPPT Charging,26,27,0,0,8363
2026-08-24T13:56:29Z,0,23.3,0.00,77,12.7,0.00,MPPT Charging,26,27,0,0,8363
2026-08-24T13:56:39Z,0,28.9,0.00,78,12.7,0.00,MPPT Charging,26,27,0,0,8363
2026-08-24T13:56:49Z,0,23.9,0.00,77,12.7,0.00,MPPT Charging,26,28,0,0,8363
2026-08-24T13:56:59Z,0,20.3,0.00,77,12.7,0.00,MPPT Charging,26,27,0,0,8363
2026-08-24T13:57:09Z,0,20.1,0.00,78,12.7,0.00,MPPT Charging,26,27,0,0,8363
2026-08-24T13:57:19Z,0,30.1,0.00,77,12.7,0.00,MPPT Charging,26,28,0,0,8363
2026-08-24T13:57:29Z,0,26.1,0.00,78,12.7,0.00,MPPT Charging,26,27,0,0,8363
2026-08-24T13:57:39Z,0,21.0,0.00,78,12.7,0.00,MPPT Charging,26,27,0,0,8363
2026-08-24T13:57:49Z,0,22.5,0.00,78,12.7,0.00,MPPT Charging,26,28,0,0,8363
2026-08-24T13:57:59Z,0,29.0,0.00,77,12.7,0.00,MPPT Charging,26,27,0,0,8363
2026-08-24T13:58:09Z,0,28.2,0.00,78,12.7,0.00,MPPT Charging,26,27,0,0,8363
2026-08-24T13:58:19Z,0,25.4,0.00,77,12.7,0.00,MPPT Charging,26,27,0,0,8363
2026-08-24T13:58:29Z,0,23.5,0.00,78,12.7,0.00,MPPT Charging,26,27,0,0,8363
2026-08-24T13:58:39Z,0,21.3,0.00,78,12.7,0.00,MPPT Charging,26,27,0,0,8363
2026-08-24T13:58:49Z,0,21.0,0.00,77,12.7,0.00,MPPT Charging,26,27,0,0,8363
2026-08-24T13:58:59Z,0,20.5,0.00,78,12.7,0.00,MPPT Charging,26,27,0,0,8363
2026-08-24T13:59:09Z,0,20.6,0.00,78,12.7,0.00,MPPT Charging,26,27,0,0,8363
2026-08-24T13:59:19Z,0,20.6,0.00,77,12.7,0.00,MPPT Charging,26,27,0,0,8363
2026-08-24T13:59:29Z,0,20.2,0.00,78,12.7,0.00,MPPT Charging,26,27,0,0,8363
2026-08-24T13:59:39Z,0,30.5,0.00,77,12.7,0.00,MPPT Charging,26,27,0,0,8363
2026-08-24T13:59:49Z,0,28.7,0.00,78,12.7,0.00,MPPT Charging,26,27,0,0,8363
2026-08-24T13:59:59Z,0,26.9,0.00,78,12.7,0.00,MPPT Charging,26,27,0,0,8363
2026-08-24T14:00:09Z,0,25.7,0.00,78,12.7,0.00,MPPT Charging,26,27,0,0,8363
2026-08-24T14:00:19Z,0,28.6,0.00,78,12.7,0.00,MPPT Charging,26,27,0,0,8363
2026-08-24T14:00:29Z,0,27.8,0.00,78,12.7,0.00,MPPT Charging,26,27,0,0,8363
2026-08-24T14:00:39Z,0,26.1,0.00,78,12.7,0.00,MPPT Charging,26,27,0,0,8363
2026-08-24T14:00:49Z,0,29.0,0.00,78,12.7,0.00,MPPT Charging,26,27,0,0,8363
2026-08-24T14:00:59Z,0,29.8,0.00,78,12.7,0.00,MPPT Charging,26,27,0,0,8363
2026-08-24T14:01:09Z,0,29.9,0.00,78,12.7,0.00,MPPT Charging,26,27,0,0,8363
2026-08-24T14:01:19Z,0,30.0,0.00,78,12.7,0.00,MPPT Charging,26,27,0,0,8363
2026-08-24T14:01:29Z,0,30.6,0.00,78,12.7,0.00,MPPT Charging,26,27,0,0,8363
2026-08-24T14:01:39Z,0,30.2,0.00,78,12.7,0.00,MPPT Charging,26,27,0,0,8363
2026-08-24T14:01:49Z,0,28.4,0.00,77,12.7,0.00,MPPT Charging,26,27,0,0,8363
2026-08-24T14:01:59Z,0,30.6,0.00,78,12.7,0.00,MPPT Charging,26,27,0,0,8363
2026-08-24T14:02:09Z,0,29.0,0.00,78,12.7,0.00,MPPT Charging,26,27,0,0,8363
2026-08-24T14:02:19Z,0,28.7,0.00,78,12.7,0.00,MPPT Charging,26,27,0,0,8363
2026-08-24T14:02:30Z,0,30.5,0.00,78,12.7,0.00,MPPT Charging,26,27,0,0,8363
2026-08-24T14:02:39Z,0,29.5,0.00,78,12.7,0.00,MPPT Charging,26,27,0,0,8363
2026-08-24T14:02:49Z,0,25.8,0.00,78,12.7,0.00,MPPT Charging,26,27,0,0,8363
2026-08-24T14:02:59Z,0,28.1,0.00,77,12.7,0.00,MPPT Charging,26,27,0,0,8363
2026-08-24T14:03:09Z,0,30.0,0.00,78,12.7,0.00,MPPT Charging,26,27,0,0,8363
2026-08-24T14:03:19Z,0,29.6,0.00,78,12.7,0.00,MPPT Charging,26,27,0,0,8363
2026-08-24T14:03:29Z,0,28.9,0.00,78,12.7,0.00,MPPT Charging,26,27,0,0,8363
2026-08-24T14:03:39Z,0,27.5,0.00,78,12.7,0.00,MPPT Charging,26,27,0,0,8363
2026-08-24T14:03:49Z,0,29.1,0.00,78,12.7,0.00,MPPT Charging,26,27,0,0,8363
2026-08-24T14:03:59Z,0,29.8,0.00,77,12.7,0.00,MPPT Charging,26,27,0,0,8363
2026-08-24T14:04:09Z,0,29.0,0.00,78,12.7,0.00,MPPT Charging,26,27,0,0,8363
2026-08-24T14:04:19Z,0,28.1,0.00,78,12.7,0.00,MPPT Charging,26,27,0,0,8363
2026-08-24T14:04:29Z,0,29.7,0.00,78,12.7,0.00,MPPT Charging,26,28,0,0,8363
2026-08-24T14:04:39Z,0,29.6,0.00,78,12.7,0.00,MPPT Charging,26,27,0,0,8363
2026-08-24T14:04:49Z,0,29.4,0.00,78,12.7,0.00,MPPT Charging,26,27,0,0,8363
2026-08-24T14:04:59Z,0,26.8,0.00,78,12.7,0.00,MPPT Charging,26,27,0,0,8363
2026-08-24T14:05:09Z,0,26.3,0.00,78,12.7,0.00,MPPT Charging,26,27,0,0,8363
2026-08-24T14:05:19Z,0,29.9,0.00,78,12.7,0.00,MPPT Charging,26,27,0,0,8363
2026-08-24T14:05:29Z,0,29.6,0.00,78,12.7,0.00,MPPT Charging,26,28,0,0,8363
2026-08-24T14:05:39Z,0,29.8,0.00,78,12.7,0.00,MPPT Charging,26,27,0,0,8363
2026-08-24T14:05:49Z,0,28.6,0.00,78,12.7,0.00,MPPT Charging,26,27,0,0,8363
2026-08-24T14:05:59Z,0,28.6,0.00,78,12.7,0.00,MPPT Charging,26,27,0,0,8363
2026-08-24T14:06:09Z,0,28.4,0.00,78,12.7,0.00,MPPT Charging,26,28,0,0,8363
2026-08-24T14:06:19Z,0,29.6,0.00,78,12.7,0.00,MPPT Charging,26,27,0,0,8363
2026-08-24T14:06:29Z,0,30.5,0.00,78,12.7,0.00,MPPT Charging,26,27,0,0,8363
2026-08-24T14:06:39Z,0,29.4,0.00,78,12.7,0.00,MPPT Charging,26,27,0,0,8363
2026-08-24T14:06:49Z,0,27.0,0.00,78,12.7,0.00,MPPT Charging,26,27,0,0,8363
2026-08-24T14:06:59Z,0,28.8,0.00,78,12.7,0.00,MPPT Charging,26,27,0,0,8363
2026-08-24T14:07:09Z,0,25.2,0.00,78,12.7,0.00,MPPT Charging,26,28,0,0,8363
2026-08-24T14:07:19Z,0,29.3,0.00,78,12.7,0.00,MPPT Charging,26,27,0,0,8363
2026-08-24T14:07:29Z,0,28.9,0.00,78,12.7,0.00,MPPT Charging,26,27,0,0,8363
2026-08-24T14:07:40Z,0,26.6,0.00,78,12.7,0.00,MPPT Charging,26,27,0,0,8363
2026-08-24T14:07:49Z,0,28.1,0.00,78,12.7,0.00,MPPT Charging,26,27,0,0,8363
2026-08-24T14:07:59Z,0,30.9,0.00,78,12.7,0.00,MPPT Charging,26,27,0,0,8363
2026-08-24T14:08:09Z,0,26.4,0.00,78,12.7,0.00,MPPT Charging,26,27,0,0,8363
2026-08-24T14:08:19Z,0,29.6,0.00,78,12.7,0.00,MPPT Charging,26,27,0,0,8363
2026-08-24T14:08:29Z,0,25.9,0.00,78,12.7,0.00,MPPT Charging,26,27,0,0,8363
2026-08-24T14:08:39Z,0,28.4,0.00,78,12.7,0.00,MPPT Charging,26,27,0,0,8363
2026-08-24T14:08:49Z,0,26.8,0.00,78,12.7,0.00,MPPT Charging,26,27,0,0,8363
2026-08-24T14:08:59Z,0,28.2,0.00,77,12.7,0.00,MPPT Charging,26,27,0,0,8363
2026-08-24T14:09:09Z,0,29.5,0.00,78,12.7,0.00,MPPT Charging,26,27,0,0,8363
2026-08-24T14:09:19Z,0,28.1,0.00,78,12.7,0.00,MPPT Charging,26,27,0,0,8363
2026-08-24T14:09:29Z,0,28.7,0.00,78,12.7,0.00,MPPT Charging,26,27,0,0,8363
2026-08-24T14:09:39Z,0,28.5,0.00,78,12.7,0.00,MPPT Charging,26,27,0,0,8363
2026-08-24T14:09:49Z,0,26.2,0.00,78,12.7,0.00,MPPT Charging,26,27,0,0,8363
2026-08-24T14:09:59Z,0,27.3,0.00,78,12.7,0.00,MPPT Charging,26,27,0,0,8363
2026-08-24T14:10:09Z,0,30.7,0.00,78,12.7,0.00,MPPT Charging,26,27,0,0,8363
2026-08-24T14:10:19Z,0,30.1,0.00,78,12.7,0.00,MPPT Charging,26,27,0,0,8363
2026-08-24T14:10:29Z,0,28.1,0.00,78,12.7,0.00,MPPT Charging,26,27,0,0,8363
2026-08-24T14:10:39Z,0,27.2,0.00,78,12.7,0.00,MPPT Charging,26,27,0,0,8363
2026-08-24T14:10:49Z,0,29.2,0.00,78,12.7,0.00,MPPT Charging,26,27,0,0,8363
2026-08-24T14:10:59Z,0,28.1,0.00,78,12.7,0.00,MPPT Charging,26,27,0,0,8363
2026-08-24T14:11:09Z,0,29.7,0.00,78,12.7,0.00,MPPT Charging,26,27,0,0,8363
2026-08-24T14:11:19Z,0,25.8,0.00,78,12.7,0.00,MPPT Charging,26,27,0,0,8363
2026-08-24T14:11:29Z,0,27.5,0.00,78,12.7,0.00,MPPT Charging,26,28,0,0,8363
2026-08-24T14:11:39Z,0,26.0,0.00,78,12.7,0.00,MPPT Charging,26,27,0,0,8363
2026-08-24T14:11:49Z,0,26.0,0.00,78,12.7,0.00,MPPT Charging,26,27,0,0,8363
2026-08-24T14:11:59Z,0,27.4,0.00,78,12.7,0.00,MPPT Charging,26,27,0,0,8363
2026-08-24T14:12:09Z,0,31.6,0.00,78,12.7,0.00,MPPT Charging,26,28,0,0,8363
2026-08-24T14:12:19Z,0,29.3,0.00,78,12.7,0.00,MPPT Charging,26,27,0,0,8363
2026-08-24T14:12:29Z,0,28.2,0.00,76,12.7,0.00,MPPT Charging,26,27,0,0,8363
2026-08-24T14:12:39Z,0,27.4,0.00,77,12.7,0.00,MPPT Charging,26,27,0,0,8363
2026-08-24T14:12:50Z,0,31.8,0.00,78,12.7,0.00,MPPT Charging,26,27,0,0,8363
2026-08-24T14:12:59Z,0,28.7,0.00,78,12.7,0.00,MPPT Charging,26,27,0,0,8363
2026-08-24T14:13:09Z,0,29.3,0.00,78,12.7,0.00,MPPT Charging,26,27,0,0,8363
2026-08-24T14:13:19Z,0,30.4,0.00,78,12.7,0.00,MPPT Charging,26,27,0,0,8363
2026-08-24T14:13:29Z,0,30.1,0.00,78,12.7,0.00,MPPT Charging,26,27,0,0,8363
2026-08-24T14:13:39Z,0,29.1,0.00,78,12.7,0.00,MPPT Charging,26,27,0,0,8363
2026-08-24T14:13:49Z,0,31.3,0.00,78,12.7,0.00,MPPT Charging,26,27,0,0,8363
2026-08-24T14:13:59Z,0,30.8,0.00,78,12.7,0.00,MPPT Charging,26,27,0,0,8363
2026-08-24T14:14:09Z,0,31.4,0.00,78,12.7,0.00,MPPT Charging,26,27,0,0,8363
2026-08-24T14:14:19Z,0,31.0,0.00,78,12.7,0.00,MPPT Charging,26,27,0,0,8363
2026-08-24T14:14:29Z,0,30.6,0.00,78,12.7,0.00,MPPT Charging,26,27,0,0,8363
2026-08-24T14:14:39Z,0,30.9,0.00,78,12.7,0.00,MPPT Charging,26,27,0,0,8363
2026-08-24T14:14:49Z,0,29.6,0.00,78,12.7,0.00,MPPT Charging,26,27,0,0,8363
2026-08-24T14:14:59Z,0,20.9,0.00,77,12.7,0.00,MPPT Charging,26,27,0,0,8363
2026-08-24T14:15:09Z,0,29.3,0.00,78,12.7,0.00,MPPT Charging,26,27,0,0,8363
2026-08-24T14:15:19Z,0,30.3,0.00,78,12.7,0.00,MPPT Charging,26,27,0,0,8363
2026-08-24T14:15:29Z,0,30.3,0.00,78,12.7,0.00,MPPT Charging,26,27,0,0,8363
2026-08-24T14:15:39Z,0,32.8,0.00,79,12.7,0.00,MPPT Charging,26,27,0,0,8363
2026-08-24T14:15:49Z,0,30.0,0.00,78,12.7,0.00,MPPT Charging,26,27,0,0,8363
2026-08-24T14:15:59Z,0,32.8,0.00,78,12.7,0.00,MPPT Charging,26,27,0,0,8363
2026-08-24T14:16:09Z,0,31.9,0.00,78,12.7,0.00,MPPT Charging,26,27,0,0,8363
2026-08-24T14:16:19Z,0,30.9,0.00,79,12.7,0.00,MPPT Charging,26,27,0,0,8363
2026-08-24T14:16:29Z,0,30.1,0.00,78,12.7,0.00,MPPT Charging,26,27,0,0,8363
2026-08-24T14:16:39Z,0,31.9,0.00,78,12.7,0.00,MPPT Charging,26,27,0,0,8363
2026-08-24T14:16:49Z,0,31.1,0.00,78,12.7,0.00,MPPT Charging,26,27,0,0,8363
2026-08-24T14:16:59Z,0,30.8,0.00,78,12.7,0.00,MPPT Charging,26,27,0,0,8363
2026-08-24T14:17:09Z,0,29.7,0.00,78,12.7,0.00,MPPT Charging,26,27,0,0,8363
2026-08-24T14:17:19Z,0,29.8,0.00,78,12.7,0.00,MPPT Charging,26,27,0,0,8363
2026-08-24T14:17:29Z,0,31.5,0.00,78,12.7,0.00,MPPT Charging,27,27,0,0,8363
2026-08-24T14:17:39Z,0,30.5,0.00,78,12.7,0.00,MPPT Charging,26,27,0,0,8363
2026-08-24T14:17:49Z,0,30.8,0.00,79,12.7,0.00,MPPT Charging,26,27,0,0,8363
2026-08-24T14:18:00Z,0,31.8,0.00,78,12.7,0.00,MPPT Charging,26,27,0,0,8363
2026-08-24T14:18:09Z,0,32.8,0.00,76,12.7,0.00,MPPT Charging,26,27,0,0,8363
2026-08-24T14:18:19Z,0,32.5,0.00,78,12.7,0.00,MPPT Charging,26,27,0,0,8363
2026-08-24T14:18:29Z,0,32.8,0.00,78,12.7,0.00,MPPT Charging,26,27,0,0,8363
2026-08-24T14:18:39Z,0,31.8,0.00,78,12.7,0.00,MPPT Charging,26,28,0,0,8363
2026-08-24T14:18:49Z,0,33.0,0.00,78,12.7,0.00,MPPT Charging,26,27,0,0,8363
2026-08-24T14:18:59Z,0,32.7,0.00,78,12.7,0.00,MPPT Charging,26,27,0,0,8363
2026-08-24T14:19:09Z,0,32.7,0.00,78,12.7,0.00,MPPT Charging,26,27,0,0,8363
2026-08-24T14:19:19Z,0,32.5,0.00,78,12.7,0.00,MPPT Charging,26,27,0,0,8363
2026-08-24T14:19:29Z,0,32.4,0.00,78,12.7,0.00,MPPT Charging,26,27,0,0,8363
2026-08-24T14:19:39Z,0,32.1,0.00,78,12.7,0.00,MPPT Charging,26,27,0,0,8363
2026-08-24T14:19:49Z,0,32.9,0.00,78,12.7,0.00,MPPT Charging,26,27,0,0,8363
2026-08-24T14:19:59Z,0,31.8,0.00,78,12.7,0.00,MPPT Charging,26,27,0,0,8363
2026-08-24T14:20:09Z,0,15.8,0.00,78,12.7,0.00,MPPT Charging,26,27,0,0,8363
2026-08-24T14:20:19Z,0,29.3,0.00,78,12.7,0.00,MPPT Charging,26,27,0,0,8363
2026-08-24T14:20:29Z,0,29.7,0.00,78,12.7,0.00,MPPT Charging,26,27,0,0,8363
2026-08-24T14:20:39Z,0,32.2,0.00,78,12.7,0.00,MPPT Charging,26,28,0,0,8363
2026-08-24T14:20:49Z,0,32.3,0.00,78,12.7,0.00,MPPT Charging,26,27,0,0,8363
2026-08-24T14:20:59Z,0,32.3,0.00,78,12.7,0.00,MPPT Charging,26,27,0,0,8363
2026-08-24T14:21:09Z,0,32.8,0.00,78,12.7,0.00,MPPT Charging,26,28,0,0,8363
2026-08-24T14:21:19Z,0,31.1,0.00,78,12.7,0.00,MPPT Charging,26,27,0,0,8363
2026-08-24T14:21:29Z,0,33.8,0.00,79,12.7,0.00,MPPT Charging,26,27,0,0,8363
2026-08-24T14:21:39Z,0,31.8,0.00,78,12.7,0.00,MPPT Charging,26,27,0,0,8363
2026-08-24T14:21:49Z,0,32.6,0.00,79,12.7,0.00,MPPT Charging,26,27,0,0,8363
2026-08-24T14:21:59Z,0,33.0,0.00,81,12.7,0.00,MPPT Charging,26,27,0,0,8363
2026-08-24T14:22:09Z,0,31.1,0.00,78,12.7,0.00,MPPT Charging,26,27,0,0,8363
2026-08-24T14:22:19Z,0,33.3,0.00,78,12.7,0.00,MPPT Charging,26,27,0,0,8363
2026-08-24T14:22:29Z,0,32.4,0.00,78,12.7,0.00,MPPT Charging,26,27,0,0,8363
2026-08-24T14:22:39Z,0,31.9,0.00,78,12.7,0.00,MPPT Charging,26,27,0,0,8363
2026-08-24T14:22:49Z,0,31.8,0.00,79,12.7,0.00,MPPT Charging,26,27,0,0,8363
2026-08-24T14:22:59Z,0,31.7,0.00,79,12.7,0.00,MPPT Charging,26,27,0,0,8363
2026-08-24T14:23:10Z,0,31.6,0.00,78,12.7,0.00,MPPT Charging,27,27,0,0,8363
2026-08-24T14:23:19Z,0,33.2,0.00,79,12.7,0.00,MPPT Charging,26,27,0,0,8363
2026-08-24T14:23:29Z,0,32.7,0.00,78,12.7,0.00,MPPT Charging,27,28,0,0,8363
2026-08-24T14:23:39Z,0,32.3,0.00,78,12.7,0.00,MPPT Charging,27,27,0,0,8363
2026-08-24T14:23:49Z,0,32.5,0.00,78,12.7,0.00,MPPT Charging,27,27,0,0,8363
2026-08-24T14:23:59Z,0,32.6,0.00,79,12.7,0.00,MPPT Charging,26,27,0,0,8363
2026-08-24T14:24:09Z,0,32.7,0.00,79,12.7,0.00,MPPT Charging,27,27,0,0,8363
2026-08-24T14:24:19Z,0,34.0,0.00,78,12.7,0.00,MPPT Charging,27,27,0,0,8363
2026-08-24T14:24:29Z,0,33.3,0.00,79,12.7,0.00,MPPT Charging,27,27,0,0,8363
2026-08-24T14:24:39Z,0,33.1,0.00,79,12.7,0.00,MPPT Charging,27,27,0,0,8363
2026-08-24T14:24:49Z,0,33.4,0.00,79,12.7,0.00,MPPT Charging,27,27,0,0,8363
2026-08-24T14:24:59Z,0,32.4,0.00,79,12.7,0.00,MPPT Charging,27,27,0,0,8363
2026-08-24T14:25:09Z,0,33.2,0.00,79,12.7,0.00,MPPT Charging,27,27,0,0,8363
2026-08-24T14:25:19Z,0,17.0,0.00,78,12.7,0.00,MPPT Charging,27,28,0,0,8363
2026-08-24T14:25:29Z,0,34.0,0.00,78,12.7,0.00,MPPT Charging,27,27,0,0,8363
2026-08-24T14:25:39Z,0,33.2,0.00,78,12.7,0.00,MPPT Charging,27,27,0,0,8363
2026-08-24T14:25:49Z,0,31.8,0.00,78,12.7,0.00,MPPT Charging,27,27,0,0,8363
2026-08-24T14:25:59Z,0,29.6,0.00,78,12.7,0.00,MPPT Charging,26,27,0,0,8363
2026-08-24T14:26:09Z,0,27.6,0.00,78,12.7,0.00,MPPT Charging,27,28,0,0,8363
2026-08-24T14:26:19Z,0,31.8,0.00,78,12.7,0.00,MPPT Charging,27,27,0,0,8363
2026-08-24T14:26:29Z,0,32.2,0.00,79,12.7,0.00,MPPT Charging,27,27,0,0,8363
2026-08-24T14:26:39Z,0,30.8,0.00,78,12.7,0.00,MPPT Charging,27,27,0,0,8363
2026-08-24T14:26:49Z,0,31.9,0.00,78,12.7,0.00,MPPT Charging,27,27,0,0,8363
2026-08-24T14:26:59Z,0,31.5,0.00,78,12.7,0.00,MPPT Charging,27,27,0,0,8363
2026-08-24T14:27:09Z,0,33.1,0.00,79,12.7,0.00,MPPT Charging,27,28,0,0,8363
2026-08-24T14:27:19Z,0,31.7,0.00,79,12.7,0.00,MPPT Charging,27,27,0,0,8363
2026-08-24T14:27:29Z,0,30.6,0.00,78,12.7,0.00,MPPT Charging,27,27,0,0,8363
2026-08-24T14:27:39Z,0,31.5,0.00,78,12.7,0.00,MPPT Charging,27,28,0,0,8363
2026-08-24T14:27:49Z,0,31.2,0.00,78,12.7,0.00,MPPT Charging,27,27,0,0,8363
2026-08-24T14:27:59Z,0,31.1,0.00,78,12.7,0.00,MPPT Charging,27,27,0,0,8363
2026-08-24T14:28:09Z,0,29.9,0.00,78,12.7,0.00,MPPT Charging,27,27,0,0,8363
2026-08-24T14:28:19Z,0,30.0,0.00,78,12.7,0.00,MPPT Charging,27,27,0,0,8363
2026-08-24T14:28:29Z,0,29.9,0.00,78,12.7,0.00,MPPT Charging,27,27,0,0,8363
2026-08-24T14:28:39Z,0,30.8,0.00,79,12.7,0.00,MPPT Charging,27,27,0,0,8363
2026-08-24T14:28:49Z,0,31.0,0.00,78,12.7,0.00,MPPT Charging,27,27,0,0,8363
2026-08-24T14:28:59Z,0,30.5,0.00,78,12.7,0.00,MPPT Charging,27,27,0,0,8363
2026-08-24T14:29:09Z,0,30.6,0.00,78,12.7,0.00,MPPT Charging,27,27,0,0,8363
2026-08-24T14:29:19Z,0,31.6,0.00,78,12.7,0.00,MPPT Charging,27,27,0,0,8363
2026-08-24T14:29:29Z,0,30.7,0.00,78,12.7,0.00,MPPT Charging,27,27,0,0,8363
2026-08-24T14:29:39Z,0,29.2,0.00,78,12.7,0.00,MPPT Charging,27,27,0,0,8363
2026-08-24T14:29:49Z,0,31.2,0.00,78,12.7,0.00,MPPT Charging,27,28,0,0,8363
2026-08-24T14:29:59Z,0,31.5,0.00,78,12.7,0.00,MPPT Charging,27,27,0,0,8363
2026-08-24T14:30:09Z,0,31.2,0.00,78,12.7,0.00,MPPT Charging,27,27,0,0,8363
2026-08-24T14:30:19Z,0,30.8,0.00,78,12.7,0.00,MPPT Charging,27,28,0,0,8363
2026-08-24T14:30:29Z,0,20.7,0.00,78,12.7,0.00,MPPT Charging,27,27,0,0,8363
2026-08-24T14:30:39Z,0,30.9,0.00,78,12.7,0.00,MPPT Charging,27,27,0,0,8363
2026-08-24T14:30:49Z,0,30.7,0.00,78,12.7,0.00,MPPT Charging,27,27,0,0,8363
2026-08-24T14:30:59Z,0,30.9,0.00,79,12.7,0.00,MPPT Charging,27,27,0,0,8363
2026-08-24T14:31:09Z,0,30.5,0.00,78,12.7,0.00,MPPT Charging,27,27,0,0,8363
2026-08-24T14:31:19Z,0,31.0,0.00,78,12.7,0.00,MPPT Charging,27,28,0,0,8363
2026-08-24T14:31:29Z,0,28.6,0.00,78,12.7,0.00,MPPT Charging,26,27,0,0,8363
2026-08-24T14:31:39Z,0,28.3,0.00,78,12.7,0.00,MPPT Charging,27,27,0,0,8363
2026-08-24T14:31:49Z,0,28.8,0.00,78,12.7,0.00,MPPT Charging,27,27,0,0,8363
2026-08-24T14:31:59Z,0,29.4,0.00,78,12.7,0.00,MPPT Charging,27,27,0,0,8363
2026-08-24T14:32:09Z,0,27.5,0.00,78,12.7,0.00,MPPT Charging,27,27,0,0,8363
2026-08-24T14:32:19Z,0,29.6,0.00,78,12.7,0.00,MPPT Charging,27,28,0,0,8363
2026-08-24T14:32:29Z,0,30.7,0.00,78,12.7,0.00,MPPT Charging,27,27,0,0,8363
2026-08-24T14:32:39Z,0,28.2,0.00,78,12.7,0.00,MPPT Charging,27,27,0,0,8363
2026-08-24T14:32:49Z,0,29.2,0.00,78,12.7,0.00,MPPT Charging,27,27,0,0,8363
2026-08-24T14:32:59Z,0,28.6,0.00,78,12.7,0.00,MPPT Charging,27,27,0,0,8363
2026-08-24T14:33:09Z,0,29.6,0.00,78,12.7,0.00,MPPT Charging,27,27,0,0,8363
2026-08-24T14:33:19Z,0,27.7,0.00,78,12.7,0.00,MPPT Charging,27,28,0,0,8363
2026-08-24T14:33:30Z,0,28.4,0.00,78,12.7,0.00,MPPT Charging,27,27,0,0,8363
2026-08-24T14:33:39Z,0,27.0,0.00,78,12.7,0.00,MPPT Charging,27,27,0,0,8363
2026-08-24T14:33:49Z,0,25.3,0.00,78,12.7,0.00,MPPT Charging,27,27,0,0,8363
2026-08-24T14:33:59Z,0,26.2,0.00,78,12.7,0.00,MPPT Charging,27,27,0,0,8363
2026-08-24T14:34:09Z,0,28.9,0.00,78,12.7,0.00,MPPT Charging,27,27,0,0,8363
2026-08-24T14:34:19Z,0,25.8,0.00,78,12.7,0.00,MPPT Charging,27,27,0,0,8363
2026-08-24T14:34:29Z,0,27.8,0.00,78,12.7,0.00,MPPT Charging,27,28,0,0,8363
2026-08-24T14:34:39Z,0,28.2,0.00,78,12.7,0.00,MPPT Charging,27,27,0,0,8363
2026-08-24T14:34:49Z,0,29.7,0.00,78,12.7,0.00,MPPT Charging,27,27,0,0,8363
2026-08-24T14:34:59Z,0,29.2,0.00,78,12.7,0.00,MPPT Charging,27,27,0,0,8363
2026-08-24T14:35:09Z,0,28.8,0.00,78,12.7,0.00,MPPT Charging,27,27,0,0,8363
2026-08-24T14:35:19Z,0,28.1,0.00,78,12.7,0.00,MPPT Charging,27,27,0,0,8363
2026-08-24T14:35:29Z,0,28.6,0.00,78,12.7,0.00,MPPT Charging,27,27,0,0,8363
2026-08-24T14:35:39Z,0,26.9,0.00,78,12.7,0.00,MPPT Charging,27,27,0,0,8363
2026-08-24T14:35:49Z,0,26.9,0.00,78,12.7,0.00,MPPT Charging,27,27,0,0,8363
2026-08-24T14:35:59Z,0,27.5,0.00,78,12.7,0.00,MPPT Charging,27,28,0,0,8363
2026-08-24T14:36:09Z,0,27.6,0.00,77,12.7,0.00,MPPT Charging,27,27,0,0,8363
2026-08-24T14:36:19Z,0,30.2,0.00,78,12.7,0.00,MPPT Charging,27,27,0,0,8363
2026-08-24T14:36:29Z,0,30.4,0.00,78,12.7,0.00,MPPT Charging,27,27,0,0,8363
2026-08-24T14:36:39Z,0,29.7,0.00,80,12.7,0.00,MPPT Charging,27,27,0,0,8363
2026-08-24T14:36:49Z,0,29.2,0.00,75,12.7,0.00,MPPT Charging,27,27,0,0,8363
2026-08-24T14:36:59Z,0,27.9,0.00,78,12.7,0.00,MPPT Charging,27,27,0,0,8363
2026-08-24T14:37:09Z,0,27.0,0.00,78,12.7,0.00,MPPT Charging,27,27,0,0,8363
2026-08-24T14:37:19Z,0,28.6,0.00,78,12.7,0.00,MPPT Charging,27,28,0,0,8363
2026-08-24T14:37:29Z,0,29.5,0.00,78,12.7,0.00,MPPT Charging,26,28,0,0,8363
2026-08-24T14:37:39Z,0,30.3,0.00,78,12.7,0.00,MPPT Charging,27,27,0,0,8363
2026-08-24T14:37:49Z,0,29.6,0.00,78,12.7,0.00,MPPT Charging,27,27,0,0,8363
2026-08-24T14:37:59Z,0,28.5,0.00,78,12.7,0.00,MPPT Charging,26,27,0,0,8363
2026-08-24T14:38:09Z,0,28.9,0.00,78,12.7,0.00,MPPT Charging,27,27,0,0,8363
2026-08-24T14:38:19Z,0,30.2,0.00,78,12.7,0.00,MPPT Charging,27,27,0,0,8363
2026-08-24T14:38:29Z,0,30.6,0.00,80,12.7,0.00,MPPT Charging,27,28,0,0,8363
2026-08-24T14:38:40Z,0,29.7,0.00,78,12.7,0.00,MPPT Charging,27,27,0,0,8363
2026-08-24T14:38:49Z,0,31.0,0.00,78,12.7,0.00,MPPT Charging,27,27,0,0,8363
2026-08-24T14:38:59Z,0,29.6,0.00,78,12.7,0.00,MPPT Charging,27,27,0,0,8363
2026-08-24T14:39:09Z,0,28.5,0.00,78,12.7,0.00,MPPT Charging,27,27,0,0,8363
2026-08-24T14:39:19Z,0,30.9,0.00,78,12.7,0.00,MPPT Charging,27,28,0,0,8363
2026-08-24T14:39:29Z,0,30.1,0.00,78,12.7,0.00,MPPT Charging,27,27,0,0,8363
2026-08-24T14:39:39Z,0,30.0,0.00,78,12.7,0.00,MPPT Charging,27,27,0,0,8363
2026-08-24T14:39:49Z,0,27.4,0.00,78,12.7,0.00,MPPT Charging,27,28,0,0,8363
2026-08-24T14:39:59Z,0,30.9,0.00,78,12.7,0.00,MPPT Charging,27,27,0,0,8363
2026-08-24T14:40:09Z,0,29.0,0.00,78,12.7,0.00,MPPT Charging,27,27,0,0,8363
2026-08-24T14:40:19Z,0,30.6,0.00,78,12.7,0.00,MPPT Charging,27,27,0,0,8363
2026-08-24T14:40:29Z,0,28.9,0.00,78,12.7,0.00,MPPT Charging,27,27,0,0,8363
2026-08-24T14:40:39Z,0,30.2,0.00,78,12.7,0.00,MPPT Charging,27,27,0,0,8363
2026-08-24T14:40:49Z,0,30.9,0.00,78,12.7,0.00,MPPT Charging,27,27,0,0,8363
2026-08-24T14:40:59Z,0,28.4,0.00,78,12.7,0.00,MPPT Charging,27,27,0,0,8363
2026-08-24T14:41:09Z,0,29.5,0.00,78,12.7,0.00,MPPT Charging,27,27,0,0,8363
2026-08-24T14:41:19Z,0,27.5,0.00,78,12.7,0.00,MPPT Charging,27,27,0,0,8363
2026-08-24T14:41:29Z,0,29.1,0.00,78,12.7,0.00,MPPT Charging,27,27,0,0,8363
2026-08-24T14:41:39Z,0,29.5,0.00,78,12.7,0.00,MPPT Charging,27,27,0,0,8363
2026-08-24T14:41:49Z,0,29.1,0.00,78,12.7,0.00,MPPT Charging,27,27,0,0,8363
2026-08-24T14:41:59Z,0,28.2,0.00,78,12.7,0.00,MPPT Charging,27,27,0,0,8363
2026-08-24T14:42:09Z,0,29.7,0.00,78,12.7,0.00,MPPT Charging,27,27,0,0,8363
2026-08-24T14:42:19Z,0,26.3,0.00,78,12.7,0.00,MPPT Charging,27,27,0,0,8363
2026-08-24T14:42:29Z,0,29.8,0.00,78,12.7,0.00,MPPT Charging,27,27,0,0,8363
2026-08-24T14:42:39Z,0,30.0,0.00,78,12.7,0.00,MPPT Charging,27,27,0,0,8363
2026-08-24T14:42:49Z,0,28.7,0.00,78,12.7,0.00,MPPT Charging,27,27,0,0,8363
2026-08-24T14:42:59Z,0,28.6,0.00,78,12.7,0.00,MPPT Charging,27,27,0,0,8363
2026-08-24T14:43:09Z,0,30.6,0.00,78,12.7,0.00,MPPT Charging,27,27,0,0,8363
2026-08-24T14:43:20Z,0,29.1,0.00,78,12.7,0.00,MPPT Charging,27,27,0,0,8363
2026-08-24T14:43:31Z,0,29.1,0.00,78,12.7,0.00,MPPT Charging,27,27,0,0,8363
2026-08-24T14:43:41Z,0,28.7,0.00,78,12.7,0.00,MPPT Charging,27,27,0,0,8363
2026-08-24T14:43:49Z,0,28.9,0.00,78,12.7,0.00,MPPT Charging,27,27,0,0,8363
2026-08-24T14:44:00Z,0,25.9,0.00,78,12.7,0.00,MPPT Charging,27,27,0,0,8363
2026-08-24T14:44:09Z,0,29.7,0.00,78,12.7,0.00,MPPT Charging,27,27,0,0,8363
2026-08-24T14:44:19Z,0,28.7,0.00,78,12.7,0.00,MPPT Charging,26,27,0,0,8363
2026-08-24T14:44:29Z,0,29.6,0.00,78,12.7,0.00,MPPT Charging,27,27,0,0,8363
2026-08-24T14:44:39Z,0,28.0,0.00,78,12.7,0.00,MPPT Charging,27,27,0,0,8363
2026-08-24T14:44:49Z,0,27.9,0.00,78,12.7,0.00,MPPT Charging,27,27,0,0,8363
2026-08-24T14:44:59Z,0,25.3,0.00,78,12.7,0.00,MPPT Charging,27,28,0,0,8363
2026-08-24T14:45:08Z,0,29.1,0.00,78,12.7,0.00,MPPT Charging,27,27,0,0,8363
2026-08-24T14:45:19Z,0,28.7,0.00,78,12.7,0.00,MPPT Charging,27,28,0,0,8363
2026-08-24T14:45:29Z,0,26.5,0.00,78,12.7,0.00,MPPT Charging,27,27,0,0,8363
2026-08-24T14:45:39Z,0,30.3,0.00,78,12.7,0.00,MPPT Charging,27,27,0,0,8363
2026-08-24T14:45:49Z,0,26.4,0.00,78,12.7,0.00,MPPT Charging,27,27,0,0,8363
2026-08-24T14:45:59Z,0,27.9,0.00,78,12.7,0.00,MPPT Charging,27,27,0,0,8363
2026-08-24T14:46:09Z,0,27.3,0.00,78,12.7,0.00,MPPT Charging,27,28,0,0,8363
2026-08-24T14:46:19Z,0,29.6,0.00,78,12.7,0.00,MPPT Charging,27,27,0,0,8363
2026-08-24T14:46:29Z,0,28.4,0.00,78,12.7,0.00,MPPT Charging,27,27,0,0,8363
2026-08-24T14:46:39Z,0,29.2,0.00,78,12.7,0.00,MPPT Charging,27,27,0,0,8363
2026-08-24T14:46:49Z,0,28.6,0.00,78,12.7,0.00,MPPT Charging,27,27,0,0,8363
2026-08-24T14:47:00Z,0,27.3,0.00,78,12.7,0.00,MPPT Charging,27,27,0,0,8363
2026-08-24T14:47:09Z,0,26.5,0.00,78,12.7,0.00,MPPT Charging,26,27,0,0,8363
2026-08-24T14:47:19Z,0,27.6,0.00,78,12.7,0.00,MPPT Charging,26,27,0,0,8363
2026-08-24T14:47:29Z,0,27.9,0.00,78,12.7,0.00,MPPT Charging,27,28,0,0,8363
2026-08-24T14:47:39Z,0,29.4,0.00,78,12.7,0.00,MPPT Charging,27,27,0,0,8363
2026-08-24T14:47:59Z,0,30.0,0.00,78,12.7,0.00,MPPT Charging,27,27,0,0,8363
2026-08-24T14:48:36Z,0,26.6,0.00,78,12.7,0.00,MPPT Charging,27,28,0,0,8363
2026-08-24T14:48:46Z,0,29.6,0.00,78,12.7,0.00,MPPT Charging,27,27,0,0,8363
2026-08-24T14:48:56Z,0,29.0,0.00,78,12.7,0.00,MPPT Charging,27,27,0,0,8363
2026-08-24T14:49:05Z,0,28.9,0.00,78,12.7,0.00,MPPT Charging,27,27,0,0,8363
2026-08-24T14:49:14Z,0,28.3,0.00,78,12.7,0.00,MPPT Charging,27,27,0,0,8363
2026-08-24T14:49:33Z,0,28.8,0.00,78,12.7,0.00,MPPT Charging,27,27,0,0,8363
2026-08-24T14:49:43Z,0,29.0,0.00,78,12.7,0.00,MPPT Charging,27,27,0,0,8363
2026-08-24T14:49:54Z,0,27.6,0.00,78,12.7,0.00,MPPT Charging,27,27,0,0,8363
2026-08-24T14:50:04Z,0,23.1,0.00,78,12.7,0.00,MPPT Charging,27,28,0,0,8363
2026-08-24T14:50:15Z,0,21.4,0.00,78,12.7,0.00,MPPT Charging,27,27,0,0,8363
2026-08-24T14:50:24Z,0,22.9,0.00,78,12.7,0.00,MPPT Charging,27,28,0,0,8363
2026-08-24T14:50:36Z,0,25.2,0.00,78,12.7,0.00,MPPT Charging,27,27,0,0,8363
2026-08-24T14:50:45Z,0,23.4,0.00,78,12.7,0.00,MPPT Charging,27,28,0,0,8363
2026-08-24T14:51:03Z,0,17.4,0.00,77,12.7,0.00,MPPT Charging,27,27,0,0,8363
2026-08-24T14:51:13Z,0,21.2,0.00,78,12.7,0.00,MPPT Charging,27,27,0,0,8363
2026-08-24T14:51:25Z,0,21.3,0.00,78,12.7,0.00,MPPT Charging,27,27,0,0,8363
2026-08-24T15:28:30Z,0,32.3,0.00,78,12.7,0.00,MPPT Charging,27,28,0,0,8363
2026-08-24T15:28:39Z,0,30.9,0.00,78,12.7,0.00,MPPT Charging,27,27,0,0,8363
2026-08-24T15:28:49Z,0,30.9,0.00,78,12.7,0.00,MPPT Charging,27,27,0,0,8363
2026-08-24T15:28:59Z,0,31.6,0.00,75,12.7,0.00,MPPT Charging,27,28,0,0,8363
2026-08-24T15:29:09Z,0,31.4,0.00,78,12.7,0.00,MPPT Charging,27,28,0,0,8363
2026-08-24T15:29:19Z,0,31.5,0.00,79,12.7,0.00,MPPT Charging,27,28,0,0,8363
2026-08-24T15:29:29Z,0,30.7,0.00,78,12.7,0.00,MPPT Charging,27,27,0,0,8363
2026-08-24T15:29:39Z,0,30.9,0.00,78,12.7,0.00,MPPT Charging,27,27,0,0,8363
2026-08-24T15:29:49Z,0,31.2,0.00,78,12.7,0.00,MPPT Charging,27,27,0,0,8363
2026-08-24T15:29:59Z,0,30.9,0.00,78,12.7,0.00,MPPT Charging,27,27,0,0,8363
2026-08-24T15:30:09Z,0,28.1,0.00,78,12.7,0.00,MPPT Charging,27,27,0,0,8363
2026-08-24T15:30:19Z,0,31.5,0.00,78,12.7,0.00,MPPT Charging,27,28,0,0,8363
2026-08-24T15:30:29Z,0,29.5,0.00,78,12.7,0.00,MPPT Charging,27,27,0,0,8363
2026-08-24T15:30:39Z,0,30.1,0.00,78,12.7,0.00,MPPT Charging,27,27,0,0,8363
2026-08-24T15:30:49Z,0,29.5,0.00,78,12.7,0.00,MPPT Charging,27,27,0,0,8363
2026-08-24T15:30:59Z,0,30.8,0.00,78,12.7,0.00,MPPT Charging,27,28,0,0,8363
2026-08-24T15:31:09Z,0,29.0,0.00,78,12.7,0.00,MPPT Charging,27,28,0,0,8363
2026-08-24T15:31:19Z,0,30.4,0.00,78,12.7,0.00,MPPT Charging,27,28,0,0,8363
2026-08-24T15:31:29Z,0,28.5,0.00,77,12.7,0.00,MPPT Charging,27,27,0,0,8363
2026-08-24T15:31:39Z,0,27.3,0.00,78,12.7,0.00,MPPT Charging,27,27,0,0,8363
2026-08-24T15:31:49Z,0,28.3,0.00,78,12.7,0.00,MPPT Charging,27,28,0,0,8363
2026-08-24T15:31:59Z,0,27.1,0.00,78,12.7,0.00,MPPT Charging,27,27,0,0,8363
2026-08-24T15:32:09Z,0,13.8,0.00,78,12.7,0.00,MPPT Charging,27,27,0,0,8363
2026-08-24T15:32:19Z,0,32.2,0.00,78,12.7,0.00,MPPT Charging,27,27,0,0,8363
2026-08-24T15:32:29Z,0,32.3,0.00,78,12.7,0.00,MPPT Charging,27,27,0,0,8363
2026-08-24T15:32:39Z,0,32.0,0.00,78,12.7,0.00,MPPT Charging,27,27,0,0,8363
2026-08-24T15:32:49Z,0,31.4,0.00,78,12.7,0.00,MPPT Charging,27,27,0,0,8363
2026-08-24T15:33:00Z,0,31.0,0.00,78,12.7,0.00,MPPT Charging,27,28,0,0,8363
2026-08-24T15:33:09Z,0,30.8,0.00,78,12.7,0.00,MPPT Charging,27,27,0,0,8363
2026-08-24T15:33:20Z,0,31.6,0.00,78,12.7,0.00,MPPT Charging,27,27,0,0,8363
2026-08-24T15:33:29Z,0,29.5,0.00,78,12.7,0.00,MPPT Charging,27,28,0,0,8363
2026-08-24T15:33:39Z,0,30.5,0.00,78,12.7,0.00,MPPT Charging,27,27,0,0,8363
2026-08-24T15:33:49Z,0,32.4,0.00,78,12.7,0.00,MPPT Charging,27,27,0,0,8363
2026-08-24T15:33:59Z,0,31.0,0.00,78,12.7,0.00,MPPT Charging,27,27,0,0,8363
2026-08-24T15:34:09Z,0,30.7,0.00,78,12.7,0.00,MPPT Charging,27,28,0,0,8363
2026-08-24T15:34:19Z,0,32.1,0.00,78,12.7,0.00,MPPT Charging,27,28,0,0,8363
2026-08-24T15:34:29Z,0,29.8,0.00,78,12.7,0.00,MPPT Charging,27,27,0,0,8363
2026-08-24T15:34:39Z,0,30.2,0.00,78,12.7,0.00,MPPT Charging,27,28,0,0,8363
2026-08-24T15:34:49Z,0,31.2,0.00,78,12.7,0.00,MPPT Charging,27,27,0,0,8363
2026-08-24T15:34:59Z,0,31.3,0.00,78,12.7,0.00,MPPT Charging,27,27,0,0,8363
2026-08-24T15:35:09Z,0,29.8,0.00,78,12.7,0.00,MPPT Charging,27,27,0,0,8363
2026-08-24T15:35:19Z,0,30.8,0.00,79,12.7,0.00,MPPT Charging,27,27,0,0,8363
2026-08-24T15:35:29Z,0,31.2,0.00,78,12.7,0.00,MPPT Charging,27,27,0,0,8363
2026-08-24T15:35:39Z,0,30.8,0.00,78,12.7,0.00,MPPT Charging,27,27,0,0,8363
2026-08-24T15:35:49Z,0,31.4,0.00,78,12.7,0.00,MPPT Charging,27,28,0,0,8363
2026-08-24T15:35:59Z,0,29.3,0.00,78,12.7,0.00,MPPT Charging,27,27,0,0,8363
2026-08-24T15:36:09Z,0,30.3,0.00,78,12.7,0.00,MPPT Charging,27,27,0,0,8363
2026-08-24T15:36:19Z,0,30.8,0.00,78,12.7,0.00,MPPT Charging,27,27,0,0,8363
2026-08-24T15:36:29Z,0,31.8,0.00,78,12.7,0.00,MPPT Charging,27,27,0,0,8363
2026-08-24T15:36:39Z,0,30.8,0.00,78,12.7,0.00,MPPT Charging,27,28,0,0,8363
2026-08-24T15:36:49Z,0,29.7,0.00,78,12.7,0.00,MPPT Charging,27,28,0,0,8363
2026-08-24T15:36:59Z,0,29.5,0.00,78,12.7,0.00,MPPT Charging,27,28,0,0,8363
2026-08-24T15:37:09Z,0,31.3,0.00,78,12.7,0.00,MPPT Charging,27,28,0,0,8363
2026-08-24T15:37:19Z,0,18.7,0.00,78,12.7,0.00,MPPT Charging,27,28,0,0,8363
2026-08-24T15:37:29Z,0,31.1,0.00,78,12.7,0.00,MPPT Charging,27,27,0,0,8363
2026-08-24T15:37:39Z,0,29.4,0.00,78,12.7,0.00,MPPT Charging,27,27,0,0,8363
2026-08-24T15:37:49Z,0,30.7,0.00,78,12.7,0.00,MPPT Charging,27,27,0,0,8363
2026-08-24T15:37:59Z,0,32.7,0.00,78,12.7,0.00,MPPT Charging,27,27,0,0,8363
2026-08-24T15:38:09Z,0,30.7,0.00,78,12.7,0.00,MPPT Charging,27,28,0,0,8363
2026-08-24T15:38:19Z,0,32.3,0.00,78,12.7,0.00,MPPT Charging,27,28,0,0,8363
2026-08-24T15:38:30Z,0,32.8,0.00,78,12.7,0.00,MPPT Charging,27,27,0,0,8363
2026-08-24T15:38:39Z,0,30.5,0.00,78,12.7,0.00,MPPT Charging,27,28,0,0,8363
2026-08-24T15:38:49Z,0,31.3,0.00,78,12.7,0.00,MPPT Charging,27,27,0,0,8363
2026-08-24T15:38:59Z,0,29.1,0.00,79,12.7,0.00,MPPT Charging,27,28,0,0,8363
2026-08-24T15:39:09Z,0,32.9,0.00,78,12.7,0.00,MPPT Charging,27,28,0,0,8363
2026-08-24T15:39:19Z,0,30.8,0.00,78,12.7,0.00,MPPT Charging,27,28,0,0,8363
2026-08-24T15:39:29Z,0,31.6,0.00,78,12.7,0.00,MPPT Charging,27,28,0,0,8363
2026-08-24T15:39:39Z,0,31.6,0.00,78,12.7,0.00,MPPT Charging,27,27,0,0,8363
2026-08-24T15:39:49Z,0,30.6,0.00,78,12.7,0.00,MPPT Charging,27,28,0,0,8363
2026-08-24T15:39:59Z,0,29.8,0.00,78,12.7,0.00,MPPT Charging,27,27,0,0,8363
2026-08-24T15:40:09Z,0,31.9,0.00,78,12.7,0.00,MPPT Charging,27,27,0,0,8363
2026-08-24T15:40:20Z,0,31.5,0.00,78,12.7,0.00,MPPT Charging,27,27,0,0,8363
2026-08-24T15:40:30Z,0,29.4,0.00,78,12.7,0.00,MPPT Charging,27,28,0,0,8363
2026-08-24T15:40:40Z,0,31.0,0.00,78,12.7,0.00,MPPT Charging,27,27,0,0,8363
2026-08-24T15:40:50Z,0,30.1,0.00,78,12.7,0.00,MPPT Charging,27,27,0,0,8363
2026-08-24T15:41:00Z,0,31.7,0.00,78,12.7,0.00,MPPT Charging,27,27,0,0,8363
2026-08-24T15:41:10Z,0,31.6,0.00,78,12.7,0.00,MPPT Charging,27,28,0,0,8363
2026-08-24T15:41:20Z,0,31.8,0.00,78,12.7,0.00,MPPT Charging,27,28,0,0,8363
2026-08-24T15:41:30Z,0,31.2,0.00,78,12.7,0.00,MPPT Charging,27,28,0,0,8363
2026-08-24T15:41:40Z,0,29.6,0.00,78,12.7,0.00,MPPT Charging,27,27,0,0,8363
2026-08-24T15:41:50Z,0,30.8,0.00,78,12.7,0.00,MPPT Charging,27,28,0,0,8363
2026-08-24T15:42:00Z,0,30.7,0.00,78,12.7,0.00,MPPT Charging,27,27,0,0,8363
2026-08-24T15:42:10Z,0,31.7,0.00,77,12.7,0.00,MPPT Charging,27,28,0,0,8363
2026-08-24T15:42:20Z,0,32.1,0.00,78,12.7,0.00,MPPT Charging,27,27,0,0,8363
2026-08-24T15:42:30Z,0,31.8,0.00,78,12.7,0.00,MPPT Charging,27,27,0,0,8363
2026-08-24T15:42:40Z,0,30.8,0.00,78,12.7,0.00,MPPT Charging,27,27,0,0,8363
2026-08-24T15:42:50Z,0,31.6,0.00,78,12.7,0.00,MPPT Charging,27,28,0,0,8363
2026-08-24T15:43:00Z,0,32.3,0.00,78,12.7,0.00,MPPT Charging,27,28,0,0,8363
2026-08-24T15:43:10Z,0,30.0,0.00,78,12.7,0.00,MPPT Charging,27,27,0,0,8363
2026-08-24T15:43:20Z,0,32.6,0.00,78,12.7,0.00,MPPT Charging,27,27,0,0,8363
2026-08-24T15:43:31Z,0,31.8,0.00,78,12.7,0.00,MPPT Charging,27,27,0,0,8363
2026-08-24T15:43:40Z,0,31.2,0.00,78,12.7,0.00,MPPT Charging,27,27,0,0,8363
2026-08-24T15:43:50Z,0,31.1,0.00,78,12.7,0.00,MPPT Charging,27,27,0,0,8363
2026-08-24T15:44:01Z,0,31.8,0.00,78,12.7,0.00,MPPT Charging,27,27,0,0,8363
2026-08-24T15:44:10Z,0,33.1,0.00,77,12.7,0.00,MPPT Charging,27,27,0,0,8363
2026-08-24T15:44:20Z,0,32.7,0.00,78,12.7,0.00,MPPT Charging,27,27,0,0,8363
2026-08-24T15:44:30Z,0,31.5,0.00,78,12.7,0.00,MPPT Charging,27,28,0,0,8363
2026-08-24T15:44:40Z,0,32.9,0.00,78,12.7,0.00,MPPT Charging,27,27,0,0,8363
2026-08-24T15:44:50Z,0,32.9,0.00,78,12.7,0.00,MPPT Charging,27,27,0,0,8363
2026-08-24T15:45:00Z,0,32.5,0.00,78,12.7,0.00,MPPT Charging,27,27,0,0,8363
2026-08-24T15:45:10Z,0,33.8,0.00,78,12.7,0.00,MPPT Charging,27,27,0,0,8363
2026-08-24T15:45:20Z,0,33.1,0.00,78,12.7,0.00,MPPT Charging,27,28,0,0,8363
2026-08-24T15:45:30Z,0,32.0,0.00,78,12.7,0.00,MPPT Charging,27,27,0,0,8363
2026-08-24T15:45:40Z,0,31.4,0.00,78,12.7,0.00,MPPT Charging,27,28,0,0,8363
2026-08-24T15:45:50Z,0,32.4,0.00,79,12.7,0.00,MPPT Charging,27,28,0,0,8363
2026-08-24T15:46:00Z,0,32.5,0.00,79,12.7,0.00,MPPT Charging,27,27,0,0,8363
2026-08-24T15:46:10Z,0,33.6,0.00,79,12.7,0.00,MPPT Charging,27,27,0,0,8363
2026-08-24T15:46:20Z,0,33.1,0.00,78,12.7,0.00,MPPT Charging,27,27,0,0,8363
2026-08-24T15:46:30Z,0,33.7,0.00,79,12.7,0.00,MPPT Charging,27,28,0,0,8363
2026-08-24T15:46:40Z,0,32.1,0.00,78,12.7,0.00,MPPT Charging,27,28,0,0,8363
2026-08-24T15:46:50Z,0,32.5,0.00,79,12.7,0.00,MPPT Charging,27,28,0,0,8363
2026-08-24T15:47:00Z,0,32.1,0.00,81,12.7,0.00,MPPT Charging,27,27,0,0,8363
2026-08-24T15:47:10Z,0,32.5,0.00,78,12.7,0.00,MPPT Charging,27,27,0,0,8363
2026-08-24T15:47:20Z,0,32.7,0.00,78,12.7,0.00,MPPT Charging,27,27,0,0,8363
2026-08-24T15:47:30Z,0,34.8,0.00,78,12.7,0.00,MPPT Charging,27,27,0,0,8363
2026-08-24T15:47:40Z,0,33.1,0.00,78,12.7,0.00,MPPT Charging,27,28,0,0,8363
2026-08-24T15:47:50Z,0,33.4,0.00,78,12.7,0.00,MPPT Charging,27,28,0,0,8363
2026-08-24T15:48:00Z,0,32.0,0.00,79,12.7,0.00,MPPT Charging,27,27,0,0,8363
2026-08-24T15:48:10Z,0,33.2,0.00,77,12.7,0.00,MPPT Charging,27,27,0,0,8363
2026-08-24T15:48:20Z,0,32.4,0.00,78,12.7,0.00,MPPT Charging,27,27,0,0,8363
2026-08-24T15:48:30Z,0,31.5,0.00,78,12.7,0.00,MPPT Charging,27,27,0,0,8363
2026-08-24T15:48:40Z,0,31.7,0.00,78,12.7,0.00,MPPT Charging,27,27,0,0,8363
2026-08-24T15:48:50Z,0,33.5,0.00,78,12.7,0.00,MPPT Charging,27,28,0,0,8363
2026-08-24T15:49:00Z,0,32.8,0.00,79,12.7,0.00,MPPT Charging,27,28,0,0,8363
2026-08-24T15:49:11Z,0,33.4,0.00,78,12.7,0.00,MPPT Charging,27,28,0,0,8363
2026-08-24T15:49:20Z,0,33.0,0.00,78,12.7,0.00,MPPT Charging,27,28,0,0,8363
2026-08-24T15:49:30Z,0,32.5,0.00,78,12.7,0.00,MPPT Charging,27,28,0,0,8363
2026-08-24T15:49:40Z,0,31.7,0.00,79,12.7,0.00,MPPT Charging,27,28,0,0,8363
2026-08-24T15:49:50Z,0,32.5,0.00,78,12.7,0.00,MPPT Charging,27,27,0,0,8363
2026-08-24T15:50:00Z,0,33.7,0.00,78,12.7,0.00,MPPT Charging,27,27,0,0,8363
2026-08-24T15:50:10Z,0,32.9,0.00,79,12.7,0.00,MPPT Charging,27,27,0,0,8363
2026-08-24T15:50:20Z,0,32.7,0.00,78,12.7,0.00,MPPT Charging,27,27,0,0,8363
2026-08-24T15:50:30Z,0,33.7,0.00,78,12.7,0.00,MPPT Charging,27,28,0,0,8363
2026-08-24T15:50:40Z,0,33.1,0.00,78,12.7,0.00,MPPT Charging,27,27,0,0,8363
2026-08-24T15:50:50Z,0,33.5,0.00,78,12.7,0.00,MPPT Charging,27,28,0,0,8363
2026-08-24T15:51:00Z,0,32.6,0.00,78,12.7,0.00,MPPT Charging,27,28,0,0,8363
2026-08-24T15:51:21Z,0,33.3,0.00,78,12.7,0.00,MPPT Charging,27,28,0,0,8363
2026-08-24T15:51:30Z,0,33.3,0.00,79,12.7,0.00,MPPT Charging,27,27,0,0,8363
2026-08-24T15:51:40Z,0,32.5,0.00,79,12.7,0.00,MPPT Charging,27,28,0,0,8363
2026-08-24T15:51:50Z,0,34.0,0.00,78,12.7,0.00,MPPT Charging,27,27,0,0,8363
2026-08-24T15:52:00Z,0,34.6,0.00,80,12.7,0.00,MPPT Charging,27,27,0,0,8363
2026-08-24T15:52:10Z,0,33.9,0.00,78,12.7,0.00,MPPT Charging,27,27,0,0,8363
2026-08-24T15:52:20Z,0,32.2,0.00,79,12.7,0.00,MPPT Charging,27,27,0,0,8363
2026-08-24T15:52:30Z,0,33.0,0.00,78,12.7,0.00,MPPT Charging,27,27,0,0,8363
2026-08-24T15:52:40Z,0,33.1,0.00,79,12.7,0.00,MPPT Charging,27,27,0,0,8363
2026-08-24T15:52:50Z,0,33.7,0.00,79,12.7,0.00,MPPT Charging,27,28,0,0,8363
2026-08-24T15:53:00Z,0,33.5,0.00,78,12.7,0.00,MPPT Charging,27,27,0,0,8363
2026-08-24T15:53:10Z,0,33.3,0.00,79,12.7,0.00,MPPT Charging,27,27,0,0,8363
2026-08-24T15:53:20Z,0,33.9,0.00,78,12.7,0.00,MPPT Charging,27,27,0,0,8363
2026-08-24T15:53:30Z,0,33.4,0.00,79,12.7,0.00,MPPT Charging,27,27,0,0,8363
2026-08-24T15:53:40Z,0,33.3,0.00,79,12.7,0.00,MPPT Charging,27,27,0,0,8363
2026-08-24T15:53:50Z,0,33.1,0.00,79,12.7,0.00,MPPT Charging,27,28,0,0,8363
2026-08-24T15:54:00Z,0,33.1,0.00,79,12.7,0.00,MPPT Charging,27,27,0,0,8363
2026-08-24T15:54:10Z,0,32.1,0.00,79,12.7,0.00,MPPT Charging,27,27,0,0,8363
2026-08-24T15:54:20Z,0,32.1,0.00,78,12.7,0.00,MPPT Charging,27,28,0,0,8363
2026-08-24T15:54:30Z,0,32.3,0.00,79,12.7,0.00,MPPT Charging,27,28,0,0,8363
2026-08-24T15:54:40Z,0,31.5,0.00,78,12.7,0.00,MPPT Charging,27,28,0,0,8363
2026-08-24T15:54:50Z,0,32.1,0.00,79,12.7,0.00,MPPT Charging,27,28,0,0,8363
2026-08-24T15:55:00Z,0,32.6,0.00,79,12.7,0.00,MPPT Charging,27,27,0,0,8363
2026-08-24T15:55:10Z,0,32.6,0.00,78,12.7,0.00,MPPT Charging,27,27,0,0,8363
2026-08-24T15:55:20Z,0,31.8,0.00,78,12.7,0.00,MPPT Charging,27,27,0,0,8363
2026-08-24T15:55:30Z,0,32.2,0.00,79,12.7,0.00,MPPT Charging,27,27,0,0,8363
2026-08-24T15:55:40Z,0,31.8,0.00,78,12.7,0.00,MPPT Charging,27,27,0,0,8363
2026-08-24T15:55:49Z,0,31.7,0.00,78,12.7,0.00,MPPT Charging,27,28,0,0,8363
2026-08-24T15:55:59Z,0,31.1,0.00,78,12.7,0.00,MPPT Charging,27,28,0,0,8363
2026-08-24T15:56:09Z,0,29.6,0.00,78,12.7,0.00,MPPT Charging,27,27,0,0,8363
2026-08-24T15:56:19Z,0,29.9,0.00,78,12.7,0.00,MPPT Charging,27,28,0,0,8363
2026-08-24T15:56:30Z,0,31.9,0.00,78,12.7,0.00,MPPT Charging,27,28,0,0,8363
2026-08-24T15:56:39Z,0,31.0,0.00,78,12.7,0.00,MPPT Charging,27,28,0,0,8363
2026-08-24T15:56:50Z,0,31.0,0.00,78,12.7,0.00,MPPT Charging,27,28,0,0,8363
2026-08-24T15:57:00Z,0,31.1,0.00,78,12.7,0.00,MPPT Charging,27,28,0,0,8363
2026-08-24T15:57:10Z,0,30.6,0.00,78,12.7,0.00,MPPT Charging,27,28,0,0,8363
2026-08-24T15:57:20Z,0,30.8,0.00,78,12.7,0.00,MPPT Charging,27,28,0,0,8363
2026-08-24T15:57:30Z,0,29.1,0.00,78,12.7,0.00,MPPT Charging,27,27,0,0,8363
2026-08-24T15:57:40Z,0,30.5,0.00,78,12.7,0.00,MPPT Charging,27,28,0,0,8363
2026-08-24T15:57:50Z,0,21.4,0.00,78,12.7,0.00,MPPT Charging,27,28,0,0,8363
2026-08-24T15:58:00Z,0,29.2,0.00,79,12.7,0.00,MPPT Charging,27,27,0,0,8363
2026-08-24T15:58:10Z,0,27.1,0.00,78,12.7,0.00,MPPT Charging,27,28,0,0,8363
2026-08-24T15:58:20Z,0,26.1,0.00,78,12.7,0.00,MPPT Charging,27,28,0,0,8363
2026-08-24T15:58:30Z,0,24.1,0.00,78,12.7,0.00,MPPT Charging,27,27,0,0,8363
2026-08-24T15:58:40Z,0,25.9,0.00,78,12.7,0.00,MPPT Charging,27,28,0,0,8363
2026-08-24T15:58:50Z,0,29.0,0.00,78,12.7,0.00,MPPT Charging,27,27,0,0,8363
2026-08-24T15:59:00Z,0,30.6,0.00,78,12.7,0.00,MPPT Charging,27,28,0,0,8363
2026-08-24T15:59:10Z,0,30.1,0.00,78,12.7,0.00,MPPT Charging,27,28,0,0,8363
2026-08-24T15:59:20Z,0,30.6,0.00,78,12.7,0.00,MPPT Charging,27,27,0,0,8363
2026-08-24T15:59:30Z,0,30.4,0.00,78,12.7,0.00,MPPT Charging,27,28,0,0,8363
2026-08-24T15:59:40Z,0,29.7,0.00,78,12.7,0.00,MPPT Charging,27,28,0,0,8363
2026-08-24T15:59:50Z,0,28.7,0.00,78,12.7,0.00,MPPT Charging,27,28,0,0,8363
2026-08-24T16:00:00Z,0,30.9,0.00,77,12.7,0.00,MPPT Charging,27,28,0,0,8363
2026-08-24T16:00:10Z,0,28.9,0.00,78,12.7,0.00,MPPT Charging,27,27,0,0,8363
2026-08-24T16:00:20Z,0,28.5,0.00,78,12.7,0.00,MPPT Charging,27,28,0,0,8363
2026-08-24T16:00:29Z,0,28.6,0.00,78,12.7,0.00,MPPT Charging,27,27,0,0,8363
2026-08-24T16:00:40Z,0,29.7,0.00,78,12.7,0.00,MPPT Charging,27,28,0,0,8363
2026-08-24T16:00:50Z,0,28.1,0.00,78,12.7,0.00,MPPT Charging,27,27,0,0,8363
2026-08-24T16:01:00Z,0,28.5,0.00,78,12.7,0.00,MPPT Charging,27,27,0,0,8363
2026-08-24T16:01:10Z,0,26.8,0.00,78,12.7,0.00,MPPT Charging,27,27,0,0,8363
2026-08-24T16:01:20Z,0,25.5,0.00,78,12.7,0.00,MPPT Charging,27,27,0,0,8363
2026-08-24T16:01:31Z,0,26.0,0.00,78,12.7,0.00,MPPT Charging,27,28,0,0,8363
2026-08-24T16:01:40Z,0,30.6,0.00,78,12.7,0.00,MPPT Charging,27,27,0,0,8363
2026-08-24T16:01:50Z,0,30.4,0.00,78,12.7,0.00,MPPT Charging,27,27,0,0,8363
2026-08-24T16:02:00Z,0,30.1,0.00,78,12.7,0.00,MPPT Charging,27,28,0,0,8363
2026-08-24T16:02:10Z,0,29.2,0.00,78,12.7,0.00,MPPT Charging,27,27,0,0,8363
2026-08-24T16:02:20Z,0,29.0,0.00,78,12.7,0.00,MPPT Charging,27,28,0,0,8363
2026-08-24T16:02:30Z,0,27.0,0.00,78,12.7,0.00,MPPT Charging,27,28,0,0,8363
2026-08-24T16:02:40Z,0,29.4,0.00,77,12.7,0.00,MPPT Charging,27,28,0,0,8363
2026-08-24T16:02:50Z,0,28.3,0.00,78,12.7,0.00,MPPT Charging,27,27,0,0,8363
2026-08-24T16:03:00Z,0,13.7,0.00,78,12.7,0.00,MPPT Charging,27,27,0,0,8363
2026-08-24T16:03:10Z,0,28.5,0.00,78,12.7,0.00,MPPT Charging,27,27,0,0,8363
2026-08-24T16:03:20Z,0,29.5,0.00,78,12.7,0.00,MPPT Charging,27,27,0,0,8363
2026-08-24T16:03:30Z,0,28.4,0.00,78,12.7,0.00,MPPT Charging,27,27,0,0,8363
2026-08-24T16:03:40Z,0,29.9,0.00,78,12.7,0.00,MPPT Charging,27,28,0,0,8363
2026-08-24T16:03:50Z,0,28.5,0.00,78,12.7,0.00,MPPT Charging,27,27,0,0,8363
2026-08-24T16:04:00Z,0,28.1,0.00,78,12.7,0.00,MPPT Charging,27,27,0,0,8363
2026-08-24T16:04:10Z,0,28.7,0.00,78,12.7,0.00,MPPT Charging,27,28,0,0,8363
2026-08-24T16:04:20Z,0,29.1,0.00,78,12.7,0.00,MPPT Charging,27,28,0,0,8363
2026-08-24T16:04:30Z,0,29.5,0.00,78,12.7,0.00,MPPT Charging,27,28,0,0,8363
2026-08-24T16:04:40Z,0,30.4,0.00,78,12.7,0.00,MPPT Charging,27,28,0,0,8363
2026-08-24T16:04:50Z,0,29.7,0.00,78,12.7,0.00,MPPT Charging,27,28,0,0,8363
2026-08-24T16:05:00Z,0,29.6,0.00,78,12.7,0.00,MPPT Charging,27,28,0,0,8363
2026-08-24T16:05:10Z,0,26.9,0.00,78,12.7,0.00,MPPT Charging,27,27,0,0,8363
2026-08-24T16:05:20Z,0,26.5,0.00,78,12.7,0.00,MPPT Charging,27,27,0,0,8363
2026-08-24T16:05:30Z,0,30.1,0.00,78,12.7,0.00,MPPT Charging,27,28,0,0,8363
2026-08-24T16:05:40Z,0,29.9,0.00,78,12.7,0.00,MPPT Charging,27,28,0,0,8363
2026-08-24T16:05:50Z,0,30.1,0.00,78,12.7,0.00,MPPT Charging,27,27,0,0,8363
2026-08-24T16:06:00Z,0,28.7,0.00,78,12.7,0.00,MPPT Charging,27,27,0,0,8363
2026-08-24T16:06:10Z,0,30.1,0.00,78,12.7,0.00,MPPT Charging,27,28,0,0,8363
2026-08-24T16:06:20Z,0,29.8,0.00,78,12.7,0.00,MPPT Charging,27,27,0,0,8363
2026-08-24T16:06:30Z,0,30.6,0.00,78,12.7,0.00,MPPT Charging,27,28,0,0,8363
2026-08-24T16:06:41Z,0,31.1,0.00,78,12.7,0.00,MPPT Charging,27,28,0,0,8363
2026-08-24T16:06:50Z,0,29.9,0.00,78,12.7,0.00,MPPT Charging,27,27,0,0,8363
2026-08-24T16:07:00Z,0,28.0,0.00,78,12.7,0.00,MPPT Charging,27,28,0,0,8363
2026-08-24T16:07:10Z,0,25.0,0.00,78,12.7,0.00,MPPT Charging,27,27,0,0,8363
2026-08-24T16:07:20Z,0,30.1,0.00,78,12.7,0.00,MPPT Charging,27,28,0,0,8363
2026-08-24T16:07:30Z,0,30.3,0.00,78,12.7,0.00,MPPT Charging,27,28,0,0,8363
2026-08-24T16:07:40Z,0,28.2,0.00,78,12.7,0.00,MPPT Charging,27,27,0,0,8363
2026-08-24T16:07:50Z,0,29.2,0.00,78,12.7,0.00,MPPT Charging,27,28,0,0,8363
2026-08-24T16:08:00Z,0,26.7,0.00,78,12.7,0.00,MPPT Charging,27,28,0,0,8363
2026-08-24T16:08:10Z,0,16.5,0.00,78,12.7,0.00,MPPT Charging,27,27,0,0,8363
2026-08-24T16:08:20Z,0,28.0,0.00,78,12.7,0.00,MPPT Charging,27,27,0,0,8363
2026-08-24T16:08:30Z,0,30.3,0.00,78,12.7,0.00,MPPT Charging,27,27,0,0,8363
2026-08-24T16:08:40Z,0,30.7,0.00,78,12.7,0.00,MPPT Charging,27,28,0,0,8363
2026-08-24T16:08:50Z,0,28.0,0.00,78,12.7,0.00,MPPT Charging,27,28,0,0,8363
2026-08-24T16:09:00Z,0,29.4,0.00,80,12.7,0.00,MPPT Charging,27,27,0,0,8363
2026-08-24T16:09:10Z,0,25.9,0.00,78,12.7,0.00,MPPT Charging,27,28,0,0,8363
2026-08-24T16:09:31Z,0,29.0,0.00,78,12.7,0.00,MPPT Charging,27,27,0,0,8363
2026-08-24T16:09:40Z,0,30.6,0.00,78,12.7,0.00,MPPT Charging,27,27,0,0,8363
2026-08-24T16:09:50Z,0,29.0,0.00,78,12.7,0.00,MPPT Charging,27,27,0,0,8363
2026-08-24T16:10:00Z,0,25.1,0.00,77,12.7,0.00,MPPT Charging,27,28,0,0,8363
2026-08-24T16:10:10Z,0,30.0,0.00,78,12.7,0.00,MPPT Charging,27,27,0,0,8363
2026-08-24T16:10:20Z,0,28.2,0.00,78,12.7,0.00,MPPT Charging,27,28,0,0,8363
2026-08-24T16:10:30Z,0,25.1,0.00,78,12.7,0.00,MPPT Charging,27,28,0,0,8363
2026-08-24T16:10:40Z,0,29.1,0.00,78,12.7,0.00,MPPT Charging,27,28,0,0,8363
2026-08-24T16:10:50Z,0,26.8,0.00,78,12.7,0.00,MPPT Charging,27,27,0,0,8363
2026-08-24T16:11:00Z,0,29.4,0.00,78,12.7,0.00,MPPT Charging,27,28,0,0,8363
2026-08-24T16:11:10Z,0,27.1,0.00,78,12.7,0.00,MPPT Charging,27,28,0,0,8363
2026-08-24T16:11:20Z,0,27.9,0.00,78,12.7,0.00,MPPT Charging,27,28,0,0,8363
2026-08-24T16:11:30Z,0,29.1,0.00,78,12.7,0.00,MPPT Charging,27,28,0,0,8363
2026-08-24T16:11:40Z,0,28.0,0.00,78,12.7,0.00,MPPT Charging,27,27,0,0,8363
2026-08-24T16:11:50Z,0,26.4,0.00,78,12.7,0.00,MPPT Charging,27,28,0,0,8363
2026-08-24T16:12:00Z,0,28.1,0.00,78,12.7,0.00,MPPT Charging,27,28,0,0,8363
2026-08-24T16:12:10Z,0,30.1,0.00,78,12.7,0.00,MPPT Charging,27,28,0,0,8363
2026-08-24T16:12:20Z,0,28.1,0.00,77,12.7,0.00,MPPT Charging,27,28,0,0,8363
2026-08-24T16:12:30Z,0,30.5,0.00,78,12.7,0.00,MPPT Charging,27,28,0,0,8363
2026-08-24T16:12:40Z,0,30.5,0.00,78,12.7,0.00,MPPT Charging,27,28,0,0,8363
2026-08-24T16:12:50Z,0,29.4,0.00,78,12.7,0.00,MPPT Charging,27,27,0,0,8363
2026-08-24T16:13:00Z,0,29.0,0.00,78,12.7,0.00,MPPT Charging,27,28,0,0,8363
2026-08-24T16:13:10Z,0,28.9,0.00,78,12.7,0.00,MPPT Charging,27,28,0,0,8363
2026-08-24T16:13:20Z,0,22.4,0.00,78,12.7,0.00,MPPT Charging,27,28,0,0,8363
2026-08-24T16:13:30Z,0,29.8,0.00,78,12.7,0.00,MPPT Charging,27,27,0,0,8363
2026-08-24T16:13:40Z,0,30.7,0.00,78,12.7,0.00,MPPT Charging,27,27,0,0,8363
2026-08-24T16:13:50Z,0,31.3,0.00,78,12.7,0.00,MPPT Charging,27,28,0,0,8363
2026-08-24T16:14:00Z,0,31.1,0.00,78,12.7,0.00,MPPT Charging,27,28,0,0,8363
2026-08-24T16:14:10Z,0,30.3,0.00,78,12.7,0.00,MPPT Charging,27,28,0,0,8363
2026-08-24T16:14:20Z,0,30.3,0.00,78,12.7,0.00,MPPT Charging,27,28,0,0,8363
2026-08-24T16:14:30Z,0,28.7,0.00,78,12.7,0.00,MPPT Charging,27,27,0,0,8363
2026-08-24T16:14:41Z,0,28.3,0.00,78,12.7,0.00,MPPT Charging,27,28,0,0,8363
2026-08-24T16:14:50Z,0,31.8,0.00,78,12.7,0.00,MPPT Charging,27,28,0,0,8363
2026-08-24T16:15:00Z,0,31.1,0.00,78,12.7,0.00,MPPT Charging,27,28,0,0,8363
2026-08-24T16:15:10Z,0,31.3,0.00,78,12.7,0.00,MPPT Charging,27,28,0,0,8363
2026-08-24T16:15:20Z,0,30.9,0.00,78,12.7,0.00,MPPT Charging,27,28,0,0,8363
2026-08-24T16:15:30Z,0,28.9,0.00,79,12.7,0.00,MPPT Charging,27,28,0,0,8363
2026-08-24T16:15:40Z,0,32.2,0.00,78,12.7,0.00,MPPT Charging,27,28,0,0,8363
2026-08-24T16:15:50Z,0,30.7,0.00,76,12.7,0.00,MPPT Charging,27,28,0,0,8363
2026-08-24T16:16:00Z,0,32.6,0.00,78,12.7,0.00,MPPT Charging,27,27,0,0,8363
2026-08-24T16:16:10Z,0,29.9,0.00,78,12.7,0.00,MPPT Charging,27,28,0,0,8363
2026-08-24T16:16:20Z,0,31.0,0.00,78,12.7,0.00,MPPT Charging,27,28,0,0,8363
2026-08-24T16:16:30Z,0,31.2,0.00,78,12.7,0.00,MPPT Charging,27,28,0,0,8363
2026-08-24T16:16:40Z,0,31.6,0.00,78,12.7,0.00,MPPT Charging,27,28,0,0,8363
2026-08-24T16:16:50Z,0,32.9,0.00,78,12.7,0.00,MPPT Charging,27,28,0,0,8363
2026-08-24T16:17:00Z,0,31.4,0.00,78,12.7,0.00,MPPT Charging,27,28,0,0,8363
2026-08-24T16:17:10Z,0,30.0,0.00,78,12.7,0.00,MPPT Charging,27,27,0,0,8363
2026-08-24T16:17:20Z,0,30.4,0.00,78,12.7,0.00,MPPT Charging,27,28,0,0,8363
2026-08-24T16:17:30Z,0,28.1,0.00,78,12.7,0.00,MPPT Charging,27,28,0,0,8363
2026-08-24T16:17:40Z,0,30.6,0.00,78,12.7,0.00,MPPT Charging,27,27,0,0,8363
2026-08-24T16:17:50Z,0,28.8,0.00,78,12.7,0.00,MPPT Charging,27,27,0,0,8363
2026-08-24T16:18:00Z,0,31.0,0.00,78,12.7,0.00,MPPT Charging,27,28,0,0,8363
2026-08-24T16:18:10Z,0,31.0,0.00,78,12.7,0.00,MPPT Charging,27,28,0,0,8363
2026-08-24T16:18:20Z,0,31.5,0.00,78,12.7,0.00,MPPT Charging,27,27,0,0,8363
2026-08-24T16:18:30Z,0,32.5,0.00,78,12.7,0.00,MPPT Charging,27,28,0,0,8363
2026-08-24T16:18:40Z,0,30.0,0.00,78,12.7,0.00,MPPT Charging,27,28,0,0,8363
2026-08-24T16:18:50Z,0,29.3,0.00,78,12.7,0.00,MPPT Charging,27,27,0,0,8363
2026-08-24T16:19:00Z,0,31.2,0.00,78,12.7,0.00,MPPT Charging,27,28,0,0,8363
2026-08-24T16:19:10Z,0,30.2,0.00,78,12.7,0.00,MPPT Charging,27,28,0,0,8363
2026-08-24T16:19:20Z,0,30.3,0.00,78,12.7,0.00,MPPT Charging,27,27,0,0,8363
2026-08-24T16:19:30Z,0,29.9,0.00,78,12.7,0.00,MPPT Charging,27,28,0,0,8363
2026-08-24T16:19:40Z,0,29.9,0.00,78,12.7,0.00,MPPT Charging,27,28,0,0,8363
2026-08-24T16:19:51Z,0,29.6,0.00,78,12.7,0.00,MPPT Charging,27,28,0,0,8363
2026-08-24T16:20:00Z,0,30.4,0.00,78,12.7,0.00,MPPT Charging,27,27,0,0,8363
2026-08-24T16:20:10Z,0,29.3,0.00,78,12.7,0.00,MPPT Charging,27,28,0,0,8363
2026-08-24T16:20:20Z,0,30.6,0.00,78,12.7,0.00,MPPT Charging,27,28,0,0,8363
2026-08-24T16:20:30Z,0,28.7,0.00,78,12.7,0.00,MPPT Charging,27,27,0,0,8363
2026-08-24T16:20:40Z,0,28.6,0.00,78,12.7,0.00,MPPT Charging,27,27,0,0,8363
2026-08-24T16:20:50Z,0,29.0,0.00,78,12.7,0.00,MPPT Charging,27,27,0,0,8363
2026-08-24T16:21:00Z,0,30.3,0.00,78,12.7,0.00,MPPT Charging,27,28,0,0,8363
2026-08-24T16:21:10Z,0,30.0,0.00,78,12.7,0.00,MPPT Charging,27,27,0,0,8363
2026-08-24T16:21:20Z,0,30.2,0.00,78,12.7,0.00,MPPT Charging,27,27,0,0,8363
2026-08-24T16:21:30Z,0,30.1,0.00,78,12.7,0.00,MPPT Charging,27,27,0,0,8363
2026-08-24T16:21:40Z,0,30.7,0.00,78,12.7,0.00,MPPT Charging,27,28,0,0,8363
2026-08-24T16:21:50Z,0,31.3,0.00,78,12.7,0.00,MPPT Charging,27,28,0,0,8363
2026-08-24T16:22:00Z,0,31.5,0.00,78,12.7,0.00,MPPT Charging,27,28,0,0,8363
2026-08-24T16:22:10Z,0,31.0,0.00,78,12.7,0.00,MPPT Charging,27,28,0,0,8363
2026-08-24T16:22:20Z,0,32.8,0.00,81,12.7,0.00,MPPT Charging,27,28,0,0,8363
2026-08-24T16:22:30Z,0,30.3,0.00,78,12.7,0.00,MPPT Charging,27,28,0,0,8363
2026-08-24T16:22:40Z,0,30.1,0.00,78,12.7,0.00,MPPT Charging,27,27,0,0,8363
2026-08-24T16:22:50Z,0,30.5,0.00,78,12.7,0.00,MPPT Charging,27,28,0,0,8363
2026-08-24T16:23:00Z,0,30.3,0.00,78,12.7,0.00,MPPT Charging,27,27,0,0,8363
2026-08-24T16:23:10Z,0,31.3,0.00,78,12.7,0.00,MPPT Charging,27,27,0,0,8363
2026-08-24T16:23:20Z,0,30.8,0.00,78,12.7,0.00,MPPT Charging,27,27,0,0,8363
2026-08-24T16:23:30Z,0,33.7,0.00,78,12.7,0.00,MPPT Charging,27,28,0,0,8363
2026-08-24T16:23:40Z,0,31.2,0.00,78,12.7,0.00,MPPT Charging,27,28,0,0,8363
2026-08-24T16:23:50Z,0,30.2,0.00,78,12.7,0.00,MPPT Charging,27,28,0,0,8363
2026-08-24T16:24:00Z,0,33.5,0.00,78,12.7,0.00,MPPT Charging,27,27,0,0,8363
2026-08-24T16:24:10Z,0,32.7,0.00,78,12.7,0.00,MPPT Charging,27,28,0,0,8363
2026-08-24T16:24:20Z,0,32.7,0.00,78,12.7,0.00,MPPT Charging,27,28,0,0,8363
2026-08-24T16:24:30Z,0,32.6,0.00,79,12.7,0.00,MPPT Charging,27,28,0,0,8363
2026-08-24T16:24:40Z,0,33.0,0.00,78,12.7,0.00,MPPT Charging,27,27,0,0,8363
2026-08-24T16:24:50Z,0,32.5,0.00,78,12.7,0.00,MPPT Charging,27,28,0,0,8363
2026-08-24T16:25:01Z,0,32.0,0.00,78,12.7,0.00,MPPT Charging,27,28,0,0,8363
2026-08-24T16:25:10Z,0,32.5,0.00,78,12.7,0.00,MPPT Charging,27,28,0,0,8363
2026-08-24T16:25:20Z,0,31.9,0.00,78,12.7,0.00,MPPT Charging,27,27,0,0,8363
2026-08-24T16:25:30Z,0,33.2,0.00,78,12.7,0.00,MPPT Charging,27,28,0,0,8363
2026-08-24T16:25:40Z,0,32.8,0.00,79,12.7,0.00,MPPT Charging,27,28,0,0,8363
2026-08-24T16:25:50Z,0,32.8,0.00,78,12.7,0.00,MPPT Charging,27,28,0,0,8363
2026-08-24T16:26:00Z,0,31.6,0.00,78,12.7,0.00,MPPT Charging,27,27,0,0,8363
2026-08-24T16:26:10Z,0,31.2,0.00,78,12.7,0.00,MPPT Charging,27,28,0,0,8363
2026-08-24T16:26:20Z,0,32.5,0.00,78,12.7,0.00,MPPT Charging,27,27,0,0,8363
2026-08-24T16:26:30Z,0,32.2,0.00,78,12.7,0.00,MPPT Charging,27,28,0,0,8363
2026-08-24T16:26:40Z,0,32.2,0.00,79,12.7,0.00,MPPT Charging,27,27,0,0,8363
2026-08-24T16:26:50Z,0,33.2,0.00,78,12.7,0.00,MPPT Charging,27,28,0,0,8363
2026-08-24T16:27:00Z,0,32.2,0.00,78,12.7,0.00,MPPT Charging,27,28,0,0,8363
2026-08-24T16:27:10Z,0,32.1,0.00,78,12.7,0.00,MPPT Charging,27,28,0,0,8363
2026-08-24T16:27:20Z,0,32.1,0.00,78,12.7,0.00,MPPT Charging,27,28,0,0,8363
2026-08-24T16:27:30Z,0,31.5,0.00,78,12.7,0.00,MPPT Charging,27,27,0,0,8363
2026-08-24T16:27:40Z,0,31.5,0.00,78,12.7,0.00,MPPT Charging,27,28,0,0,8363
2026-08-24T16:27:50Z,0,30.6,0.00,78,12.7,0.00,MPPT Charging,27,28,0,0,8363
2026-08-24T16:28:00Z,0,30.6,0.00,78,12.7,0.00,MPPT Charging,27,28,0,0,8363
2026-08-24T16:28:10Z,0,31.6,0.00,78,12.7,0.00,MPPT Charging,27,28,0,0,8363
2026-08-24T16:28:20Z,0,30.9,0.00,79,12.7,0.00,MPPT Charging,27,27,0,0,8363
2026-08-24T16:28:30Z,0,30.1,0.00,78,12.7,0.00,MPPT Charging,27,28,0,0,8363
2026-08-24T16:28:40Z,0,30.2,0.00,78,12.7,0.00,MPPT Charging,27,28,0,0,8363
2026-08-24T16:28:50Z,0,29.0,0.00,78,12.7,0.00,MPPT Charging,27,28,0,0,8363
2026-08-24T16:29:00Z,0,29.7,0.00,78,12.7,0.00,MPPT Charging,27,27,0,0,8363
2026-08-24T16:29:10Z,0,30.9,0.00,78,12.7,0.00,MPPT Charging,27,28,0,0,8363
2026-08-24T16:29:20Z,0,30.1,0.00,78,12.7,0.00,MPPT Charging,27,28,0,0,8363
2026-08-24T16:29:30Z,0,28.2,0.00,78,12.7,0.00,MPPT Charging,27,28,0,0,8363
2026-08-24T16:29:40Z,0,30.9,0.00,78,12.7,0.00,MPPT Charging,27,28,0,0,8363
2026-08-24T16:29:50Z,0,31.7,0.00,78,12.7,0.00,MPPT Charging,27,28,0,0,8363
2026-08-24T16:30:00Z,0,31.5,0.00,78,12.7,0.00,MPPT Charging,27,28,0,0,8363
2026-08-24T16:30:11Z,0,29.6,0.00,78,12.7,0.00,MPPT Charging,27,27,0,0,8363
2026-08-24T16:30:20Z,0,31.1,0.00,78,12.7,0.00,MPPT Charging,27,27,0,0,8363
2026-08-24T16:30:30Z,0,29.7,0.00,78,12.7,0.00,MPPT Charging,27,28,0,0,8363
2026-08-24T16:30:40Z,0,31.2,0.00,78,12.7,0.00,MPPT Charging,27,28,0,0,8363
2026-08-24T16:30:50Z,0,29.6,0.00,78,12.7,0.00,MPPT Charging,27,28,0,0,8363
2026-08-24T16:31:00Z,0,29.1,0.00,78,12.7,0.00,MPPT Charging,27,28,0,0,8363
2026-08-24T16:31:10Z,0,31.6,0.00,78,12.7,0.00,MPPT Charging,27,28,0,0,8363
2026-08-24T16:31:20Z,0,30.8,0.00,78,12.7,0.00,MPPT Charging,27,28,0,0,8363
2026-08-24T16:31:30Z,0,29.6,0.00,78,12.7,0.00,MPPT Charging,27,28,0,0,8363
2026-08-24T16:31:40Z,0,31.0,0.00,78,12.7,0.00,MPPT Charging,27,27,0,0,8363
2026-08-24T16:31:50Z,0,30.9,0.00,78,12.7,0.00,MPPT Charging,27,28,0,0,8363
2026-08-24T16:32:00Z,0,31.9,0.00,78,12.7,0.00,MPPT Charging,27,28,0,0,8363
2026-08-24T16:32:10Z,0,30.3,0.00,78,12.7,0.00,MPPT Charging,27,28,0,0,8363
2026-08-24T16:32:20Z,0,31.3,0.00,78,12.7,0.00,MPPT Charging,27,28,0,0,8363
2026-08-24T16:32:30Z,0,29.7,0.00,78,12.7,0.00,MPPT Charging,27,28,0,0,8363
2026-08-24T16:32:40Z,0,30.6,0.00,78,12.7,0.00,MPPT Charging,27,27,0,0,8363
2026-08-24T16:32:50Z,0,30.7,0.00,78,12.7,0.00,MPPT Charging,27,28,0,0,8363
2026-08-24T16:33:00Z,0,29.8,0.00,78,12.7,0.00,MPPT Charging,27,28,0,0,8363
2026-08-24T16:33:10Z,0,28.6,0.00,78,12.7,0.00,MPPT Charging,27,28,0,0,8363
2026-08-24T16:33:20Z,0,29.8,0.00,78,12.7,0.00,MPPT Charging,27,28,0,0,8363
2026-08-24T16:33:30Z,0,29.9,0.00,78,12.7,0.00,MPPT Charging,27,28,0,0,8363
2026-08-24T16:33:40Z,0,29.3,0.00,78,12.7,0.00,MPPT Charging,27,28,0,0,8363
2026-08-24T16:33:50Z,0,17.9,0.00,78,12.7,0.00,MPPT Charging,27,27,0,0,8363
2026-08-24T16:34:00Z,0,30.0,0.00,78,12.7,0.00,MPPT Charging,27,27,0,0,8363
2026-08-24T16:34:10Z,0,29.1,0.00,78,12.7,0.00,MPPT Charging,27,28,0,0,8363
2026-08-24T16:34:20Z,0,27.8,0.00,78,12.7,0.00,MPPT Charging,27,28,0,0,8363
2026-08-24T16:34:30Z,0,29.8,0.00,78,12.7,0.00,MPPT Charging,27,28,0,0,8363
2026-08-24T16:34:40Z,0,30.7,0.00,78,12.7,0.00,MPPT Charging,27,27,0,0,8363
2026-08-24T16:34:50Z,0,30.4,0.00,78,12.7,0.00,MPPT Charging,27,28,0,0,8363
2026-08-24T16:35:00Z,0,29.9,0.00,78,12.7,0.00,MPPT Charging,27,28,0,0,8363
2026-08-24T16:35:10Z,0,27.6,0.00,78,12.7,0.00,MPPT Charging,27,28,0,0,8363
2026-08-24T16:35:21Z,0,30.9,0.00,78,12.7,0.00,MPPT Charging,27,28,0,0,8363
2026-08-24T16:35:30Z,0,31.4,0.00,78,12.7,0.00,MPPT Charging,27,28,0,0,8363
2026-08-24T16:35:40Z,0,31.2,0.00,79,12.7,0.00,MPPT Charging,27,28,0,0,8363
2026-08-24T16:35:50Z,0,31.5,0.00,78,12.7,0.00,MPPT Charging,27,28,0,0,8363
2026-08-24T16:36:00Z,0,28.5,0.00,78,12.7,0.00,MPPT Charging,27,28,0,0,8363
2026-08-24T16:36:10Z,0,30.8,0.00,78,12.7,0.00,MPPT Charging,27,27,0,0,8363
2026-08-24T16:36:20Z,0,29.5,0.00,78,12.7,0.00,MPPT Charging,27,28,0,0,8363
2026-08-24T16:36:30Z,0,29.0,0.00,78,12.7,0.00,MPPT Charging,27,28,0,0,8363
2026-08-24T16:36:40Z,0,31.1,0.00,78,12.7,0.00,MPPT Charging,27,28,0,0,8363
2026-08-24T16:36:50Z,0,30.6,0.00,78,12.7,0.00,MPPT Charging,27,27,0,0,8363
2026-08-24T16:37:00Z,0,29.8,0.00,78,12.7,0.00,MPPT Charging,27,27,0,0,8363
2026-08-24T16:37:10Z,0,30.1,0.00,78,12.7,0.00,MPPT Charging,27,28,0,0,8363
2026-08-24T16:37:20Z,0,32.2,0.00,78,12.7,0.00,MPPT Charging,27,28,0,0,8363
2026-08-24T16:37:30Z,0,32.3,0.00,78,12.7,0.00,MPPT Charging,27,28,0,0,8363
2026-08-24T16:37:40Z,0,31.3,0.00,78,12.7,0.00,MPPT Charging,27,28,0,0,8363
2026-08-24T16:37:50Z,0,29.9,0.00,78,12.7,0.00,MPPT Charging,27,27,0,0,8363
2026-08-24T16:38:00Z,0,30.2,0.00,78,12.7,0.00,MPPT Charging,27,28,0,0,8363
2026-08-24T16:38:10Z,0,31.3,0.00,78,12.7,0.00,MPPT Charging,27,28,0,0,8363
2026-08-24T16:38:20Z,0,32.3,0.00,79,12.7,0.00,MPPT Charging,27,27,0,0,8363
2026-08-24T16:38:30Z,0,32.1,0.00,78,12.7,0.00,MPPT Charging,27,28,0,0,8363
2026-08-24T16:38:40Z,0,32.1,0.00,78,12.7,0.00,MPPT Charging,27,28,0,0,8363
2026-08-24T16:38:50Z,0,32.6,0.00,78,12.7,0.00,MPPT Charging,27,28,0,0,8363
2026-08-24T16:39:00Z,0,15.3,0.00,78,12.7,0.00,MPPT Charging,27,27,0,0,8363
2026-08-24T16:39:10Z,0,31.4,0.00,78,12.7,0.00,MPPT Charging,27,27,0,0,8363
2026-08-24T16:39:20Z,0,32.1,0.00,78,12.7,0.00,MPPT Charging,27,28,0,0,8363
2026-08-24T16:39:30Z,0,30.2,0.00,78,12.7,0.00,MPPT Charging,27,28,0,0,8363
2026-08-24T16:39:40Z,0,32.5,0.00,78,12.7,0.00,MPPT Charging,27,27,0,0,8363
2026-08-24T16:39:50Z,0,32.5,0.00,78,12.7,0.00,MPPT Charging,27,28,0,0,8363
2026-08-24T16:40:00Z,0,32.0,0.00,78,12.7,0.00,MPPT Charging,27,28,0,0,8363
2026-08-24T16:40:10Z,0,31.0,0.00,78,12.7,0.00,MPPT Charging,27,28,0,0,8363
2026-08-24T16:40:20Z,0,31.8,0.00,78,12.7,0.00,MPPT Charging,27,28,0,0,8363
2026-08-24T16:40:31Z,0,32.9,0.00,78,12.7,0.00,MPPT Charging,27,27,0,0,8363
2026-08-24T16:40:40Z,0,32.4,0.00,78,12.7,0.00,MPPT Charging,27,28,0,0,8363
2026-08-24T16:40:50Z,0,31.3,0.00,78,12.7,0.00,MPPT Charging,27,28,0,0,8363
2026-08-24T16:41:00Z,0,32.1,0.00,78,12.7,0.00,MPPT Charging,27,28,0,0,8363
2026-08-24T16:41:10Z,0,30.6,0.00,78,12.7,0.00,MPPT Charging,27,28,0,0,8363
2026-08-24T16:41:20Z,0,31.2,0.00,78,12.7,0.00,MPPT Charging,27,28,0,0,8363
2026-08-24T16:41:30Z,0,32.7,0.00,79,12.7,0.00,MPPT Charging,27,28,0,0,8363
2026-08-24T16:41:40Z,0,33.1,0.00,79,12.7,0.00,MPPT Charging,27,28,0,0,8363
2026-08-24T16:41:50Z,0,31.5,0.00,78,12.7,0.00,MPPT Charging,27,28,0,0,8363
2026-08-24T16:42:00Z,0,31.4,0.00,78,12.7,0.00,MPPT Charging,27,28,0,0,8363
2026-08-24T16:42:10Z,0,32.6,0.00,81,12.7,0.00,MPPT Charging,27,28,0,0,8363
2026-08-24T16:42:20Z,0,32.7,0.00,78,12.7,0.00,MPPT Charging,27,28,0,0,8363
2026-08-24T16:42:30Z,0,32.8,0.00,78,12.7,0.00,MPPT Charging,27,28,0,0,8363
2026-08-24T16:42:40Z,0,31.6,0.00,78,12.7,0.00,MPPT Charging,27,28,0,0,8363
2026-08-24T16:42:50Z,0,31.2,0.00,78,12.7,0.00,MPPT Charging,27,27,0,0,8363
2026-08-24T16:43:00Z,0,31.9,0.00,78,12.7,0.00,MPPT Charging,27,28,0,0,8363
2026-08-24T16:43:10Z,0,31.9,0.00,79,12.7,0.00,MPPT Charging,27,28,0,0,8363
2026-08-24T16:43:20Z,0,31.7,0.00,78,12.7,0.00,MPPT Charging,27,28,0,0,8363
2026-08-24T16:43:30Z,0,33.0,0.00,78,12.7,0.00,MPPT Charging,27,28,0,0,8363
2026-08-24T16:43:40Z,0,34.3,0.00,79,12.7,0.00,MPPT Charging,27,28,0,0,8363
2026-08-24T16:43:50Z,0,34.3,0.00,80,12.7,0.00,MPPT Charging,27,28,0,0,8363
2026-08-24T16:44:00Z,0,35.1,0.00,79,12.7,0.00,MPPT Charging,27,28,0,0,8363
2026-08-24T16:44:10Z,0,19.8,0.00,77,12.7,0.00,MPPT Charging,27,28,0,0,8363
2026-08-24T16:44:20Z,0,34.4,0.00,79,12.7,0.00,MPPT Charging,27,28,0,0,8363
2026-08-24T16:44:30Z,0,34.9,0.00,79,12.7,0.00,MPPT Charging,27,28,0,0,8363
2026-08-24T16:44:40Z,0,34.9,0.00,79,12.7,0.00,MPPT Charging,27,28,0,0,8363
2026-08-24T16:44:50Z,0,34.5,0.00,79,12.7,0.00,MPPT Charging,27,27,0,0,8363
2026-08-24T16:45:00Z,0,34.6,0.00,79,12.7,0.00,MPPT Charging,27,28,0,0,8363
2026-08-24T16:45:10Z,0,34.1,0.00,79,12.7,0.00,MPPT Charging,27,28,0,0,8363
2026-08-24T16:45:20Z,0,34.7,0.00,78,12.7,0.00,MPPT Charging,27,27,0,0,8363
2026-08-24T16:45:30Z,0,34.8,0.00,78,12.7,0.00,MPPT Charging,27,27,0,0,8363
2026-08-24T16:45:41Z,0,34.5,0.00,79,12.7,0.00,MPPT Charging,27,28,0,0,8363
2026-08-24T16:45:50Z,0,34.4,0.00,79,12.7,0.00,MPPT Charging,27,28,0,0,8363
2026-08-24T16:46:00Z,0,34.9,0.00,79,12.7,0.00,MPPT Charging,27,27,0,0,8363
2026-08-24T16:46:10Z,0,34.7,0.00,78,12.7,0.00,MPPT Charging,27,28,0,0,8363
2026-08-24T16:46:20Z,0,34.7,0.00,79,12.7,0.00,MPPT Charging,27,28,0,0,8363
2026-08-24T16:46:30Z,0,35.2,0.00,79,12.7,0.00,MPPT Charging,27,27,0,0,8363
2026-08-24T16:46:40Z,0,33.8,0.00,79,12.7,0.00,MPPT Charging,27,28,0,0,8363
2026-08-24T16:46:50Z,0,34.7,0.00,80,12.7,0.00,MPPT Charging,27,28,0,0,8363
2026-08-24T16:47:00Z,0,34.9,0.00,79,12.7,0.00,MPPT Charging,27,28,0,0,8363
2026-08-24T16:47:10Z,0,33.6,0.00,80,12.7,0.00,MPPT Charging,27,28,0,0,8363
2026-08-24T16:47:20Z,0,34.2,0.00,78,12.7,0.00,MPPT Charging,27,28,0,0,8363
2026-08-24T16:47:30Z,0,34.4,0.00,78,12.7,0.00,MPPT Charging,28,27,0,0,8363
2026-08-24T16:47:40Z,0,33.8,0.00,78,12.7,0.00,MPPT Charging,27,28,0,0,8363
2026-08-24T16:47:50Z,0,32.8,0.00,79,12.7,0.00,MPPT Charging,27,28,0,0,8363
2026-08-24T16:48:00Z,0,34.5,0.00,78,12.7,0.00,MPPT Charging,27,28,0,0,8363
2026-08-24T16:48:10Z,0,33.4,0.00,79,12.7,0.00,MPPT Charging,28,28,0,0,8363
2026-08-24T16:48:20Z,0,34.1,0.00,79,12.7,0.00,MPPT Charging,27,28,0,0,8363
2026-08-24T16:48:30Z,0,34.6,0.00,80,12.7,0.00,MPPT Charging,27,28,0,0,8363
2026-08-24T16:48:40Z,0,34.4,0.00,79,12.7,0.00,MPPT Charging,27,28,0,0,8363
2026-08-24T16:48:50Z,0,33.9,0.00,79,12.7,0.00,MPPT Charging,27,28,0,0,8363
2026-08-24T16:49:00Z,0,33.7,0.00,78,12.7,0.00,MPPT Charging,27,28,0,0,8363
2026-08-24T16:49:10Z,0,34.6,0.00,79,12.7,0.00,MPPT Charging,27,28,0,0,8363
2026-08-24T16:49:20Z,0,26.8,0.00,79,12.7,0.00,MPPT Charging,28,28,0,0,8363
2026-08-24T16:49:30Z,0,34.4,0.00,78,12.7,0.00,MPPT Charging,28,28,0,0,8363
2026-08-24T16:49:40Z,0,35.0,0.00,80,12.7,0.00,MPPT Charging,28,28,0,0,8363
2026-08-24T16:49:50Z,0,36.2,0.00,79,12.7,0.00,MPPT Charging,28,28,0,0,8363
2026-08-24T16:50:00Z,0,35.2,0.00,80,12.7,0.00,MPPT Charging,28,28,0,0,8363
2026-08-24T16:50:10Z,0,35.7,0.00,80,12.7,0.00,MPPT Charging,28,28,0,0,8363
2026-08-24T16:50:20Z,0,35.5,0.00,81,12.7,0.00,MPPT Charging,27,28,0,0,8363
2026-08-24T16:50:30Z,0,35.0,0.00,80,12.7,0.00,MPPT Charging,28,28,0,0,8363
2026-08-24T16:50:40Z,0,33.1,0.00,80,12.7,0.00,MPPT Charging,28,28,0,0,8363
2026-08-24T16:50:51Z,0,33.5,0.00,80,12.7,0.00,MPPT Charging,28,27,0,0,8363
2026-08-24T16:51:00Z,0,34.4,0.00,79,12.7,0.00,MPPT Charging,28,28,0,0,8363
2026-08-24T16:51:10Z,0,35.6,0.00,80,12.7,0.00,MPPT Charging,28,28,0,0,8363
2026-08-24T16:51:20Z,0,38.0,0.00,80,12.7,0.00,MPPT Charging,28,28,0,0,8363
2026-08-24T16:51:30Z,0,37.3,0.00,81,12.7,0.00,MPPT Charging,28,28,0,0,8363
2026-08-24T16:51:40Z,0,32.1,0.00,81,12.7,0.00,MPPT Charging,28,28,0,0,8363
2026-08-24T16:51:50Z,0,33.0,0.00,81,12.7,0.00,MPPT Charging,28,28,0,0,8363
2026-08-24T16:52:00Z,0,36.3,0.00,80,12.7,0.00,MPPT Charging,28,28,0,0,8363
2026-08-24T16:52:10Z,0,35.4,0.00,80,12.7,0.00,MPPT Charging,28,28,0,0,8363
2026-08-24T16:52:20Z,0,35.1,0.00,80,12.7,0.00,MPPT Charging,28,28,0,0,8363
2026-08-24T16:52:30Z,0,35.9,0.00,81,12.7,0.00,MPPT Charging,28,27,0,0,8363
2026-08-24T16:52:40Z,0,35.4,0.00,82,12.7,0.00,MPPT Charging,28,27,0,0,8363
2026-08-24T16:52:50Z,0,36.1,0.00,81,12.7,0.00,MPPT Charging,28,28,0,0,8363
2026-08-24T16:53:00Z,0,35.6,0.00,80,12.7,0.00,MPPT Charging,28,28,0,0,8363
2026-08-24T16:53:10Z,0,35.3,0.00,80,12.7,0.00,MPPT Charging,28,28,0,0,8363
2026-08-24T16:53:20Z,0,35.3,0.00,81,12.7,0.00,MPPT Charging,28,28,0,0,8363
2026-08-24T16:53:30Z,0,35.7,0.00,80,12.7,0.00,MPPT Charging,28,27,0,0,8363
2026-08-24T16:53:40Z,0,34.2,0.00,81,12.7,0.00,MPPT Charging,28,28,0,0,8363
2026-08-24T16:53:50Z,0,34.8,0.00,80,12.7,0.00,MPPT Charging,28,28,0,0,8363
2026-08-24T16:54:00Z,0,37.5,0.00,81,12.7,0.00,MPPT Charging,28,28,0,0,8363
2026-08-24T16:54:10Z,0,35.1,0.00,81,12.7,0.00,MPPT Charging,28,28,0,0,8363
2026-08-24T16:54:20Z,0,37.6,0.00,79,12.7,0.00,MPPT Charging,28,28,0,0,8363
2026-08-24T16:54:30Z,0,36.5,0.00,81,12.7,0.00,MPPT Charging,28,28,0,0,8363
2026-08-24T16:54:40Z,0,34.3,0.00,81,12.7,0.02,MPPT Charging,28,28,0,0,8363
2026-08-24T16:54:50Z,0,36.9,0.00,82,12.8,0.02,MPPT Charging,28,28,0,0,8363
2026-08-24T16:55:00Z,0,36.0,0.00,81,12.8,0.00,MPPT Charging,28,28,0,0,8363
2026-08-24T16:55:10Z,1,36.8,0.02,81,12.8,0.04,MPPT Charging,28,28,0,0,8363
2026-08-24T16:55:20Z,0,36.5,0.00,81,12.7,0.00,MPPT Charging,28,28,0,0,8363
2026-08-24T16:55:30Z,0,36.4,0.00,80,12.7,0.00,MPPT Charging,28,28,0,0,8363
2026-08-24T16:55:40Z,0,38.3,0.00,81,12.7,0.00,MPPT Charging,28,28,0,0,8363
2026-08-24T16:55:50Z,0,37.1,0.00,81,12.7,0.00,MPPT Charging,28,28,0,0,8363
2026-08-24T16:56:01Z,0,37.9,0.00,82,12.8,0.00,MPPT Charging,28,28,0,0,8363
2026-08-24T16:56:10Z,2,35.3,0.05,81,12.8,0.17,MPPT Charging,28,28,0,0,8363
2026-08-24T16:56:20Z,0,37.3,0.00,79,12.8,0.00,MPPT Charging,28,28,0,0,8363
2026-08-24T16:56:30Z,0,36.5,0.00,81,12.7,0.00,MPPT Charging,28,28,0,0,8363
2026-08-24T16:56:40Z,0,36.3,0.00,81,12.8,0.00,MPPT Charging,28,28,0,0,8363
2026-08-24T16:56:50Z,0,35.7,0.00,83,12.8,0.00,MPPT Charging,28,28,0,0,8363
2026-08-24T16:57:00Z,0,35.3,0.00,81,12.8,0.00,MPPT Charging,28,27,0,0,8363
2026-08-24T16:57:10Z,0,30.7,0.00,81,12.8,0.00,MPPT Charging,28,28,0,0,8363
2026-08-24T16:57:20Z,0,31.2,0.00,81,12.8,0.00,MPPT Charging,28,28,0,0,8363
2026-08-24T16:57:30Z,0,32.1,0.00,81,12.8,0.00,MPPT Charging,28,28,0,0,8363
2026-08-24T16:57:40Z,0,31.9,0.00,81,12.7,0.00,MPPT Charging,28,28,0,0,8363
2026-08-24T16:57:50Z,1,36.9,0.02,81,12.8,0.07,MPPT Charging,28,28,0,0,8363
2026-08-24T16:58:00Z,5,36.3,0.13,83,12.8,0.39,MPPT Charging,28,28,0,0,8363
2026-08-24T16:58:10Z,3,37.2,0.08,83,12.8,0.24,MPPT Charging,28,28,0,0,8363
2026-08-24T16:58:20Z,0,37.0,0.00,81,12.8,0.00,MPPT Charging,28,28,0,0,8363
2026-08-24T16:58:30Z,0,35.5,0.00,81,12.8,0.00,MPPT Charging,28,28,0,0,8363
2026-08-24T16:58:40Z,0,35.2,0.00,81,12.7,0.00,MPPT Charging,28,28,0,0,8363
2026-08-24T16:58:50Z,0,36.0,0.00,81,12.8,0.02,MPPT Charging,28,27,0,0,8363
2026-08-24T16:59:00Z,2,31.3,0.06,82,12.8,0.14,MPPT Charging,28,28,0,0,8363
2026-08-24T16:59:10Z,3,34.0,0.08,82,12.8,0.24,MPPT Charging,28,28,0,0,8363
2026-08-24T16:59:20Z,0,33.9,0.00,81,12.8,0.00,MPPT Charging,28,28,0,0,8363
2026-08-24T16:59:30Z,0,38.2,0.00,81,12.7,0.00,MPPT Charging,28,27,0,0,8363
2026-08-24T16:59:40Z,0,36.2,0.00,81,12.8,0.00,MPPT Charging,28,28,0,0,8363
2026-08-24T16:59:50Z,0,33.6,0.00,81,12.7,0.00,MPPT Charging,28,28,0,0,8363
2026-08-24T17:00:00Z,0,35.0,0.00,81,12.7,0.00,MPPT Charging,28,28,0,0,8363
2026-08-24T17:00:10Z,0,34.7,0.00,81,12.8,0.00,MPPT Charging,28,28,0,0,8363
2026-08-24T17:00:20Z,0,34.8,0.00,81,12.7,0.00,MPPT Charging,28,28,0,0,8363
2026-08-24T17:00:30Z,0,34.6,0.00,81,12.7,0.00,MPPT Charging,28,28,0,0,8363
2026-08-24T17:00:40Z,0,36.6,0.00,81,12.7,0.00,MPPT Charging,28,28,0,0,8363
2026-08-24T17:00:50Z,0,34.8,0.00,81,12.7,0.00,MPPT Charging,28,28,0,0,8363
2026-08-24T17:01:00Z,0,34.1,0.00,81,12.7,0.00,MPPT Charging,28,28,0,0,8363
2026-08-24T17:01:11Z,0,35.2,0.00,81,12.7,0.00,MPPT Charging,28,28,0,0,8363
2026-08-24T17:01:20Z,0,34.9,0.00,81,12.7,0.00,MPPT Charging,28,28,0,0,8363
2026-08-24T17:01:30Z,0,34.8,0.00,81,12.7,0.00,MPPT Charging,28,28,0,0,8363
2026-08-24T17:01:40Z,0,34.2,0.00,81,12.7,0.00,MPPT Charging,28,28,0,0,8363
2026-08-24T17:01:50Z,0,34.5,0.00,81,12.7,0.00,MPPT Charging,28,28,0,0,8363
2026-08-24T17:02:00Z,0,34.6,0.00,81,12.7,0.00,MPPT Charging,28,28,0,0,8363
2026-08-24T17:02:10Z,0,34.2,0.00,81,12.7,0.00,MPPT Charging,28,28,0,0,8363
2026-08-24T17:02:20Z,0,34.4,0.00,80,12.7,0.00,MPPT Charging,28,28,0,0,8363
2026-08-24T17:02:30Z,0,33.7,0.00,81,12.7,0.00,MPPT Charging,28,28,0,0,8363
2026-08-24T17:02:40Z,0,33.7,0.00,81,12.7,0.00,MPPT Charging,28,28,0,0,8363
2026-08-24T17:02:50Z,0,32.4,0.00,81,12.7,0.00,MPPT Charging,28,28,0,0,8363
2026-08-24T17:03:00Z,0,33.0,0.00,81,12.7,0.00,MPPT Charging,28,28,0,0,8363
2026-08-24T17:03:10Z,0,32.4,0.00,81,12.7,0.00,MPPT Charging,28,28,0,0,8363
2026-08-24T17:03:20Z,0,32.8,0.00,79,12.7,0.00,MPPT Charging,28,28,0,0,8363
2026-08-24T17:03:30Z,0,31.7,0.00,81,12.7,0.00,MPPT Charging,28,28,0,0,8363
2026-08-24T17:03:40Z,0,31.2,0.00,80,12.7,0.00,MPPT Charging,28,28,0,0,8363
2026-08-24T17:03:50Z,0,31.8,0.00,81,12.7,0.00,MPPT Charging,28,28,0,0,8363
2026-08-24T17:04:00Z,0,31.3,0.00,81,12.7,0.00,MPPT Charging,28,28,0,0,8363
2026-08-24T17:04:10Z,0,32.5,0.00,81,12.7,0.00,MPPT Charging,28,28,0,0,8363
2026-08-24T17:04:20Z,0,32.6,0.00,81,12.7,0.00,MPPT Charging,28,28,0,0,8363
2026-08-24T17:04:30Z,0,32.1,0.00,80,12.7,0.00,MPPT Charging,28,28,0,0,8363
2026-08-24T17:04:40Z,0,30.5,0.00,80,12.7,0.00,MPPT Charging,28,28,0,0,8363
2026-08-24T17:04:50Z,0,32.4,0.00,80,12.7,0.00,MPPT Charging,28,28,0,0,8363
2026-08-24T17:05:00Z,0,30.3,0.00,78,12.7,0.00,MPPT Charging,28,28,0,0,8363
2026-08-24T17:05:10Z,0,27.8,0.00,80,12.7,0.00,MPPT Charging,28,28,0,0,8363
2026-08-24T17:05:20Z,0,31.7,0.00,80,12.7,0.00,MPPT Charging,28,28,0,0,8363
2026-08-24T17:05:30Z,0,30.4,0.00,81,12.7,0.00,MPPT Charging,28,28,0,0,8363
2026-08-24T17:05:40Z,0,31.0,0.00,80,12.7,0.00,MPPT Charging,28,28,0,0,8363
2026-08-24T17:05:50Z,0,31.2,0.00,80,12.7,0.00,MPPT Charging,28,28,0,0,8363
2026-08-24T17:06:00Z,0,31.7,0.00,80,12.7,0.00,MPPT Charging,28,28,0,0,8363
2026-08-24T17:06:10Z,0,30.0,0.00,79,12.7,0.00,MPPT Charging,28,28,0,0,8363
2026-08-24T17:06:21Z,0,30.7,0.00,80,12.7,0.00,MPPT Charging,28,27,0,0,8363
2026-08-24T17:06:30Z,0,28.9,0.00,80,12.7,0.00,MPPT Charging,28,28,0,0,8363
2026-08-24T17:06:40Z,0,28.1,0.00,80,12.7,0.00,MPPT Charging,28,28,0,0,8363
2026-08-24T17:06:50Z,0,29.4,0.00,79,12.7,0.00,MPPT Charging,28,28,0,0,8363
2026-08-24T17:07:00Z,0,29.1,0.00,79,12.7,0.00,MPPT Charging,28,28,0,0,8363
2026-08-24T17:07:10Z,0,29.6,0.00,80,12.7,0.00,MPPT Charging,28,28,0,0,8363
2026-08-24T17:07:20Z,0,28.1,0.00,79,12.7,0.00,MPPT Charging,28,28,0,0,8363
2026-08-24T17:07:30Z,0,29.0,0.00,79,12.7,0.00,MPPT Charging,28,27,0,0,8363
2026-08-24T17:07:40Z,0,28.8,0.00,80,12.7,0.00,MPPT Charging,28,28,0,0,8363
2026-08-24T17:07:50Z,0,27.2,0.00,79,12.7,0.00,MPPT Charging,28,28,0,0,8363
2026-08-24T17:08:00Z,0,29.1,0.00,79,12.7,0.00,MPPT Charging,28,28,0,0,8363
2026-08-24T17:08:10Z,0,28.4,0.00,80,12.7,0.00,MPPT Charging,28,28,0,0,8363
2026-08-24T17:08:20Z,0,26.4,0.00,79,12.7,0.00,MPPT Charging,28,28,0,0,8363
2026-08-24T17:08:30Z,0,25.9,0.00,80,12.7,0.00,MPPT Charging,28,28,0,0,8363
2026-08-24T17:08:40Z,0,26.8,0.00,79,12.7,0.00,MPPT Charging,28,28,0,0,8363
2026-08-24T17:08:50Z,0,28.9,0.00,80,12.7,0.00,MPPT Charging,28,28,0,0,8363
2026-08-24T17:09:00Z,0,29.3,0.00,79,12.7,0.00,MPPT Charging,28,28,0,0,8363
2026-08-24T17:09:10Z,0,28.8,0.00,79,12.7,0.00,MPPT Charging,28,28,0,0,8363
2026-08-24T17:09:20Z,0,29.6,0.00,79,12.7,0.00,MPPT Charging,28,28,0,0,8363
2026-08-24T17:09:30Z,0,27.7,0.00,80,12.7,0.00,MPPT Charging,28,28,0,0,8363
2026-08-24T17:09:40Z,0,28.4,0.00,79,12.7,0.00,MPPT Charging,28,28,0,0,8363
2026-08-24T17:09:50Z,0,17.5,0.00,80,12.7,0.00,MPPT Charging,28,28,0,0,8363
2026-08-24T17:10:00Z,0,28.7,0.00,79,12.7,0.00,MPPT Charging,28,28,0,0,8363
2026-08-24T17:10:10Z,0,29.9,0.00,79,12.7,0.00,MPPT Charging,28,28,0,0,8363
2026-08-24T17:10:20Z,0,30.3,0.00,81,12.7,0.00,MPPT Charging,28,28,0,0,8363
2026-08-24T17:10:30Z,0,30.2,0.00,79,12.7,0.00,MPPT Charging,28,28,0,0,8363
2026-08-24T17:10:40Z,0,30.0,0.00,79,12.7,0.00,MPPT Charging,28,28,0,0,8363
2026-08-24T17:10:50Z,0,31.7,0.00,79,12.7,0.00,MPPT Charging,28,28,0,0,8363
2026-08-24T17:11:00Z,0,29.5,0.00,80,12.7,0.00,MPPT Charging,28,28,0,0,8363
2026-08-24T17:11:10Z,0,31.1,0.00,80,12.7,0.00,MPPT Charging,28,28,0,0,8363
2026-08-24T17:11:20Z,0,31.5,0.00,80,12.7,0.00,MPPT Charging,28,28,0,0,8363
2026-08-24T17:11:31Z,0,30.0,0.00,80,12.7,0.00,MPPT Charging,28,28,0,0,8363
2026-08-24T17:11:40Z,0,28.4,0.00,79,12.7,0.00,MPPT Charging,28,28,0,0,8363
2026-08-24T17:11:50Z,0,31.5,0.00,80,12.7,0.00,MPPT Charging,28,28,0,0,8363
2026-08-24T17:12:00Z,0,31.4,0.00,81,12.7,0.00,MPPT Charging,28,28,0,0,8363
2026-08-24T17:12:10Z,0,31.5,0.00,80,12.7,0.00,MPPT Charging,28,28,0,0,8363
2026-08-24T17:12:20Z,0,31.8,0.00,79,12.7,0.00,MPPT Charging,28,28,0,0,8363
2026-08-24T17:12:30Z,0,32.1,0.00,79,12.7,0.00,MPPT Charging,28,28,0,0,8363
2026-08-24T17:12:40Z,0,31.8,0.00,79,12.7,0.00,MPPT Charging,28,28,0,0,8363
2026-08-24T17:12:50Z,0,32.9,0.00,80,12.7,0.00,MPPT Charging,28,28,0,0,8363
2026-08-24T17:13:00Z,0,31.1,0.00,80,12.7,0.00,MPPT Charging,28,28,0,0,8363
2026-08-24T17:13:10Z,0,33.0,0.00,81,12.7,0.00,MPPT Charging,28,28,0,0,8363
2026-08-24T17:13:20Z,0,33.3,0.00,80,12.7,0.00,MPPT Charging,28,28,0,0,8363
2026-08-24T17:13:30Z,0,32.6,0.00,80,12.7,0.00,MPPT Charging,28,28,0,0,8363
2026-08-24T17:13:40Z,0,34.3,0.00,80,12.7,0.00,MPPT Charging,28,28,0,0,8363
2026-08-24T17:13:50Z,0,33.1,0.00,80,12.7,0.00,MPPT Charging,28,28,0,0,8363
2026-08-24T17:14:00Z,0,33.2,0.00,81,12.7,0.00,MPPT Charging,28,28,0,0,8363
2026-08-24T17:14:10Z,0,32.1,0.00,80,12.7,0.00,MPPT Charging,28,28,0,0,8363
2026-08-24T17:14:20Z,0,34.0,0.00,81,12.7,0.00,MPPT Charging,28,28,0,0,8363
2026-08-24T17:14:30Z,0,34.2,0.00,81,12.7,0.00,MPPT Charging,28,28,0,0,8363
2026-08-24T17:14:40Z,0,32.5,0.00,81,12.7,0.00,MPPT Charging,28,28,0,0,8363
2026-08-24T17:14:50Z,0,33.1,0.00,80,12.7,0.00,MPPT Charging,28,28,0,0,8363
2026-08-24T17:15:00Z,0,17.6,0.00,80,12.7,0.00,MPPT Charging,28,28,0,0,8363
2026-08-24T17:15:10Z,0,33.4,0.00,81,12.7,0.00,MPPT Charging,28,28,0,0,8363
2026-08-24T17:15:20Z,0,32.2,0.00,81,12.7,0.00,MPPT Charging,28,28,0,0,8363
2026-08-24T17:15:30Z,0,35.2,0.00,81,12.7,0.00,MPPT Charging,28,28,0,0,8363
2026-08-24T17:15:40Z,0,34.6,0.00,81,12.7,0.00,MPPT Charging,28,28,0,0,8363
2026-08-24T17:15:50Z,0,35.4,0.00,81,12.7,0.00,MPPT Charging,28,28,0,0,8363
2026-08-24T17:16:00Z,0,35.7,0.00,81,12.7,0.00,MPPT Charging,28,28,0,0,8363
2026-08-24T17:16:10Z,0,34.7,0.00,81,12.7,0.00,MPPT Charging,28,27,0,0,8363
2026-08-24T17:16:20Z,0,30.1,0.00,80,12.7,0.00,MPPT Charging,28,28,0,0,8363
2026-08-24T17:16:30Z,0,33.8,0.00,81,12.7,0.00,MPPT Charging,28,28,0,0,8363
2026-08-24T17:16:41Z,0,34.5,0.00,81,12.7,0.00,MPPT Charging,28,28,0,0,8363
2026-08-24T17:16:50Z,0,33.2,0.00,81,12.7,0.00,MPPT Charging,28,28,0,0,8363
2026-08-24T17:17:00Z,0,33.3,0.00,81,12.7,0.00,MPPT Charging,28,28,0,0,8363
2026-08-24T17:17:10Z,0,32.7,0.00,78,12.7,0.00,MPPT Charging,28,28,0,0,8363
2026-08-24T17:17:20Z,0,33.9,0.00,81,12.7,0.00,MPPT Charging,28,28,0,0,8363
2026-08-24T17:17:30Z,0,34.3,0.00,81,12.7,0.00,MPPT Charging,28,28,0,0,8363
2026-08-24T17:17:40Z,0,32.4,0.00,81,12.7,0.00,MPPT Charging,28,28,0,0,8363
2026-08-24T17:17:50Z,0,33.5,0.00,80,12.7,0.00,MPPT Charging,28,28,0,0,8363
2026-08-24T17:18:00Z,0,33.2,0.00,81,12.7,0.00,MPPT Charging,28,28,0,0,8363
2026-08-24T17:18:10Z,0,33.7,0.00,81,12.7,0.00,MPPT Charging,28,28,0,0,8363
2026-08-24T17:18:20Z,0,34.3,0.00,81,12.7,0.00,MPPT Charging,28,28,0,0,8363
2026-08-24T17:18:30Z,0,33.4,0.00,80,12.7,0.00,MPPT Charging,28,28,0,0,8363
2026-08-24T17:18:40Z,0,34.1,0.00,80,12.7,0.00,MPPT Charging,28,28,0,0,8363
2026-08-24T17:18:50Z,0,33.4,0.00,81,12.7,0.00,MPPT Charging,28,28,0,0,8363
2026-08-24T17:19:00Z,0,34.8,0.00,81,12.7,0.00,MPPT Charging,28,28,0,0,8363
2026-08-24T17:19:10Z,0,33.3,0.00,81,12.7,0.00,MPPT Charging,28,28,0,0,8363
2026-08-24T17:19:20Z,0,34.0,0.00,81,12.7,0.00,MPPT Charging,28,28,0,0,8363
2026-08-24T17:19:30Z,0,33.5,0.00,81,12.7,0.00,MPPT Charging,28,28,0,0,8363
2026-08-24T17:19:40Z,0,34.2,0.00,80,12.7,0.00,MPPT Charging,28,28,0,0,8363
2026-08-24T17:19:50Z,0,34.1,0.00,81,12.7,0.00,MPPT Charging,28,28,0,0,8363
2026-08-24T17:20:00Z,0,34.9,0.00,81,12.7,0.00,MPPT Charging,28,28,0,0,8363
2026-08-24T17:20:10Z,0,19.5,0.00,79,12.7,0.00,MPPT Charging,28,28,0,0,8363
2026-08-24T17:20:20Z,0,33.5,0.00,81,12.7,0.00,MPPT Charging,28,28,0,0,8363
2026-08-24T17:20:30Z,0,33.3,0.00,81,12.7,0.00,MPPT Charging,28,28,0,0,8363
2026-08-24T17:20:40Z,0,33.3,0.00,81,12.7,0.00,MPPT Charging,28,28,0,0,8363
2026-08-24T17:20:50Z,0,33.3,0.00,81,12.7,0.00,MPPT Charging,28,28,0,0,8363
2026-08-24T17:21:00Z,0,34.2,0.00,81,12.7,0.00,MPPT Charging,28,28,0,0,8363
2026-08-24T17:21:10Z,0,34.0,0.00,80,12.7,0.00,MPPT Charging,28,28,0,0,8363
2026-08-24T17:21:20Z,0,34.9,0.00,80,12.7,0.00,MPPT Charging,28,28,0,0,8363
2026-08-24T17:21:30Z,0,34.3,0.00,81,12.7,0.00,MPPT Charging,28,28,0,0,8363
2026-08-24T17:21:40Z,0,34.5,0.00,81,12.7,0.00,MPPT Charging,28,28,0,0,8363
2026-08-24T17:21:51Z,0,34.1,0.00,81,12.7,0.00,MPPT Charging,28,28,0,0,8363
2026-08-24T17:22:00Z,0,33.6,0.00,80,12.7,0.00,MPPT Charging,28,28,0,0,8363
2026-08-24T17:22:10Z,0,34.3,0.00,81,12.7,0.00,MPPT Charging,28,28,0,0,8363
2026-08-24T17:22:20Z,0,34.3,0.00,81,12.7,0.00,MPPT Charging,28,28,0,0,8363
2026-08-24T17:22:30Z,0,35.2,0.00,81,12.7,0.00,MPPT Charging,28,28,0,0,8363
2026-08-24T17:22:40Z,0,35.0,0.00,81,12.7,0.00,MPPT Charging,28,28,0,0,8363
2026-08-24T17:22:50Z,0,33.7,0.00,82,12.7,0.00,MPPT Charging,28,28,0,0,8363
2026-08-24T17:23:00Z,0,34.4,0.00,81,12.7,0.00,MPPT Charging,28,28,0,0,8363
2026-08-24T17:23:10Z,0,34.9,0.00,81,12.7,0.00,MPPT Charging,28,28,0,0,8363
2026-08-24T17:23:20Z,0,35.1,0.00,81,12.7,0.00,MPPT Charging,28,28,0,0,8363
2026-08-24T17:23:30Z,0,35.1,0.00,81,12.7,0.00,MPPT Charging,28,28,0,0,8363
2026-08-24T17:23:40Z,0,34.1,0.00,81,12.7,0.00,MPPT Charging,28,28,0,0,8363
2026-08-24T17:23:50Z,0,33.6,0.00,81,12.7,0.00,MPPT Charging,28,28,0,0,8363
2026-08-24T17:24:00Z,0,34.1,0.00,80,12.7,0.00,MPPT Charging,28,28,0,0,8363
2026-08-24T17:24:10Z,0,34.6,0.00,81,12.7,0.00,MPPT Charging,28,28,0,0,8363
2026-08-24T17:24:20Z,0,34.4,0.00,81,12.7,0.00,MPPT Charging,28,28,0,0,8363
2026-08-24T17:24:30Z,0,34.6,0.00,81,12.7,0.00,MPPT Charging,28,28,0,0,8363
2026-08-24T17:24:40Z,0,33.9,0.00,81,12.7,0.00,MPPT Charging,28,28,0,0,8363
2026-08-24T17:24:50Z,0,34.4,0.00,81,12.7,0.00,MPPT Charging,28,28,0,0,8363
2026-08-24T17:25:00Z,0,34.1,0.00,81,12.7,0.00,MPPT Charging,28,28,0,0,8363
2026-08-24T17:25:10Z,0,34.1,0.00,81,12.7,0.00,MPPT Charging,28,28,0,0,8363
2026-08-24T17:25:20Z,0,28.3,0.00,81,12.7,0.00,MPPT Charging,28,28,0,0,8363
2026-08-24T17:25:30Z,0,34.1,0.00,81,12.7,0.00,MPPT Charging,28,28,0,0,8363
2026-08-24T17:25:40Z,0,32.1,0.00,81,12.7,0.00,MPPT Charging,28,28,0,0,8363
2026-08-24T17:25:50Z,0,34.6,0.00,81,12.7,0.00,MPPT Charging,28,28,0,0,8363
2026-08-24T17:26:00Z,0,34.8,0.00,81,12.7,0.00,MPPT Charging,28,28,0,0,8363
2026-08-24T17:26:10Z,0,34.0,0.00,81,12.7,0.00,MPPT Charging,28,28,0,0,8363
2026-08-24T17:26:20Z,0,35.6,0.00,81,12.7,0.00,MPPT Charging,28,28,0,0,8363
2026-08-24T17:26:30Z,0,35.4,0.00,81,12.7,0.00,MPPT Charging,28,28,0,0,8363
2026-08-24T17:26:40Z,0,35.1,0.00,81,12.7,0.00,MPPT Charging,28,28,0,0,8363
2026-08-24T17:26:50Z,0,34.1,0.00,81,12.7,0.00,MPPT Charging,28,28,0,0,8363
2026-08-24T17:27:01Z,0,34.3,0.00,81,12.7,0.00,MPPT Charging,28,28,0,0,8363
2026-08-24T17:27:10Z,0,35.3,0.00,81,12.7,0.00,MPPT Charging,28,28,0,0,8363
2026-08-24T17:27:20Z,0,35.8,0.00,81,12.8,0.00,MPPT Charging,28,28,0,0,8363
2026-08-24T17:27:30Z,0,35.6,0.00,81,12.8,0.00,MPPT Charging,28,28,0,0,8363
2026-08-24T17:27:40Z,0,35.2,0.00,82,12.8,0.00,MPPT Charging,28,28,0,0,8363
2026-08-24T17:27:50Z,0,35.0,0.00,82,12.8,0.00,MPPT Charging,28,28,0,0,8363
2026-08-24T17:28:00Z,0,34.3,0.00,81,12.8,0.00,MPPT Charging,28,28,0,0,8363
2026-08-24T17:28:10Z,0,34.6,0.00,82,12.8,0.00,MPPT Charging,28,28,0,0,8363
2026-08-24T17:28:20Z,0,33.7,0.00,81,12.8,0.00,MPPT Charging,28,28,0,0,8363
2026-08-24T17:28:30Z,0,34.8,0.00,82,12.8,0.00,MPPT Charging,28,28,0,0,8363
2026-08-24T17:28:40Z,0,35.9,0.00,82,12.8,0.00,MPPT Charging,28,28,0,0,8363
2026-08-24T17:28:50Z,0,34.2,0.00,82,12.8,0.00,MPPT Charging,28,28,0,0,8363
2026-08-24T17:29:00Z,0,35.0,0.00,83,12.8,0.00,MPPT Charging,28,28,0,0,8363
2026-08-24T17:29:10Z,0,35.1,0.00,83,12.8,0.00,MPPT Charging,28,28,0,0,8363
2026-08-24T17:29:20Z,0,34.9,0.00,82,12.8,0.00,MPPT Charging,28,28,0,0,8363
2026-08-24T17:29:30Z,0,35.0,0.00,81,12.8,0.00,MPPT Charging,28,28,0,0,8363
2026-08-24T17:29:40Z,0,35.0,0.00,81,12.8,0.00,MPPT Charging,28,28,0,0,8363
2026-08-24T17:29:50Z,0,35.9,0.00,81,12.8,0.00,MPPT Charging,28,28,0,0,8363
2026-08-24T17:30:00Z,0,35.2,0.00,82,12.8,0.00,MPPT Charging,28,28,0,0,8363
2026-08-24T17:30:10Z,0,31.6,0.00,82,12.8,0.00,MPPT Charging,28,28,0,0,8363
2026-08-24T17:30:20Z,0,34.0,0.00,81,12.7,0.00,MPPT Charging,28,28,0,0,8363
2026-08-24T17:30:30Z,0,35.9,0.00,80,12.8,0.00,MPPT Charging,28,28,0,0,8363
2026-08-24T17:30:40Z,0,34.5,0.00,81,12.8,0.00,MPPT Charging,28,28,0,0,8363
2026-08-24T17:30:50Z,0,33.1,0.00,81,12.8,0.00,MPPT Charging,28,28,0,0,8363
2026-08-24T17:31:00Z,0,33.7,0.00,81,12.8,0.00,MPPT Charging,28,28,0,0,8363
2026-08-24T17:31:10Z,0,35.0,0.00,81,12.7,0.00,MPPT Charging,28,28,0,0,8363
2026-08-24T17:31:20Z,0,34.8,0.00,81,12.8,0.00,MPPT Charging,28,28,0,0,8363
2026-08-24T17:31:30Z,0,34.7,0.00,81,12.8,0.00,MPPT Charging,28,28,0,0,8363
2026-08-24T17:31:40Z,0,34.6,0.00,81,12.8,0.00,MPPT Charging,28,28,0,0,8363
2026-08-24T17:31:50Z,0,35.1,0.00,81,12.8,0.00,MPPT Charging,28,28,0,0,8363
2026-08-24T17:32:00Z,0,34.5,0.00,82,12.8,0.00,MPPT Charging,28,28,0,0,8363
2026-08-24T17:32:11Z,0,34.2,0.00,81,12.7,0.00,MPPT Charging,28,28,0,0,8363
2026-08-24T17:32:20Z,0,34.9,0.00,81,12.8,0.00,MPPT Charging,28,28,0,0,8363
2026-08-24T17:32:30Z,0,34.4,0.00,82,12.8,0.00,MPPT Charging,28,28,0,0,8363
2026-08-24T17:32:40Z,0,34.4,0.00,81,12.7,0.00,MPPT Charging,28,28,0,0,8363
2026-08-24T17:32:50Z,0,34.3,0.00,81,12.7,0.00,MPPT Charging,28,28,0,0,8363
2026-08-24T17:33:00Z,0,33.7,0.00,81,12.7,0.00,MPPT Charging,28,28,0,0,8363
2026-08-24T17:33:10Z,0,34.6,0.00,81,12.7,0.00,MPPT Charging,28,28,0,0,8363
2026-08-24T17:33:20Z,0,34.5,0.00,81,12.7,0.00,MPPT Charging,28,28,0,0,8363
2026-08-24T17:33:30Z,0,34.1,0.00,81,12.7,0.00,MPPT Charging,28,28,0,0,8363
2026-08-24T17:33:40Z,0,33.9,0.00,81,12.8,0.00,MPPT Charging,28,28,0,0,8363
2026-08-24T17:33:50Z,0,33.7,0.00,81,12.7,0.00,MPPT Charging,28,28,0,0,8363
2026-08-24T17:34:00Z,0,34.6,0.00,81,12.7,0.00,MPPT Charging,28,28,0,0,8363
2026-08-24T17:34:10Z,0,34.0,0.00,81,12.7,0.00,MPPT Charging,28,28,0,0,8363
2026-08-24T17:34:20Z,0,33.7,0.00,81,12.7,0.00,MPPT Charging,28,28,0,0,8363
2026-08-24T17:34:30Z,0,34.4,0.00,81,12.7,0.00,MPPT Charging,28,28,0,0,8363
2026-08-24T17:34:40Z,0,34.9,0.00,81,12.7,0.00,MPPT Charging,28,28,0,0,8363
2026-08-24T17:34:50Z,0,33.3,0.00,81,12.7,0.00,MPPT Charging,28,28,0,0,8363
2026-08-24T17:35:00Z,0,33.9,0.00,84,12.7,0.00,MPPT Charging,28,28,0,0,8363
2026-08-24T17:35:10Z,0,33.2,0.00,81,12.7,0.00,MPPT Charging,28,28,0,0,8363
2026-08-24T17:35:20Z,0,33.4,0.00,81,12.7,0.00,MPPT Charging,28,28,0,0,8363
2026-08-24T17:35:30Z,0,36.3,0.00,78,12.7,0.00,MPPT Charging,28,28,0,0,8363
2026-08-24T17:35:40Z,0,32.7,0.00,81,12.7,0.00,MPPT Charging,28,28,0,0,8363
2026-08-24T17:35:50Z,0,33.0,0.00,81,12.7,0.00,MPPT Charging,28,28,0,0,8363
2026-08-24T17:36:00Z,0,33.7,0.00,81,12.7,0.00,MPPT Charging,28,28,0,0,8363
2026-08-24T17:36:10Z,0,34.2,0.00,81,12.7,0.00,MPPT Charging,28,28,0,0,8363
2026-08-24T17:36:20Z,0,34.0,0.00,81,12.7,0.00,MPPT Charging,28,28,0,0,8363
2026-08-24T17:36:30Z,0,33.4,0.00,81,12.7,0.00,MPPT Charging,28,28,0,0,8363
2026-08-24T17:36:40Z,0,33.2,0.00,82,12.7,0.00,MPPT Charging,28,28,0,0,8363
2026-08-24T17:36:50Z,0,29.4,0.00,81,12.7,0.00,MPPT Charging,28,28,0,0,8363
2026-08-24T17:37:00Z,0,27.6,0.00,81,12.7,0.00,MPPT Charging,28,28,0,0,8363
2026-08-24T17:37:10Z,0,31.3,0.00,81,12.7,0.00,MPPT Charging,28,28,0,0,8363
2026-08-24T17:37:21Z,0,33.5,0.00,81,12.7,0.00,MPPT Charging,28,28,0,0,8363
2026-08-24T17:37:30Z,0,33.7,0.00,81,12.7,0.00,MPPT Charging,28,28,0,0,8363
2026-08-24T17:37:40Z,0,32.1,0.00,81,12.7,0.00,MPPT Charging,28,28,0,0,8363
2026-08-24T17:37:50Z,0,34.1,0.00,81,12.7,0.00,MPPT Charging,28,28,0,0,8363
2026-08-24T17:38:00Z,0,32.8,0.00,81,12.7,0.00,MPPT Charging,28,28,0,0,8363
2026-08-24T17:38:10Z,0,32.9,0.00,81,12.7,0.00,MPPT Charging,28,28,0,0,8363
2026-08-24T17:38:20Z,0,33.5,0.00,81,12.7,0.00,MPPT Charging,28,28,0,0,8363
2026-08-24T17:38:30Z,0,33.1,0.00,81,12.7,0.00,MPPT Charging,28,28,0,0,8363
2026-08-24T17:38:40Z,0,32.9,0.00,81,12.7,0.00,MPPT Charging,28,28,0,0,8363
2026-08-24T17:38:50Z,0,32.1,0.00,81,12.7,0.00,MPPT Charging,28,28,0,0,8363
2026-08-24T17:39:00Z,0,33.1,0.00,81,12.7,0.00,MPPT Charging,28,28,0,0,8363
2026-08-24T17:39:10Z,0,33.0,0.00,81,12.7,0.00,MPPT Charging,28,28,0,0,8363
2026-08-24T17:39:20Z,0,33.2,0.00,81,12.7,0.00,MPPT Charging,28,28,0,0,8363
2026-08-24T17:39:30Z,0,32.1,0.00,81,12.7,0.00,MPPT Charging,28,28,0,0,8363
2026-08-24T17:39:40Z,0,33.0,0.00,81,12.7,0.00,MPPT Charging,28,28,0,0,8363
2026-08-24T17:39:50Z,0,31.8,0.00,81,12.7,0.00,MPPT Charging,28,28,0,0,8363
2026-08-24T17:40:00Z,0,32.1,0.00,81,12.7,0.00,MPPT Charging,28,28,0,0,8363
2026-08-24T17:40:10Z,0,31.7,0.00,81,12.7,0.00,MPPT Charging,28,28,0,0,8363
2026-08-24T17:40:20Z,0,32.8,0.00,81,12.7,0.00,MPPT Charging,28,28,0,0,8363
2026-08-24T17:40:30Z,0,31.7,0.00,81,12.7,0.00,MPPT Charging,28,28,0,0,8363
2026-08-24T17:40:40Z,0,31.3,0.00,81,12.7,0.00,MPPT Charging,28,28,0,0,8363
2026-08-24T17:40:50Z,0,32.1,0.00,81,12.7,0.00,MPPT Charging,28,28,0,0,8363
2026-08-24T17:41:00Z,0,32.8,0.00,81,12.7,0.00,MPPT Charging,28,28,0,0,8363
2026-08-24T17:41:10Z,0,32.4,0.00,80,12.7,0.00,MPPT Charging,28,28,0,0,8363
2026-08-24T17:41:20Z,0,30.9,0.00,81,12.7,0.00,MPPT Charging,28,28,0,0,8363
2026-08-24T17:41:30Z,0,30.9,0.00,81,12.7,0.00,MPPT Charging,28,28,0,0,8363
2026-08-24T17:41:40Z,0,33.0,0.00,81,12.7,0.00,MPPT Charging,28,28,0,0,8363
2026-08-24T17:41:50Z,0,31.9,0.00,81,12.7,0.00,MPPT Charging,28,28,0,0,8363
2026-08-24T17:42:00Z,0,31.9,0.00,80,12.7,0.00,MPPT Charging,28,28,0,0,8363
2026-08-24T17:42:10Z,0,33.1,0.00,81,12.7,0.00,MPPT Charging,28,28,0,0,8363
2026-08-24T17:42:20Z,0,31.9,0.00,81,12.7,0.00,MPPT Charging,28,28,0,0,8363
2026-08-24T17:42:31Z,0,31.9,0.00,81,12.7,0.00,MPPT Charging,28,28,0,0,8363
2026-08-24T17:42:40Z,0,31.5,0.00,81,12.7,0.00,MPPT Charging,28,28,0,0,8363
2026-08-24T17:42:50Z,0,30.8,0.00,81,12.7,0.00,MPPT Charging,28,28,0,0,8363
2026-08-24T17:43:00Z,0,31.8,0.00,81,12.7,0.00,MPPT Charging,28,28,0,0,8363
2026-08-24T17:43:10Z,0,32.6,0.00,81,12.7,0.00,MPPT Charging,28,28,0,0,8363
2026-08-24T17:43:20Z,0,33.0,0.00,81,12.7,0.00,MPPT Charging,28,28,0,0,8363
2026-08-24T17:43:30Z,0,31.4,0.00,81,12.7,0.00,MPPT Charging,28,28,0,0,8363
2026-08-24T17:43:40Z,0,31.6,0.00,81,12.7,0.00,MPPT Charging,28,28,0,0,8363
2026-08-24T17:43:50Z,0,30.9,0.00,81,12.7,0.00,MPPT Charging,28,28,0,0,8363
2026-08-24T17:44:00Z,0,32.1,0.00,81,12.7,0.00,MPPT Charging,28,28,0,0,8363
2026-08-24T17:44:10Z,0,32.7,0.00,81,12.7,0.00,MPPT Charging,28,28,0,0,8363
2026-08-24T17:44:20Z,0,31.9,0.00,81,12.7,0.00,MPPT Charging,28,28,0,0,8363
2026-08-24T17:44:30Z,0,32.8,0.00,81,12.7,0.00,MPPT Charging,28,28,0,0,8363
2026-08-24T17:44:40Z,0,32.3,0.00,81,12.7,0.00,MPPT Charging,28,28,0,0,8363
2026-08-24T17:44:50Z,0,33.8,0.00,80,12.7,0.00,MPPT Charging,28,28,0,0,8363
2026-08-24T17:45:00Z,0,33.6,0.00,81,12.7,0.00,MPPT Charging,28,28,0,0,8363
2026-08-24T17:45:10Z,0,32.7,0.00,81,12.7,0.00,MPPT Charging,28,28,0,0,8363
2026-08-24T17:45:20Z,0,32.9,0.00,81,12.7,0.00,MPPT Charging,28,28,0,0,8363
2026-08-24T17:45:30Z,0,30.1,0.00,81,12.7,0.00,MPPT Charging,28,28,0,0,8363
2026-08-24T17:45:40Z,0,32.2,0.00,81,12.7,0.00,MPPT Charging,28,28,0,0,8363
2026-08-24T17:45:50Z,0,24.4,0.00,81,12.7,0.00,MPPT Charging,28,28,0,0,8363
2026-08-24T17:46:00Z,0,32.0,0.00,81,12.7,0.00,MPPT Charging,28,28,0,0,8363
2026-08-24T17:46:10Z,0,33.3,0.00,81,12.7,0.00,MPPT Charging,28,28,0,0,8363
2026-08-24T17:46:20Z,0,32.8,0.00,81,12.7,0.00,MPPT Charging,28,28,0,0,8363
2026-08-24T17:46:30Z,0,32.5,0.00,80,12.7,0.00,MPPT Charging,28,28,0,0,8363
2026-08-24T17:46:40Z,0,32.3,0.00,81,12.7,0.00,MPPT Charging,28,28,0,0,8363
2026-08-24T17:46:50Z,0,32.6,0.00,81,12.7,0.00,MPPT Charging,28,28,0,0,8363
2026-08-24T17:47:00Z,0,32.2,0.00,81,12.7,0.00,MPPT Charging,28,28,0,0,8363
2026-08-24T17:47:10Z,0,32.9,0.00,81,12.7,0.00,MPPT Charging,28,28,0,0,8363
2026-08-24T17:47:20Z,0,31.8,0.00,81,12.7,0.00,MPPT Charging,28,28,0,0,8363
2026-08-24T17:47:30Z,0,31.8,0.00,81,12.7,0.00,MPPT Charging,28,28,0,0,8363
2026-08-24T17:47:41Z,0,32.3,0.00,81,12.7,0.00,MPPT Charging,28,28,0,0,8363
2026-08-24T17:47:50Z,0,32.7,0.00,81,12.7,0.00,MPPT Charging,28,28,0,0,8363
2026-08-24T17:48:00Z,0,30.8,0.00,81,12.7,0.00,MPPT Charging,28,28,0,0,8363
2026-08-24T17:48:10Z,0,33.7,0.00,81,12.7,0.00,MPPT Charging,28,28,0,0,8363
2026-08-24T17:48:20Z,0,32.1,0.00,81,12.7,0.00,MPPT Charging,28,28,0,0,8363
2026-08-24T17:48:30Z,0,31.7,0.00,81,12.7,0.00,MPPT Charging,28,28,0,0,8363
2026-08-24T17:48:40Z,0,31.8,0.00,81,12.7,0.00,MPPT Charging,28,28,0,0,8363
2026-08-24T17:48:50Z,0,31.2,0.00,81,12.7,0.00,MPPT Charging,28,28,0,0,8363
2026-08-24T17:49:00Z,0,31.8,0.00,81,12.7,0.00,MPPT Charging,28,28,0,0,8363
2026-08-24T17:49:10Z,0,32.7,0.00,81,12.7,0.00,MPPT Charging,28,28,0,0,8363
2026-08-24T17:49:20Z,0,34.0,0.00,81,12.7,0.00,MPPT Charging,28,28,0,0,8363
2026-08-24T17:49:30Z,0,31.3,0.00,80,12.7,0.00,MPPT Charging,28,28,0,0,8363
2026-08-24T17:49:40Z,0,32.2,0.00,81,12.7,0.00,MPPT Charging,28,28,0,0,8363
2026-08-24T17:49:50Z,0,32.3,0.00,81,12.7,0.00,MPPT Charging,28,28,0,0,8363
2026-08-24T17:50:00Z,0,33.3,0.00,81,12.7,0.00,MPPT Charging,28,28,0,0,8363
2026-08-24T17:50:10Z,0,32.5,0.00,81,12.7,0.00,MPPT Charging,28,28,0,0,8363
2026-08-24T17:50:20Z,0,32.1,0.00,81,12.7,0.00,MPPT Charging,28,28,0,0,8363
2026-08-24T17:50:30Z,0,31.8,0.00,81,12.7,0.00,MPPT Charging,28,28,0,0,8363
2026-08-24T17:50:40Z,0,33.8,0.00,81,12.7,0.00,MPPT Charging,28,28,0,0,8363
2026-08-24T17:50:50Z,0,32.7,0.00,81,12.7,0.00,MPPT Charging,28,28,0,0,8363
2026-08-24T17:51:00Z,0,17.1,0.00,80,12.7,0.00,MPPT Charging,28,28,0,0,8363
2026-08-24T17:51:10Z,0,32.8,0.00,81,12.7,0.00,MPPT Charging,28,28,0,0,8363
2026-08-24T17:51:20Z,0,33.1,0.00,81,12.7,0.00,MPPT Charging,28,28,0,0,8363
2026-08-24T17:51:30Z,0,32.8,0.00,81,12.7,0.00,MPPT Charging,28,28,0,0,8363
2026-08-24T17:51:40Z,0,32.1,0.00,81,12.7,0.00,MPPT Charging,28,28,0,0,8363
2026-08-24T17:51:50Z,0,33.1,0.00,81,12.7,0.00,MPPT Charging,28,28,0,0,8363
2026-08-24T17:52:00Z,0,31.9,0.00,81,12.7,0.00,MPPT Charging,28,28,0,0,8363
2026-08-24T17:52:10Z,0,32.8,0.00,81,12.7,0.00,MPPT Charging,28,28,0,0,8363
2026-08-24T17:52:20Z,0,32.1,0.00,81,12.7,0.00,MPPT Charging,28,28,0,0,8363
2026-08-24T17:52:30Z,0,32.2,0.00,81,12.7,0.00,MPPT Charging,28,28,0,0,8363
2026-08-24T17:52:40Z,0,32.5,0.00,81,12.7,0.00,MPPT Charging,28,28,0,0,8363
2026-08-24T17:52:51Z,0,33.1,0.00,81,12.7,0.00,MPPT Charging,28,28,0,0,8363
2026-08-24T17:53:00Z,0,33.7,0.00,81,12.7,0.00,MPPT Charging,28,28,0,0,8363
2026-08-24T17:53:10Z,0,32.1,0.00,81,12.7,0.00,MPPT Charging,28,28,0,0,8363
2026-08-24T17:53:20Z,0,31.9,0.00,81,12.7,0.00,MPPT Charging,28,28,0,0,8363
2026-08-24T17:53:30Z,0,32.4,0.00,81,12.7,0.00,MPPT Charging,28,28,0,0,8363
2026-08-24T17:53:40Z,0,32.1,0.00,81,12.7,0.00,MPPT Charging,28,28,0,0,8363
2026-08-24T17:53:50Z,0,33.1,0.00,81,12.7,0.00,MPPT Charging,28,28,0,0,8363
2026-08-24T17:54:00Z,0,32.2,0.00,80,12.7,0.00,MPPT Charging,28,28,0,0,8363
2026-08-24T17:54:10Z,0,33.1,0.00,81,12.7,0.00,MPPT Charging,28,28,0,0,8363
2026-08-24T17:54:20Z,0,31.7,0.00,81,12.7,0.00,MPPT Charging,28,28,0,0,8363
2026-08-24T17:54:30Z,0,33.2,0.00,81,12.7,0.00,MPPT Charging,28,28,0,0,8363
2026-08-24T17:54:40Z,0,33.2,0.00,81,12.7,0.00,MPPT Charging,28,28,0,0,8363
2026-08-24T17:54:50Z,0,32.9,0.00,81,12.7,0.00,MPPT Charging,28,28,0,0,8363
2026-08-24T17:55:00Z,0,32.9,0.00,81,12.7,0.00,MPPT Charging,28,28,0,0,8363
2026-08-24T17:55:10Z,0,33.7,0.00,81,12.7,0.00,MPPT Charging,28,28,0,0,8363
2026-08-24T17:55:20Z,0,33.0,0.00,81,12.7,0.00,MPPT Charging,28,28,0,0,8363
2026-08-24T17:55:30Z,0,32.1,0.00,81,12.7,0.00,MPPT Charging,28,28,0,0,8363
2026-08-24T17:55:40Z,0,32.1,0.00,81,12.7,0.00,MPPT Charging,28,28,0,0,8363
2026-08-24T17:55:50Z,0,32.2,0.00,81,12.7,0.00,MPPT Charging,28,28,0,0,8363
2026-08-24T17:56:00Z,0,31.6,0.00,81,12.7,0.00,MPPT Charging,28,28,0,0,8363
2026-08-24T17:56:10Z,0,16.8,0.00,80,12.7,0.00,MPPT Charging,28,28,0,0,8363
2026-08-24T17:56:20Z,0,32.5,0.00,81,12.7,0.00,MPPT Charging,28,28,0,0,8363
2026-08-24T17:56:30Z,0,31.5,0.00,81,12.7,0.00,MPPT Charging,28,28,0,0,8363
2026-08-24T17:56:40Z,0,32.8,0.00,81,12.7,0.00,MPPT Charging,28,28,0,0,8363
2026-08-24T17:56:50Z,0,32.9,0.00,81,12.7,0.00,MPPT Charging,28,28,0,0,8363
2026-08-24T17:57:00Z,0,32.0,0.00,80,12.7,0.00,MPPT Charging,28,28,0,0,8363
2026-08-24T17:57:10Z,0,34.2,0.00,81,12.7,0.00,MPPT Charging,28,28,0,0,8363
2026-08-24T17:57:20Z,0,32.2,0.00,81,12.7,0.00,MPPT Charging,28,28,0,0,8363
2026-08-24T17:57:30Z,0,32.8,0.00,81,12.7,0.00,MPPT Charging,28,28,0,0,8363
2026-08-24T17:57:40Z,0,29.2,0.00,81,12.7,0.00,MPPT Charging,28,28,0,0,8363
2026-08-24T17:57:50Z,0,32.5,0.00,81,12.7,0.00,MPPT Charging,28,28,0,0,8363
2026-08-24T17:58:01Z,0,33.2,0.00,81,12.7,0.00,MPPT Charging,28,28,0,0,8363
2026-08-24T17:58:10Z,0,33.9,0.00,81,12.7,0.00,MPPT Charging,28,28,0,0,8363
2026-08-24T17:58:20Z,0,32.5,0.00,81,12.7,0.00,MPPT Charging,28,28,0,0,8363
2026-08-24T17:58:30Z,0,30.9,0.00,81,12.7,0.00,MPPT Charging,28,28,0,0,8363
2026-08-24T17:58:40Z,0,34.1,0.00,81,12.7,0.00,MPPT Charging,28,28,0,0,8363
2026-08-24T17:58:50Z,0,34.6,0.00,81,12.7,0.00,MPPT Charging,28,28,0,0,8363
2026-08-24T17:59:00Z,0,32.7,0.00,81,12.7,0.00,MPPT Charging,28,28,0,0,8363
2026-08-24T17:59:10Z,0,36.9,0.00,81,12.7,0.00,MPPT Charging,28,28,0,0,8363
2026-08-24T17:59:20Z,0,33.8,0.00,83,12.7,0.00,MPPT Charging,28,28,0,0,8363
2026-08-24T17:59:30Z,0,33.8,0.00,81,12.8,0.00,MPPT Charging,28,28,0,0,8363
2026-08-24T17:59:40Z,0,34.6,0.00,81,12.7,0.00,MPPT Charging,28,28,0,0,8363
2026-08-24T17:59:50Z,0,33.1,0.00,81,12.7,0.00,MPPT Charging,28,28,0,0,8363
2026-08-24T18:00:00Z,0,34.4,0.00,80,12.7,0.00,MPPT Charging,28,28,0,0,8363
2026-08-24T18:00:10Z,0,33.6,0.00,81,12.7,0.00,MPPT Charging,28,28,0,0,8363
2026-08-24T18:00:20Z,0,31.1,0.00,81,12.7,0.00,MPPT Charging,28,28,0,0,8363
2026-08-24T18:00:30Z,0,34.4,0.00,81,12.7,0.00,MPPT Charging,28,28,0,0,8363
2026-08-24T18:00:40Z,0,32.5,0.00,80,12.7,0.00,MPPT Charging,28,28,0,0,8363
2026-08-24T18:00:50Z,0,33.3,0.00,81,12.7,0.00,MPPT Charging,28,28,0,0,8363
2026-08-24T18:01:00Z,0,32.6,0.00,81,12.7,0.00,MPPT Charging,28,28,0,0,8363
2026-08-24T18:01:10Z,0,33.8,0.00,81,12.7,0.00,MPPT Charging,28,28,0,0,8363
2026-08-24T18:01:20Z,0,24.7,0.00,81,12.7,0.00,MPPT Charging,28,28,0,0,8363
2026-08-24T18:01:30Z,0,32.5,0.00,81,12.7,0.00,MPPT Charging,28,28,0,0,8363
2026-08-24T18:01:40Z,0,32.0,0.00,81,12.7,0.00,MPPT Charging,28,28,0,0,8363
2026-08-24T18:01:50Z,0,33.4,0.00,81,12.7,0.00,MPPT Charging,28,28,0,0,8363
2026-08-24T18:02:00Z,0,32.1,0.00,81,12.7,0.00,MPPT Charging,28,28,0,0,8363
2026-08-24T18:02:10Z,0,36.1,0.00,81,12.8,0.00,MPPT Charging,28,28,0,0,8363
2026-08-24T18:02:20Z,0,34.6,0.00,81,12.8,0.00,MPPT Charging,28,28,0,0,8363
2026-08-24T18:02:30Z,0,33.2,0.00,81,12.7,0.00,MPPT Charging,28,28,0,0,8363
2026-08-24T18:02:40Z,0,33.6,0.00,81,12.7,0.00,MPPT Charging,29,28,0,0,8363
2026-08-24T18:02:50Z,0,34.3,0.00,81,12.7,0.00,MPPT Charging,28,28,0,0,8363
2026-08-24T18:03:00Z,0,32.5,0.00,81,12.7,0.00,MPPT Charging,28,28,0,0,8363
2026-08-24T18:03:11Z,0,35.9,0.00,81,12.8,0.00,MPPT Charging,28,28,0,0,8363
2026-08-24T18:03:20Z,0,35.7,0.00,81,12.8,0.00,MPPT Charging,28,28,0,0,8363
2026-08-24T18:03:30Z,0,35.7,0.00,82,12.8,0.00,MPPT Charging,28,28,0,0,8363
2026-08-24T18:03:40Z,0,36.6,0.00,81,12.8,0.00,MPPT Charging,28,28,0,0,8363
2026-08-24T18:03:50Z,0,34.5,0.00,83,12.8,0.00,MPPT Charging,28,28,0,0,8363
2026-08-24T18:04:00Z,0,33.6,0.00,81,12.8,0.00,MPPT Charging,28,28,0,0,8363
2026-08-24T18:04:10Z,0,35.7,0.00,81,12.8,0.00,MPPT Charging,28,28,0,0,8363
2026-08-24T18:04:20Z,0,34.5,0.00,82,12.8,0.00,MPPT Charging,28,28,0,0,8363
2026-08-24T18:04:30Z,0,36.6,0.00,81,12.8,0.00,MPPT Charging,28,28,0,0,8363
2026-08-24T18:04:40Z,0,34.9,0.00,82,12.8,0.00,MPPT Charging,28,28,0,0,8363
2026-08-24T18:04:50Z,0,32.8,0.00,81,12.8,0.00,MPPT Charging,28,28,0,0,8363
2026-08-24T18:05:00Z,0,33.4,0.00,82,12.8,0.00,MPPT Charging,28,28,0,0,8363
2026-08-24T18:05:10Z,0,36.1,0.00,82,12.8,0.00,MPPT Charging,28,28,0,0,8363
2026-08-24T18:05:20Z,0,34.8,0.00,82,12.8,0.00,MPPT Charging,28,28,0,0,8363
2026-08-24T18:05:30Z,0,32.4,0.00,82,12.8,0.00,MPPT Charging,28,28,0,0,8363
2026-08-24T18:05:40Z,0,28.3,0.00,81,12.8,0.00,MPPT Charging,28,28,0,0,8363
2026-08-24T18:05:50Z,0,33.2,0.00,82,12.8,0.00,MPPT Charging,28,28,0,0,8363
2026-08-24T18:06:00Z,0,33.4,0.00,82,12.8,0.00,MPPT Charging,28,28,0,0,8363
2026-08-24T18:06:10Z,0,35.6,0.00,82,12.8,0.00,MPPT Charging,28,28,0,0,8363
2026-08-24T18:06:20Z,0,37.9,0.00,81,12.8,0.00,MPPT Charging,28,28,0,0,8363
2026-08-24T18:06:30Z,0,35.8,0.00,81,12.8,0.00,MPPT Charging,28,28,0,0,8363
2026-08-24T18:06:40Z,0,32.4,0.00,82,12.8,0.00,MPPT Charging,28,28,0,0,8363
2026-08-24T18:06:50Z,0,33.2,0.00,83,12.8,0.00,MPPT Charging,28,28,0,0,8363
2026-08-24T18:07:00Z,0,35.2,0.00,81,12.8,0.00,MPPT Charging,28,28,0,0,8363
2026-08-24T18:07:10Z,0,33.9,0.00,81,12.8,0.00,MPPT Charging,28,28,0,0,8363
2026-08-24T18:07:20Z,0,32.4,0.00,81,12.8,0.00,MPPT Charging,28,28,0,0,8363
2026-08-24T18:07:30Z,0,35.1,0.00,82,12.8,0.00,MPPT Charging,29,28,0,0,8363
2026-08-24T18:07:40Z,0,34.0,0.00,82,12.8,0.00,MPPT Charging,29,28,0,0,8363
2026-08-24T18:07:50Z,0,33.8,0.00,82,12.8,0.00,MPPT Charging,29,28,0,0,8363
2026-08-24T18:08:00Z,0,31.1,0.00,83,12.8,0.00,MPPT Charging,29,28,0,0,8363
2026-08-24T18:08:10Z,0,29.4,0.00,81,12.8,0.00,MPPT Charging,29,28,0,0,8363
2026-08-24T18:08:21Z,0,33.5,0.00,82,12.8,0.00,MPPT Charging,29,28,0,0,8363
2026-08-24T18:08:30Z,0,34.3,0.00,82,12.8,0.00,MPPT Charging,29,28,0,0,8363
2026-08-24T18:08:40Z,0,29.6,0.00,81,12.7,0.00,MPPT Charging,28,28,0,0,8363
2026-08-24T18:08:50Z,0,27.1,0.00,81,12.7,0.00,MPPT Charging,29,28,0,0,8363
2026-08-24T18:09:00Z,0,28.9,0.00,81,12.7,0.00,MPPT Charging,29,28,0,0,8363
2026-08-24T18:09:10Z,0,32.5,0.00,81,12.8,0.00,MPPT Charging,29,28,0,0,8363
2026-08-24T18:09:20Z,0,29.6,0.00,82,12.8,0.00,MPPT Charging,29,28,0,0,8363
2026-08-24T18:09:30Z,0,32.1,0.00,81,12.7,0.00,MPPT Charging,29,28,0,0,8363
2026-08-24T18:09:40Z,0,33.3,0.00,82,12.7,0.00,MPPT Charging,29,28,0,0,8363
2026-08-24T18:09:50Z,0,33.5,0.00,81,12.8,0.00,MPPT Charging,29,28,0,0,8363
2026-08-24T18:10:00Z,0,34.5,0.00,81,12.8,0.00,MPPT Charging,29,28,0,0,8363
2026-08-24T18:10:10Z,0,33.4,0.00,81,12.8,0.00,MPPT Charging,29,28,0,0,8363
2026-08-24T18:10:20Z,0,35.9,0.00,81,12.8,0.00,MPPT Charging,29,28,0,0,8363
2026-08-24T18:10:30Z,0,34.3,0.00,82,12.8,0.00,MPPT Charging,29,28,0,0,8363
2026-08-24T18:10:40Z,0,32.2,0.00,81,12.8,0.00,MPPT Charging,29,28,0,0,8363
2026-08-24T18:10:50Z,0,31.8,0.00,81,12.8,0.00,MPPT Charging,29,28,0,0,8363
2026-08-24T18:11:00Z,0,32.5,0.00,82,12.8,0.00,MPPT Charging,29,28,0,0,8363
2026-08-24T18:11:10Z,0,32.6,0.00,81,12.8,0.00,MPPT Charging,29,28,0,0,8363
2026-08-24T18:11:20Z,0,33.1,0.00,81,12.8,0.00,MPPT Charging,29,28,0,0,8363
2026-08-24T18:11:30Z,0,34.4,0.00,81,12.7,0.00,MPPT Charging,29,28,0,0,8363
2026-08-24T18:11:40Z,0,33.9,0.00,82,12.8,0.00,MPPT Charging,28,28,0,0,8363
2026-08-24T18:11:50Z,0,33.1,0.00,81,12.8,0.00,MPPT Charging,29,28,0,0,8363
2026-08-24T18:12:00Z,0,32.0,0.00,81,12.8,0.00,MPPT Charging,29,28,0,0,8363
2026-08-24T18:12:10Z,0,33.6,0.00,83,12.8,0.00,MPPT Charging,29,28,0,0,8363
2026-08-24T18:12:20Z,0,34.4,0.00,82,12.8,0.00,MPPT Charging,29,28,0,0,8363
2026-08-24T18:12:30Z,0,33.8,0.00,82,12.8,0.00,MPPT Charging,29,28,0,0,8363
2026-08-24T18:12:40Z,0,32.5,0.00,81,12.8,0.00,MPPT Charging,29,28,0,0,8363
2026-08-24T18:12:50Z,0,32.2,0.00,81,12.7,0.00,MPPT Charging,29,28,0,0,8363
2026-08-24T18:13:00Z,0,32.9,0.00,81,12.8,0.00,MPPT Charging,29,28,0,0,8363
2026-08-24T18:13:10Z,0,30.3,0.00,81,12.8,0.00,MPPT Charging,29,28,0,0,8363
2026-08-24T18:13:20Z,0,31.8,0.00,81,12.7,0.00,MPPT Charging,29,28,0,0,8363
2026-08-24T18:13:31Z,0,32.1,0.00,81,12.8,0.00,MPPT Charging,29,28,0,0,8363
2026-08-24T18:13:40Z,0,32.3,0.00,81,12.8,0.00,MPPT Charging,29,28,0,0,8363
2026-08-24T18:13:50Z,0,30.9,0.00,81,12.7,0.00,MPPT Charging,29,28,0,0,8363
2026-08-24T18:14:00Z,0,30.2,0.00,81,12.7,0.00,MPPT Charging,29,28,0,0,8363
2026-08-24T18:14:10Z,0,32.0,0.00,81,12.7,0.00,MPPT Charging,29,28,0,0,8363
2026-08-24T18:14:20Z,0,31.2,0.00,81,12.7,0.00,MPPT Charging,29,28,0,0,8363
2026-08-24T18:14:30Z,0,30.6,0.00,81,12.7,0.00,MPPT Charging,28,28,0,0,8363
2026-08-24T18:14:40Z,0,32.3,0.00,81,12.7,0.00,MPPT Charging,28,28,0,0,8363
2026-08-24T18:14:50Z,0,31.8,0.00,81,12.7,0.00,MPPT Charging,29,28,0,0,8363
2026-08-24T18:15:00Z,0,31.2,0.00,81,12.7,0.00,MPPT Charging,28,28,0,0,8363
2026-08-24T18:15:10Z,0,30.9,0.00,81,12.7,0.00,MPPT Charging,28,28,0,0,8363
2026-08-24T18:15:20Z,0,30.9,0.00,81,12.8,0.00,MPPT Charging,29,28,0,0,8363
2026-08-24T18:15:30Z,0,31.6,0.00,81,12.7,0.00,MPPT Charging,28,28,0,0,8363
2026-08-24T18:15:40Z,0,31.7,0.00,82,12.8,0.00,MPPT Charging,28,28,0,0,8363
2026-08-24T18:15:50Z,0,31.5,0.00,81,12.7,0.00,MPPT Charging,28,28,0,0,8363
2026-08-24T18:16:00Z,0,32.1,0.00,81,12.7,0.00,MPPT Charging,29,28,0,0,8363
2026-08-24T18:16:10Z,0,31.2,0.00,81,12.7,0.00,MPPT Charging,28,28,0,0,8363
2026-08-24T18:16:20Z,0,32.5,0.00,81,12.7,0.00,MPPT Charging,28,28,0,0,8363
2026-08-24T18:16:30Z,0,31.8,0.00,81,12.7,0.00,MPPT Charging,28,28,0,0,8363
2026-08-24T18:16:40Z,0,32.6,0.00,81,12.7,0.00,MPPT Charging,28,28,0,0,8363
2026-08-24T18:16:50Z,0,34.0,0.00,81,12.7,0.00,MPPT Charging,29,28,0,0,8363
2026-08-24T18:17:00Z,0,31.8,0.00,81,12.7,0.00,MPPT Charging,28,28,0,0,8363
2026-08-24T18:17:10Z,0,30.6,0.00,81,12.7,0.00,MPPT Charging,28,28,0,0,8363
2026-08-24T18:17:20Z,0,31.5,0.00,81,12.7,0.00,MPPT Charging,28,28,0,0,8363
2026-08-24T18:17:30Z,0,31.8,0.00,81,12.8,0.00,MPPT Charging,28,28,0,0,8363
2026-08-24T18:17:40Z,0,33.2,0.00,81,12.7,0.00,MPPT Charging,28,28,0,0,8363
2026-08-24T18:17:50Z,0,32.1,0.00,80,12.7,0.00,MPPT Charging,28,28,0,0,8363
2026-08-24T18:18:00Z,0,31.2,0.00,81,12.8,0.00,MPPT Charging,28,28,0,0,8363
2026-08-24T18:18:10Z,0,31.2,0.00,81,12.7,0.00,MPPT Charging,28,28,0,0,8363
2026-08-24T18:18:20Z,0,31.2,0.00,81,12.8,0.00,MPPT Charging,28,28,0,0,8363
2026-08-24T18:18:30Z,0,31.8,0.00,81,12.7,0.00,MPPT Charging,28,28,0,0,8363
2026-08-24T18:18:41Z,0,30.6,0.00,81,12.7,0.00,MPPT Charging,28,28,0,0,8363
2026-08-24T18:18:50Z,0,31.1,0.00,81,12.7,0.00,MPPT Charging,28,28,0,0,8363
2026-08-24T18:19:00Z,0,29.1,0.00,81,12.7,0.00,MPPT Charging,28,28,0,0,8363
2026-08-24T18:19:10Z,0,26.4,0.00,81,12.7,0.00,MPPT Charging,28,28,0,0,8363
2026-08-24T18:19:20Z,0,29.9,0.00,81,12.7,0.00,MPPT Charging,28,28,0,0,8363
2026-08-24T18:19:30Z,0,31.3,0.00,81,12.7,0.00,MPPT Charging,28,28,0,0,8363
2026-08-24T18:19:40Z,0,30.8,0.00,81,12.7,0.00,MPPT Charging,29,28,0,0,8363
2026-08-24T18:19:50Z,0,31.6,0.00,81,12.7,0.00,MPPT Charging,28,28,0,0,8363
2026-08-24T18:20:00Z,0,30.0,0.00,81,12.7,0.00,MPPT Charging,28,28,0,0,8363
2026-08-24T18:20:10Z,0,30.0,0.00,81,12.7,0.00,MPPT Charging,28,28,0,0,8363
2026-08-24T18:20:20Z,0,31.3,0.00,81,12.7,0.00,MPPT Charging,28,28,0,0,8363
2026-08-24T18:20:30Z,0,31.1,0.00,81,12.7,0.00,MPPT Charging,28,28,0,0,8363
2026-08-24T18:20:40Z,0,29.3,0.00,81,12.7,0.00,MPPT Charging,28,28,0,0,8363
2026-08-24T18:20:50Z,0,31.1,0.00,81,12.7,0.00,MPPT Charging,28,28,0,0,8363
2026-08-24T18:21:00Z,0,29.9,0.00,81,12.7,0.00,MPPT Charging,28,28,0,0,8363
2026-08-24T18:21:10Z,0,31.1,0.00,81,12.7,0.00,MPPT Charging,28,28,0,0,8363
2026-08-24T18:21:20Z,0,29.0,0.00,81,12.7,0.00,MPPT Charging,28,28,0,0,8363
2026-08-24T18:21:30Z,0,31.2,0.00,81,12.7,0.00,MPPT Charging,28,28,0,0,8363
2026-08-24T18:21:40Z,0,30.9,0.00,80,12.7,0.00,MPPT Charging,28,28,0,0,8363
2026-08-24T18:21:50Z,0,23.6,0.00,81,12.7,0.00,MPPT Charging,28,28,0,0,8363
2026-08-24T18:22:00Z,0,30.5,0.00,81,12.7,0.00,MPPT Charging,28,28,0,0,8363
2026-08-24T18:22:10Z,0,29.8,0.00,81,12.7,0.00,MPPT Charging,28,28,0,0,8363
2026-08-24T18:22:20Z,0,31.7,0.00,81,12.7,0.00,MPPT Charging,28,28,0,0,8363
2026-08-24T18:22:30Z,0,30.2,0.00,81,12.7,0.00,MPPT Charging,28,28,0,0,8363
2026-08-24T18:22:40Z,0,31.2,0.00,81,12.7,0.00,MPPT Charging,28,28,0,0,8363
2026-08-24T18:22:50Z,0,31.0,0.00,81,12.7,0.00,MPPT Charging,28,28,0,0,8363
2026-08-24T18:23:00Z,0,31.0,0.00,81,12.7,0.00,MPPT Charging,28,28,0,0,8363
2026-08-24T18:23:10Z,0,32.1,0.00,80,12.7,0.00,MPPT Charging,29,28,0,0,8363
2026-08-24T18:23:20Z,0,30.4,0.00,81,12.7,0.00,MPPT Charging,28,28,0,0,8363
2026-08-24T18:23:30Z,0,29.3,0.00,81,12.7,0.00,MPPT Charging,28,28,0,0,8363
2026-08-24T18:23:40Z,0,30.5,0.00,81,12.7,0.00,MPPT Charging,28,28,0,0,8363
2026-08-24T18:23:51Z,0,30.4,0.00,81,12.7,0.00,MPPT Charging,28,28,0,0,8363
2026-08-24T18:24:00Z,0,30.3,0.00,81,12.7,0.00,MPPT Charging,28,28,0,0,8363
2026-08-24T18:24:10Z,0,31.0,0.00,80,12.7,0.00,MPPT Charging,28,28,0,0,8363
2026-08-24T18:24:20Z,0,31.4,0.00,81,12.7,0.00,MPPT Charging,28,28,0,0,8363
2026-08-24T18:24:30Z,0,30.0,0.00,81,12.7,0.00,MPPT Charging,28,28,0,0,8363
2026-08-24T18:24:40Z,0,28.5,0.00,81,12.7,0.00,MPPT Charging,28,28,0,0,8363
2026-08-24T18:24:50Z,0,30.0,0.00,80,12.7,0.00,MPPT Charging,28,28,0,0,8363
2026-08-24T18:25:00Z,0,29.9,0.00,81,12.7,0.00,MPPT Charging,28,28,0,0,8363
2026-08-24T18:25:10Z,0,30.6,0.00,80,12.7,0.00,MPPT Charging,28,28,0,0,8363
2026-08-24T18:25:20Z,0,28.9,0.00,81,12.7,0.00,MPPT Charging,28,28,0,0,8363
2026-08-24T18:25:30Z,0,29.6,0.00,80,12.7,0.00,MPPT Charging,28,28,0,0,8363
2026-08-24T18:25:40Z,0,29.6,0.00,80,12.7,0.00,MPPT Charging,28,28,0,0,8363
2026-08-24T18:25:50Z,0,30.1,0.00,81,12.7,0.00,MPPT Charging,28,28,0,0,8363
2026-08-24T18:26:00Z,0,31.0,0.00,80,12.7,0.00,MPPT Charging,28,28,0,0,8363
2026-08-24T18:26:10Z,0,30.8,0.00,81,12.7,0.00,MPPT Charging,28,28,0,0,8363
2026-08-24T18:26:20Z,0,29.5,0.00,78,12.7,0.00,MPPT Charging,28,28,0,0,8363
2026-08-24T18:26:30Z,0,31.2,0.00,80,12.7,0.00,MPPT Charging,28,28,0,0,8363
2026-08-24T18:26:40Z,0,29.9,0.00,81,12.7,0.00,MPPT Charging,28,28,0,0,8363
2026-08-24T18:26:50Z,0,29.7,0.00,80,12.7,0.00,MPPT Charging,28,28,0,0,8363
2026-08-24T18:27:00Z,0,15.2,0.00,79,12.7,0.00,MPPT Charging,28,28,0,0,8363
2026-08-24T18:27:10Z,0,28.5,0.00,81,12.7,0.00,MPPT Charging,28,28,0,0,8363
2026-08-24T18:27:20Z,0,30.7,0.00,81,12.7,0.00,MPPT Charging,28,28,0,0,8363
2026-08-24T18:27:30Z,0,29.8,0.00,81,12.7,0.00,MPPT Charging,28,28,0,0,8363
2026-08-24T18:27:40Z,0,29.2,0.00,81,12.7,0.00,MPPT Charging,28,28,0,0,8363
2026-08-24T18:27:50Z,0,29.7,0.00,80,12.7,0.00,MPPT Charging,28,28,0,0,8363
2026-08-24T18:28:00Z,0,30.6,0.00,81,12.7,0.00,MPPT Charging,28,28,0,0,8363
2026-08-24T18:28:10Z,0,30.9,0.00,81,12.7,0.00,MPPT Charging,28,28,0,0,8363
2026-08-24T18:28:20Z,0,31.5,0.00,81,12.7,0.00,MPPT Charging,28,28,0,0,8363
2026-08-24T18:28:30Z,0,30.6,0.00,81,12.7,0.00,MPPT Charging,28,28,0,0,8363
2026-08-24T18:28:40Z,0,31.8,0.00,81,12.7,0.00,MPPT Charging,28,28,0,0,8363
2026-08-24T18:28:50Z,0,31.8,0.00,81,12.7,0.00,MPPT Charging,28,28,0,0,8363
2026-08-24T18:29:01Z,0,31.1,0.00,81,12.7,0.00,MPPT Charging,28,28,0,0,8363
2026-08-24T18:29:10Z,0,30.3,0.00,81,12.7,0.00,MPPT Charging,28,28,0,0,8363
2026-08-24T18:29:20Z,0,31.2,0.00,81,12.7,0.00,MPPT Charging,28,28,0,0,8363
2026-08-24T18:29:30Z,0,31.9,0.00,81,12.7,0.00,MPPT Charging,28,28,0,0,8363
2026-08-24T18:29:40Z,0,31.6,0.00,81,12.7,0.00,MPPT Charging,28,28,0,0,8363
2026-08-24T18:29:50Z,0,31.9,0.00,81,12.7,0.00,MPPT Charging,28,28,0,0,8363
2026-08-24T18:30:00Z,0,30.5,0.00,81,12.7,0.00,MPPT Charging,28,28,0,0,8363
2026-08-24T18:30:10Z,0,29.9,0.00,81,12.7,0.00,MPPT Charging,28,28,0,0,8363
2026-08-24T18:30:20Z,0,30.0,0.00,81,12.7,0.00,MPPT Charging,28,28,0,0,8363
2026-08-24T18:30:30Z,0,29.8,0.00,81,12.7,0.00,MPPT Charging,28,28,0,0,8363
2026-08-24T18:30:40Z,0,29.2,0.00,81,12.7,0.00,MPPT Charging,28,28,0,0,8363
2026-08-24T18:30:50Z,0,27.8,0.00,81,12.7,0.00,MPPT Charging,28,28,0,0,8363
2026-08-24T18:31:00Z,0,31.3,0.00,81,12.7,0.00,MPPT Charging,28,28,0,0,8363
2026-08-24T18:31:10Z,0,28.4,0.00,81,12.7,0.00,MPPT Charging,28,28,0,0,8363
2026-08-24T18:31:20Z,0,30.8,0.00,81,12.7,0.00,MPPT Charging,28,28,0,0,8363
2026-08-24T18:31:30Z,0,30.4,0.00,81,12.7,0.00,MPPT Charging,28,28,0,0,8363
2026-08-24T18:31:40Z,0,30.3,0.00,81,12.7,0.00,MPPT Charging,28,28,0,0,8363
2026-08-24T18:31:50Z,0,28.8,0.00,81,12.7,0.00,MPPT Charging,28,28,0,0,8363
2026-08-24T18:32:00Z,0,31.3,0.00,81,12.7,0.00,MPPT Charging,28,28,0,0,8363
2026-08-24T18:32:10Z,0,15.1,0.00,79,12.7,0.00,MPPT Charging,28,28,0,0,8363
2026-08-24T18:32:20Z,0,29.9,0.00,81,12.7,0.00,MPPT Charging,28,28,0,0,8363
2026-08-24T18:32:30Z,0,30.4,0.00,81,12.7,0.00,MPPT Charging,28,28,0,0,8363
2026-08-24T18:32:40Z,0,30.0,0.00,81,12.7,0.00,MPPT Charging,28,28,0,0,8363
2026-08-24T18:32:50Z,0,31.3,0.00,81,12.7,0.00,MPPT Charging,28,28,0,0,8363
2026-08-24T18:33:00Z,0,29.8,0.00,81,12.7,0.00,MPPT Charging,28,28,0,0,8363
2026-08-24T18:33:10Z,0,30.6,0.00,81,12.7,0.00,MPPT Charging,28,28,0,0,8363
2026-08-24T18:33:20Z,0,30.3,0.00,81,12.7,0.00,MPPT Charging,28,28,0,0,8363
2026-08-24T18:33:30Z,0,30.5,0.00,81,12.7,0.00,MPPT Charging,28,28,0,0,8363
2026-08-24T18:33:40Z,0,30.6,0.00,81,12.7,0.00,MPPT Charging,28,28,0,0,8363
2026-08-24T18:33:50Z,0,31.9,0.00,80,12.7,0.00,MPPT Charging,28,28,0,0,8363
2026-08-24T18:34:00Z,0,31.6,0.00,81,12.7,0.00,MPPT Charging,28,28,0,0,8363
2026-08-24T18:34:11Z,0,32.5,0.00,81,12.7,0.00,MPPT Charging,28,28,0,0,8363
2026-08-24T18:34:20Z,0,31.5,0.00,81,12.7,0.00,MPPT Charging,28,28,0,0,8363
2026-08-24T18:34:30Z,0,32.4,0.00,81,12.7,0.00,MPPT Charging,28,28,0,0,8363
2026-08-24T18:34:40Z,0,32.4,0.00,81,12.7,0.00,MPPT Charging,28,28,0,0,8363
2026-08-24T18:34:50Z,0,32.2,0.00,81,12.7,0.00,MPPT Charging,28,28,0,0,8363
2026-08-24T18:35:00Z,0,31.5,0.00,81,12.7,0.00,MPPT Charging,28,28,0,0,8363
2026-08-24T18:35:10Z,0,31.2,0.00,81,12.7,0.00,MPPT Charging,28,28,0,0,8363
2026-08-24T18:35:20Z,0,30.6,0.00,80,12.7,0.00,MPPT Charging,28,28,0,0,8363
2026-08-24T18:35:30Z,0,31.4,0.00,81,12.7,0.00,MPPT Charging,28,28,0,0,8363
2026-08-24T18:35:40Z,0,29.2,0.00,80,12.7,0.00,MPPT Charging,28,28,0,0,8363
2026-08-24T18:35:50Z,0,30.2,0.00,81,12.7,0.00,MPPT Charging,28,28,0,0,8363
2026-08-24T18:36:00Z,0,32.3,0.00,81,12.7,0.00,MPPT Charging,28,28,0,0,8363
2026-08-24T18:36:10Z,0,31.4,0.00,80,12.7,0.00,MPPT Charging,28,28,0,0,8363
2026-08-24T18:36:20Z,0,32.0,0.00,81,12.7,0.00,MPPT Charging,28,28,0,0,8363
2026-08-24T18:36:30Z,0,30.6,0.00,82,12.7,0.00,MPPT Charging,28,28,0,0,8363
2026-08-24T18:36:40Z,0,30.8,0.00,81,12.7,0.00,MPPT Charging,28,28,0,0,8363
2026-08-24T18:36:50Z,0,30.6,0.00,81,12.7,0.00,MPPT Charging,28,28,0,0,8363
2026-08-24T18:37:00Z,0,32.1,0.00,81,12.7,0.00,MPPT Charging,28,28,0,0,8363
2026-08-24T18:37:10Z,0,30.6,0.00,81,12.7,0.00,MPPT Charging,28,28,0,0,8363
2026-08-24T18:37:20Z,0,23.3,0.00,81,12.7,0.00,MPPT Charging,28,28,0,0,8363
2026-08-24T18:37:30Z,0,30.7,0.00,81,12.7,0.00,MPPT Charging,28,28,0,0,8363
2026-08-24T18:37:40Z,0,29.9,0.00,81,12.7,0.00,MPPT Charging,28,28,0,0,8363
2026-08-24T18:37:50Z,0,31.0,0.00,81,12.7,0.00,MPPT Charging,28,28,0,0,8363
2026-08-24T18:38:00Z,0,31.0,0.00,81,12.7,0.00,MPPT Charging,28,28,0,0,8363
2026-08-24T18:38:10Z,0,31.4,0.00,81,12.7,0.00,MPPT Charging,28,28,0,0,8363
2026-08-24T18:38:20Z,0,31.5,0.00,81,12.7,0.00,MPPT Charging,28,28,0,0,8363
2026-08-24T18:38:30Z,0,30.1,0.00,81,12.7,0.00,MPPT Charging,28,28,0,0,8363
2026-08-24T18:38:40Z,0,30.9,0.00,81,12.7,0.00,MPPT Charging,28,28,0,0,8363
2026-08-24T18:38:50Z,0,30.4,0.00,81,12.7,0.00,MPPT Charging,28,28,0,0,8363
2026-08-24T18:39:00Z,0,31.3,0.00,81,12.7,0.00,MPPT Charging,28,28,0,0,8363
2026-08-24T18:39:10Z,0,31.8,0.00,80,12.7,0.00,MPPT Charging,28,28,0,0,8363
2026-08-24T18:39:21Z,0,31.8,0.00,82,12.7,0.00,MPPT Charging,28,28,0,0,8363
2026-08-24T18:39:30Z,0,31.9,0.00,80,12.7,0.00,MPPT Charging,28,28,0,0,8363
2026-08-24T18:39:40Z,0,30.4,0.00,81,12.7,0.00,MPPT Charging,28,28,0,0,8363
2026-08-24T18:39:50Z,0,32.0,0.00,81,12.7,0.00,MPPT Charging,28,28,0,0,8363
2026-08-24T18:40:00Z,0,31.5,0.00,80,12.7,0.00,MPPT Charging,28,28,0,0,8363
2026-08-24T18:40:10Z,0,31.4,0.00,81,12.7,0.00,MPPT Charging,28,28,0,0,8363
2026-08-24T18:40:20Z,0,30.6,0.00,81,12.7,0.00,MPPT Charging,28,28,0,0,8363
2026-08-24T18:40:30Z,0,31.9,0.00,81,12.7,0.00,MPPT Charging,28,28,0,0,8363
2026-08-24T18:40:40Z,0,31.1,0.00,80,12.7,0.00,MPPT Charging,28,28,0,0,8363
2026-08-24T18:40:50Z,0,30.2,0.00,81,12.7,0.00,MPPT Charging,28,28,0,0,8363
2026-08-24T18:41:00Z,0,28.0,0.00,80,12.7,0.00,MPPT Charging,28,28,0,0,8363
2026-08-24T18:41:10Z,0,31.6,0.00,81,12.7,0.00,MPPT Charging,28,28,0,0,8363
2026-08-24T18:41:20Z,0,32.1,0.00,80,12.7,0.00,MPPT Charging,28,28,0,0,8363
2026-08-24T18:41:30Z,0,31.9,0.00,81,12.7,0.00,MPPT Charging,28,28,0,0,8363
2026-08-24T18:41:40Z,0,32.3,0.00,81,12.7,0.00,MPPT Charging,28,28,0,0,8363
2026-08-24T18:41:50Z,0,30.7,0.00,81,12.7,0.00,MPPT Charging,28,28,0,0,8363
2026-08-24T18:42:00Z,0,34.0,0.00,81,12.7,0.00,MPPT Charging,28,28,0,0,8363
2026-08-24T18:42:10Z,0,32.9,0.00,81,12.7,0.00,MPPT Charging,28,28,0,0,8363
2026-08-24T18:42:20Z,0,31.3,0.00,81,12.7,0.00,MPPT Charging,28,28,0,0,8363
2026-08-24T18:42:30Z,0,31.2,0.00,80,12.7,0.00,MPPT Charging,28,28,0,0,8363
2026-08-24T18:42:40Z,0,31.1,0.00,81,12.7,0.00,MPPT Charging,28,28,0,0,8363
2026-08-24T18:42:50Z,0,31.4,0.00,81,12.7,0.00,MPPT Charging,28,28,0,0,8363
2026-08-24T18:43:00Z,0,31.0,0.00,81,12.7,0.00,MPPT Charging,28,28,0,0,8363
2026-08-24T18:43:10Z,0,31.8,0.00,81,12.7,0.00,MPPT Charging,28,28,0,0,8363
2026-08-24T18:43:20Z,0,31.0,0.00,80,12.7,0.00,MPPT Charging,28,28,0,0,8363
2026-08-24T18:43:30Z,0,31.8,0.00,81,12.7,0.00,MPPT Charging,28,28,0,0,8363
2026-08-24T18:43:40Z,0,32.2,0.00,81,12.7,0.00,MPPT Charging,28,28,0,0,8363
2026-08-24T18:43:50Z,0,33.4,0.00,81,12.7,0.00,MPPT Charging,28,28,0,0,8363
2026-08-24T18:44:00Z,0,32.8,0.00,81,12.7,0.00,MPPT Charging,28,28,0,0,8363
2026-08-24T18:44:10Z,0,30.4,0.00,81,12.7,0.00,MPPT Charging,28,28,0,0,8363
2026-08-24T18:44:20Z,0,32.2,0.00,81,12.7,0.00,MPPT Charging,28,28,0,0,8363
2026-08-24T18:44:31Z,0,30.8,0.00,81,12.7,0.00,MPPT Charging,28,28,0,0,8363
2026-08-24T18:44:40Z,0,30.2,0.00,81,12.7,0.00,MPPT Charging,28,28,0,0,8363
2026-08-24T18:44:50Z,0,32.1,0.00,80,12.7,0.00,MPPT Charging,28,28,0,0,8363
2026-08-24T18:45:00Z,0,31.6,0.00,81,12.7,0.00,MPPT Charging,28,28,0,0,8363
2026-08-24T18:45:10Z,0,35.2,0.00,81,12.7,0.00,MPPT Charging,28,28,0,0,8363
2026-08-24T18:45:20Z,0,33.1,0.00,81,12.7,0.00,MPPT Charging,28,28,0,0,8363
2026-08-24T18:45:30Z,0,33.2,0.00,81,12.7,0.00,MPPT Charging,28,28,0,0,8363
2026-08-24T18:45:40Z,0,31.7,0.00,81,12.7,0.00,MPPT Charging,28,28,0,0,8363
2026-08-24T18:45:50Z,0,30.7,0.00,81,12.7,0.00,MPPT Charging,28,28,0,0,8363
2026-08-24T18:46:00Z,0,30.4,0.00,81,12.7,0.00,MPPT Charging,28,28,0,0,8363
2026-08-24T18:46:10Z,0,32.3,0.00,81,12.7,0.00,MPPT Charging,28,28,0,0,8363
2026-08-24T18:46:20Z,0,31.5,0.00,81,12.7,0.00,MPPT Charging,28,28,0,0,8363
2026-08-24T18:46:30Z,0,32.0,0.00,81,12.7,0.00,MPPT Charging,28,28,0,0,8363
2026-08-24T18:46:40Z,0,32.0,0.00,81,12.7,0.00,MPPT Charging,28,28,0,0,8363
2026-08-24T18:46:50Z,0,32.7,0.00,81,12.7,0.00,MPPT Charging,28,28,0,0,8363
2026-08-24T18:47:00Z,0,31.2,0.00,81,12.8,0.00,MPPT Charging,28,28,0,0,8363
2026-08-24T18:47:10Z,0,35.6,0.00,81,12.7,0.00,MPPT Charging,28,28,0,0,8363
2026-08-24T18:47:20Z,0,31.1,0.00,81,12.7,0.00,MPPT Charging,28,28,0,0,8363
2026-08-24T18:47:30Z,0,35.9,0.00,81,12.7,0.00,MPPT Charging,28,28,0,0,8363
2026-08-24T18:47:40Z,0,31.7,0.00,82,12.8,0.00,MPPT Charging,28,28,0,0,8363
2026-08-24T18:47:50Z,0,30.5,0.00,81,12.7,0.00,MPPT Charging,28,28,0,0,8363
2026-08-24T18:48:00Z,0,33.4,0.00,82,12.8,0.00,MPPT Charging,28,28,0,0,8363
2026-08-24T18:48:10Z,0,29.8,0.00,81,12.7,0.00,MPPT Charging,28,28,0,0,8363
2026-08-24T18:48:20Z,0,25.9,0.00,81,12.7,0.00,MPPT Charging,28,28,0,0,8363
2026-08-24T18:48:30Z,0,24.5,0.00,81,12.7,0.00,MPPT Charging,28,28,0,0,8363
2026-08-24T18:48:40Z,0,30.6,0.00,81,12.7,0.00,MPPT Charging,28,28,0,0,8363
2026-08-24T18:48:50Z,0,32.1,0.00,81,12.7,0.00,MPPT Charging,28,28,0,0,8363
2026-08-24T18:49:00Z,0,30.3,0.00,81,12.7,0.00,MPPT Charging,28,28,0,0,8363
2026-08-24T18:49:10Z,0,30.6,0.00,81,12.7,0.00,MPPT Charging,28,28,0,0,8363
2026-08-24T18:49:20Z,0,30.7,0.00,81,12.7,0.00,MPPT Charging,28,28,0,0,8363
2026-08-24T18:49:30Z,0,29.9,0.00,81,12.7,0.00,MPPT Charging,28,28,0,0,8363
2026-08-24T18:49:41Z,0,29.3,0.00,81,12.7,0.00,MPPT Charging,28,28,0,0,8363
2026-08-24T18:49:50Z,0,33.1,0.00,81,12.7,0.00,MPPT Charging,28,28,0,0,8363
2026-08-24T18:50:00Z,0,30.4,0.00,81,12.7,0.00,MPPT Charging,28,28,0,0,8363
2026-08-24T18:50:10Z,0,28.8,0.00,81,12.7,0.00,MPPT Charging,28,28,0,0,8363
2026-08-24T18:50:20Z,0,30.9,0.00,81,12.7,0.00,MPPT Charging,28,28,0,0,8363
2026-08-24T18:50:30Z,0,30.2,0.00,81,12.7,0.00,MPPT Charging,28,28,0,0,8363
2026-08-24T18:50:40Z,0,30.3,0.00,81,12.7,0.00,MPPT Charging,28,28,0,0,8363
2026-08-24T18:50:50Z,0,29.8,0.00,80,12.7,0.00,MPPT Charging,28,28,0,0,8363
2026-08-24T18:51:00Z,0,28.9,0.00,80,12.7,0.00,MPPT Charging,28,28,0,0,8363
2026-08-24T18:51:10Z,0,28.1,0.00,81,12.7,0.00,MPPT Charging,28,28,0,0,8363
2026-08-24T18:51:20Z,0,30.9,0.00,81,12.7,0.00,MPPT Charging,28,28,0,0,8363
2026-08-24T18:51:30Z,0,30.8,0.00,81,12.7,0.00,MPPT Charging,28,28,0,0,8363
2026-08-24T18:51:40Z,0,29.3,0.00,81,12.7,0.00,MPPT Charging,28,28,0,0,8363
2026-08-24T18:51:50Z,0,29.3,0.00,81,12.7,0.00,MPPT Charging,28,28,0,0,8363
2026-08-24T18:52:00Z,0,29.5,0.00,81,12.7,0.00,MPPT Charging,28,28,0,0,8363
2026-08-24T18:52:10Z,0,26.8,0.00,81,12.7,0.00,MPPT Charging,28,28,0,0,8363
2026-08-24T18:52:20Z,0,29.4,0.00,81,12.7,0.00,MPPT Charging,28,28,0,0,8363
2026-08-24T18:52:30Z,0,29.4,0.00,81,12.7,0.00,MPPT Charging,28,28,0,0,8363
2026-08-24T18:52:40Z,0,31.3,0.00,81,12.7,0.00,MPPT Charging,28,28,0,0,8363
2026-08-24T18:52:50Z,0,31.0,0.00,81,12.7,0.00,MPPT Charging,28,28,0,0,8363
2026-08-24T18:53:00Z,0,30.6,0.00,81,12.7,0.00,MPPT Charging,28,28,0,0,8363
2026-08-24T18:53:10Z,0,29.7,0.00,80,12.7,0.00,MPPT Charging,28,28,0,0,8363
2026-08-24T18:53:20Z,0,28.5,0.00,80,12.7,0.00,MPPT Charging,28,28,0,0,8363
2026-08-24T18:53:30Z,0,30.6,0.00,81,12.7,0.00,MPPT Charging,28,28,0,0,8363
2026-08-24T18:53:40Z,0,29.3,0.00,81,12.7,0.00,MPPT Charging,28,28,0,0,8363
2026-08-24T18:53:50Z,0,29.2,0.00,80,12.7,0.00,MPPT Charging,28,28,0,0,8363
2026-08-24T18:54:00Z,0,28.4,0.00,81,12.7,0.00,MPPT Charging,28,28,0,0,8363
2026-08-24T18:54:10Z,0,28.9,0.00,80,12.7,0.00,MPPT Charging,28,28,0,0,8363
2026-08-24T18:54:20Z,0,28.3,0.00,81,12.7,0.00,MPPT Charging,28,28,0,0,8363
2026-08-24T18:54:30Z,0,29.6,0.00,81,12.7,0.00,MPPT Charging,28,28,0,0,8363
2026-08-24T18:54:40Z,0,29.2,0.00,81,12.7,0.00,MPPT Charging,28,28,0,0,8363
2026-08-24T18:54:51Z,0,30.1,0.00,81,12.7,0.00,MPPT Charging,28,28,0,0,8363
2026-08-24T18:55:00Z,0,28.6,0.00,80,12.7,0.00,MPPT Charging,28,28,0,0,8363
2026-08-24T18:55:10Z,0,29.9,0.00,80,12.7,0.00,MPPT Charging,28,28,0,0,8363
2026-08-24T18:55:20Z,0,30.6,0.00,80,12.7,0.00,MPPT Charging,28,28,0,0,8363
2026-08-24T18:55:30Z,0,29.0,0.00,80,12.7,0.00,MPPT Charging,28,28,0,0,8363
2026-08-24T18:55:40Z,0,27.2,0.00,81,12.7,0.00,MPPT Charging,28,28,0,0,8363
2026-08-24T18:55:50Z,0,28.7,0.00,80,12.7,0.00,MPPT Charging,28,28,0,0,8363
2026-08-24T18:56:00Z,0,28.6,0.00,81,12.7,0.00,MPPT Charging,28,28,0,0,8363
2026-08-24T18:56:10Z,0,28.3,0.00,81,12.7,0.00,MPPT Charging,28,28,0,0,8363
2026-08-24T18:56:20Z,0,29.3,0.00,81,12.7,0.00,MPPT Charging,28,28,0,0,8363
2026-08-24T18:56:30Z,0,29.6,0.00,81,12.7,0.00,MPPT Charging,28,28,0,0,8363
2026-08-24T18:56:40Z,0,30.8,0.00,80,12.7,0.00,MPPT Charging,28,28,0,0,8363
2026-08-24T18:56:50Z,0,29.7,0.00,81,12.7,0.00,MPPT Charging,28,28,0,0,8363
2026-08-24T18:57:00Z,0,29.2,0.00,80,12.7,0.00,MPPT Charging,28,28,0,0,8363
2026-08-24T18:57:10Z,0,28.7,0.00,80,12.7,0.00,MPPT Charging,28,28,0,0,8363
2026-08-24T18:57:20Z,0,29.6,0.00,81,12.7,0.00,MPPT Charging,28,28,0,0,8363
2026-08-24T18:57:30Z,0,26.4,0.00,80,12.7,0.00,MPPT Charging,28,28,0,0,8363
2026-08-24T18:57:40Z,0,30.5,0.00,80,12.7,0.00,MPPT Charging,28,28,0,0,8363
2026-08-24T18:57:50Z,0,20.6,0.00,80,12.7,0.00,MPPT Charging,29,28,0,0,8363
2026-08-24T18:58:00Z,0,29.3,0.00,80,12.7,0.00,MPPT Charging,28,28,0,0,8363
2026-08-24T18:58:10Z,0,27.5,0.00,80,12.7,0.00,MPPT Charging,28,28,0,0,8363
2026-08-24T18:58:20Z,0,28.9,0.00,80,12.7,0.00,MPPT Charging,28,28,0,0,8363
2026-08-24T18:58:30Z,0,29.0,0.00,81,12.7,0.00,MPPT Charging,28,28,0,0,8363
2026-08-24T18:58:40Z,0,29.6,0.00,80,12.7,0.00,MPPT Charging,28,28,0,0,8363
2026-08-24T18:58:50Z,0,26.9,0.00,80,12.7,0.00,MPPT Charging,28,28,0,0,8363
2026-08-24T18:59:00Z,0,25.6,0.00,79,12.7,0.00,MPPT Charging,28,28,0,0,8363
2026-08-24T18:59:10Z,0,30.9,0.00,79,12.7,0.00,MPPT Charging,28,28,0,0,8363
2026-08-24T18:59:20Z,0,29.0,0.00,80,12.7,0.00,MPPT Charging,28,28,0,0,8363
2026-08-24T18:59:30Z,0,30.6,0.00,79,12.7,0.00,MPPT Charging,28,28,0,0,8363
2026-08-24T18:59:40Z,0,30.6,0.00,80,12.7,0.00,MPPT Charging,28,29,0,0,8363
2026-08-24T18:59:50Z,0,30.3,0.00,81,12.7,0.00,MPPT Charging,28,28,0,0,8363
2026-08-24T19:00:01Z,0,29.5,0.00,80,12.7,0.00,MPPT Charging,28,28,0,0,8363
2026-08-24T19:00:11Z,0,29.0,0.00,79,12.7,0.00,MPPT Charging,28,28,0,0,8363
2026-08-24T19:00:20Z,0,29.9,0.00,80,12.7,0.00,MPPT Charging,28,28,0,0,8363
2026-08-24T19:00:30Z,0,30.4,0.00,80,12.7,0.00,MPPT Charging,28,28,0,0,8363
2026-08-24T19:00:40Z,0,29.3,0.00,80,12.7,0.00,MPPT Charging,28,28,0,0,8363
2026-08-24T19:00:50Z,0,30.0,0.00,81,12.7,0.00,MPPT Charging,28,28,0,0,8363
2026-08-24T19:01:00Z,0,28.6,0.00,80,12.7,0.00,MPPT Charging,28,28,0,0,8363
2026-08-24T19:01:10Z,0,30.5,0.00,80,12.7,0.00,MPPT Charging,28,28,0,0,8363
2026-08-24T19:01:20Z,0,29.0,0.00,80,12.7,0.00,MPPT Charging,28,28,0,0,8363
2026-08-24T19:01:30Z,0,29.6,0.00,81,12.7,0.00,MPPT Charging,28,28,0,0,8363
2026-08-24T19:01:40Z,0,29.5,0.00,81,12.7,0.00,MPPT Charging,28,28,0,0,8363
2026-08-24T19:01:50Z,0,31.5,0.00,81,12.7,0.00,MPPT Charging,28,28,0,0,8363
2026-08-24T19:02:00Z,0,30.1,0.00,80,12.7,0.00,MPPT Charging,28,28,0,0,8363
2026-08-24T19:02:10Z,0,31.2,0.00,80,12.7,0.00,MPPT Charging,28,28,0,0,8363
2026-08-24T19:02:20Z,0,30.1,0.00,80,12.7,0.00,MPPT Charging,28,28,0,0,8363
2026-08-24T19:02:30Z,0,30.0,0.00,80,12.7,0.00,MPPT Charging,28,28,0,0,8363
2026-08-24T19:02:40Z,0,32.9,0.00,80,12.7,0.00,MPPT Charging,28,28,0,0,8363
2026-08-24T19:02:50Z,0,31.4,0.00,81,12.7,0.00,MPPT Charging,28,28,0,0,8363
2026-08-24T19:03:00Z,0,17.2,0.00,80,12.7,0.00,MPPT Charging,28,28,0,0,8363
2026-08-24T19:03:10Z,0,33.4,0.00,81,12.7,0.00,MPPT Charging,28,28,0,0,8363
2026-08-24T19:03:20Z,0,32.9,0.00,81,12.7,0.00,MPPT Charging,28,28,0,0,8363
2026-08-24T19:03:30Z,0,33.7,0.00,79,12.7,0.00,MPPT Charging,28,28,0,0,8363
2026-08-24T19:03:40Z,0,31.6,0.00,81,12.7,0.00,MPPT Charging,28,28,0,0,8363
2026-08-24T19:03:50Z,0,34.6,0.00,81,12.7,0.00,MPPT Charging,28,28,0,0,8363
2026-08-24T19:04:00Z,0,33.0,0.00,81,12.7,0.00,MPPT Charging,28,28,0,0,8363
2026-08-24T19:04:10Z,0,34.3,0.00,81,12.7,0.00,MPPT Charging,28,28,0,0,8363
2026-08-24T19:04:20Z,0,31.8,0.00,81,12.7,0.00,MPPT Charging,28,28,0,0,8363
2026-08-24T19:04:30Z,0,35.3,0.00,81,12.8,0.00,MPPT Charging,28,28,0,0,8363
2026-08-24T19:04:40Z,0,34.4,0.00,81,12.7,0.00,MPPT Charging,28,28,0,0,8363
2026-08-24T19:04:50Z,0,36.3,0.00,81,12.8,0.00,MPPT Charging,28,28,0,0,8363
2026-08-24T19:05:00Z,0,35.6,0.00,81,12.7,0.00,MPPT Charging,28,28,0,0,8363
2026-08-24T19:05:10Z,0,35.1,0.00,81,12.7,0.00,MPPT Charging,28,28,0,0,8363
2026-08-24T19:05:21Z,0,36.1,0.00,82,12.7,0.00,MPPT Charging,28,28,0,0,8363
2026-08-24T19:05:30Z,0,34.6,0.00,81,12.8,0.00,MPPT Charging,28,28,0,0,8363
2026-08-24T19:05:40Z,0,33.9,0.00,80,12.7,0.00,MPPT Charging,28,28,0,0,8363
2026-08-24T19:05:50Z,0,31.6,0.00,81,12.7,0.00,MPPT Charging,28,28,0,0,8363
2026-08-24T19:06:00Z,0,33.2,0.00,81,12.7,0.00,MPPT Charging,28,28,0,0,8363
2026-08-24T19:06:10Z,0,32.5,0.00,81,12.7,0.00,MPPT Charging,28,28,0,0,8363
2026-08-24T19:06:20Z,0,31.3,0.00,81,12.7,0.00,MPPT Charging,28,28,0,0,8363
2026-08-24T19:06:30Z,0,32.3,0.00,81,12.7,0.00,MPPT Charging,28,28,0,0,8363
2026-08-24T19:06:40Z,0,34.8,0.00,81,12.7,0.00,MPPT Charging,28,28,0,0,8363
2026-08-24T19:06:50Z,0,33.3,0.00,81,12.8,0.00,MPPT Charging,28,28,0,0,8363
2026-08-24T19:07:00Z,0,30.2,0.00,81,12.7,0.00,MPPT Charging,28,28,0,0,8363
2026-08-24T19:07:10Z,0,30.9,0.00,81,12.7,0.00,MPPT Charging,28,28,0,0,8363
2026-08-24T19:07:20Z,0,33.8,0.00,81,12.7,0.00,MPPT Charging,28,28,0,0,8363
2026-08-24T19:07:30Z,0,33.1,0.00,81,12.7,0.00,MPPT Charging,28,28,0,0,8363
2026-08-24T19:07:40Z,0,32.4,0.00,81,12.7,0.00,MPPT Charging,28,28,0,0,8363
2026-08-24T19:07:50Z,0,35.0,0.00,81,12.7,0.00,MPPT Charging,28,28,0,0,8363
2026-08-24T19:08:00Z,0,32.5,0.00,81,12.7,0.00,MPPT Charging,28,28,0,0,8363
2026-08-24T19:08:10Z,0,16.5,0.00,80,12.7,0.00,MPPT Charging,28,28,0,0,8363
2026-08-24T19:08:20Z,0,31.0,0.00,81,12.7,0.00,MPPT Charging,28,28,0,0,8363
2026-08-24T19:08:30Z,0,29.2,0.00,81,12.7,0.00,MPPT Charging,28,28,0,0,8363
2026-08-24T19:08:40Z,0,31.1,0.00,81,12.7,0.00,MPPT Charging,28,28,0,0,8363
2026-08-24T19:08:50Z,0,31.7,0.00,81,12.7,0.00,MPPT Charging,28,28,0,0,8363
2026-08-24T19:09:00Z,0,29.9,0.00,81,12.7,0.00,MPPT Charging,28,28,0,0,8363
2026-08-24T19:09:10Z,0,31.6,0.00,81,12.7,0.00,MPPT Charging,28,28,0,0,8363
2026-08-24T19:09:20Z,0,30.9,0.00,81,12.7,0.00,MPPT Charging,28,28,0,0,8363
2026-08-24T19:09:30Z,0,30.8,0.00,82,12.7,0.00,MPPT Charging,28,28,0,0,8363
2026-08-24T19:09:40Z,0,32.3,0.00,81,12.7,0.00,MPPT Charging,28,28,0,0,8363
2026-08-24T19:09:50Z,0,32.3,0.00,81,12.7,0.00,MPPT Charging,28,28,0,0,8363
2026-08-24T19:10:00Z,0,30.9,0.00,81,12.7,0.00,MPPT Charging,28,28,0,0,8363
2026-08-24T19:10:10Z,0,32.6,0.00,81,12.7,0.00,MPPT Charging,28,28,0,0,8363
2026-08-24T19:10:20Z,0,29.3,0.00,81,12.7,0.00,MPPT Charging,28,28,0,0,8363
2026-08-24T19:10:31Z,0,28.0,0.00,81,12.7,0.00,MPPT Charging,28,28,0,0,8363
2026-08-24T19:10:40Z,0,27.5,0.00,81,12.7,0.00,MPPT Charging,28,28,0,0,8363
2026-08-24T19:10:50Z,0,28.4,0.00,81,12.7,0.00,MPPT Charging,28,28,0,0,8363
2026-08-24T19:11:00Z,0,29.0,0.00,81,12.7,0.00,MPPT Charging,28,28,0,0,8363
2026-08-24T19:11:10Z,0,27.6,0.00,80,12.7,0.00,MPPT Charging,28,28,0,0,8363
2026-08-24T19:11:20Z,0,27.7,0.00,81,12.7,0.00,MPPT Charging,28,28,0,0,8363
2026-08-24T19:11:30Z,0,27.4,0.00,81,12.7,0.00,MPPT Charging,28,28,0,0,8363
2026-08-24T19:11:40Z,0,29.5,0.00,81,12.7,0.00,MPPT Charging,28,28,0,0,8363
2026-08-24T19:11:50Z,0,31.2,0.00,80,12.7,0.00,MPPT Charging,28,28,0,0,8363
2026-08-24T19:12:00Z,0,30.1,0.00,80,12.7,0.00,MPPT Charging,28,28,0,0,8363
2026-08-24T19:12:10Z,0,29.3,0.00,80,12.7,0.00,MPPT Charging,28,28,0,0,8363
2026-08-24T19:12:20Z,0,29.1,0.00,80,12.7,0.00,MPPT Charging,28,28,0,0,8363
2026-08-24T19:12:30Z,0,28.7,0.00,81,12.7,0.00,MPPT Charging,28,28,0,0,8363
2026-08-24T19:12:40Z,0,30.7,0.00,80,12.7,0.00,MPPT Charging,28,28,0,0,8363
2026-08-24T19:12:50Z,0,27.8,0.00,80,12.7,0.00,MPPT Charging,28,28,0,0,8363
2026-08-24T19:13:00Z,0,27.2,0.00,81,12.7,0.00,MPPT Charging,28,28,0,0,8363
2026-08-24T19:13:10Z,0,29.2,0.00,80,12.7,0.00,MPPT Charging,28,28,0,0,8363
2026-08-24T19:13:20Z,0,21.4,0.00,80,12.7,0.00,MPPT Charging,28,28,0,0,8363
2026-08-24T19:13:30Z,0,30.1,0.00,80,12.7,0.00,MPPT Charging,28,28,0,0,8363
2026-08-24T19:13:40Z,0,26.2,0.00,80,12.7,0.00,MPPT Charging,28,28,0,0,8363
2026-08-24T19:13:50Z,0,26.6,0.00,80,12.7,0.00,MPPT Charging,28,28,0,0,8363
2026-08-24T19:14:00Z,0,24.0,0.00,80,12.7,0.00,MPPT Charging,28,28,0,0,8363
2026-08-24T19:14:10Z,0,25.9,0.00,80,12.7,0.00,MPPT Charging,28,28,0,0,8363
2026-08-24T19:14:20Z,0,30.5,0.00,80,12.7,0.00,MPPT Charging,28,28,0,0,8363
2026-08-24T19:14:30Z,0,29.4,0.00,80,12.7,0.00,MPPT Charging,28,28,0,0,8363
2026-08-24T19:14:40Z,0,27.8,0.00,81,12.7,0.00,MPPT Charging,28,28,0,0,8363
2026-08-24T19:14:50Z,0,26.4,0.00,81,12.7,0.00,MPPT Charging,28,28,0,0,8363
2026-08-24T19:15:00Z,0,24.2,0.00,80,12.7,0.00,MPPT Charging,28,28,0,0,8363
2026-08-24T19:15:10Z,0,23.8,0.00,80,12.7,0.00,MPPT Charging,28,28,0,0,8363
2026-08-24T19:15:20Z,0,27.1,0.00,80,12.7,0.00,MPPT Charging,28,28,0,0,8363
2026-08-24T19:15:30Z,0,28.8,0.00,80,12.7,0.00,MPPT Charging,28,28,0,0,8363
2026-08-24T19:15:41Z,0,28.6,0.00,80,12.7,0.00,MPPT Charging,28,28,0,0,8363
2026-08-24T19:15:50Z,0,29.5,0.00,80,12.7,0.00,MPPT Charging,28,28,0,0,8363
2026-08-24T19:16:00Z,0,30.0,0.00,80,12.7,0.00,MPPT Charging,28,28,0,0,8363
2026-08-24T19:16:10Z,0,29.0,0.00,80,12.7,0.00,MPPT Charging,28,28,0,0,8363
2026-08-24T19:16:20Z,0,29.3,0.00,80,12.7,0.00,MPPT Charging,28,28,0,0,8363
2026-08-24T19:16:30Z,0,27.8,0.00,81,12.7,0.00,MPPT Charging,28,28,0,0,8363
2026-08-24T19:16:40Z,0,26.2,0.00,80,12.7,0.00,MPPT Charging,28,28,0,0,8363
2026-08-24T19:16:50Z,0,25.7,0.00,80,12.7,0.00,MPPT Charging,28,28,0,0,8363
2026-08-24T19:17:00Z,0,29.5,0.00,79,12.7,0.00,MPPT Charging,28,28,0,0,8363
2026-08-24T19:17:10Z,0,29.2,0.00,80,12.7,0.00,MPPT Charging,28,28,0,0,8363
2026-08-24T19:17:20Z,0,25.8,0.00,80,12.7,0.00,MPPT Charging,28,28,0,0,8363
2026-08-24T19:17:30Z,0,25.0,0.00,80,12.7,0.00,MPPT Charging,28,28,0,0,8363
2026-08-24T19:17:40Z,0,24.7,0.00,80,12.7,0.00,MPPT Charging,28,28,0,0,8363
2026-08-24T19:17:50Z,0,22.8,0.00,80,12.7,0.00,MPPT Charging,28,28,0,0,8363
2026-08-24T19:18:00Z,0,25.0,0.00,80,12.7,0.00,MPPT Charging,28,28,0,0,8363
2026-08-24T19:18:10Z,0,25.1,0.00,78,12.7,0.00,MPPT Charging,28,28,0,0,8363
2026-08-24T19:18:20Z,0,23.9,0.00,80,12.7,0.00,MPPT Charging,28,28,0,0,8363
2026-08-24T19:18:30Z,0,20.3,0.00,79,12.7,0.00,MPPT Charging,28,28,0,0,8363
2026-08-24T19:18:40Z,0,26.2,0.00,79,12.7,0.00,MPPT Charging,28,28,0,0,8363
2026-08-24T19:18:50Z,0,28.0,0.00,79,12.7,0.00,MPPT Charging,28,28,0,0,8363
2026-08-24T19:19:00Z,0,28.5,0.00,80,12.7,0.00,MPPT Charging,28,28,0,0,8363
2026-08-24T19:19:10Z,0,26.5,0.00,80,12.7,0.00,MPPT Charging,28,28,0,0,8363
2026-08-24T19:19:20Z,0,26.2,0.00,79,12.7,0.00,MPPT Charging,28,28,0,0,8363
2026-08-24T19:19:30Z,0,26.4,0.00,79,12.7,0.00,MPPT Charging,28,28,0,0,8363
2026-08-24T19:19:40Z,0,25.2,0.00,80,12.7,0.00,MPPT Charging,28,28,0,0,8363
2026-08-24T19:19:50Z,0,29.2,0.00,79,12.7,0.00,MPPT Charging,28,28,0,0,8363
2026-08-24T19:20:00Z,0,28.4,0.00,80,12.7,0.00,MPPT Charging,28,28,0,0,8363
2026-08-24T19:20:10Z,0,25.5,0.00,80,12.7,0.00,MPPT Charging,28,28,0,0,8363
2026-08-24T19:20:20Z,0,29.4,0.00,79,12.7,0.00,MPPT Charging,28,28,0,0,8363
2026-08-24T19:20:30Z,0,25.9,0.00,80,12.7,0.00,MPPT Charging,28,28,0,0,8363
2026-08-24T19:20:40Z,0,29.6,0.00,81,12.7,0.00,MPPT Charging,28,28,0,0,8363
2026-08-24T19:20:51Z,0,28.7,0.00,79,12.7,0.00,MPPT Charging,28,28,0,0,8363
2026-08-24T19:21:00Z,0,29.2,0.00,80,12.7,0.00,MPPT Charging,28,28,0,0,8363
2026-08-24T19:21:10Z,0,27.8,0.00,80,12.7,0.00,MPPT Charging,28,28,0,0,8363
2026-08-24T19:21:20Z,0,27.1,0.00,79,12.7,0.00,MPPT Charging,28,28,0,0,8363
2026-08-24T19:21:30Z,0,29.7,0.00,80,12.7,0.00,MPPT Charging,28,28,0,0,8363
2026-08-24T19:21:40Z,0,28.1,0.00,79,12.7,0.00,MPPT Charging,28,28,0,0,8363
2026-08-24T19:21:50Z,0,28.3,0.00,80,12.7,0.00,MPPT Charging,28,28,0,0,8363
2026-08-24T19:22:00Z,0,26.5,0.00,79,12.7,0.00,MPPT Charging,28,28,0,0,8363
2026-08-24T19:22:10Z,0,25.6,0.00,80,12.7,0.00,MPPT Charging,28,28,0,0,8363
2026-08-24T19:22:20Z,0,26.6,0.00,80,12.7,0.00,MPPT Charging,28,28,0,0,8363
2026-08-24T19:22:30Z,0,27.5,0.00,80,12.7,0.00,MPPT Charging,28,28,0,0,8363
2026-08-24T19:22:40Z,0,28.7,0.00,80,12.7,0.00,MPPT Charging,28,28,0,0,8363
2026-08-24T19:22:50Z,0,29.1,0.00,80,12.7,0.00,MPPT Charging,28,28,0,0,8363
2026-08-24T19:23:00Z,0,30.0,0.00,80,12.7,0.00,MPPT Charging,28,28,0,0,8363
2026-08-24T19:23:10Z,0,31.5,0.00,80,12.7,0.00,MPPT Charging,28,28,0,0,8363
2026-08-24T19:23:20Z,0,29.2,0.00,80,12.7,0.00,MPPT Charging,28,28,0,0,8363
2026-08-24T19:23:30Z,0,29.7,0.00,79,12.7,0.00,MPPT Charging,28,28,0,0,8363
2026-08-24T19:23:40Z,0,33.4,0.00,81,12.7,0.00,MPPT Charging,28,28,0,0,8363
2026-08-24T19:23:50Z,0,30.3,0.00,80,12.7,0.00,MPPT Charging,28,28,0,0,8363
2026-08-24T19:24:00Z,0,28.3,0.00,79,12.7,0.00,MPPT Charging,28,28,0,0,8363
2026-08-24T19:24:10Z,0,28.1,0.00,78,12.7,0.00,MPPT Charging,28,28,0,0,8363
2026-08-24T19:24:20Z,0,34.6,0.00,81,12.7,0.00,MPPT Charging,28,28,0,0,8363
2026-08-24T19:24:30Z,0,32.2,0.00,80,12.7,0.00,MPPT Charging,28,28,0,0,8363
2026-08-24T19:24:40Z,0,28.2,0.00,80,12.7,0.00,MPPT Charging,28,28,0,0,8363
2026-08-24T19:24:50Z,0,30.9,0.00,80,12.7,0.00,MPPT Charging,28,28,0,0,8363
2026-08-24T19:25:00Z,0,29.8,0.00,80,12.7,0.00,MPPT Charging,28,28,0,0,8363
2026-08-24T19:25:10Z,0,28.8,0.00,80,12.7,0.00,MPPT Charging,28,28,0,0,8363
2026-08-24T19:25:20Z,0,27.0,0.00,80,12.7,0.00,MPPT Charging,28,28,0,0,8363
2026-08-24T19:25:30Z,0,23.4,0.00,81,12.7,0.00,MPPT Charging,28,28,0,0,8363
2026-08-24T19:25:40Z,0,26.5,0.00,80,12.7,0.00,MPPT Charging,28,28,0,0,8363
2026-08-24T19:25:50Z,0,26.0,0.00,80,12.7,0.00,MPPT Charging,28,28,0,0,8363
2026-08-24T19:26:01Z,0,27.4,0.00,80,12.7,0.00,MPPT Charging,28,28,0,0,8363
2026-08-24T19:26:10Z,0,28.2,0.00,80,12.7,0.00,MPPT Charging,28,28,0,0,8363
2026-08-24T19:26:20Z,0,27.4,0.00,80,12.7,0.00,MPPT Charging,28,28,0,0,8363
2026-08-24T19:26:30Z,0,26.1,0.00,79,12.7,0.00,MPPT Charging,28,28,0,0,8363
2026-08-24T19:26:40Z,0,23.8,0.00,79,12.7,0.00,MPPT Charging,28,28,0,0,8363
2026-08-24T19:26:50Z,0,26.2,0.00,79,12.7,0.00,MPPT Charging,28,28,0,0,8363
2026-08-24T19:27:00Z,0,28.3,0.00,80,12.7,0.00,MPPT Charging,28,28,0,0,8363
2026-08-24T19:27:10Z,0,28.0,0.00,80,12.7,0.00,MPPT Charging,28,28,0,0,8363
2026-08-24T19:27:20Z,0,28.0,0.00,80,12.7,0.00,MPPT Charging,28,28,0,0,8363
2026-08-24T19:27:30Z,0,30.8,0.00,80,12.7,0.00,MPPT Charging,28,29,0,0,8363
2026-08-24T19:27:40Z,0,30.0,0.00,80,12.7,0.00,MPPT Charging,28,28,0,0,8363
2026-08-24T19:27:50Z,0,29.5,0.00,79,12.7,0.00,MPPT Charging,28,28,0,0,8363
2026-08-24T19:28:00Z,0,29.3,0.00,78,12.7,0.00,MPPT Charging,28,28,0,0,8363
2026-08-24T19:28:10Z,0,27.8,0.00,80,12.7,0.00,MPPT Charging,28,28,0,0,8363
2026-08-24T19:28:20Z,0,27.0,0.00,79,12.7,0.00,MPPT Charging,28,28,0,0,8363
2026-08-24T19:28:30Z,0,27.6,0.00,79,12.7,0.00,MPPT Charging,28,28,0,0,8363
2026-08-24T19:28:40Z,0,29.0,0.00,80,12.7,0.00,MPPT Charging,28,28,0,0,8363
2026-08-24T19:28:50Z,0,27.9,0.00,80,12.7,0.00,MPPT Charging,28,28,0,0,8363
2026-08-24T19:29:00Z,0,27.2,0.00,80,12.7,0.00,MPPT Charging,28,28,0,0,8363
2026-08-24T19:29:10Z,0,27.0,0.00,80,12.7,0.00,MPPT Charging,28,28,0,0,8363
2026-08-24T19:29:20Z,0,26.3,0.00,79,12.7,0.00,MPPT Charging,28,28,0,0,8363
2026-08-24T19:29:30Z,0,28.3,0.00,80,12.7,0.00,MPPT Charging,28,28,0,0,8363
2026-08-24T19:29:40Z,0,28.3,0.00,79,12.7,0.00,MPPT Charging,28,28,0,0,8363
2026-08-24T19:29:50Z,0,28.2,0.00,80,12.7,0.00,MPPT Charging,28,28,0,0,8363
2026-08-24T19:30:00Z,0,27.3,0.00,80,12.7,0.00,MPPT Charging,28,28,0,0,8363
2026-08-24T19:30:10Z,0,27.5,0.00,80,12.7,0.00,MPPT Charging,28,28,0,0,8363
2026-08-24T19:30:20Z,0,28.1,0.00,80,12.7,0.00,MPPT Charging,28,28,0,0,8363
2026-08-24T19:30:30Z,0,27.7,0.00,79,12.7,0.00,MPPT Charging,28,28,0,0,8363
2026-08-24T19:30:40Z,0,28.5,0.00,80,12.7,0.00,MPPT Charging,28,28,0,0,8363
2026-08-24T19:30:50Z,0,28.0,0.00,80,12.7,0.00,MPPT Charging,28,28,0,0,8363
2026-08-24T19:31:00Z,0,27.1,0.00,79,12.7,0.00,MPPT Charging,28,28,0,0,8363
2026-08-24T19:31:11Z,0,29.0,0.00,80,12.7,0.00,MPPT Charging,28,28,0,0,8363
2026-08-24T19:31:20Z,0,27.7,0.00,80,12.7,0.00,MPPT Charging,28,28,0,0,8363
2026-08-24T19:31:30Z,0,26.8,0.00,79,12.7,0.00,MPPT Charging,28,28,0,0,8363
2026-08-24T19:31:40Z,0,26.1,0.00,80,12.7,0.00,MPPT Charging,28,28,0,0,8363
2026-08-24T19:31:50Z,0,28.2,0.00,79,12.7,0.00,MPPT Charging,28,28,0,0,8363
2026-08-24T19:32:00Z,0,28.8,0.00,82,12.7,0.00,MPPT Charging,28,28,0,0,8363
2026-08-24T19:32:10Z,0,29.0,0.00,80,12.7,0.00,MPPT Charging,28,28,0,0,8363
2026-08-24T19:32:20Z,0,29.0,0.00,80,12.7,0.00,MPPT Charging,28,28,0,0,8363
2026-08-24T19:32:30Z,0,29.4,0.00,79,12.7,0.00,MPPT Charging,28,28,0,0,8363
2026-08-24T19:32:40Z,0,29.7,0.00,79,12.7,0.00,MPPT Charging,28,28,0,0,8363
2026-08-24T19:32:50Z,0,30.4,0.00,80,12.7,0.00,MPPT Charging,28,28,0,0,8363
2026-08-24T19:33:00Z,0,29.0,0.00,79,12.7,0.00,MPPT Charging,28,28,0,0,8363
2026-08-24T19:33:10Z,0,32.1,0.00,80,12.7,0.00,MPPT Charging,28,28,0,0,8363
2026-08-24T19:33:20Z,0,31.6,0.00,80,12.7,0.00,MPPT Charging,28,28,0,0,8363
2026-08-24T19:33:30Z,0,28.9,0.00,78,12.7,0.00,MPPT Charging,28,28,0,0,8363
2026-08-24T19:33:40Z,0,30.7,0.00,80,12.7,0.00,MPPT Charging,28,28,0,0,8363
2026-08-24T19:33:50Z,0,23.7,0.00,79,12.7,0.00,MPPT Charging,28,28,0,0,8363
2026-08-24T19:34:00Z,0,28.3,0.00,80,12.7,0.00,MPPT Charging,28,28,0,0,8363
2026-08-24T19:34:10Z,0,30.5,0.00,80,12.7,0.00,MPPT Charging,28,28,0,0,8363
2026-08-24T19:34:20Z,0,28.9,0.00,79,12.7,0.00,MPPT Charging,28,28,0,0,8363
2026-08-24T19:34:30Z,0,31.4,0.00,80,12.7,0.00,MPPT Charging,28,28,0,0,8363
2026-08-24T19:34:40Z,0,31.6,0.00,80,12.7,0.00,MPPT Charging,28,28,0,0,8363
2026-08-24T19:34:50Z,0,29.4,0.00,80,12.7,0.00,MPPT Charging,28,28,0,0,8363
2026-08-24T19:35:00Z,0,30.0,0.00,80,12.7,0.00,MPPT Charging,28,28,0,0,8363
2026-08-24T19:35:10Z,0,27.9,0.00,80,12.7,0.00,MPPT Charging,28,28,0,0,8363
2026-08-24T19:35:20Z,0,29.8,0.00,80,12.7,0.00,MPPT Charging,28,28,0,0,8363
2026-08-24T19:35:30Z,0,27.8,0.00,80,12.7,0.00,MPPT Charging,28,28,0,0,8363
2026-08-24T19:35:40Z,0,32.2,0.00,80,12.7,0.00,MPPT Charging,28,28,0,0,8363
2026-08-24T19:35:50Z,0,30.6,0.00,80,12.7,0.00,MPPT Charging,28,28,0,0,8363
2026-08-24T19:36:00Z,0,26.7,0.00,79,12.7,0.00,MPPT Charging,28,28,0,0,8363
2026-08-24T19:36:10Z,0,27.5,0.00,80,12.7,0.00,MPPT Charging,28,28,0,0,8363
2026-08-24T19:36:21Z,0,30.2,0.00,80,12.7,0.00,MPPT Charging,28,28,0,0,8363
2026-08-24T19:36:30Z,0,29.5,0.00,80,12.7,0.00,MPPT Charging,28,28,0,0,8363
2026-08-24T19:36:40Z,0,31.3,0.00,79,12.7,0.00,MPPT Charging,28,28,0,0,8363
2026-08-24T19:36:50Z,0,29.0,0.00,79,12.7,0.00,MPPT Charging,28,28,0,0,8363
2026-08-24T19:37:00Z,0,28.5,0.00,80,12.7,0.00,MPPT Charging,28,29,0,0,8363
2026-08-24T19:37:10Z,0,30.8,0.00,80,12.7,0.00,MPPT Charging,28,28,0,0,8363
2026-08-24T19:37:20Z,0,30.2,0.00,80,12.7,0.00,MPPT Charging,28,28,0,0,8363
2026-08-24T19:37:30Z,0,31.0,0.00,80,12.7,0.00,MPPT Charging,28,28,0,0,8363
2026-08-24T19:37:40Z,0,31.5,0.00,80,12.7,0.00,MPPT Charging,28,28,0,0,8363
2026-08-24T19:37:50Z,0,29.9,0.00,79,12.7,0.00,MPPT Charging,28,29,0,0,8363
2026-08-24T19:38:00Z,0,32.6,0.00,80,12.7,0.00,MPPT Charging,28,28,0,0,8363
2026-08-24T19:38:10Z,0,32.5,0.00,80,12.7,0.00,MPPT Charging,28,28,0,0,8363
2026-08-24T19:38:20Z,0,32.6,0.00,81,12.7,0.00,MPPT Charging,28,28,0,0,8363
2026-08-24T19:38:30Z,0,31.7,0.00,80,12.7,0.00,MPPT Charging,28,28,0,0,8363
2026-08-24T19:38:40Z,0,32.8,0.00,79,12.7,0.00,MPPT Charging,28,28,0,0,8363
2026-08-24T19:38:50Z,0,29.7,0.00,80,12.7,0.00,MPPT Charging,28,28,0,0,8363
2026-08-24T19:39:00Z,0,16.1,0.00,79,12.7,0.00,MPPT Charging,28,28,0,0,8363
2026-08-24T19:39:10Z,0,29.1,0.00,79,12.7,0.00,MPPT Charging,28,28,0,0,8363
2026-08-24T19:39:20Z,0,31.5,0.00,80,12.7,0.00,MPPT Charging,28,29,0,0,8363
2026-08-24T19:39:30Z,0,33.0,0.00,80,12.7,0.00,MPPT Charging,28,28,0,0,8363
2026-08-24T19:39:40Z,0,29.8,0.00,80,12.7,0.00,MPPT Charging,28,28,0,0,8363
2026-08-24T19:39:50Z,0,32.3,0.00,80,12.7,0.00,MPPT Charging,28,28,0,0,8363
2026-08-24T19:40:00Z,0,32.1,0.00,80,12.7,0.00,MPPT Charging,28,28,0,0,8363
2026-08-24T19:40:10Z,0,32.7,0.00,80,12.7,0.00,MPPT Charging,28,28,0,0,8363
2026-08-24T19:40:20Z,0,30.6,0.00,80,12.7,0.00,MPPT Charging,28,28,0,0,8363
2026-08-24T19:40:30Z,0,31.8,0.00,80,12.7,0.00,MPPT Charging,28,28,0,0,8363
2026-08-24T19:40:40Z,0,29.6,0.00,81,12.7,0.00,MPPT Charging,28,28,0,0,8363
2026-08-24T19:40:50Z,0,33.1,0.00,81,12.7,0.00,MPPT Charging,28,28,0,0,8363
2026-08-24T19:41:00Z,0,31.7,0.00,80,12.7,0.00,MPPT Charging,28,28,0,0,8363
2026-08-24T19:41:10Z,0,31.7,0.00,81,12.7,0.00,MPPT Charging,28,28,0,0,8363
2026-08-24T19:41:20Z,0,29.8,0.00,81,12.7,0.00,MPPT Charging,28,28,0,0,8363
2026-08-24T19:41:31Z,0,31.5,0.00,80,12.7,0.00,MPPT Charging,28,28,0,0,8363
2026-08-24T19:41:40Z,0,32.5,0.00,80,12.7,0.00,MPPT Charging,28,28,0,0,8363
2026-08-24T19:41:50Z,0,32.2,0.00,80,12.7,0.00,MPPT Charging,28,29,0,0,8363
2026-08-24T19:42:00Z,0,31.1,0.00,80,12.7,0.00,MPPT Charging,28,28,0,0,8363
2026-08-24T19:42:10Z,0,30.6,0.00,80,12.7,0.00,MPPT Charging,28,28,0,0,8363
2026-08-24T19:42:20Z,0,31.8,0.00,80,12.7,0.00,MPPT Charging,28,28,0,0,8363
2026-08-24T19:42:30Z,0,31.4,0.00,79,12.7,0.00,MPPT Charging,28,28,0,0,8363
2026-08-24T19:42:40Z,0,31.1,0.00,81,12.7,0.00,MPPT Charging,28,28,0,0,8363
2026-08-24T19:42:50Z,0,30.6,0.00,80,12.7,0.00,MPPT Charging,28,28,0,0,8363
2026-08-24T19:43:00Z,0,29.7,0.00,80,12.7,0.00,MPPT Charging,28,28,0,0,8363
2026-08-24T19:43:10Z,0,29.6,0.00,80,12.7,0.00,MPPT Charging,28,28,0,0,8363
2026-08-24T19:43:20Z,0,28.1,0.00,79,12.7,0.00,MPPT Charging,28,28,0,0,8363
2026-08-24T19:43:30Z,0,30.5,0.00,80,12.7,0.00,MPPT Charging,28,28,0,0,8363
2026-08-24T19:43:40Z,0,28.2,0.00,80,12.7,0.00,MPPT Charging,28,28,0,0,8363
2026-08-24T19:43:50Z,0,28.9,0.00,77,12.7,0.00,MPPT Charging,28,28,0,0,8363
2026-08-24T19:44:00Z,0,29.2,0.00,79,12.7,0.00,MPPT Charging,28,28,0,0,8363
2026-08-24T19:44:10Z,0,14.0,0.00,79,12.7,0.00,MPPT Charging,28,28,0,0,8363
2026-08-24T19:44:20Z,0,22.3,0.00,80,12.7,0.00,MPPT Charging,28,28,0,0,8363
2026-08-24T19:44:30Z,0,26.5,0.00,80,12.7,0.00,MPPT Charging,28,28,0,0,8363
2026-08-24T19:44:40Z,0,24.9,0.00,79,12.7,0.00,MPPT Charging,28,28,0,0,8363
2026-08-24T19:44:50Z,0,21.4,0.00,79,12.7,0.00,MPPT Charging,28,28,0,0,8363
2026-08-24T19:45:00Z,0,22.9,0.00,79,12.7,0.00,MPPT Charging,28,28,0,0,8363
2026-08-24T19:45:10Z,0,27.9,0.00,79,12.7,0.00,MPPT Charging,28,29,0,0,8363
2026-08-24T19:45:20Z,0,27.0,0.00,79,12.7,0.00,MPPT Charging,28,28,0,0,8363
2026-08-24T19:45:30Z,0,28.9,0.00,80,12.7,0.00,MPPT Charging,28,28,0,0,8363
2026-08-24T19:45:40Z,0,28.0,0.00,79,12.7,0.00,MPPT Charging,28,28,0,0,8363
2026-08-24T19:45:50Z,0,27.6,0.00,80,12.7,0.00,MPPT Charging,28,28,0,0,8363
2026-08-24T19:46:00Z,0,30.0,0.00,79,12.7,0.00,MPPT Charging,28,28,0,0,8363
2026-08-24T19:46:10Z,0,30.4,0.00,81,12.7,0.00,MPPT Charging,28,28,0,0,8363
2026-08-24T19:46:20Z,0,28.8,0.00,78,12.7,0.00,MPPT Charging,28,28,0,0,8363
2026-08-24T19:46:30Z,0,27.6,0.00,80,12.7,0.00,MPPT Charging,28,28,0,0,8363
2026-08-24T19:46:41Z,0,29.8,0.00,79,12.7,0.00,MPPT Charging,28,29,0,0,8363
2026-08-24T19:46:50Z,0,28.8,0.00,80,12.7,0.00,MPPT Charging,28,28,0,0,8363
2026-08-24T19:47:00Z,0,27.5,0.00,79,12.7,0.00,MPPT Charging,28,28,0,0,8363
2026-08-24T19:47:10Z,0,27.8,0.00,79,12.7,0.00,MPPT Charging,28,28,0,0,8363
2026-08-24T19:47:20Z,0,29.6,0.00,80,12.7,0.00,MPPT Charging,28,28,0,0,8363
2026-08-24T19:47:30Z,0,27.6,0.00,79,12.7,0.00,MPPT Charging,28,28,0,0,8363
2026-08-24T19:47:40Z,0,27.2,0.00,79,12.7,0.00,MPPT Charging,28,28,0,0,8363
2026-08-24T19:47:50Z,0,29.9,0.00,79,12.7,0.00,MPPT Charging,28,28,0,0,8363
2026-08-24T19:48:00Z,0,29.1,0.00,79,12.7,0.00,MPPT Charging,28,28,0,0,8363
2026-08-24T19:48:10Z,0,28.2,0.00,79,12.7,0.00,MPPT Charging,28,28,0,0,8363
2026-08-24T19:48:20Z,0,28.2,0.00,79,12.7,0.00,MPPT Charging,28,28,0,0,8363
2026-08-24T19:48:30Z,0,27.4,0.00,80,12.7,0.00,MPPT Charging,28,29,0,0,8363
2026-08-24T19:48:40Z,0,28.7,0.00,80,12.7,0.00,MPPT Charging,28,28,0,0,8363
2026-08-24T19:48:50Z,0,28.2,0.00,79,12.7,0.00,MPPT Charging,28,28,0,0,8363
2026-08-24T19:49:00Z,0,27.7,0.00,79,12.7,0.00,MPPT Charging,28,28,0,0,8363
2026-08-24T19:49:10Z,0,27.6,0.00,80,12.7,0.00,MPPT Charging,28,28,0,0,8363
2026-08-24T19:49:20Z,0,19.0,0.00,79,12.7,0.00,MPPT Charging,28,28,0,0,8363
2026-08-24T19:49:30Z,0,29.0,0.00,80,12.7,0.00,MPPT Charging,28,28,0,0,8363
2026-08-24T19:49:40Z,0,28.4,0.00,78,12.7,0.00,MPPT Charging,28,29,0,0,8363
2026-08-24T19:49:50Z,0,28.6,0.00,78,12.7,0.00,MPPT Charging,28,29,0,0,8363
2026-08-24T19:50:00Z,0,29.7,0.00,79,12.7,0.00,MPPT Charging,28,28,0,0,8363
2026-08-24T19:50:10Z,0,29.7,0.00,80,12.7,0.00,MPPT Charging,28,28,0,0,8363
2026-08-24T19:50:20Z,0,30.2,0.00,80,12.7,0.00,MPPT Charging,28,28,0,0,8363
2026-08-24T19:50:30Z,0,30.7,0.00,80,12.7,0.00,MPPT Charging,28,28,0,0,8363
2026-08-24T19:50:40Z,0,30.1,0.00,79,12.7,0.00,MPPT Charging,28,28,0,0,8363
2026-08-24T19:50:50Z,0,28.8,0.00,79,12.7,0.00,MPPT Charging,28,28,0,0,8363
2026-08-24T19:51:00Z,0,30.7,0.00,79,12.7,0.00,MPPT Charging,28,28,0,0,8363
2026-08-24T19:51:10Z,0,30.8,0.00,80,12.7,0.00,MPPT Charging,28,28,0,0,8363
2026-08-24T19:51:20Z,0,30.7,0.00,79,12.7,0.00,MPPT Charging,28,29,0,0,8363
2026-08-24T19:51:30Z,0,30.8,0.00,79,12.7,0.00,MPPT Charging,28,28,0,0,8363
2026-08-24T19:51:40Z,0,30.8,0.00,79,12.7,0.00,MPPT Charging,28,28,0,0,8363
2026-08-24T19:51:51Z,0,30.0,0.00,79,12.7,0.00,MPPT Charging,28,29,0,0,8363
2026-08-24T19:52:00Z,0,29.2,0.00,79,12.7,0.00,MPPT Charging,28,28,0,0,8363
2026-08-24T19:52:10Z,0,29.9,0.00,80,12.7,0.00,MPPT Charging,28,28,0,0,8363
2026-08-24T19:52:20Z,0,28.8,0.00,79,12.7,0.00,MPPT Charging,28,28,0,0,8363
2026-08-24T19:52:30Z,0,28.6,0.00,79,12.7,0.00,MPPT Charging,28,28,0,0,8363
2026-08-24T19:52:40Z,0,30.4,0.00,79,12.7,0.00,MPPT Charging,28,28,0,0,8363
2026-08-24T19:52:50Z,0,31.7,0.00,79,12.7,0.00,MPPT Charging,28,28,0,0,8363
2026-08-24T19:53:00Z,0,31.3,0.00,80,12.7,0.00,MPPT Charging,28,28,0,0,8363
2026-08-24T19:53:10Z,0,28.2,0.00,79,12.7,0.00,MPPT Charging,28,28,0,0,8363
2026-08-24T19:53:20Z,0,29.2,0.00,80,12.7,0.00,MPPT Charging,28,28,0,0,8363
2026-08-24T19:53:30Z,0,28.7,0.00,79,12.7,0.00,MPPT Charging,28,28,0,0,8363
2026-08-24T19:53:40Z,0,28.6,0.00,79,12.7,0.00,MPPT Charging,28,28,0,0,8363
2026-08-24T19:53:50Z,0,29.0,0.00,79,12.7,0.00,MPPT Charging,28,28,0,0,8363
2026-08-24T19:54:00Z,0,30.4,0.00,79,12.7,0.00,MPPT Charging,28,29,0,0,8363
2026-08-24T19:54:10Z,0,30.7,0.00,79,12.7,0.00,MPPT Charging,28,29,0,0,8363
2026-08-24T19:54:20Z,0,29.8,0.00,79,12.7,0.00,MPPT Charging,28,28,0,0,8363
2026-08-24T19:54:30Z,0,27.0,0.00,79,12.7,0.00,MPPT Charging,28,28,0,0,8363
2026-08-24T19:54:40Z,0,29.7,0.00,80,12.7,0.00,MPPT Charging,29,29,0,0,8363
2026-08-24T19:54:50Z,0,28.6,0.00,79,12.7,0.00,MPPT Charging,28,28,0,0,8363
2026-08-24T19:55:00Z,0,29.1,0.00,79,12.7,0.00,MPPT Charging,28,28,0,0,8363
2026-08-24T19:55:10Z,0,27.8,0.00,80,12.7,0.00,MPPT Charging,28,29,0,0,8363
2026-08-24T19:55:20Z,0,30.9,0.00,78,12.7,0.00,MPPT Charging,28,28,0,0,8363
2026-08-24T19:55:30Z,0,31.5,0.00,80,12.7,0.00,MPPT Charging,28,28,0,0,8363
2026-08-24T19:55:40Z,0,27.9,0.00,80,12.7,0.00,MPPT Charging,28,29,0,0,8363
2026-08-24T19:55:50Z,0,30.1,0.00,79,12.7,0.00,MPPT Charging,28,28,0,0,8363
2026-08-24T19:56:00Z,0,27.2,0.00,78,12.7,0.00,MPPT Charging,28,28,0,0,8363
2026-08-24T19:56:10Z,0,29.0,0.00,79,12.7,0.00,MPPT Charging,28,28,0,0,8363
2026-08-24T19:56:20Z,0,27.7,0.00,79,12.7,0.00,MPPT Charging,28,28,0,0,8363
2026-08-24T19:56:30Z,0,27.9,0.00,79,12.7,0.00,MPPT Charging,28,28,0,0,8363
2026-08-24T19:56:40Z,0,26.0,0.00,79,12.7,0.00,MPPT Charging,28,28,0,0,8363
2026-08-24T19:57:01Z,0,29.7,0.00,80,12.7,0.00,MPPT Charging,28,28,0,0,8363
2026-08-24T19:57:10Z,0,28.9,0.00,79,12.7,0.00,MPPT Charging,28,29,0,0,8363
2026-08-24T19:57:20Z,0,29.0,0.00,80,12.7,0.00,MPPT Charging,28,28,0,0,8363
2026-08-24T19:57:30Z,0,29.6,0.00,80,12.7,0.00,MPPT Charging,28,29,0,0,8363
2026-08-24T19:57:40Z,0,30.0,0.00,79,12.7,0.00,MPPT Charging,28,28,0,0,8363
2026-08-24T19:57:50Z,0,28.6,0.00,79,12.7,0.00,MPPT Charging,28,28,0,0,8363
2026-08-24T19:58:00Z,0,27.6,0.00,79,12.7,0.00,MPPT Charging,28,29,0,0,8363
2026-08-24T19:58:10Z,0,28.0,0.00,80,12.7,0.00,MPPT Charging,28,28,0,0,8363
2026-08-24T19:58:34Z,0,28.6,0.00,79,12.7,0.00,MPPT Charging,28,28,0,0,8363
2026-08-24T19:58:44Z,0,28.4,0.00,79,12.7,0.00,MPPT Charging,28,28,0,0,8363
2026-08-24T19:58:54Z,0,31.9,0.00,79,12.7,0.00,MPPT Charging,28,28,0,0,8363
2026-08-24T19:59:04Z,0,30.5,0.00,79,12.7,0.00,MPPT Charging,28,28,0,0,8363
2026-08-24T19:59:14Z,0,27.4,0.00,80,12.7,0.00,MPPT Charging,28,28,0,0,8363
2026-08-24T19:59:24Z,0,30.0,0.00,80,12.7,0.00,MPPT Charging,28,29,0,0,8363
2026-08-24T19:59:34Z,0,17.8,0.00,79,12.7,0.00,MPPT Charging,28,28,0,0,8363
2026-08-24T19:59:44Z,0,30.1,0.00,79,12.7,0.00,MPPT Charging,28,28,0,0,8363
2026-08-24T19:59:54Z,0,29.8,0.00,80,12.7,0.00,MPPT Charging,28,28,0,0,8363
2026-08-24T20:00:04Z,0,28.6,0.00,79,12.7,0.00,MPPT Charging,28,28,0,0,8363
2026-08-24T20:00:14Z,0,27.6,0.00,81,12.7,0.00,MPPT Charging,28,28,0,0,8363
2026-08-24T20:00:24Z,0,29.6,0.00,79,12.7,0.00,MPPT Charging,28,28,0,0,8363
2026-08-24T20:00:34Z,0,29.0,0.00,79,12.7,0.00,MPPT Charging,28,28,0,0,8363
2026-08-24T20:00:44Z,0,27.0,0.00,79,12.7,0.00,MPPT Charging,28,29,0,0,8363
2026-08-24T20:00:54Z,0,19.9,0.00,78,12.7,0.00,MPPT Charging,28,28,0,0,8363
2026-08-24T20:01:04Z,0,14.9,0.00,78,12.7,0.00,MPPT Charging,28,28,0,0,8363
2026-08-24T20:01:14Z,0,13.1,0.00,78,12.7,0.00,MPPT Charging,28,28,0,0,8363
2026-08-24T20:01:24Z,0,13.1,0.00,78,12.7,0.00,MPPT Charging,28,28,0,0,8363
2026-08-24T20:01:34Z,0,13.1,0.00,78,12.7,0.00,MPPT Charging,28,28,0,0,8363
2026-08-24T20:01:44Z,0,13.1,0.00,78,12.7,0.00,MPPT Charging,28,28,0,0,8363
2026-08-24T20:01:54Z,0,18.6,0.00,79,12.7,0.00,MPPT Charging,28,28,0,0,8363
2026-08-24T20:02:05Z,0,31.6,0.00,79,12.7,0.00,MPPT Charging,28,28,0,0,8363
2026-08-24T20:02:14Z,0,27.6,0.00,79,12.7,0.00,MPPT Charging,28,28,0,0,8363
2026-08-24T20:02:24Z,0,31.5,0.00,79,12.7,0.00,MPPT Charging,28,28,0,0,8363
2026-08-24T20:02:34Z,0,27.7,0.00,79,12.7,0.00,MPPT Charging,28,29,0,0,8363
2026-08-24T20:02:44Z,0,24.3,0.00,78,12.7,0.00,MPPT Charging,28,29,0,0,8363
2026-08-24T20:02:54Z,0,19.1,0.00,78,12.7,0.00,MPPT Charging,28,28,0,0,8363
2026-08-24T20:03:04Z,0,16.3,0.00,78,12.7,0.00,MPPT Charging,28,28,0,0,8363
2026-08-24T20:03:14Z,0,28.3,0.00,79,12.7,0.00,MPPT Charging,28,28,0,0,8363
2026-08-24T20:03:24Z,0,30.8,0.00,79,12.7,0.00,MPPT Charging,28,28,0,0,8363
2026-08-24T20:03:34Z,0,25.9,0.00,79,12.7,0.00,MPPT Charging,28,28,0,0,8363
2026-08-24T20:03:44Z,0,23.3,0.00,78,12.7,0.00,MPPT Charging,28,28,0,0,8363
2026-08-24T20:03:54Z,0,23.5,0.00,78,12.7,0.00,MPPT Charging,28,29,0,0,8363
2026-08-24T20:04:04Z,0,26.7,0.00,79,12.7,0.00,MPPT Charging,28,29,0,0,8363
2026-08-24T20:04:14Z,0,25.6,0.00,78,12.7,0.00,MPPT Charging,28,29,0,0,8363
2026-08-24T20:04:24Z,0,26.1,0.00,79,12.7,0.00,MPPT Charging,28,29,0,0,8363
2026-08-24T20:04:34Z,0,25.2,0.00,78,12.7,0.00,MPPT Charging,28,29,0,0,8363
2026-08-24T20:04:44Z,0,12.8,0.00,78,12.7,0.00,MPPT Charging,28,28,0,0,8363
2026-08-24T20:04:54Z,0,25.4,0.00,78,12.7,0.00,MPPT Charging,28,28,0,0,8363
2026-08-24T20:05:04Z,0,25.8,0.00,79,12.7,0.00,MPPT Charging,28,28,0,0,8363
2026-08-24T20:05:14Z,0,24.7,0.00,79,12.7,0.00,MPPT Charging,28,28,0,0,8363
2026-08-24T20:05:24Z,0,27.6,0.00,79,12.7,0.00,MPPT Charging,28,29,0,0,8363
2026-08-24T20:05:34Z,0,28.4,0.00,78,12.7,0.00,MPPT Charging,28,28,0,0,8363
2026-08-24T20:05:44Z,0,30.3,0.00,78,12.7,0.00,MPPT Charging,28,28,0,0,8363
2026-08-24T20:05:54Z,0,28.6,0.00,78,12.7,0.00,MPPT Charging,28,28,0,0,8363
2026-08-24T20:06:04Z,0,31.2,0.00,79,12.7,0.00,MPPT Charging,28,28,0,0,8363
2026-08-24T20:06:14Z,0,27.5,0.00,79,12.7,0.00,MPPT Charging,28,28,0,0,8363
2026-08-24T20:06:24Z,0,27.8,0.00,80,12.7,0.00,MPPT Charging,28,29,0,0,8363
2026-08-24T20:06:34Z,0,26.2,0.00,78,12.7,0.00,MPPT Charging,28,29,0,0,8363
2026-08-24T20:06:44Z,0,28.7,0.00,78,12.7,0.00,MPPT Charging,28,29,0,0,8363
2026-08-24T20:06:54Z,0,29.6,0.00,79,12.7,0.00,MPPT Charging,28,28,0,0,8363
2026-08-24T20:07:04Z,0,30.0,0.00,79,12.7,0.00,MPPT Charging,29,28,0,0,8363
2026-08-24T20:07:15Z,0,32.5,0.00,78,12.7,0.00,MPPT Charging,28,29,0,0,8363
2026-08-24T20:07:24Z,0,29.3,0.00,78,12.7,0.00,MPPT Charging,28,28,0,0,8363
2026-08-24T20:07:34Z,0,26.8,0.00,78,12.7,0.00,MPPT Charging,28,28,0,0,8363
2026-08-24T20:07:44Z,0,27.9,0.00,79,12.7,0.00,MPPT Charging,28,29,0,0,8363
2026-08-24T20:07:54Z,0,24.4,0.00,78,12.7,0.00,MPPT Charging,28,29,0,0,8363
2026-08-24T20:08:04Z,0,32.3,0.00,79,12.7,0.00,MPPT Charging,28,28,0,0,8363
2026-08-24T20:08:14Z,0,30.4,0.00,78,12.7,0.00,MPPT Charging,28,28,0,0,8363
2026-08-24T20:08:24Z,0,27.8,0.00,78,12.7,0.00,MPPT Charging,28,28,0,0,8363
2026-08-24T20:08:34Z,0,27.9,0.00,79,12.7,0.00,MPPT Charging,28,28,0,0,8363
2026-08-24T20:08:44Z,0,25.6,0.00,80,12.7,0.00,MPPT Charging,28,28,0,0,8363
2026-08-24T20:08:54Z,0,23.2,0.00,78,12.7,0.00,MPPT Charging,28,28,0,0,8363
2026-08-24T20:09:04Z,0,22.9,0.00,79,12.7,0.00,MPPT Charging,28,28,0,0,8363
2026-08-24T20:09:14Z,0,28.8,0.00,79,12.7,0.00,MPPT Charging,28,29,0,0,8363
2026-08-24T20:09:24Z,0,21.1,0.00,79,12.7,0.00,MPPT Charging,28,28,0,0,8363
2026-08-24T20:09:34Z,0,20.6,0.00,78,12.7,0.00,MPPT Charging,28,28,0,0,8363
2026-08-24T20:09:44Z,0,21.2,0.00,79,12.7,0.00,MPPT Charging,28,29,0,0,8363
2026-08-24T20:09:54Z,0,15.9,0.00,79,12.7,0.00,MPPT Charging,28,29,0,0,8363
2026-08-24T20:10:04Z,0,20.9,0.00,78,12.7,0.00,MPPT Charging,28,28,0,0,8363
2026-08-24T20:10:14Z,0,19.4,0.00,78,12.7,0.00,MPPT Charging,28,28,0,0,8363
2026-08-24T20:10:24Z,0,19.4,0.00,78,12.7,0.00,MPPT Charging,28,28,0,0,8363
2026-08-24T20:10:34Z,0,19.0,0.00,79,12.7,0.00,MPPT Charging,28,28,0,0,8363
2026-08-24T20:10:44Z,0,21.7,0.00,79,12.7,0.00,MPPT Charging,28,28,0,0,8363
2026-08-24T20:10:54Z,0,25.9,0.00,80,12.7,0.00,MPPT Charging,28,28,0,0,8363
2026-08-24T20:11:04Z,0,19.2,0.00,79,12.7,0.00,MPPT Charging,28,28,0,0,8363
2026-08-24T20:11:14Z,0,17.8,0.00,78,12.7,0.00,MPPT Charging,28,29,0,0,8363
2026-08-24T20:11:24Z,0,27.4,0.00,79,12.7,0.00,MPPT Charging,28,28,0,0,8363
2026-08-24T20:11:34Z,0,27.1,0.00,77,12.7,0.00,MPPT Charging,28,29,0,0,8363
2026-08-24T20:11:44Z,0,26.8,0.00,79,12.7,0.00,MPPT Charging,28,28,0,0,8363
2026-08-24T20:11:54Z,0,26.6,0.00,78,12.7,0.00,MPPT Charging,28,28,0,0,8363
2026-08-24T20:12:04Z,0,24.7,0.00,78,12.7,0.00,MPPT Charging,28,28,0,0,8363
2026-08-24T20:12:14Z,0,25.8,0.00,78,12.7,0.00,MPPT Charging,28,28,0,0,8363
2026-08-24T20:12:25Z,0,16.5,0.00,78,12.7,0.00,MPPT Charging,28,28,0,0,8363
2026-08-24T20:12:34Z,0,13.1,0.00,78,12.7,0.00,MPPT Charging,28,29,0,0,8363
2026-08-24T20:12:44Z,0,13.2,0.00,78,12.7,0.00,MPPT Charging,28,28,0,0,8363
2026-08-24T20:12:54Z,0,25.9,0.00,78,12.7,0.00,MPPT Charging,28,29,0,0,8363
2026-08-24T20:13:04Z,0,28.8,0.00,78,12.7,0.00,MPPT Charging,28,28,0,0,8363
2026-08-24T20:13:14Z,0,23.8,0.00,78,12.7,0.00,MPPT Charging,28,28,0,0,8363
2026-08-24T20:13:24Z,0,27.1,0.00,78,12.7,0.00,MPPT Charging,28,29,0,0,8363
2026-08-24T20:13:34Z,0,24.8,0.00,78,12.7,0.00,MPPT Charging,28,28,0,0,8363
2026-08-24T20:13:44Z,0,26.3,0.00,78,12.7,0.00,MPPT Charging,28,28,0,0,8363
2026-08-24T20:13:54Z,0,29.6,0.00,78,12.7,0.00,MPPT Charging,28,29,0,0,8363
2026-08-24T20:14:04Z,0,29.2,0.00,79,12.7,0.00,MPPT Charging,28,28,0,0,8363
2026-08-24T20:14:14Z,0,28.3,0.00,78,12.7,0.00,MPPT Charging,28,29,0,0,8363
2026-08-24T20:14:24Z,0,27.2,0.00,78,12.7,0.00,MPPT Charging,28,29,0,0,8363
2026-08-24T20:14:34Z,0,26.1,0.00,78,12.7,0.00,MPPT Charging,28,28,0,0,8363
2026-08-24T20:14:44Z,0,25.6,0.00,78,12.7,0.00,MPPT Charging,28,29,0,0,8363
2026-08-24T20:14:54Z,0,27.2,0.00,78,12.7,0.00,MPPT Charging,28,28,0,0,8363
2026-08-24T20:15:04Z,0,21.2,0.00,78,12.7,0.00,MPPT Charging,28,28,0,0,8363
2026-08-24T20:15:14Z,0,24.9,0.00,78,12.7,0.00,MPPT Charging,28,29,0,0,8363
2026-08-24T20:15:24Z,0,25.3,0.00,78,12.7,0.00,MPPT Charging,28,28,0,0,8363
2026-08-24T20:15:34Z,0,21.9,0.00,78,12.7,0.00,MPPT Charging,28,28,0,0,8363
2026-08-24T20:15:44Z,0,21.7,0.00,78,12.7,0.00,MPPT Charging,28,28,0,0,8363
2026-08-24T20:15:54Z,0,22.4,0.00,78,12.7,0.00,MPPT Charging,28,28,0,0,8363
2026-08-24T20:16:04Z,0,21.0,0.00,78,12.7,0.00,MPPT Charging,28,29,0,0,8363
2026-08-24T20:16:14Z,0,25.9,0.00,78,12.7,0.00,MPPT Charging,28,29,0,0,8363
2026-08-24T20:16:24Z,0,27.6,0.00,78,12.7,0.00,MPPT Charging,28,29,0,0,8363
2026-08-24T20:16:34Z,0,24.1,0.00,78,12.7,0.00,MPPT Charging,28,28,0,0,8363
2026-08-24T20:16:44Z,0,28.1,0.00,78,12.7,0.00,MPPT Charging,28,29,0,0,8363
2026-08-24T20:16:54Z,0,28.4,0.00,79,12.7,0.00,MPPT Charging,28,28,0,0,8363
2026-08-24T20:17:04Z,0,28.4,0.00,80,12.7,0.00,MPPT Charging,28,28,0,0,8363
2026-08-24T20:17:14Z,0,29.3,0.00,78,12.7,0.00,MPPT Charging,28,28,0,0,8363
2026-08-24T20:17:24Z,0,27.1,0.00,79,12.7,0.00,MPPT Charging,28,28,0,0,8363
2026-08-24T20:17:35Z,0,27.4,0.00,78,12.7,0.00,MPPT Charging,28,28,0,0,8363
2026-08-24T20:17:44Z,0,28.1,0.00,78,12.7,0.00,MPPT Charging,28,28,0,0,8363
2026-08-24T20:17:54Z,0,26.7,0.00,78,12.7,0.00,MPPT Charging,28,29,0,0,8363
2026-08-24T20:18:04Z,0,26.3,0.00,80,12.7,0.00,MPPT Charging,28,28,0,0,8363
2026-08-24T20:18:14Z,0,26.4,0.00,78,12.7,0.00,MPPT Charging,28,28,0,0,8363
2026-08-24T20:18:24Z,0,26.6,0.00,78,12.7,0.00,MPPT Charging,28,29,0,0,8363
2026-08-24T20:18:34Z,0,27.1,0.00,78,12.7,0.00,MPPT Charging,28,29,0,0,8363
2026-08-24T20:18:44Z,0,22.8,0.00,78,12.7,0.00,MPPT Charging,28,29,0,0,8363
2026-08-24T20:18:54Z,0,28.7,0.00,78,12.7,0.00,MPPT Charging,28,28,0,0,8363
2026-08-24T20:19:04Z,0,22.8,0.00,78,12.7,0.00,MPPT Charging,28,28,0,0,8363
2026-08-24T20:19:14Z,0,22.1,0.00,78,12.7,0.00,MPPT Charging,28,28,0,0,8363
2026-08-24T20:19:24Z,0,24.2,0.00,78,12.7,0.00,MPPT Charging,28,28,0,0,8363
2026-08-24T20:19:34Z,0,27.9,0.00,78,12.7,0.00,MPPT Charging,28,29,0,0,8363
2026-08-24T20:19:44Z,0,23.7,0.00,79,12.7,0.00,MPPT Charging,28,29,0,0,8363
2026-08-24T20:19:54Z,0,16.9,0.00,78,12.7,0.00,MPPT Charging,28,29,0,0,8363
2026-08-24T20:20:04Z,0,13.2,0.00,78,12.7,0.00,MPPT Charging,28,28,0,0,8363
2026-08-24T20:20:14Z,0,13.2,0.00,78,12.7,0.00,MPPT Charging,28,29,0,0,8363
2026-08-24T20:20:24Z,0,13.2,0.00,78,12.7,0.00,MPPT Charging,28,28,0,0,8363
2026-08-24T20:20:34Z,0,13.2,0.00,78,12.7,0.00,MPPT Charging,28,29,0,0,8363
2026-08-24T20:20:44Z,0,13.3,0.00,78,12.7,0.00,MPPT Charging,28,29,0,0,8363
2026-08-24T20:20:54Z,0,13.3,0.00,78,12.7,0.00,MPPT Charging,28,28,0,0,8363
2026-08-24T20:21:04Z,0,13.3,0.00,78,12.7,0.00,MPPT Charging,28,28,0,0,8363
2026-08-24T20:21:14Z,0,13.4,0.00,78,12.7,0.00,MPPT Charging,28,28,0,0,8363
2026-08-24T20:21:24Z,0,13.4,0.00,78,12.7,0.00,MPPT Charging,28,28,0,0,8363
2026-08-24T20:21:34Z,0,13.4,0.00,78,12.7,0.00,MPPT Charging,28,28,0,0,8363
2026-08-24T20:21:44Z,0,13.4,0.00,78,12.7,0.00,MPPT Charging,28,28,0,0,8363
2026-08-24T20:21:54Z,0,13.5,0.00,78,12.7,0.00,MPPT Charging,28,29,0,0,8363
2026-08-24T20:22:04Z,0,13.5,0.00,78,12.7,0.00,MPPT Charging,28,29,0,0,8363
2026-08-24T20:22:14Z,0,13.6,0.00,78,12.7,0.00,MPPT Charging,28,29,0,0,8363
2026-08-24T20:22:24Z,0,13.7,0.00,78,12.7,0.00,MPPT Charging,28,29,0,0,8363
2026-08-24T20:22:34Z,0,13.7,0.00,78,12.7,0.00,MPPT Charging,28,29,0,0,8363
2026-08-24T20:22:45Z,0,13.7,0.00,78,12.7,0.00,MPPT Charging,28,28,0,0,8363
2026-08-24T20:22:54Z,0,13.7,0.00,78,12.7,0.00,MPPT Charging,28,28,0,0,8363
2026-08-24T20:23:04Z,0,13.8,0.00,78,12.7,0.00,MPPT Charging,28,29,0,0,8363
2026-08-24T20:23:14Z,0,13.8,0.00,78,12.7,0.00,MPPT Charging,28,28,0,0,8363
2026-08-24T20:23:24Z,0,13.9,0.00,78,12.7,0.00,MPPT Charging,28,29,0,0,8363
2026-08-24T20:23:34Z,0,13.9,0.00,78,12.7,0.00,MPPT Charging,28,29,0,0,8363
2026-08-24T20:23:44Z,0,13.9,0.00,78,12.7,0.00,MPPT Charging,28,29,0,0,8363
2026-08-24T20:23:54Z,0,13.9,0.00,78,12.7,0.00,MPPT Charging,28,29,0,0,8363
2026-08-24T20:24:04Z,0,13.9,0.00,78,12.7,0.00,MPPT Charging,28,28,0,0,8363
2026-08-24T20:24:14Z,0,14.0,0.00,78,12.7,0.00,MPPT Charging,28,28,0,0,8363
2026-08-24T20:24:24Z,0,14.0,0.00,78,12.7,0.00,MPPT Charging,28,29,0,0,8363
2026-08-24T20:24:34Z,0,14.0,0.00,78,12.7,0.00,MPPT Charging,28,28,0,0,8363
2026-08-24T20:24:44Z,0,14.0,0.00,79,12.7,0.00,MPPT Charging,28,28,0,0,8363
2026-08-24T20:24:54Z,0,14.0,0.00,78,12.7,0.00,MPPT Charging,28,28,0,0,8363
2026-08-24T20:25:04Z,0,14.0,0.00,78,12.7,0.00,MPPT Charging,28,28,0,0,8363
2026-08-24T20:25:14Z,0,24.1,0.00,78,12.7,0.00,MPPT Charging,28,29,0,0,8363
2026-08-24T20:25:24Z,0,29.6,0.00,79,12.7,0.00,MPPT Charging,28,29,0,0,8363
2026-08-24T20:25:34Z,0,31.3,0.00,78,12.7,0.00,MPPT Charging,28,28,0,0,8363
2026-08-24T20:25:44Z,0,30.7,0.00,78,12.7,0.00,MPPT Charging,28,28,0,0,8363
2026-08-24T20:25:54Z,0,28.0,0.00,78,12.7,0.00,MPPT Charging,28,28,0,0,8363
2026-08-24T20:26:04Z,0,31.4,0.00,78,12.7,0.00,MPPT Charging,28,29,0,0,8363
2026-08-24T20:26:14Z,0,31.2,0.00,78,12.7,0.00,MPPT Charging,28,29,0,0,8363
2026-08-24T20:26:24Z,0,29.5,0.00,78,12.7,0.00,MPPT Charging,28,28,0,0,8363
2026-08-24T20:26:34Z,0,29.1,0.00,78,12.7,0.00,MPPT Charging,28,28,0,0,8363
2026-08-24T20:26:44Z,0,28.0,0.00,78,12.7,0.00,MPPT Charging,28,29,0,0,8363
2026-08-24T20:26:54Z,0,31.8,0.00,78,12.7,0.00,MPPT Charging,28,29,0,0,8363
2026-08-24T20:27:04Z,0,29.4,0.00,78,12.7,0.00,MPPT Charging,28,28,0,0,8363
2026-08-24T20:27:14Z,0,29.4,0.00,78,12.7,0.00,MPPT Charging,28,28,0,0,8363
2026-08-24T20:27:24Z,0,30.9,0.00,78,12.7,0.00,MPPT Charging,28,29,0,0,8363
2026-08-24T20:27:34Z,0,30.5,0.00,78,12.7,0.00,MPPT Charging,28,29,0,0,8363
2026-08-24T20:27:44Z,0,31.2,0.00,78,12.7,0.00,MPPT Charging,28,28,0,0,8363
2026-08-24T20:27:55Z,0,29.2,0.00,78,12.7,0.00,MPPT Charging,28,29,0,0,8363
2026-08-24T20:28:04Z,0,30.3,0.00,78,12.7,0.00,MPPT Charging,28,29,0,0,8363
2026-08-24T20:28:14Z,0,31.7,0.00,79,12.7,0.00,MPPT Charging,28,29,0,0,8363
2026-08-24T20:28:24Z,0,29.2,0.00,79,12.7,0.00,MPPT Charging,28,28,0,0,8363
2026-08-24T20:28:34Z,0,31.6,0.00,78,12.7,0.00,MPPT Charging,28,28,0,0,8363
2026-08-24T20:28:44Z,0,30.0,0.00,78,12.7,0.00,MPPT Charging,28,29,0,0,8363
2026-08-24T20:28:54Z,0,29.6,0.00,78,12.7,0.00,MPPT Charging,28,29,0,0,8363
2026-08-24T20:29:04Z,0,29.4,0.00,78,12.7,0.00,MPPT Charging,28,29,0,0,8363
2026-08-24T20:29:14Z,0,28.0,0.00,78,12.7,0.00,MPPT Charging,28,29,0,0,8363
2026-08-24T20:29:24Z,0,30.9,0.00,78,12.7,0.00,MPPT Charging,28,28,0,0,8363
2026-08-24T20:29:34Z,0,29.8,0.00,78,12.7,0.00,MPPT Charging,28,29,0,0,8363
2026-08-24T20:29:44Z,0,31.5,0.00,76,12.7,0.00,MPPT Charging,28,29,0,0,8363
2026-08-24T20:29:54Z,0,30.9,0.00,78,12.7,0.00,MPPT Charging,28,29,0,0,8363
2026-08-24T20:30:04Z,0,30.3,0.00,78,12.7,0.00,MPPT Charging,28,29,0,0,8363
2026-08-24T20:30:14Z,0,31.5,0.00,78,12.7,0.00,MPPT Charging,28,28,0,0,8363
2026-08-24T20:30:24Z,0,27.5,0.00,78,12.7,0.00,MPPT Charging,28,29,0,0,8363
2026-08-24T20:30:34Z,0,31.0,0.00,80,12.7,0.00,MPPT Charging,28,28,0,0,8363
2026-08-24T20:30:44Z,0,29.8,0.00,78,12.7,0.00,MPPT Charging,28,28,0,0,8363
2026-08-24T20:30:54Z,0,27.5,0.00,78,12.7,0.00,MPPT Charging,28,29,0,0,8363
2026-08-24T20:31:04Z,0,28.9,0.00,79,12.7,0.00,MPPT Charging,28,28,0,0,8363
2026-08-24T20:31:14Z,0,27.6,0.00,78,12.7,0.00,MPPT Charging,28,29,0,0,8363
2026-08-24T20:31:24Z,0,24.7,0.00,78,12.7,0.00,MPPT Charging,28,29,0,0,8363
2026-08-24T20:31:34Z,0,24.3,0.00,78,12.7,0.00,MPPT Charging,28,29,0,0,8363
2026-08-24T20:31:44Z,0,29.5,0.00,78,12.7,0.00,MPPT Charging,28,28,0,0,8363
2026-08-24T20:31:54Z,0,29.5,0.00,79,12.7,0.00,MPPT Charging,28,28,0,0,8363
2026-08-24T20:32:04Z,0,28.4,0.00,78,12.7,0.00,MPPT Charging,28,28,0,0,8363
2026-08-24T20:32:14Z,0,27.6,0.00,78,12.7,0.00,MPPT Charging,28,29,0,0,8363
2026-08-24T20:32:24Z,0,28.1,0.00,78,12.7,0.00,MPPT Charging,28,28,0,0,8363
2026-08-24T20:32:34Z,0,29.1,0.00,79,12.7,0.00,MPPT Charging,28,28,0,0,8363
2026-08-24T20:32:44Z,0,27.6,0.00,78,12.7,0.00,MPPT Charging,28,29,0,0,8363
2026-08-24T20:32:54Z,0,27.5,0.00,78,12.7,0.00,MPPT Charging,28,29,0,0,8363
2026-08-24T20:33:05Z,0,27.5,0.00,78,12.7,0.00,MPPT Charging,28,28,0,0,8363
2026-08-24T20:33:14Z,0,26.3,0.00,78,12.7,0.00,MPPT Charging,28,28,0,0,8363
2026-08-24T20:33:24Z,0,25.1,0.00,78,12.7,0.00,MPPT Charging,28,28,0,0,8363
2026-08-24T20:33:34Z,0,30.2,0.00,78,12.7,0.00,MPPT Charging,28,29,0,0,8363
2026-08-24T20:33:44Z,0,28.9,0.00,78,12.7,0.00,MPPT Charging,28,28,0,0,8363
2026-08-24T20:33:54Z,0,30.8,0.00,78,12.7,0.00,MPPT Charging,28,29,0,0,8363
2026-08-24T20:34:04Z,0,29.3,0.00,78,12.7,0.00,MPPT Charging,28,28,0,0,8363
2026-08-24T20:34:14Z,0,28.7,0.00,78,12.7,0.00,MPPT Charging,28,28,0,0,8363
2026-08-24T20:34:24Z,0,28.7,0.00,79,12.7,0.00,MPPT Charging,28,29,0,0,8363
2026-08-24T20:34:34Z,0,29.7,0.00,78,12.7,0.00,MPPT Charging,28,29,0,0,8363
2026-08-24T20:34:44Z,0,28.4,0.00,78,12.7,0.00,MPPT Charging,28,28,0,0,8363
2026-08-24T20:34:54Z,0,27.1,0.00,78,12.7,0.00,MPPT Charging,28,28,0,0,8363
2026-08-24T20:35:04Z,0,30.6,0.00,78,12.7,0.00,MPPT Charging,28,28,0,0,8363
2026-08-24T20:35:14Z,0,30.9,0.00,78,12.7,0.00,MPPT Charging,28,29,0,0,8363
2026-08-24T20:35:24Z,0,30.1,0.00,78,12.7,0.00,MPPT Charging,28,29,0,0,8363
2026-08-24T20:35:34Z,0,18.4,0.00,78,12.7,0.00,MPPT Charging,28,28,0,0,8363
2026-08-24T20:35:44Z,0,30.2,0.00,79,12.7,0.00,MPPT Charging,28,29,0,0,8363
2026-08-24T20:35:54Z,0,31.0,0.00,79,12.7,0.00,MPPT Charging,28,28,0,0,8363
2026-08-24T20:36:04Z,0,31.6,0.00,78,12.7,0.00,MPPT Charging,28,28,0,0,8363
2026-08-24T20:36:14Z,0,28.9,0.00,78,12.7,0.00,MPPT Charging,28,29,0,0,8363
2026-08-24T20:36:24Z,0,29.8,0.00,79,12.7,0.00,MPPT Charging,28,29,0,0,8363
2026-08-24T20:36:34Z,0,30.1,0.00,78,12.7,0.00,MPPT Charging,28,29,0,0,8363
2026-08-24T20:36:44Z,0,28.2,0.00,78,12.7,0.00,MPPT Charging,28,29,0,0,8363
2026-08-24T20:36:54Z,0,31.7,0.00,78,12.7,0.00,MPPT Charging,28,29,0,0,8363
2026-08-24T20:37:04Z,0,29.9,0.00,78,12.7,0.00,MPPT Charging,28,28,0,0,8363
2026-08-24T20:37:14Z,0,27.4,0.00,78,12.7,0.00,MPPT Charging,28,29,0,0,8363
2026-08-24T20:37:24Z,0,28.6,0.00,78,12.7,0.00,MPPT Charging,28,28,0,0,8363
2026-08-24T20:37:34Z,0,30.2,0.00,78,12.7,0.00,MPPT Charging,28,29,0,0,8363
2026-08-24T20:37:44Z,0,28.6,0.00,78,12.7,0.00,MPPT Charging,28,28,0,0,8363
2026-08-24T20:37:54Z,0,30.4,0.00,78,12.7,0.00,MPPT Charging,28,28,0,0,8363
2026-08-24T20:38:04Z,0,29.7,0.00,78,12.7,0.00,MPPT Charging,28,29,0,0,8363
2026-08-24T20:38:15Z,0,31.6,0.00,78,12.7,0.00,MPPT Charging,28,28,0,0,8363
2026-08-24T20:38:24Z,0,32.4,0.00,79,12.7,0.00,MPPT Charging,28,29,0,0,8363
2026-08-24T20:38:34Z,0,29.7,0.00,78,12.7,0.00,MPPT Charging,28,28,0,0,8363
2026-08-24T20:38:44Z,0,31.0,0.00,78,12.7,0.00,MPPT Charging,28,28,0,0,8363
2026-08-24T20:38:54Z,0,30.0,0.00,78,12.7,0.00,MPPT Charging,28,28,0,0,8363
2026-08-24T20:39:04Z,0,33.8,0.00,78,12.7,0.00,MPPT Charging,28,29,0,0,8363
2026-08-24T20:39:14Z,0,32.7,0.00,78,12.7,0.00,MPPT Charging,28,29,0,0,8363
2026-08-24T20:39:24Z,0,31.2,0.00,78,12.7,0.00,MPPT Charging,28,29,0,0,8363
2026-08-24T20:39:34Z,0,31.6,0.00,79,12.7,0.00,MPPT Charging,28,28,0,0,8363
2026-08-24T20:39:44Z,0,30.9,0.00,78,12.7,0.00,MPPT Charging,28,28,0,0,8363
2026-08-24T20:39:54Z,0,34.1,0.00,78,12.7,0.00,MPPT Charging,28,29,0,0,8363
2026-08-24T20:40:04Z,0,32.2,0.00,79,12.7,0.00,MPPT Charging,28,29,0,0,8363
2026-08-24T20:40:14Z,0,30.4,0.00,79,12.7,0.00,MPPT Charging,28,29,0,0,8363
2026-08-24T20:40:24Z,0,28.9,0.00,78,12.7,0.00,MPPT Charging,28,28,0,0,8363
2026-08-24T20:40:34Z,0,32.6,0.00,80,12.7,0.00,MPPT Charging,28,28,0,0,8363
2026-08-24T20:40:44Z,0,15.9,0.00,78,12.7,0.00,MPPT Charging,28,29,0,0,8363
2026-08-24T20:40:54Z,0,31.0,0.00,78,12.7,0.00,MPPT Charging,28,29,0,0,8363
2026-08-24T20:41:04Z,0,30.0,0.00,78,12.7,0.00,MPPT Charging,28,29,0,0,8363
2026-08-24T20:41:14Z,0,32.6,0.00,79,12.7,0.00,MPPT Charging,28,29,0,0,8363
2026-08-24T20:41:24Z,0,33.5,0.00,78,12.7,0.00,MPPT Charging,28,29,0,0,8363
2026-08-24T20:41:34Z,0,30.7,0.00,78,12.7,0.00,MPPT Charging,28,29,0,0,8363
2026-08-24T20:41:44Z,0,30.4,0.00,78,12.7,0.00,MPPT Charging,28,29,0,0,8363
2026-08-24T20:41:54Z,0,29.7,0.00,78,12.7,0.00,MPPT Charging,28,28,0,0,8363
2026-08-24T20:42:04Z,0,29.6,0.00,78,12.7,0.00,MPPT Charging,28,29,0,0,8363
2026-08-24T20:42:14Z,0,27.9,0.00,78,12.7,0.00,MPPT Charging,28,28,0,0,8363
2026-08-24T20:42:24Z,0,34.1,0.00,78,12.7,0.00,MPPT Charging,28,28,0,0,8363
2026-08-24T20:42:34Z,0,32.5,0.00,79,12.7,0.00,MPPT Charging,28,28,0,0,8363
2026-08-24T20:42:44Z,0,31.6,0.00,79,12.7,0.00,MPPT Charging,28,28,0,0,8363
2026-08-24T20:42:54Z,0,30.0,0.00,78,12.7,0.00,MPPT Charging,28,29,0,0,8363
2026-08-24T20:43:04Z,0,33.7,0.00,79,12.7,0.00,MPPT Charging,28,29,0,0,8363
2026-08-24T20:43:14Z,0,32.2,0.00,79,12.7,0.00,MPPT Charging,28,28,0,0,8363
2026-08-24T20:43:25Z,0,31.7,0.00,79,12.7,0.00,MPPT Charging,28,29,0,0,8363
2026-08-24T20:43:34Z,0,30.9,0.00,79,12.7,0.00,MPPT Charging,28,29,0,0,8363
2026-08-24T20:43:44Z,0,31.8,0.00,79,12.7,0.00,MPPT Charging,28,28,0,0,8363
2026-08-24T20:43:54Z,0,31.8,0.00,79,12.7,0.00,MPPT Charging,28,29,0,0,8363
2026-08-24T20:44:04Z,0,31.9,0.00,81,12.7,0.00,MPPT Charging,28,28,0,0,8363
2026-08-24T20:44:14Z,0,30.4,0.00,79,12.7,0.00,MPPT Charging,28,29,0,0,8363
2026-08-24T20:44:24Z,0,33.0,0.00,78,12.7,0.00,MPPT Charging,28,28,0,0,8363
2026-08-24T20:44:34Z,0,31.4,0.00,78,12.7,0.00,MPPT Charging,28,28,0,0,8363
2026-08-24T20:44:44Z,0,31.4,0.00,79,12.7,0.00,MPPT Charging,28,29,0,0,8363
2026-08-24T20:44:54Z,0,31.2,0.00,78,12.7,0.00,MPPT Charging,28,28,0,0,8363
2026-08-24T20:45:04Z,0,32.0,0.00,79,12.7,0.00,MPPT Charging,28,29,0,0,8363
2026-08-24T20:45:14Z,0,30.0,0.00,78,12.7,0.00,MPPT Charging,28,29,0,0,8363
2026-08-24T20:45:24Z,0,30.7,0.00,79,12.7,0.00,MPPT Charging,28,29,0,0,8363
2026-08-24T20:45:34Z,0,31.8,0.00,78,12.7,0.00,MPPT Charging,28,28,0,0,8363
2026-08-24T20:45:44Z,0,31.3,0.00,79,12.7,0.00,MPPT Charging,28,28,0,0,8363
2026-08-24T20:45:54Z,0,16.7,0.00,78,12.7,0.00,MPPT Charging,28,28,0,0,8363
2026-08-24T20:46:04Z,0,34.6,0.00,78,12.7,0.00,MPPT Charging,28,29,0,0,8363
2026-08-24T20:46:14Z,0,32.5,0.00,78,12.7,0.00,MPPT Charging,28,29,0,0,8363
2026-08-24T20:46:24Z,0,32.1,0.00,79,12.7,0.00,MPPT Charging,28,29,0,0,8363
2026-08-24T20:46:34Z,0,31.5,0.00,78,12.7,0.00,MPPT Charging,28,29,0,0,8363
2026-08-24T20:46:44Z,0,31.4,0.00,78,12.7,0.00,MPPT Charging,28,29,0,0,8363
2026-08-24T20:46:54Z,0,30.7,0.00,78,12.7,0.00,MPPT Charging,28,29,0,0,8363
2026-08-24T20:47:04Z,0,28.4,0.00,79,12.7,0.00,MPPT Charging,28,29,0,0,8363
2026-08-24T20:47:14Z,0,29.0,0.00,78,12.7,0.00,MPPT Charging,28,29,0,0,8363
2026-08-24T20:47:24Z,0,28.5,0.00,78,12.7,0.00,MPPT Charging,28,28,0,0,8363
2026-08-24T20:47:34Z,0,27.3,0.00,78,12.7,0.00,MPPT Charging,28,28,0,0,8363
2026-08-24T20:47:44Z,0,31.8,0.00,78,12.7,0.00,MPPT Charging,28,29,0,0,8363
2026-08-24T20:47:54Z,0,30.1,0.00,78,12.7,0.00,MPPT Charging,28,29,0,0,8363
2026-08-24T20:48:04Z,0,29.5,0.00,78,12.7,0.00,MPPT Charging,28,28,0,0,8363
2026-08-24T20:48:14Z,0,33.1,0.00,80,12.7,0.00,MPPT Charging,28,29,0,0,8363
2026-08-24T20:48:24Z,0,30.4,0.00,78,12.7,0.00,MPPT Charging,28,28,0,0,8363
2026-08-24T20:48:35Z,0,31.0,0.00,78,12.7,0.00,MPPT Charging,28,28,0,0,8363
2026-08-24T20:48:44Z,0,31.1,0.00,78,12.7,0.00,MPPT Charging,28,29,0,0,8363
2026-08-24T20:48:54Z,0,31.5,0.00,78,12.7,0.00,MPPT Charging,28,28,0,0,8363
2026-08-24T20:49:04Z,0,28.6,0.00,78,12.7,0.00,MPPT Charging,28,29,0,0,8363
2026-08-24T20:49:14Z,0,30.9,0.00,79,12.7,0.00,MPPT Charging,28,28,0,0,8363
2026-08-24T20:49:24Z,0,29.8,0.00,79,12.7,0.00,MPPT Charging,28,28,0,0,8363
2026-08-24T20:49:34Z,0,31.1,0.00,79,12.7,0.00,MPPT Charging,28,28,0,0,8363
2026-08-24T20:49:44Z,0,30.6,0.00,78,12.7,0.00,MPPT Charging,28,29,0,0,8363
2026-08-24T20:49:54Z,0,29.6,0.00,78,12.7,0.00,MPPT Charging,28,28,0,0,8363
2026-08-24T20:50:04Z,0,28.8,0.00,79,12.7,0.00,MPPT Charging,28,28,0,0,8363
2026-08-24T20:50:14Z,0,29.3,0.00,78,12.7,0.00,MPPT Charging,28,28,0,0,8363
2026-08-24T20:50:24Z,0,28.4,0.00,78,12.7,0.00,MPPT Charging,28,28,0,0,8363
2026-08-24T20:50:34Z,0,27.8,0.00,78,12.7,0.00,MPPT Charging,28,28,0,0,8363
2026-08-24T20:50:44Z,0,23.5,0.00,78,12.7,0.00,MPPT Charging,28,29,0,0,8363
2026-08-24T20:50:54Z,0,20.9,0.00,78,12.7,0.00,MPPT Charging,28,28,0,0,8363
2026-08-24T20:51:04Z,0,18.7,0.00,78,12.7,0.00,MPPT Charging,28,29,0,0,8363
2026-08-24T20:51:14Z,0,30.1,0.00,78,12.7,0.00,MPPT Charging,28,29,0,0,8363
2026-08-24T20:51:24Z,0,28.1,0.00,78,12.7,0.00,MPPT Charging,28,28,0,0,8363
2026-08-24T20:51:34Z,0,29.3,0.00,78,12.7,0.00,MPPT Charging,28,29,0,0,8363
2026-08-24T20:51:44Z,0,26.9,0.00,78,12.7,0.00,MPPT Charging,28,29,0,0,8363
2026-08-24T20:51:54Z,0,29.1,0.00,79,12.7,0.00,MPPT Charging,28,29,0,0,8363
2026-08-24T20:52:04Z,0,29.6,0.00,78,12.7,0.00,MPPT Charging,28,28,0,0,8363
2026-08-24T20:52:14Z,0,27.5,0.00,78,12.7,0.00,MPPT Charging,28,29,0,0,8363
2026-08-24T20:52:24Z,0,29.0,0.00,78,12.7,0.00,MPPT Charging,28,28,0,0,8363
2026-08-24T20:52:34Z,0,27.2,0.00,78,12.7,0.00,MPPT Charging,28,29,0,0,8363
2026-08-24T20:52:44Z,0,28.9,0.00,78,12.7,0.00,MPPT Charging,28,28,0,0,8363
2026-08-24T20:52:54Z,0,29.2,0.00,78,12.7,0.00,MPPT Charging,28,28,0,0,8363
2026-08-24T20:53:04Z,0,26.6,0.00,78,12.7,0.00,MPPT Charging,28,29,0,0,8363
2026-08-24T20:53:14Z,0,24.2,0.00,78,12.7,0.00,MPPT Charging,28,29,0,0,8363
2026-08-24T20:53:24Z,0,29.5,0.00,78,12.7,0.00,MPPT Charging,28,29,0,0,8363
2026-08-24T20:53:34Z,0,28.1,0.00,78,12.7,0.00,MPPT Charging,28,29,0,0,8363
2026-08-24T20:53:45Z,0,14.8,0.00,78,12.7,0.00,MPPT Charging,28,28,0,0,8363
2026-08-24T20:53:54Z,0,13.1,0.00,77,12.7,0.00,MPPT Charging,28,28,0,0,8363
2026-08-24T20:54:04Z,0,13.1,0.00,78,12.7,0.00,MPPT Charging,28,29,0,0,8363
2026-08-24T20:54:14Z,0,13.1,0.00,78,12.7,0.00,MPPT Charging,28,29,0,0,8363
2026-08-24T20:54:24Z,0,17.2,0.00,78,12.7,0.00,MPPT Charging,28,28,0,0,8363
2026-08-24T20:54:34Z,0,28.8,0.00,78,12.7,0.00,MPPT Charging,28,29,0,0,8363
2026-08-24T20:54:44Z,0,24.9,0.00,77,12.7,0.00,MPPT Charging,28,29,0,0,8363
2026-08-24T20:54:54Z,0,25.3,0.00,78,12.7,0.00,MPPT Charging,28,29,0,0,8363
2026-08-24T20:55:04Z,0,26.7,0.00,78,12.7,0.00,MPPT Charging,28,29,0,0,8363
2026-08-24T20:55:14Z,0,30.9,0.00,78,12.7,0.00,MPPT Charging,28,28,0,0,8363
2026-08-24T20:55:24Z,0,28.8,0.00,78,12.7,0.00,MPPT Charging,28,29,0,0,8363
2026-08-24T20:55:34Z,0,28.2,0.00,78,12.7,0.00,MPPT Charging,28,28,0,0,8363
2026-08-24T20:55:44Z,0,28.2,0.00,78,12.7,0.00,MPPT Charging,28,29,0,0,8363
2026-08-24T20:55:54Z,0,26.8,0.00,78,12.7,0.00,MPPT Charging,28,29,0,0,8363
2026-08-24T20:56:04Z,0,26.2,0.00,78,12.7,0.00,MPPT Charging,28,29,0,0,8363
2026-08-24T20:56:14Z,0,24.9,0.00,78,12.7,0.00,MPPT Charging,28,28,0,0,8363
2026-08-24T20:56:24Z,0,21.2,0.00,78,12.7,0.00,MPPT Charging,28,28,0,0,8363
2026-08-24T20:56:34Z,0,19.8,0.00,77,12.7,0.00,MPPT Charging,28,28,0,0,8363
2026-08-24T20:56:44Z,0,21.4,0.00,78,12.7,0.00,MPPT Charging,28,28,0,0,8363
2026-08-24T20:56:54Z,0,23.8,0.00,78,12.7,0.00,MPPT Charging,28,28,0,0,8363
2026-08-24T20:57:04Z,0,13.0,0.00,78,12.7,0.00,MPPT Charging,28,29,0,0,8363
2026-08-24T20:57:14Z,0,13.0,0.00,77,12.7,0.00,MPPT Charging,28,28,0,0,8363
2026-08-24T20:57:24Z,0,13.0,0.00,78,12.7,0.00,MPPT Charging,28,29,0,0,8363
2026-08-24T20:57:34Z,0,13.0,0.00,78,12.7,0.00,MPPT Charging,28,28,0,0,8363
2026-08-24T20:57:44Z,0,13.0,0.00,78,12.7,0.00,MPPT Charging,28,28,0,0,8363
2026-08-24T20:57:54Z,0,13.0,0.00,78,12.7,0.00,MPPT Charging,28,28,0,0,8363
2026-08-24T20:58:04Z,0,13.0,0.00,77,12.7,0.00,MPPT Charging,28,29,0,0,8363
2026-08-24T20:58:14Z,0,13.0,0.00,77,12.7,0.00,MPPT Charging,28,29,0,0,8363
2026-08-24T20:58:24Z,0,13.0,0.00,78,12.7,0.00,MPPT Charging,28,29,0,0,8363
2026-08-24T20:58:34Z,0,17.5,0.00,78,12.7,0.00,MPPT Charging,28,29,0,0,8363
2026-08-24T20:58:44Z,0,23.6,0.00,78,12.7,0.00,MPPT Charging,28,28,0,0,8363
2026-08-24T20:58:55Z,0,13.1,0.00,78,12.7,0.00,MPPT Charging,28,29,0,0,8363
2026-08-24T20:59:04Z,0,23.1,0.00,78,12.7,0.00,MPPT Charging,28,28,0,0,8363
2026-08-24T20:59:14Z,0,28.1,0.00,78,12.7,0.00,MPPT Charging,28,29,0,0,8363
2026-08-24T20:59:24Z,0,27.0,0.00,78,12.7,0.00,MPPT Charging,28,29,0,0,8363
2026-08-24T20:59:34Z,0,26.9,0.00,78,12.7,0.00,MPPT Charging,28,29,0,0,8363
2026-08-24T20:59:44Z,0,20.6,0.00,78,12.7,0.00,MPPT Charging,28,29,0,0,8363
2026-08-24T20:59:54Z,0,13.1,0.00,77,12.7,0.00,MPPT Charging,28,28,0,0,8363
2026-08-24T21:00:04Z,0,18.9,0.00,78,12.7,0.00,MPPT Charging,28,28,0,0,8363
2026-08-24T21:00:14Z,0,18.7,0.00,78,12.7,0.00,MPPT Charging,28,28,0,0,8363
2026-08-24T21:00:24Z,0,14.1,0.00,78,12.7,0.00,MPPT Charging,28,29,0,0,8363
2026-08-24T21:00:34Z,0,15.9,0.00,78,12.7,0.00,MPPT Charging,28,29,0,0,8363
2026-08-24T21:00:44Z,0,15.4,0.00,78,12.7,0.00,MPPT Charging,28,28,0,0,8363
2026-08-24T21:00:54Z,0,13.1,0.00,77,12.7,0.00,MPPT Charging,28,29,0,0,8363
2026-08-24T21:01:04Z,0,13.1,0.00,78,12.7,0.00,MPPT Charging,28,29,0,0,8363
2026-08-24T21:01:14Z,0,12.8,0.00,77,12.7,0.00,MPPT Charging,28,28,0,0,8363
2026-08-24T21:01:24Z,0,13.0,0.00,78,12.7,0.00,MPPT Charging,28,29,0,0,8363
2026-08-24T21:01:34Z,0,13.0,0.00,77,12.7,0.00,MPPT Charging,28,29,0,0,8363
2026-08-24T21:01:44Z,0,13.0,0.00,77,12.7,0.00,MPPT Charging,28,28,0,0,8363
2026-08-24T21:01:54Z,0,13.0,0.00,77,12.7,0.00,MPPT Charging,28,29,0,0,8363
2026-08-24T21:02:04Z,0,13.1,0.00,77,12.7,0.00,MPPT Charging,28,29,0,0,8363
2026-08-24T21:02:14Z,0,13.5,0.00,78,12.7,0.00,MPPT Charging,28,28,0,0,8363
2026-08-24T21:02:24Z,0,13.2,0.00,77,12.7,0.00,MPPT Charging,28,29,0,0,8363
2026-08-24T21:02:34Z,0,14.0,0.00,78,12.7,0.00,MPPT Charging,28,29,0,0,8363
2026-08-24T21:02:44Z,0,14.8,0.00,78,12.7,0.00,MPPT Charging,28,28,0,0,8363
2026-08-24T21:02:54Z,0,14.6,0.00,78,12.7,0.00,MPPT Charging,28,28,0,0,8363
2026-08-24T21:03:04Z,0,14.6,0.00,78,12.7,0.00,MPPT Charging,28,29,0,0,8363
2026-08-24T21:03:14Z,0,14.7,0.00,78,12.7,0.00,MPPT Charging,28,28,0,0,8363
2026-08-24T21:03:24Z,0,14.7,0.00,78,12.7,0.00,MPPT Charging,28,29,0,0,8363
2026-08-24T21:03:34Z,0,14.7,0.00,78,12.7,0.00,MPPT Charging,28,29,0,0,8363
2026-08-24T21:03:44Z,0,14.6,0.00,78,12.7,0.00,MPPT Charging,28,29,0,0,8363
2026-08-24T21:03:54Z,0,13.1,0.00,77,12.7,0.00,MPPT Charging,28,29,0,0,8363
2026-08-24T21:04:05Z,0,13.0,0.00,77,12.7,0.00,MPPT Charging,28,29,0,0,8363
2026-08-24T21:04:14Z,0,13.0,0.00,77,12.7,0.00,MPPT Charging,28,29,0,0,8363
2026-08-24T21:04:24Z,0,13.0,0.00,77,12.7,0.00,MPPT Charging,28,29,0,0,8363
2026-08-24T21:04:34Z,0,13.0,0.00,77,12.7,0.00,MPPT Charging,28,29,0,0,8363
2026-08-24T21:04:44Z,0,14.2,0.00,77,12.7,0.00,MPPT Charging,28,29,0,0,8363
2026-08-24T21:04:54Z,0,14.1,0.00,77,12.7,0.00,MPPT Charging,28,28,0,0,8363
2026-08-24T21:05:04Z,0,14.1,0.00,78,12.7,0.00,MPPT Charging,28,29,0,0,8363
2026-08-24T21:05:14Z,0,13.7,0.00,77,12.7,0.00,MPPT Charging,28,29,0,0,8363
2026-08-24T21:05:24Z,0,13.3,0.00,78,12.7,0.00,MPPT Charging,28,29,0,0,8363
2026-08-24T21:05:34Z,0,13.0,0.00,77,12.7,0.00,MPPT Charging,28,29,0,0,8363
2026-08-24T21:05:44Z,0,13.0,0.00,77,12.7,0.00,MPPT Charging,28,28,0,0,8363
2026-08-24T21:05:54Z,0,13.0,0.00,77,12.6,0.00,MPPT Charging,28,29,0,0,8363
2026-08-24T21:06:04Z,0,13.0,0.00,77,12.6,0.00,MPPT Charging,28,29,0,0,8363
2026-08-24T21:06:14Z,0,13.0,0.00,77,12.6,0.00,MPPT Charging,28,29,0,0,8363
2026-08-24T21:06:24Z,0,12.4,0.00,77,12.7,0.00,MPPT Charging,28,28,0,0,8363
2026-08-24T21:06:34Z,0,13.0,0.00,77,12.7,0.00,MPPT Charging,28,29,0,0,8363
2026-08-24T21:06:44Z,0,13.0,0.00,77,12.6,0.00,MPPT Charging,28,28,0,0,8363
2026-08-24T21:06:54Z,0,13.0,0.00,77,12.7,0.00,MPPT Charging,28,29,0,0,8363
2026-08-24T21:07:04Z,0,13.0,0.00,77,12.7,0.00,MPPT Charging,28,29,0,0,8363
2026-08-24T21:07:14Z,0,13.1,0.00,77,12.7,0.00,MPPT Charging,28,29,0,0,8363
2026-08-24T21:07:24Z,0,13.0,0.00,77,12.6,0.00,MPPT Charging,28,28,0,0,8363
