timestamp,pv_power_w,pv_voltage_v,pv_current_a,battery_soc_pct,battery_voltage_v,battery_current_a,charging_state,controller_temp_c,battery_temp_c,load_power_w,daily_generated_wh,total_generated_kwh
2026-08-26T00:15:36Z,0,11.0,0.00,4,11.1,0.00,Deactivated,34,35,0,11,8374
2026-08-26T00:15:46Z,0,11.0,0.00,4,11.1,0.00,Deactivated,34,35,0,11,8374
2026-08-26T00:15:56Z,0,11.0,0.00,4,11.1,0.00,Deactivated,34,35,0,11,8374
2026-08-26T00:16:06Z,0,11.0,0.00,4,11.1,0.00,Deactivated,34,35,0,11,8374
2026-08-26T00:16:16Z,0,11.0,0.00,4,11.1,0.00,Deactivated,34,35,0,11,8374
2026-08-26T00:16:26Z,0,11.0,0.00,3,11.1,0.00,Deactivated,34,35,0,11,8374
2026-08-26T00:16:36Z,0,11.0,0.00,3,11.1,0.00,Deactivated,34,35,0,11,8374
2026-08-26T00:16:46Z,0,11.0,0.00,3,11.1,0.00,Deactivated,34,35,0,11,8374
2026-08-26T00:16:56Z,0,10.9,0.00,3,11.1,0.00,Deactivated,34,35,0,11,8374
2026-08-26T00:17:06Z,0,10.9,0.00,3,11.1,0.00,Deactivated,34,35,0,11,8374
2026-08-26T00:17:16Z,0,10.9,0.00,3,11.1,0.00,Deactivated,34,35,0,11,8374
2026-08-26T00:17:26Z,0,10.9,0.00,3,11.1,0.00,Deactivated,33,35,0,11,8374
2026-08-26T00:17:36Z,0,10.9,0.00,3,11.1,0.00,Deactivated,33,35,0,11,8374
2026-08-26T00:17:46Z,0,10.9,0.00,3,11.1,0.00,Deactivated,33,35,0,11,8374
2026-08-26T00:17:56Z,0,10.9,0.00,3,11.1,0.00,Deactivated,33,35,0,11,8374
2026-08-26T00:18:06Z,0,10.9,0.00,3,11.1,0.00,Deactivated,33,35,0,11,8374
2026-08-26T00:18:16Z,0,10.9,0.00,3,11.1,0.00,Deactivated,33,35,0,11,8374
2026-08-26T00:18:26Z,0,10.9,0.00,3,11.1,0.00,Deactivated,33,35,0,11,8374
2026-08-26T00:18:36Z,0,10.8,0.00,2,11.1,0.00,Deactivated,33,35,0,11,8374
2026-08-26T00:18:46Z,0,10.8,0.00,3,11.1,0.00,Deactivated,33,35,0,11,8374
2026-08-26T00:18:56Z,0,10.8,0.00,2,11.1,0.00,Deactivated,33,35,0,11,8374
2026-08-26T00:19:06Z,0,10.8,0.00,2,11.1,0.00,Deactivated,33,35,0,11,8374
2026-08-26T00:19:16Z,0,10.6,0.00,3,11.1,0.00,Deactivated,33,35,0,11,8374
2026-08-26T00:19:26Z,0,10.4,0.00,2,11.1,0.00,Deactivated,33,35,0,11,8374
2026-08-26T00:19:36Z,0,10.2,0.00,2,11.1,0.00,Deactivated,33,35,0,11,8374
2026-08-26T00:19:46Z,0,10.0,0.00,2,11.1,0.00,Deactivated,33,35,0,11,8374
2026-08-26T00:19:56Z,0,9.8,0.00,3,11.1,0.00,Deactivated,33,35,0,11,8374
2026-08-26T00:20:06Z,0,9.5,0.00,2,11.1,0.00,Deactivated,33,35,0,11,8374
2026-08-26T00:20:16Z,0,9.3,0.00,2,11.1,0.00,Deactivated,33,35,0,11,8374
2026-08-26T00:20:26Z,0,9.0,0.00,2,11.1,0.00,Deactivated,33,35,0,11,8374
2026-08-26T00:20:36Z,0,8.8,0.00,2,11.1,0.00,Deactivated,33,35,0,11,8374
2026-08-26T00:20:46Z,0,8.5,0.00,2,11.1,0.00,Deactivated,33,35,0,11,8374
2026-08-26T00:20:56Z,0,8.2,0.00,2,11.1,0.00,Deactivated,33,35,0,11,8374
2026-08-26T00:21:06Z,0,8.0,0.00,2,11.1,0.00,Deactivated,33,35,0,11,8374
2026-08-26T00:21:16Z,0,7.8,0.00,2,11.1,0.00,Deactivated,33,35,0,11,8374
2026-08-26T00:21:26Z,0,7.5,0.00,2,11.1,0.00,Deactivated,33,35,0,11,8374
2026-08-26T00:21:36Z,0,7.3,0.00,2,11.1,0.00,Deactivated,33,35,0,11,8374
2026-08-26T00:21:46Z,0,7.1,0.00,2,11.1,0.00,Deactivated,33,35,0,11,8374
2026-08-26T00:21:56Z,0,6.9,0.00,2,11.1,0.00,Deactivated,33,35,0,11,8374
2026-08-26T00:22:06Z,0,6.7,0.00,2,11.1,0.00,Deactivated,33,35,0,11,8374
2026-08-26T00:22:16Z,0,6.6,0.00,2,11.1,0.00,Deactivated,33,35,0,11,8374
2026-08-26T00:22:26Z,0,6.5,0.00,1,11.1,0.00,Deactivated,33,35,0,11,8374
2026-08-26T00:22:36Z,0,6.3,0.00,2,11.1,0.00,Deactivated,33,35,0,11,8374
2026-08-26T00:22:46Z,0,6.2,0.00,2,11.1,0.00,Deactivated,33,35,0,11,8374
2026-08-26T00:22:56Z,0,6.1,0.00,2,11.1,0.00,Deactivated,33,35,0,11,8374
2026-08-26T00:23:06Z,0,5.9,0.00,1,11.1,0.00,Deactivated,33,35,0,11,8374
2026-08-26T00:23:16Z,0,5.9,0.00,1,11.1,0.00,Deactivated,33,35,0,11,8374
2026-08-26T00:23:26Z,0,5.7,0.00,2,11.1,0.00,Deactivated,33,35,0,11,8374
2026-08-26T00:23:36Z,0,5.6,0.00,2,11.1,0.00,Deactivated,33,35,0,11,8374
2026-08-26T00:23:46Z,0,5.5,0.00,2,11.1,0.00,Deactivated,33,35,0,11,8374
2026-08-26T00:23:56Z,0,5.4,0.00,2,11.1,0.00,Deactivated,33,35,0,11,8374
2026-08-26T00:24:06Z,0,5.3,0.00,1,11.1,0.00,Deactivated,33,35,0,11,8374
2026-08-26T00:24:16Z,0,5.2,0.00,1,11.1,0.00,Deactivated,33,35,0,11,8374
2026-08-26T00:24:26Z,0,5.0,0.00,2,11.1,0.00,Deactivated,33,35,0,11,8374
2026-08-26T00:24:36Z,0,5.0,0.00,1,11.1,0.00,Deactivated,33,35,0,11,8374
2026-08-26T00:24:46Z,0,4.8,0.00,1,11.1,0.00,Deactivated,33,35,0,11,8374
2026-08-26T00:24:56Z,0,4.7,0.00,1,11.1,0.00,Deactivated,33,35,0,11,8374
2026-08-26T00:25:06Z,0,4.6,0.00,1,11.1,0.00,Deactivated,33,35,0,11,8374
2026-08-26T00:25:16Z,0,4.5,0.00,2,11.1,0.00,Deactivated,33,35,0,11,8374
2026-08-26T00:25:26Z,0,4.4,0.00,1,11.1,0.00,Deactivated,33,35,0,11,8374
2026-08-26T00:25:36Z,0,4.3,0.00,1,11.1,0.00,Deactivated,33,35,0,11,8374
2026-08-26T00:25:46Z,0,4.3,0.00,0,11.1,0.00,Deactivated,33,36,0,11,8374
2026-08-26T00:25:56Z,0,4.2,0.00,1,11.1,0.00,Deactivated,33,35,0,11,8374
2026-08-26T00:26:06Z,0,4.1,0.00,1,11.1,0.00,Deactivated,33,35,0,11,8374
2026-08-26T00:26:16Z,0,4.0,0.00,0,11.1,0.00,Deactivated,33,35,0,11,8374
2026-08-26T00:26:26Z,0,3.9,0.00,1,11.1,0.00,Deactivated,33,35,0,11,8374
2026-08-26T00:26:36Z,0,3.8,0.00,1,11.1,0.00,Deactivated,33,35,0,11,8374
2026-08-26T00:26:46Z,0,3.7,0.00,0,11.1,0.00,Deactivated,33,35,0,11,8374
2026-08-26T00:26:56Z,0,3.7,0.00,1,11.1,0.00,Deactivated,33,35,0,11,8374
2026-08-26T00:27:06Z,0,3.6,0.00,0,11.1,0.00,Deactivated,33,35,0,11,8374
2026-08-26T00:27:16Z,0,3.5,0.00,0,11.1,0.00,Deactivated,33,35,0,11,8374
2026-08-26T00:27:26Z,0,3.4,0.00,1,11.1,0.00,Deactivated,33,35,0,11,8374
2026-08-26T00:27:36Z,0,3.3,0.00,0,11.1,0.00,Deactivated,33,35,0,11,8374
2026-08-26T00:27:46Z,0,3.3,0.00,0,11.0,0.00,Deactivated,33,35,0,11,8374
2026-08-26T00:27:56Z,0,3.2,0.00,0,11.1,0.00,Deactivated,33,35,0,11,8374
2026-08-26T00:28:06Z,0,3.1,0.00,0,11.1,0.00,Deactivated,33,35,0,11,8374
2026-08-26T00:28:16Z,0,3.1,0.00,0,11.1,0.00,Deactivated,33,35,0,11,8374
2026-08-26T00:28:26Z,0,3.0,0.00,0,11.1,0.00,Deactivated,33,35,0,11,8374
2026-08-26T00:28:36Z,0,2.9,0.00,0,11.0,0.00,Deactivated,33,35,0,11,8374
2026-08-26T00:28:46Z,0,2.8,0.00,0,11.0,0.00,Deactivated,33,35,0,11,8374
2026-08-26T00:28:56Z,0,2.8,0.00,0,11.0,0.00,Deactivated,33,35,0,11,8374
2026-08-26T00:29:06Z,0,2.7,0.00,0,11.0,0.00,Deactivated,33,35,0,11,8374
2026-08-26T00:29:16Z,0,2.6,0.00,0,11.0,0.00,Deactivated,33,35,0,11,8374
2026-08-26T00:29:26Z,0,2.5,0.00,0,11.0,0.00,Deactivated,33,35,0,11,8374
2026-08-26T00:29:36Z,0,2.5,0.00,0,11.0,0.00,Deactivated,33,35,0,11,8374
2026-08-26T00:29:46Z,0,2.4,0.00,0,11.0,0.00,Deactivated,33,35,0,11,8374
2026-08-26T00:29:56Z,0,2.3,0.00,0,11.0,0.00,Deactivated,33,35,0,11,8374
2026-08-26T00:30:06Z,0,2.3,0.00,0,11.0,0.00,Deactivated,33,35,0,11,8374
2026-08-26T00:30:16Z,0,2.2,0.00,0,11.0,0.00,Deactivated,33,35,0,11,8374
2026-08-26T00:30:26Z,0,2.1,0.00,0,11.0,0.00,Deactivated,33,35,0,11,8374
2026-08-26T00:30:36Z,0,2.1,0.00,0,11.0,0.00,Deactivated,33,35,0,11,8374
2026-08-26T00:30:46Z,0,2.0,0.00,0,11.0,0.00,Deactivated,33,35,0,11,8374
2026-08-26T00:30:56Z,0,1.9,0.00,0,11.0,0.00,Deactivated,33,35,0,11,8374
2026-08-26T00:31:06Z,0,1.9,0.00,0,11.0,0.00,Deactivated,33,35,0,11,8374
2026-08-26T00:31:16Z,0,1.8,0.00,0,11.0,0.00,Deactivated,33,35,0,11,8374
2026-08-26T00:31:26Z,0,1.8,0.00,0,11.0,0.00,Deactivated,33,35,0,11,8374
2026-08-26T00:31:36Z,0,1.7,0.00,0,11.0,0.00,Deactivated,33,35,0,11,8374
2026-08-26T00:31:46Z,0,1.6,0.00,0,11.0,0.00,Deactivated,33,35,0,11,8374
2026-08-26T00:31:56Z,0,1.6,0.00,0,11.0,0.00,Deactivated,33,35,0,11,8374
2026-08-26T00:32:06Z,0,1.5,0.00,0,11.0,0.00,Deactivated,33,35,0,11,8374
2026-08-26T00:32:16Z,0,1.5,0.00,0,11.0,0.00,Deactivated,33,35,0,11,8374
2026-08-26T00:32:26Z,0,1.4,0.00,0,11.0,0.00,Deactivated,33,35,0,11,8374
2026-08-26T00:32:36Z,0,1.4,0.00,0,11.0,0.00,Deactivated,33,35,0,11,8374
2026-08-26T00:32:46Z,0,1.4,0.00,0,11.0,0.00,Deactivated,33,35,0,11,8374
2026-08-26T00:32:56Z,0,1.3,0.00,0,11.0,0.00,Deactivated,33,35,0,11,8374
2026-08-26T00:33:06Z,0,1.3,0.00,0,11.0,0.00,Deactivated,33,35,0,11,8374
2026-08-26T00:33:16Z,0,1.2,0.00,0,11.0,0.00,Deactivated,33,35,0,11,8374
2026-08-26T00:33:26Z,0,1.2,0.00,0,11.0,0.00,Deactivated,33,35,0,11,8374
2026-08-26T00:33:36Z,0,1.2,0.00,0,11.0,0.00,Deactivated,33,35,0,11,8374
2026-08-26T00:33:46Z,0,1.1,0.00,0,11.0,0.00,Deactivated,33,35,0,11,8374
2026-08-26T00:33:56Z,0,1.1,0.00,0,11.0,0.00,Deactivated,33,35,0,11,8374
2026-08-26T00:34:06Z,0,1.0,0.00,0,11.0,0.00,Deactivated,33,35,0,11,8374
2026-08-26T00:34:16Z,0,1.0,0.00,0,11.0,0.00,Deactivated,33,35,0,11,8374
2026-08-26T00:34:26Z,0,0.9,0.00,0,11.0,0.00,Deactivated,33,35,0,11,8374
2026-08-26T00:34:36Z,0,0.9,0.00,0,11.0,0.00,Deactivated,33,35,0,11,8374
2026-08-26T00:34:46Z,0,0.9,0.00,0,11.0,0.00,Deactivated,33,35,0,11,8374
2026-08-26T00:34:56Z,0,0.9,0.00,0,11.0,0.00,Deactivated,33,35,0,11,8374
2026-08-26T00:35:06Z,0,0.8,0.00,0,11.0,0.00,Deactivated,33,35,0,11,8374
2026-08-26T00:35:16Z,0,0.8,0.00,0,11.0,0.00,Deactivated,33,35,0,11,8374
2026-08-26T00:35:26Z,0,0.8,0.00,0,11.0,0.00,Deactivated,33,35,0,11,8374
2026-08-26T00:35:36Z,0,0.7,0.00,0,11.0,0.00,Deactivated,33,35,0,11,8374
2026-08-26T00:35:46Z,0,0.7,0.00,0,11.0,0.00,Deactivated,33,35,0,11,8374
2026-08-26T00:35:56Z,0,0.7,0.00,0,11.0,0.00,Deactivated,33,35,0,11,8374
2026-08-26T00:36:06Z,0,0.6,0.00,0,11.0,0.00,Deactivated,33,35,0,11,8374
2026-08-26T00:36:16Z,0,0.6,0.00,0,11.0,0.00,Deactivated,33,35,0,11,8374
2026-08-26T00:36:26Z,0,0.6,0.00,0,11.0,0.00,Deactivated,33,35,0,11,8374
2026-08-26T00:36:36Z,0,0.6,0.00,0,11.0,0.00,Deactivated,33,35,0,11,8374
2026-08-26T00:36:46Z,0,0.6,0.00,0,11.0,0.00,Deactivated,33,35,0,11,8374
2026-08-26T00:36:56Z,0,0.5,0.00,0,11.0,0.00,Deactivated,33,35,0,11,8374
2026-08-26T00:37:06Z,0,0.5,0.00,0,11.0,0.00,Deactivated,33,35,0,11,8374
2026-08-26T00:37:16Z,0,0.5,0.00,0,11.0,0.00,Deactivated,33,35,0,11,8374
2026-08-26T00:37:26Z,0,0.5,0.00,0,11.0,0.00,Deactivated,33,35,0,11,8374
2026-08-26T00:37:36Z,0,0.5,0.00,0,11.0,0.00,Deactivated,33,35,0,11,8374
2026-08-26T00:37:46Z,0,0.4,0.00,0,11.0,0.00,Deactivated,33,35,0,11,8374
2026-08-26T00:37:56Z,0,0.4,0.00,0,11.0,0.00,Deactivated,33,35,0,11,8374
2026-08-26T00:38:06Z,0,0.4,0.00,0,11.0,0.00,Deactivated,33,35,0,11,8374
2026-08-26T00:38:16Z,0,0.4,0.00,0,11.0,0.00,Deactivated,33,35,0,11,8374
2026-08-26T00:38:26Z,0,0.4,0.00,0,11.0,0.00,Deactivated,33,35,0,11,8374
2026-08-26T00:38:36Z,0,0.3,0.00,0,11.0,0.00,Deactivated,33,35,0,11,8374
2026-08-26T00:38:46Z,0,0.3,0.00,0,11.0,0.00,Deactivated,33,35,0,11,8374
2026-08-26T00:38:56Z,0,0.3,0.00,0,11.0,0.00,Deactivated,33,35,0,11,8374
2026-08-26T00:39:06Z,0,0.3,0.00,0,11.0,0.00,Deactivated,33,35,0,11,8374
2026-08-26T00:39:16Z,0,0.3,0.00,0,11.0,0.00,Deactivated,33,35,0,11,8374
2026-08-26T00:39:26Z,0,0.3,0.00,0,11.0,0.00,Deactivated,33,35,0,11,8374
2026-08-26T00:39:36Z,0,0.3,0.00,0,11.0,0.00,Deactivated,33,35,0,11,8374
2026-08-26T00:39:46Z,0,0.3,0.00,0,11.0,0.00,Deactivated,33,35,0,11,8374
2026-08-26T00:39:56Z,0,0.3,0.00,0,11.0,0.00,Deactivated,33,35,0,11,8374
2026-08-26T00:40:06Z,0,0.3,0.00,0,11.0,0.00,Deactivated,33,35,0,11,8374
2026-08-26T00:40:16Z,0,0.2,0.00,0,11.0,0.00,Deactivated,33,35,0,11,8374
2026-08-26T00:40:26Z,0,0.2,0.00,0,11.0,0.00,Deactivated,33,35,0,11,8374
2026-08-26T00:40:36Z,0,0.2,0.00,0,11.0,0.00,Deactivated,33,35,0,11,8374
2026-08-26T00:40:46Z,0,0.2,0.00,0,11.0,0.00,Deactivated,33,35,0,11,8374
2026-08-26T00:40:56Z,0,0.2,0.00,0,11.0,0.00,Deactivated,33,35,0,11,8374
2026-08-26T00:41:06Z,0,0.2,0.00,0,11.0,0.00,Deactivated,33,35,0,11,8374
2026-08-26T00:41:16Z,0,0.2,0.00,0,11.0,0.00,Deactivated,33,35,0,11,8374
2026-08-26T00:41:26Z,0,0.2,0.00,0,11.0,0.00,Deactivated,33,35,0,11,8374
2026-08-26T00:41:36Z,0,0.2,0.00,0,11.0,0.00,Deactivated,33,35,0,11,8374
2026-08-26T00:41:46Z,0,0.1,0.00,0,11.0,0.00,Deactivated,33,35,0,11,8374
2026-08-26T00:41:56Z,0,0.1,0.00,0,11.0,0.00,Deactivated,33,35,0,11,8374
2026-08-26T00:42:06Z,0,0.1,0.00,0,11.0,0.00,Deactivated,33,35,0,11,8374
2026-08-26T00:42:16Z,0,0.1,0.00,0,11.0,0.00,Deactivated,33,35,0,11,8374
2026-08-26T00:42:26Z,0,0.1,0.00,0,11.0,0.00,Deactivated,33,35,0,11,8374
2026-08-26T00:42:36Z,0,0.1,0.00,0,11.0,0.00,Deactivated,33,35,0,11,8374
2026-08-26T00:42:46Z,0,0.1,0.00,0,10.9,0.00,Deactivated,33,35,0,11,8374
2026-08-26T00:42:56Z,0,0.1,0.00,0,10.9,0.00,Deactivated,33,35,0,11,8374
2026-08-26T00:43:06Z,0,0.1,0.00,0,11.0,0.00,Deactivated,33,35,0,11,8374
2026-08-26T00:43:16Z,0,0.1,0.00,0,10.9,0.00,Deactivated,33,35,0,11,8374
2026-08-26T00:43:26Z,0,0.1,0.00,0,10.9,0.00,Deactivated,33,35,0,11,8374
2026-08-26T00:43:36Z,0,0.1,0.00,0,10.9,0.00,Deactivated,33,35,0,11,8374
2026-08-26T00:43:46Z,0,0.1,0.00,0,10.9,0.00,Deactivated,33,35,0,11,8374
2026-08-26T00:43:56Z,0,0.1,0.00,0,10.9,0.00,Deactivated,33,35,0,11,8374
2026-08-26T00:44:06Z,0,0.1,0.00,0,10.9,0.00,Deactivated,33,35,0,11,8374
2026-08-26T00:44:16Z,0,0.1,0.00,0,10.9,0.00,Deactivated,33,35,0,11,8374
2026-08-26T00:44:26Z,0,0.1,0.00,0,10.9,0.00,Deactivated,33,35,0,11,8374
2026-08-26T00:44:36Z,0,0.1,0.00,0,10.9,0.00,Deactivated,33,35,0,11,8374
2026-08-26T00:44:46Z,0,0.1,0.00,0,10.9,0.00,Deactivated,33,35,0,11,8374
2026-08-26T00:44:56Z,0,0.1,0.00,0,10.9,0.00,Deactivated,33,35,0,11,8374
2026-08-26T00:45:06Z,0,0.1,0.00,0,10.9,0.00,Deactivated,33,35,0,11,8374
2026-08-26T00:45:16Z,0,0.0,0.00,0,10.9,0.00,Deactivated,33,35,0,11,8374
2026-08-26T00:45:26Z,0,0.0,0.00,0,10.9,0.00,Deactivated,33,35,0,11,8374
2026-08-26T00:45:36Z,0,0.0,0.00,0,10.9,0.00,Deactivated,33,35,0,11,8374
2026-08-26T00:45:46Z,0,0.0,0.00,0,10.9,0.00,Deactivated,33,35,0,11,8374
2026-08-26T00:45:56Z,0,0.0,0.00,0,10.9,0.00,Deactivated,33,35,0,11,8374
2026-08-26T00:46:06Z,0,0.0,0.00,0,10.9,0.00,Deactivated,33,35,0,11,8374
2026-08-26T00:46:16Z,0,0.0,0.00,0,10.9,0.00,Deactivated,33,35,0,11,8374
2026-08-26T00:46:26Z,0,0.0,0.00,0,10.9,0.00,Deactivated,33,35,0,11,8374
2026-08-26T00:46:36Z,0,0.0,0.00,0,10.9,0.00,Deactivated,33,35,0,11,8374
2026-08-26T00:46:46Z,0,0.0,0.00,0,10.9,0.00,Deactivated,33,35,0,11,8374
2026-08-26T00:46:56Z,0,0.0,0.00,0,10.9,0.00,Deactivated,33,35,0,11,8374
2026-08-26T00:47:06Z,0,0.0,0.00,0,10.9,0.00,Deactivated,33,35,0,11,8374
2026-08-26T00:47:16Z,0,0.0,0.00,0,10.9,0.00,Deactivated,33,35,0,11,8374
2026-08-26T00:47:26Z,0,0.0,0.00,0,10.9,0.00,Deactivated,33,35,0,11,8374
2026-08-26T00:47:36Z,0,0.0,0.00,0,10.9,0.00,Deactivated,33,35,0,11,8374
2026-08-26T00:47:46Z,0,0.0,0.00,0,10.9,0.00,Deactivated,33,35,0,11,8374
2026-08-26T00:47:56Z,0,0.0,0.00,0,10.9,0.00,Deactivated,33,35,0,11,8374
2026-08-26T00:48:06Z,0,0.0,0.00,0,10.9,0.00,Deactivated,33,35,0,11,8374
2026-08-26T00:48:16Z,0,0.0,0.00,0,10.9,0.00,Deactivated,33,35,0,11,8374
2026-08-26T00:48:26Z,0,0.0,0.00,0,10.9,0.00,Deactivated,33,35,0,11,8374
2026-08-26T00:48:36Z,0,0.0,0.00,0,10.9,0.00,Deactivated,33,35,0,11,8374
2026-08-26T00:48:46Z,0,0.0,0.00,0,10.9,0.00,Deactivated,33,35,0,11,8374
2026-08-26T00:48:56Z,0,0.0,0.00,0,10.9,0.00,Deactivated,33,35,0,11,8374
2026-08-26T00:49:06Z,0,0.0,0.00,0,10.9,0.00,Deactivated,33,35,0,11,8374
2026-08-26T00:49:16Z,0,0.0,0.00,0,10.9,0.00,Deactivated,33,35,0,11,8374
2026-08-26T00:49:26Z,0,0.0,0.00,0,10.9,0.00,Deactivated,33,35,0,11,8374
2026-08-26T00:49:36Z,0,0.0,0.00,0,10.9,0.00,Deactivated,33,35,0,11,8374
2026-08-26T00:49:46Z,0,0.0,0.00,0,10.9,0.00,Deactivated,33,35,0,11,8374
2026-08-26T00:49:56Z,0,0.0,0.00,0,10.9,0.00,Deactivated,33,35,0,11,8374
2026-08-26T00:50:06Z,0,0.0,0.00,0,10.9,0.00,Deactivated,33,35,0,11,8374
2026-08-26T00:50:16Z,0,0.0,0.00,0,10.9,0.00,Deactivated,33,35,0,11,8374
2026-08-26T00:50:26Z,0,0.0,0.00,0,10.9,0.00,Deactivated,33,35,0,11,8374
2026-08-26T00:50:36Z,0,0.0,0.00,0,10.9,0.00,Deactivated,33,35,0,11,8374
2026-08-26T00:50:46Z,0,0.0,0.00,0,10.9,0.00,Deactivated,33,35,0,11,8374
2026-08-26T00:50:56Z,0,0.0,0.00,0,10.9,0.00,Deactivated,33,35,0,11,8374
2026-08-26T00:51:06Z,0,0.0,0.00,0,10.9,0.00,Deactivated,33,35,0,11,8374
2026-08-26T00:51:16Z,0,0.0,0.00,0,10.9,0.00,Deactivated,33,35,0,11,8374
2026-08-26T00:51:26Z,0,0.0,0.00,0,10.9,0.00,Deactivated,33,35,0,11,8374
2026-08-26T00:51:36Z,0,0.0,0.00,0,10.9,0.00,Deactivated,33,35,0,11,8374
2026-08-26T00:51:46Z,0,0.0,0.00,0,10.9,0.00,Deactivated,33,35,0,11,8374
2026-08-26T00:51:56Z,0,0.0,0.00,0,10.9,0.00,Deactivated,33,35,0,11,8374
2026-08-26T00:52:06Z,0,0.0,0.00,0,10.9,0.00,Deactivated,33,35,0,11,8374
2026-08-26T00:52:16Z,0,0.0,0.00,0,10.9,0.00,Deactivated,33,35,0,11,8374
2026-08-26T00:52:26Z,0,0.0,0.00,0,10.9,0.00,Deactivated,33,35,0,11,8374
2026-08-26T00:52:36Z,0,0.0,0.00,0,10.9,0.00,Deactivated,33,35,0,11,8374
2026-08-26T00:52:46Z,0,0.0,0.00,0,10.9,0.00,Deactivated,33,35,0,11,8374
2026-08-26T00:52:56Z,0,0.0,0.00,0,10.9,0.00,Deactivated,33,35,0,11,8374
2026-08-26T00:53:06Z,0,0.0,0.00,0,10.9,0.00,Deactivated,33,35,0,11,8374
2026-08-26T00:53:16Z,0,0.0,0.00,0,10.9,0.00,Deactivated,33,35,0,11,8374
2026-08-26T00:53:26Z,0,0.0,0.00,0,10.9,0.00,Deactivated,33,35,0,11,8374
2026-08-26T00:53:36Z,0,0.0,0.00,0,10.9,0.00,Deactivated,33,35,0,11,8374
2026-08-26T00:53:46Z,0,0.0,0.00,0,10.9,0.00,Deactivated,33,35,0,11,8374
2026-08-26T00:53:56Z,0,0.0,0.00,0,10.9,0.00,Deactivated,33,35,0,11,8374
2026-08-26T00:54:06Z,0,0.0,0.00,0,10.9,0.00,Deactivated,33,35,0,11,8374
2026-08-26T00:54:16Z,0,0.0,0.00,0,10.9,0.00,Deactivated,33,35,0,11,8374
2026-08-26T00:54:26Z,0,0.0,0.00,0,10.9,0.00,Deactivated,33,35,0,11,8374
2026-08-26T00:54:36Z,0,0.0,0.00,0,10.9,0.00,Deactivated,33,35,0,11,8374
2026-08-26T00:54:46Z,0,0.0,0.00,0,10.9,0.00,Deactivated,33,35,0,11,8374
2026-08-26T00:54:56Z,0,0.0,0.00,0,10.9,0.00,Deactivated,33,35,0,11,8374
2026-08-26T00:55:06Z,0,0.0,0.00,0,10.9,0.00,Deactivated,33,35,0,11,8374
2026-08-26T00:55:16Z,0,0.0,0.00,0,10.9,0.00,Deactivated,33,35,0,11,8374
2026-08-26T00:55:26Z,0,0.0,0.00,0,10.9,0.00,Deactivated,33,35,0,11,8374
2026-08-26T00:55:36Z,0,0.0,0.00,0,10.9,0.00,Deactivated,33,35,0,11,8374
2026-08-26T00:55:46Z,0,0.0,0.00,0,10.9,0.00,Deactivated,33,35,0,11,8374
2026-08-26T00:55:56Z,0,0.0,0.00,0,10.9,0.00,Deactivated,33,35,0,11,8374
2026-08-26T00:56:06Z,0,0.0,0.00,0,10.9,0.00,Deactivated,33,35,0,11,8374
2026-08-26T00:56:16Z,0,0.0,0.00,0,10.9,0.00,Deactivated,33,35,0,11,8374
2026-08-26T00:56:26Z,0,0.0,0.00,0,10.9,0.00,Deactivated,33,35,0,11,8374
2026-08-26T00:56:36Z,0,0.0,0.00,0,10.8,0.00,Deactivated,33,35,0,11,8374
2026-08-26T00:56:46Z,0,0.0,0.00,0,10.8,0.00,Deactivated,33,35,0,11,8374
2026-08-26T00:56:56Z,0,0.0,0.00,0,10.9,0.00,Deactivated,33,35,0,11,8374
2026-08-26T00:57:06Z,0,0.0,0.00,0,10.9,0.00,Deactivated,33,35,0,11,8374
2026-08-26T00:57:16Z,0,0.0,0.00,0,10.8,0.00,Deactivated,33,35,0,11,8374
2026-08-26T00:57:26Z,0,0.0,0.00,0,10.8,0.00,Deactivated,33,35,0,11,8374
2026-08-26T00:57:36Z,0,0.0,0.00,0,10.8,0.00,Deactivated,33,35,0,11,8374
2026-08-26T00:57:46Z,0,0.0,0.00,0,10.8,0.00,Deactivated,33,35,0,11,8374
2026-08-26T00:57:56Z,0,0.0,0.00,0,10.8,0.00,Deactivated,33,35,0,11,8374
2026-08-26T00:58:06Z,0,0.0,0.00,0,10.8,0.00,Deactivated,33,35,0,11,8374
2026-08-26T00:58:16Z,0,0.0,0.00,0,10.8,0.00,Deactivated,33,35,0,11,8374
2026-08-26T00:58:26Z,0,0.0,0.00,0,10.8,0.00,Deactivated,33,35,0,11,8374
2026-08-26T00:58:36Z,0,0.0,0.00,0,10.8,0.00,Deactivated,33,35,0,11,8374
2026-08-26T00:58:46Z,0,0.0,0.00,0,10.8,0.00,Deactivated,33,35,0,11,8374
2026-08-26T00:58:56Z,0,0.0,0.00,0,10.8,0.00,Deactivated,33,35,0,11,8374
2026-08-26T00:59:06Z,0,0.0,0.00,0,10.8,0.00,Deactivated,33,35,0,11,8374
2026-08-26T00:59:16Z,0,0.0,0.00,0,10.8,0.00,Deactivated,33,35,0,11,8374
2026-08-26T00:59:26Z,0,0.0,0.00,0,10.8,0.00,Deactivated,33,35,0,11,8374
2026-08-26T00:59:36Z,0,0.0,0.00,0,10.8,0.00,Deactivated,33,35,0,11,8374
2026-08-26T00:59:46Z,0,0.0,0.00,0,10.8,0.00,Deactivated,33,35,0,11,8374
2026-08-26T00:59:56Z,0,0.0,0.00,0,10.8,0.00,Deactivated,33,35,0,11,8374
2026-08-26T01:00:06Z,0,0.0,0.00,0,10.8,0.00,Deactivated,33,35,0,11,8374
2026-08-26T01:00:16Z,0,0.0,0.00,0,10.8,0.00,Deactivated,33,35,0,11,8374
2026-08-26T01:00:26Z,0,0.0,0.00,0,10.8,0.00,Deactivated,33,35,0,11,8374
2026-08-26T01:00:36Z,0,0.0,0.00,0,10.8,0.00,Deactivated,33,35,0,11,8374
2026-08-26T01:00:46Z,0,0.0,0.00,0,10.8,0.00,Deactivated,33,35,0,11,8374
2026-08-26T01:00:56Z,0,0.0,0.00,0,10.8,0.00,Deactivated,33,35,0,11,8374
2026-08-26T01:01:06Z,0,0.0,0.00,0,10.8,0.00,Deactivated,33,35,0,11,8374
2026-08-26T01:01:16Z,0,0.0,0.00,0,10.8,0.00,Deactivated,33,35,0,11,8374
2026-08-26T01:01:26Z,0,0.0,0.00,0,10.8,0.00,Deactivated,33,35,0,11,8374
2026-08-26T01:01:36Z,0,0.0,0.00,0,10.8,0.00,Deactivated,33,35,0,11,8374
2026-08-26T01:01:46Z,0,0.0,0.00,0,10.8,0.00,Deactivated,33,35,0,11,8374
2026-08-26T01:01:56Z,0,0.0,0.00,0,10.8,0.00,Deactivated,33,35,0,11,8374
2026-08-26T01:02:06Z,0,0.0,0.00,0,10.8,0.00,Deactivated,33,35,0,11,8374
2026-08-26T01:02:16Z,0,0.0,0.00,0,10.8,0.00,Deactivated,33,35,0,11,8374
2026-08-26T01:02:26Z,0,0.0,0.00,0,10.8,0.00,Deactivated,33,35,0,11,8374
2026-08-26T01:02:36Z,0,0.0,0.00,0,10.8,0.00,Deactivated,33,35,0,11,8374
2026-08-26T01:02:46Z,0,0.0,0.00,0,10.8,0.00,Deactivated,33,35,0,11,8374
2026-08-26T01:02:56Z,0,0.0,0.00,0,10.8,0.00,Deactivated,33,35,0,11,8374
2026-08-26T01:03:06Z,0,0.0,0.00,0,10.8,0.00,Deactivated,33,35,0,11,8374
2026-08-26T01:03:16Z,0,0.0,0.00,0,10.8,0.00,Deactivated,33,35,0,11,8374
2026-08-26T01:03:26Z,0,0.0,0.00,0,10.8,0.00,Deactivated,33,35,0,11,8374
2026-08-26T01:03:36Z,0,0.0,0.00,0,10.8,0.00,Deactivated,33,35,0,11,8374
2026-08-26T01:03:46Z,0,0.0,0.00,0,10.8,0.00,Deactivated,33,35,0,11,8374
2026-08-26T01:03:56Z,0,0.0,0.00,0,10.8,0.00,Deactivated,33,35,0,11,8374
2026-08-26T01:04:06Z,0,0.0,0.00,0,10.8,0.00,Deactivated,33,35,0,11,8374
2026-08-26T01:04:16Z,0,0.0,0.00,0,10.8,0.00,Deactivated,33,35,0,11,8374
2026-08-26T01:04:26Z,0,0.0,0.00,0,10.8,0.00,Deactivated,33,35,0,11,8374
2026-08-26T01:04:36Z,0,0.0,0.00,0,10.8,0.00,Deactivated,33,35,0,11,8374
2026-08-26T01:04:46Z,0,0.0,0.00,0,10.8,0.00,Deactivated,33,35,0,11,8374
2026-08-26T01:04:56Z,0,0.0,0.00,0,10.8,0.00,Deactivated,33,35,0,11,8374
2026-08-26T01:05:06Z,0,0.0,0.00,0,10.8,0.00,Deactivated,33,35,0,11,8374
2026-08-26T01:05:16Z,0,0.0,0.00,0,10.8,0.00,Deactivated,33,35,0,11,8374
2026-08-26T01:05:26Z,0,0.0,0.00,0,10.8,0.00,Deactivated,33,35,0,11,8374
2026-08-26T01:05:36Z,0,0.0,0.00,0,10.8,0.00,Deactivated,33,35,0,11,8374
2026-08-26T01:05:46Z,0,0.0,0.00,0,10.8,0.00,Deactivated,33,35,0,11,8374
2026-08-26T01:05:56Z,0,0.0,0.00,0,10.8,0.00,Deactivated,33,35,0,11,8374
2026-08-26T01:06:06Z,0,0.0,0.00,0,10.8,0.00,Deactivated,33,35,0,11,8374
2026-08-26T01:06:16Z,0,0.0,0.00,0,10.8,0.00,Deactivated,33,35,0,11,8374
2026-08-26T01:06:26Z,0,0.0,0.00,0,10.8,0.00,Deactivated,33,35,0,11,8374
2026-08-26T01:06:36Z,0,0.0,0.00,0,10.8,0.00,Deactivated,33,35,0,11,8374
2026-08-26T01:06:46Z,0,0.0,0.00,0,10.8,0.00,Deactivated,33,35,0,11,8374
2026-08-26T01:06:56Z,0,0.0,0.00,0,10.7,0.00,Deactivated,33,35,0,11,8374
2026-08-26T01:07:06Z,0,0.0,0.00,0,10.7,0.00,Deactivated,33,35,0,11,8374
2026-08-26T01:07:16Z,0,0.0,0.00,0,10.7,0.00,Deactivated,33,35,0,11,8374
2026-08-26T01:07:26Z,0,0.0,0.00,0,10.7,0.00,Deactivated,33,35,0,11,8374
2026-08-26T01:07:36Z,0,0.0,0.00,0,10.7,0.00,Deactivated,33,35,0,11,8374
2026-08-26T01:07:46Z,0,0.0,0.00,0,10.7,0.00,Deactivated,33,35,0,11,8374
2026-08-26T01:07:56Z,0,0.0,0.00,0,10.7,0.00,Deactivated,33,35,0,11,8374
2026-08-26T01:08:06Z,0,0.0,0.00,0,10.7,0.00,Deactivated,33,35,0,11,8374
2026-08-26T01:08:16Z,0,0.0,0.00,0,10.7,0.00,Deactivated,33,35,0,11,8374
2026-08-26T01:08:26Z,0,0.0,0.00,0,10.7,0.00,Deactivated,33,35,0,11,8374
2026-08-26T01:08:36Z,0,0.0,0.00,0,10.7,0.00,Deactivated,33,35,0,11,8374
2026-08-26T01:08:46Z,0,0.0,0.00,0,10.7,0.00,Deactivated,33,35,0,11,8374
2026-08-26T01:08:56Z,0,0.0,0.00,0,10.7,0.00,Deactivated,33,35,0,11,8374
2026-08-26T01:09:06Z,0,0.0,0.00,0,10.7,0.00,Deactivated,33,35,0,11,8374
2026-08-26T01:09:16Z,0,0.0,0.00,0,10.7,0.00,Deactivated,33,35,0,11,8374
2026-08-26T01:09:26Z,0,0.0,0.00,0,10.7,0.00,Deactivated,33,35,0,11,8374
2026-08-26T01:09:36Z,0,0.0,0.00,0,10.7,0.00,Deactivated,33,35,0,11,8374
2026-08-26T01:09:46Z,0,0.0,0.00,0,10.7,0.00,Deactivated,33,35,0,11,8374
2026-08-26T01:09:56Z,0,0.0,0.00,0,10.7,0.00,Deactivated,33,35,0,11,8374
2026-08-26T01:10:06Z,0,0.0,0.00,0,10.7,0.00,Deactivated,33,35,0,11,8374
2026-08-26T01:10:16Z,0,0.0,0.00,0,10.7,0.00,Deactivated,33,35,0,11,8374
2026-08-26T01:10:26Z,0,0.0,0.00,0,10.7,0.00,Deactivated,33,35,0,11,8374
2026-08-26T01:10:36Z,0,0.0,0.00,0,10.7,0.00,Deactivated,33,35,0,11,8374
2026-08-26T01:10:46Z,0,0.0,0.00,0,10.7,0.00,Deactivated,33,35,0,11,8374
2026-08-26T01:10:56Z,0,0.0,0.00,0,10.7,0.00,Deactivated,33,35,0,11,8374
2026-08-26T01:11:06Z,0,0.0,0.00,0,10.7,0.00,Deactivated,33,35,0,11,8374
2026-08-26T01:11:16Z,0,0.0,0.00,0,10.7,0.00,Deactivated,33,35,0,11,8374
2026-08-26T01:11:26Z,0,0.0,0.00,0,10.7,0.00,Deactivated,33,35,0,11,8374
2026-08-26T01:11:36Z,0,0.0,0.00,0,10.7,0.00,Deactivated,33,35,0,11,8374
2026-08-26T01:11:46Z,0,0.0,0.00,0,10.7,0.00,Deactivated,33,35,0,11,8374
2026-08-26T01:11:56Z,0,0.0,0.00,0,10.7,0.00,Deactivated,33,35,0,11,8374
2026-08-26T01:12:06Z,0,0.0,0.00,0,10.7,0.00,Deactivated,33,35,0,11,8374
2026-08-26T01:12:16Z,0,0.0,0.00,0,10.7,0.00,Deactivated,33,35,0,11,8374
2026-08-26T01:12:26Z,0,0.0,0.00,0,10.7,0.00,Deactivated,33,35,0,11,8374
2026-08-26T01:12:36Z,0,0.0,0.00,0,10.7,0.00,Deactivated,33,35,0,11,8374
2026-08-26T01:12:46Z,0,0.0,0.00,0,10.7,0.00,Deactivated,33,35,0,11,8374
2026-08-26T01:12:56Z,0,0.0,0.00,0,10.7,0.00,Deactivated,33,35,0,11,8374
2026-08-26T01:13:06Z,0,0.0,0.00,0,10.7,0.00,Deactivated,33,35,0,11,8374
2026-08-26T01:13:16Z,0,0.0,0.00,0,10.7,0.00,Deactivated,33,35,0,11,8374
2026-08-26T01:13:26Z,0,0.0,0.00,0,10.7,0.00,Deactivated,33,35,0,11,8374
2026-08-26T01:13:36Z,0,0.0,0.00,0,10.7,0.00,Deactivated,33,35,0,11,8374
2026-08-26T01:13:46Z,0,0.0,0.00,0,10.7,0.00,Deactivated,33,35,0,11,8374
2026-08-26T01:13:56Z,0,0.0,0.00,0,10.7,0.00,Deactivated,33,35,0,11,8374
2026-08-26T01:14:06Z,0,0.0,0.00,0,10.7,0.00,Deactivated,33,35,0,11,8374
2026-08-26T01:14:16Z,0,0.0,0.00,0,10.7,0.00,Deactivated,33,35,0,11,8374
2026-08-26T01:14:26Z,0,0.0,0.00,0,10.7,0.00,Deactivated,33,35,0,11,8374
2026-08-26T01:14:36Z,0,0.0,0.00,0,10.7,0.00,Deactivated,33,35,0,11,8374
2026-08-26T01:14:46Z,0,0.0,0.00,0,10.7,0.00,Deactivated,33,35,0,11,8374
2026-08-26T01:14:56Z,0,0.0,0.00,0,10.7,0.00,Deactivated,33,35,0,11,8374
2026-08-26T01:15:06Z,0,0.0,0.00,0,10.7,0.00,Deactivated,33,35,0,11,8374
2026-08-26T01:15:16Z,0,0.0,0.00,0,10.7,0.00,Deactivated,33,35,0,11,8374
2026-08-26T01:15:26Z,0,0.0,0.00,0,10.7,0.00,Deactivated,33,35,0,11,8374
2026-08-26T01:15:36Z,0,0.0,0.00,0,10.7,0.00,Deactivated,33,35,0,11,8374
2026-08-26T01:15:46Z,0,0.0,0.00,0,10.7,0.00,Deactivated,33,35,0,11,8374
2026-08-26T01:15:56Z,0,0.0,0.00,0,10.7,0.00,Deactivated,33,35,0,11,8374
2026-08-26T01:16:06Z,0,0.0,0.00,0,10.7,0.00,Deactivated,33,35,0,11,8374
2026-08-26T01:16:16Z,0,0.0,0.00,0,10.7,0.00,Deactivated,33,35,0,11,8374
2026-08-26T01:16:26Z,0,0.0,0.00,0,10.6,0.00,Deactivated,33,35,0,11,8374
2026-08-26T01:16:36Z,0,0.0,0.00,0,10.6,0.00,Deactivated,33,35,0,11,8374
2026-08-26T01:16:46Z,0,0.0,0.00,0,10.6,0.00,Deactivated,33,35,0,11,8374
2026-08-26T01:16:56Z,0,0.0,0.00,0,10.6,0.00,Deactivated,33,35,0,11,8374
2026-08-26T01:17:06Z,0,0.0,0.00,0,10.6,0.00,Deactivated,33,35,0,11,8374
2026-08-26T01:17:16Z,0,0.0,0.00,0,10.6,0.00,Deactivated,33,35,0,11,8374
2026-08-26T01:17:26Z,0,0.0,0.00,0,10.6,0.00,Deactivated,33,35,0,11,8374
2026-08-26T01:17:36Z,0,0.0,0.00,0,10.6,0.00,Deactivated,33,35,0,11,8374
2026-08-26T01:17:46Z,0,0.0,0.00,0,10.6,0.00,Deactivated,33,35,0,11,8374
2026-08-26T01:17:56Z,0,0.0,0.00,0,10.6,0.00,Deactivated,33,35,0,11,8374
2026-08-26T01:18:06Z,0,0.0,0.00,0,10.6,0.00,Deactivated,33,35,0,11,8374
2026-08-26T01:18:16Z,0,0.0,0.00,0,10.6,0.00,Deactivated,33,35,0,11,8374
2026-08-26T01:18:26Z,0,0.0,0.00,0,10.6,0.00,Deactivated,33,35,0,11,8374
2026-08-26T01:18:36Z,0,0.0,0.00,0,10.6,0.00,Deactivated,33,35,0,11,8374
2026-08-26T01:18:46Z,0,0.0,0.00,0,10.6,0.00,Deactivated,33,35,0,11,8374
2026-08-26T01:18:56Z,0,0.0,0.00,0,10.6,0.00,Deactivated,33,35,0,11,8374
2026-08-26T01:19:06Z,0,0.0,0.00,0,10.6,0.00,Deactivated,33,35,0,11,8374
2026-08-26T01:19:16Z,0,0.0,0.00,0,10.6,0.00,Deactivated,33,35,0,11,8374
2026-08-26T01:19:26Z,0,0.0,0.00,0,10.6,0.00,Deactivated,33,35,0,11,8374
2026-08-26T01:19:36Z,0,0.0,0.00,0,10.6,0.00,Deactivated,33,35,0,11,8374
2026-08-26T01:19:46Z,0,0.0,0.00,0,10.6,0.00,Deactivated,33,35,0,11,8374
2026-08-26T01:19:56Z,0,0.0,0.00,0,10.6,0.00,Deactivated,33,35,0,11,8374
2026-08-26T01:20:06Z,0,0.0,0.00,0,10.6,0.00,Deactivated,33,35,0,11,8374
2026-08-26T01:20:16Z,0,0.0,0.00,0,10.6,0.00,Deactivated,33,35,0,11,8374
2026-08-26T01:20:26Z,0,0.0,0.00,0,10.6,0.00,Deactivated,33,35,0,11,8374
2026-08-26T01:20:36Z,0,0.0,0.00,0,10.6,0.00,Deactivated,33,35,0,11,8374
2026-08-26T01:20:46Z,0,0.0,0.00,0,10.6,0.00,Deactivated,33,35,0,11,8374
2026-08-26T01:20:56Z,0,0.0,0.00,0,10.6,0.00,Deactivated,33,35,0,11,8374
2026-08-26T01:21:06Z,0,0.0,0.00,0,10.6,0.00,Deactivated,33,35,0,11,8374
2026-08-26T01:21:16Z,0,0.0,0.00,0,10.6,0.00,Deactivated,33,35,0,11,8374
2026-08-26T01:21:26Z,0,0.0,0.00,0,10.6,0.00,Deactivated,33,35,0,11,8374
2026-08-26T01:21:36Z,0,0.0,0.00,0,10.6,0.00,Deactivated,33,35,0,11,8374
2026-08-26T01:21:46Z,0,0.0,0.00,0,10.6,0.00,Deactivated,33,35,0,11,8374
2026-08-26T01:21:56Z,0,0.0,0.00,0,10.6,0.00,Deactivated,33,35,0,11,8374
2026-08-26T01:22:06Z,0,0.0,0.00,0,10.6,0.00,Deactivated,33,35,0,11,8374
2026-08-26T01:22:16Z,0,0.0,0.00,0,10.6,0.00,Deactivated,33,35,0,11,8374
2026-08-26T01:22:26Z,0,0.0,0.00,0,10.6,0.00,Deactivated,33,35,0,11,8374
2026-08-26T01:22:36Z,0,0.0,0.00,0,10.6,0.00,Deactivated,33,35,0,11,8374
2026-08-26T01:22:46Z,0,0.0,0.00,0,10.6,0.00,Deactivated,33,35,0,11,8374
2026-08-26T01:22:56Z,0,0.0,0.00,0,10.6,0.00,Deactivated,33,35,0,11,8374
2026-08-26T01:23:06Z,0,0.0,0.00,0,10.6,0.00,Deactivated,33,35,0,11,8374
2026-08-26T01:23:16Z,0,0.0,0.00,0,10.6,0.00,Deactivated,33,35,0,11,8374
2026-08-26T01:23:26Z,0,0.0,0.00,0,10.6,0.00,Deactivated,33,35,0,11,8374
2026-08-26T01:23:36Z,0,0.0,0.00,0,10.6,0.00,Deactivated,33,35,0,11,8374
2026-08-26T01:23:46Z,0,0.0,0.00,0,10.6,0.00,Deactivated,33,35,0,11,8374
2026-08-26T01:23:56Z,0,0.0,0.00,0,10.6,0.00,Deactivated,33,35,0,11,8374
2026-08-26T01:24:06Z,0,0.0,0.00,0,10.6,0.00,Deactivated,33,35,0,11,8374
2026-08-26T01:24:16Z,0,0.0,0.00,0,10.5,0.00,Deactivated,33,35,0,11,8374
2026-08-26T01:24:26Z,0,0.0,0.00,0,10.5,0.00,Deactivated,33,35,0,11,8374
2026-08-26T01:24:36Z,0,0.0,0.00,0,10.5,0.00,Deactivated,33,35,0,11,8374
2026-08-26T01:24:46Z,0,0.0,0.00,0,10.5,0.00,Deactivated,33,35,0,11,8374
2026-08-26T01:24:56Z,0,0.0,0.00,0,10.5,0.00,Deactivated,33,35,0,11,8374
2026-08-26T01:25:06Z,0,0.0,0.00,0,10.5,0.00,Deactivated,33,35,0,11,8374
2026-08-26T01:25:16Z,0,0.0,0.00,0,10.5,0.00,Deactivated,33,35,0,11,8374
2026-08-26T01:25:26Z,0,0.0,0.00,0,10.5,0.00,Deactivated,33,35,0,11,8374
2026-08-26T01:25:36Z,0,0.0,0.00,0,10.5,0.00,Deactivated,33,35,0,11,8374
2026-08-26T01:25:46Z,0,0.0,0.00,0,10.5,0.00,Deactivated,33,35,0,11,8374
2026-08-26T01:25:56Z,0,0.0,0.00,0,10.5,0.00,Deactivated,33,35,0,11,8374
2026-08-26T01:26:06Z,0,0.0,0.00,0,10.5,0.00,Deactivated,33,35,0,11,8374
2026-08-26T01:26:16Z,0,0.0,0.00,0,10.5,0.00,Deactivated,33,35,0,11,8374
2026-08-26T01:26:26Z,0,0.0,0.00,0,10.5,0.00,Deactivated,33,35,0,11,8374
2026-08-26T01:26:36Z,0,0.0,0.00,0,10.5,0.00,Deactivated,33,35,0,11,8374
2026-08-26T01:26:46Z,0,0.0,0.00,0,10.5,0.00,Deactivated,33,35,0,11,8374
2026-08-26T01:26:56Z,0,0.0,0.00,0,10.5,0.00,Deactivated,33,35,0,11,8374
2026-08-26T01:27:06Z,0,0.0,0.00,0,10.5,0.00,Deactivated,33,35,0,11,8374
2026-08-26T01:27:16Z,0,0.0,0.00,0,10.5,0.00,Deactivated,33,35,0,11,8374
2026-08-26T01:27:26Z,0,0.0,0.00,0,10.5,0.00,Deactivated,33,35,0,11,8374
2026-08-26T01:27:36Z,0,0.0,0.00,0,10.5,0.00,Deactivated,33,35,0,11,8374
2026-08-26T01:27:46Z,0,0.0,0.00,0,10.5,0.00,Deactivated,33,35,0,11,8374
2026-08-26T01:27:56Z,0,0.0,0.00,0,10.5,0.00,Deactivated,33,35,0,11,8374
2026-08-26T01:28:06Z,0,0.0,0.00,0,10.5,0.00,Deactivated,33,35,0,11,8374
2026-08-26T01:28:16Z,0,0.0,0.00,0,10.5,0.00,Deactivated,33,35,0,11,8374
2026-08-26T01:28:26Z,0,0.0,0.00,0,10.5,0.00,Deactivated,33,35,0,11,8374
2026-08-26T01:28:36Z,0,0.0,0.00,0,10.5,0.00,Deactivated,33,35,0,11,8374
2026-08-26T01:28:46Z,0,0.0,0.00,0,10.5,0.00,Deactivated,33,35,0,11,8374
2026-08-26T01:28:56Z,0,0.0,0.00,0,10.5,0.00,Deactivated,33,35,0,11,8374
2026-08-26T01:29:06Z,0,0.0,0.00,0,10.5,0.00,Deactivated,33,35,0,11,8374
2026-08-26T01:29:16Z,0,0.0,0.00,0,10.5,0.00,Deactivated,33,35,0,11,8374
2026-08-26T01:29:26Z,0,0.0,0.00,0,10.5,0.00,Deactivated,33,35,0,11,8374
2026-08-26T01:29:36Z,0,0.0,0.00,0,10.5,0.00,Deactivated,33,35,0,11,8374
2026-08-26T01:29:46Z,0,0.0,0.00,0,10.5,0.00,Deactivated,33,35,0,11,8374
2026-08-26T01:29:56Z,0,0.0,0.00,0,10.5,0.00,Deactivated,33,35,0,11,8374
2026-08-26T01:30:06Z,0,0.0,0.00,0,10.5,0.00,Deactivated,33,35,0,11,8374
2026-08-26T01:30:16Z,0,0.0,0.00,0,10.5,0.00,Deactivated,33,35,0,11,8374
2026-08-26T01:30:26Z,0,0.0,0.00,0,10.5,0.00,Deactivated,33,35,0,11,8374
2026-08-26T01:30:36Z,0,0.0,0.00,0,10.5,0.00,Deactivated,33,35,0,11,8374
2026-08-26T01:30:46Z,0,0.0,0.00,0,10.5,0.00,Deactivated,33,35,0,11,8374
2026-08-26T01:30:56Z,0,0.0,0.00,0,10.5,0.00,Deactivated,33,35,0,11,8374
2026-08-26T01:31:06Z,0,0.0,0.00,0,10.5,0.00,Deactivated,33,35,0,11,8374
2026-08-26T01:31:16Z,0,0.0,0.00,0,10.5,0.00,Deactivated,33,35,0,11,8374
2026-08-26T01:31:26Z,0,0.0,0.00,0,10.5,0.00,Deactivated,33,35,0,11,8374
2026-08-26T01:31:36Z,0,0.0,0.00,0,10.5,0.00,Deactivated,33,35,0,11,8374
2026-08-26T01:31:46Z,0,0.0,0.00,0,10.4,0.00,Deactivated,33,35,0,11,8374
2026-08-26T01:31:56Z,0,0.0,0.00,0,10.4,0.00,Deactivated,33,35,0,11,8374
2026-08-26T01:32:06Z,0,0.0,0.00,0,10.4,0.00,Deactivated,33,35,0,11,8374
2026-08-26T01:32:16Z,0,0.0,0.00,0,10.4,0.00,Deactivated,33,35,0,11,8374
2026-08-26T01:32:26Z,0,0.0,0.00,0,10.4,0.00,Deactivated,33,35,0,11,8374
2026-08-26T01:32:36Z,0,0.0,0.00,0,10.4,0.00,Deactivated,33,35,0,11,8374
2026-08-26T01:32:46Z,0,0.0,0.00,0,10.4,0.00,Deactivated,33,35,0,11,8374
2026-08-26T01:32:56Z,0,0.0,0.00,0,10.4,0.00,Deactivated,33,35,0,11,8374
2026-08-26T01:33:06Z,0,0.0,0.00,0,10.4,0.00,Deactivated,33,35,0,11,8374
2026-08-26T01:33:16Z,0,0.0,0.00,0,10.4,0.00,Deactivated,33,35,0,11,8374
2026-08-26T01:33:26Z,0,0.0,0.00,0,10.4,0.00,Deactivated,33,35,0,11,8374
2026-08-26T01:33:36Z,0,0.0,0.00,0,10.4,0.00,Deactivated,33,35,0,11,8374
2026-08-26T01:33:46Z,0,0.0,0.00,0,10.4,0.00,Deactivated,33,35,0,11,8374
2026-08-26T12:09:12Z,0,27.9,0.00,0,10.6,0.00,MPPT Charging,22,23,0,0,8374
2026-08-26T12:09:22Z,0,28.0,0.00,0,10.6,0.00,MPPT Charging,22,23,0,0,8374
2026-08-26T12:09:32Z,0,27.1,0.00,0,10.6,0.00,MPPT Charging,22,23,0,0,8374
2026-08-26T12:09:42Z,0,29.0,0.00,0,10.6,0.00,MPPT Charging,22,23,0,0,8374
2026-08-26T12:09:53Z,0,27.6,0.00,0,10.6,0.00,MPPT Charging,22,23,0,0,8374
2026-08-26T12:10:03Z,0,28.4,0.00,0,10.6,0.00,MPPT Charging,23,23,0,0,8374
2026-08-26T12:10:13Z,0,26.9,0.00,0,10.6,0.00,MPPT Charging,22,23,0,0,8374
2026-08-26T12:10:23Z,0,29.3,0.00,0,10.6,0.00,MPPT Charging,22,23,0,0,8374
2026-08-26T12:10:33Z,0,29.2,0.00,0,10.6,0.00,MPPT Charging,22,23,0,0,8374
2026-08-26T12:10:43Z,0,27.4,0.00,0,10.6,0.00,MPPT Charging,22,23,0,0,8374
2026-08-26T12:10:53Z,0,29.3,0.00,0,10.6,0.00,MPPT Charging,22,23,0,0,8374
2026-08-26T12:11:03Z,0,27.8,0.00,0,10.6,0.00,MPPT Charging,22,23,0,0,8374
2026-08-26T12:11:13Z,0,26.2,0.00,0,10.6,0.00,MPPT Charging,22,23,0,0,8374
2026-08-26T12:11:23Z,0,29.0,0.00,0,10.6,0.00,MPPT Charging,22,23,0,0,8374
2026-08-26T12:11:33Z,0,26.7,0.00,0,10.6,0.00,MPPT Charging,23,23,0,0,8374
2026-08-26T12:11:43Z,0,25.6,0.00,0,10.6,0.00,MPPT Charging,22,23,0,0,8374
2026-08-26T12:11:53Z,0,27.8,0.00,0,10.6,0.00,MPPT Charging,22,23,0,0,8374
2026-08-26T12:12:03Z,0,27.0,0.00,0,10.6,0.00,MPPT Charging,22,23,0,0,8374
2026-08-26T12:12:13Z,0,27.0,0.00,0,10.6,0.00,MPPT Charging,23,23,0,0,8374
2026-08-26T12:12:23Z,0,30.5,0.00,0,10.6,0.00,MPPT Charging,23,23,0,0,8374
2026-08-26T12:12:32Z,0,26.8,0.00,0,10.6,0.00,MPPT Charging,23,23,0,0,8374
2026-08-26T12:12:42Z,0,29.1,0.00,0,10.6,0.00,MPPT Charging,23,23,0,0,8374
2026-08-26T12:12:53Z,0,26.0,0.00,0,10.6,0.00,MPPT Charging,23,23,0,0,8374
2026-08-26T12:13:02Z,0,29.5,0.00,0,10.6,0.00,MPPT Charging,23,23,0,0,8374
2026-08-26T12:13:13Z,0,28.0,0.00,0,10.6,0.00,MPPT Charging,23,23,0,0,8374
2026-08-26T12:13:22Z,0,27.5,0.00,0,10.6,0.00,MPPT Charging,23,23,0,0,8374
2026-08-26T12:13:33Z,0,27.4,0.00,0,10.6,0.00,MPPT Charging,23,23,0,0,8374
2026-08-26T12:13:43Z,0,27.0,0.00,0,10.6,0.00,MPPT Charging,23,23,0,0,8374
2026-08-26T12:13:52Z,0,28.8,0.00,0,10.6,0.00,MPPT Charging,23,23,0,0,8374
2026-08-26T12:14:03Z,0,28.6,0.00,0,10.6,0.00,MPPT Charging,23,23,0,0,8374
2026-08-26T12:14:13Z,0,29.0,0.00,0,10.6,0.00,MPPT Charging,23,23,0,0,8374
2026-08-26T12:14:23Z,0,27.8,0.00,0,10.6,0.00,MPPT Charging,23,23,0,0,8374
2026-08-26T12:14:33Z,0,29.9,0.00,0,10.6,0.00,MPPT Charging,23,23,0,0,8374
2026-08-26T12:14:42Z,0,26.1,0.00,0,10.6,0.00,MPPT Charging,23,23,0,0,8374
2026-08-26T12:14:52Z,0,27.9,0.00,0,10.6,0.00,MPPT Charging,23,23,0,0,8374
2026-08-26T12:15:03Z,0,28.8,0.00,0,10.6,0.00,MPPT Charging,23,23,0,0,8374
2026-08-26T12:15:13Z,0,29.6,0.00,0,10.6,0.00,MPPT Charging,23,23,0,0,8374
2026-08-26T12:15:23Z,0,27.4,0.00,0,10.6,0.00,MPPT Charging,23,23,0,0,8374
2026-08-26T12:15:33Z,0,25.9,0.00,0,10.6,0.00,MPPT Charging,23,23,0,0,8374
2026-08-26T12:15:42Z,0,27.8,0.00,0,10.6,0.00,MPPT Charging,23,23,0,0,8374
2026-08-26T12:15:52Z,0,28.5,0.00,0,10.6,0.00,MPPT Charging,23,23,0,0,8374
2026-08-26T12:16:03Z,0,27.6,0.00,0,10.6,0.00,MPPT Charging,23,23,0,0,8374
2026-08-26T12:16:12Z,0,29.2,0.00,0,10.6,0.00,MPPT Charging,23,23,0,0,8374
2026-08-26T12:16:23Z,0,30.2,0.00,0,10.6,0.00,MPPT Charging,23,23,0,0,8374
2026-08-26T12:16:32Z,0,28.4,0.00,0,10.6,0.00,MPPT Charging,23,23,0,0,8374
2026-08-26T12:16:43Z,0,27.5,0.00,0,10.6,0.00,MPPT Charging,23,23,0,0,8374
2026-08-26T12:16:53Z,0,28.4,0.00,0,10.6,0.00,MPPT Charging,23,23,0,0,8374
2026-08-26T12:17:02Z,0,27.3,0.00,0,10.6,0.00,MPPT Charging,23,23,0,0,8374
2026-08-26T12:17:13Z,0,28.4,0.00,0,10.6,0.00,MPPT Charging,23,23,0,0,8374
2026-08-26T12:17:22Z,0,22.1,0.00,0,10.6,0.00,MPPT Charging,23,23,0,0,8374
2026-08-26T12:17:33Z,0,29.1,0.00,0,10.6,0.00,MPPT Charging,23,23,0,0,8374
2026-08-26T12:17:43Z,0,28.7,0.00,0,10.6,0.00,MPPT Charging,23,23,0,0,8374
2026-08-26T12:17:53Z,0,26.8,0.00,0,10.6,0.00,MPPT Charging,23,23,0,0,8374
2026-08-26T12:18:03Z,0,28.7,0.00,0,10.6,0.00,MPPT Charging,23,23,0,0,8374
2026-08-26T12:18:13Z,0,27.4,0.00,0,10.6,0.00,MPPT Charging,23,23,0,0,8374
2026-08-26T12:18:23Z,0,27.2,0.00,0,10.6,0.00,MPPT Charging,23,23,0,0,8374
2026-08-26T12:18:33Z,0,24.8,0.00,0,10.6,0.00,MPPT Charging,23,23,0,0,8374
2026-08-26T12:18:43Z,0,26.9,0.00,0,10.6,0.00,MPPT Charging,23,23,0,0,8374
2026-08-26T12:18:52Z,0,25.6,0.00,0,10.6,0.00,MPPT Charging,23,23,0,0,8374
2026-08-26T12:19:02Z,0,25.7,0.00,0,10.6,0.00,MPPT Charging,23,23,0,0,8374
2026-08-26T12:19:13Z,0,27.2,0.00,0,10.6,0.00,MPPT Charging,23,23,0,0,8374
2026-08-26T12:19:23Z,0,26.3,0.00,0,10.6,0.00,MPPT Charging,23,23,0,0,8374
2026-08-26T12:19:33Z,0,27.0,0.00,0,10.6,0.00,MPPT Charging,23,23,0,0,8374
2026-08-26T12:19:43Z,0,28.1,0.00,0,10.6,0.00,MPPT Charging,23,23,0,0,8374
2026-08-26T12:19:53Z,0,27.7,0.00,0,10.6,0.00,MPPT Charging,23,23,0,0,8374
2026-08-26T12:20:03Z,0,27.5,0.00,0,10.6,0.00,MPPT Charging,23,23,0,0,8374
2026-08-26T12:20:13Z,0,27.4,0.00,0,10.6,0.00,MPPT Charging,23,23,0,0,8374
2026-08-26T12:20:23Z,0,27.0,0.00,0,10.6,0.00,MPPT Charging,23,23,0,0,8374
2026-08-26T12:20:34Z,0,27.3,0.00,0,10.6,0.00,MPPT Charging,23,23,0,0,8374
2026-08-26T12:20:43Z,0,25.7,0.00,0,10.6,0.00,MPPT Charging,23,23,0,0,8374
2026-08-26T12:20:53Z,0,25.4,0.00,0,10.6,0.00,MPPT Charging,23,23,0,0,8374
2026-08-26T12:21:03Z,0,28.1,0.00,0,10.6,0.00,MPPT Charging,23,23,0,0,8374
2026-08-26T12:21:13Z,0,29.2,0.00,0,10.6,0.00,MPPT Charging,23,23,0,0,8374
2026-08-26T12:21:23Z,0,28.4,0.00,0,10.6,0.00,MPPT Charging,23,23,0,0,8374
2026-08-26T12:21:33Z,0,27.4,0.00,0,10.6,0.00,MPPT Charging,23,23,0,0,8374
2026-08-26T12:21:43Z,0,28.3,0.00,0,10.6,0.00,MPPT Charging,23,23,0,0,8374
2026-08-26T12:21:53Z,0,27.0,0.00,0,10.6,0.00,MPPT Charging,23,23,0,0,8374
2026-08-26T12:22:02Z,0,28.9,0.00,0,10.6,0.00,MPPT Charging,23,23,0,0,8374
2026-08-26T12:22:12Z,0,25.8,0.00,0,10.6,0.00,MPPT Charging,23,23,0,0,8374
2026-08-26T12:22:23Z,0,30.5,0.00,0,10.6,0.00,MPPT Charging,23,23,0,0,8374
2026-08-26T12:22:33Z,0,12.4,0.00,0,10.6,0.00,MPPT Charging,23,23,0,0,8374
2026-08-26T12:22:43Z,0,26.9,0.00,0,10.6,0.00,MPPT Charging,23,23,0,0,8374
2026-08-26T12:22:53Z,0,27.3,0.00,0,10.6,0.00,MPPT Charging,23,23,0,0,8374
2026-08-26T12:23:03Z,0,29.1,0.00,0,10.6,0.00,MPPT Charging,23,23,0,0,8374
2026-08-26T12:23:13Z,0,28.9,0.00,0,10.6,0.00,MPPT Charging,23,23,0,0,8374
2026-08-26T12:23:22Z,0,29.0,0.00,0,10.6,0.00,MPPT Charging,23,23,0,0,8374
2026-08-26T12:23:33Z,0,27.3,0.00,0,10.6,0.00,MPPT Charging,23,23,0,0,8374
2026-08-26T12:23:42Z,0,28.7,0.00,0,10.7,0.00,MPPT Charging,23,23,0,0,8374
2026-08-26T12:23:53Z,0,28.4,0.00,0,10.6,0.00,MPPT Charging,23,24,0,0,8374
2026-08-26T12:24:02Z,0,27.1,0.00,0,10.7,0.00,MPPT Charging,23,23,0,0,8374
2026-08-26T12:24:13Z,0,28.3,0.00,0,10.7,0.00,MPPT Charging,23,23,0,0,8374
2026-08-26T12:24:23Z,0,27.5,0.00,0,10.7,0.00,MPPT Charging,23,23,0,0,8374
2026-08-26T12:24:33Z,0,27.5,0.00,0,10.7,0.00,MPPT Charging,23,23,0,0,8374
2026-08-26T12:24:43Z,0,25.8,0.00,0,10.6,0.00,MPPT Charging,23,23,0,0,8374
2026-08-26T12:24:53Z,0,28.8,0.00,0,10.7,0.00,MPPT Charging,23,23,0,0,8374
2026-08-26T12:25:02Z,0,28.5,0.00,0,10.7,0.00,MPPT Charging,23,23,0,0,8374
2026-08-26T12:25:13Z,0,28.5,0.00,0,10.7,0.00,MPPT Charging,23,23,0,0,8374
2026-08-26T12:25:23Z,0,26.5,0.00,0,10.7,0.00,MPPT Charging,23,23,0,0,8374
2026-08-26T12:25:33Z,0,27.8,0.00,0,10.7,0.00,MPPT Charging,23,23,0,0,8374
2026-08-26T12:25:43Z,0,26.8,0.00,0,10.7,0.00,MPPT Charging,23,23,0,0,8374
2026-08-26T12:25:53Z,0,30.2,0.00,0,10.7,0.00,MPPT Charging,23,23,0,0,8374
2026-08-26T12:26:03Z,0,27.9,0.00,0,10.7,0.00,MPPT Charging,23,23,0,0,8374
2026-08-26T12:26:13Z,0,30.3,0.00,0,10.7,0.00,MPPT Charging,23,23,0,0,8374
2026-08-26T12:26:22Z,0,28.8,0.00,0,10.7,0.00,MPPT Charging,23,23,0,0,8374
2026-08-26T12:26:33Z,0,29.0,0.00,0,10.7,0.00,MPPT Charging,23,23,0,0,8374
2026-08-26T12:26:43Z,0,29.2,0.00,0,10.7,0.00,MPPT Charging,23,23,0,0,8374
2026-08-26T12:26:53Z,0,29.5,0.00,0,10.7,0.00,MPPT Charging,23,23,0,0,8374
2026-08-26T12:27:03Z,0,28.5,0.00,0,10.7,0.00,MPPT Charging,23,23,0,0,8374
2026-08-26T12:27:13Z,0,26.6,0.00,0,10.7,0.00,MPPT Charging,23,23,0,0,8374
2026-08-26T12:27:23Z,0,29.1,0.00,0,10.7,0.00,MPPT Charging,23,23,0,0,8374
2026-08-26T12:27:33Z,0,27.8,0.00,0,10.7,0.00,MPPT Charging,23,23,0,0,8374
2026-08-26T12:27:42Z,0,12.8,0.00,0,10.7,0.00,MPPT Charging,23,23,0,0,8374
2026-08-26T12:27:52Z,0,28.1,0.00,0,10.7,0.00,MPPT Charging,23,23,0,0,8374
2026-08-26T12:28:02Z,0,27.5,0.00,0,10.7,0.00,MPPT Charging,23,23,0,0,8374
2026-08-26T12:28:12Z,0,29.1,0.00,0,10.7,0.00,MPPT Charging,23,23,0,0,8374
2026-08-26T12:28:22Z,0,28.1,0.00,0,10.7,0.00,MPPT Charging,23,23,0,0,8374
2026-08-26T12:28:32Z,0,31.6,0.00,0,10.7,0.00,MPPT Charging,23,23,0,0,8374
2026-08-26T12:28:42Z,0,31.8,0.00,0,10.7,0.00,MPPT Charging,23,23,0,0,8374
2026-08-26T12:28:52Z,0,31.0,0.00,0,10.7,0.00,MPPT Charging,23,23,0,0,8374
2026-08-26T12:29:02Z,0,31.2,0.00,0,10.7,0.00,MPPT Charging,23,23,0,0,8374
2026-08-26T12:29:12Z,0,29.9,0.00,0,10.7,0.00,MPPT Charging,23,23,0,0,8374
2026-08-26T12:29:22Z,0,29.6,0.00,0,10.7,0.00,MPPT Charging,23,23,0,0,8374
2026-08-26T12:29:32Z,0,33.7,0.00,0,10.7,0.00,MPPT Charging,23,23,0,0,8374
2026-08-26T12:29:43Z,0,31.4,0.00,0,10.7,0.00,MPPT Charging,23,23,0,0,8374
2026-08-26T12:29:52Z,0,31.8,0.00,0,10.7,0.00,MPPT Charging,23,23,0,0,8374
2026-08-26T12:30:02Z,0,31.4,0.00,0,10.7,0.00,MPPT Charging,23,23,0,0,8374
2026-08-26T12:30:12Z,0,30.8,0.00,0,10.7,0.00,MPPT Charging,23,23,0,0,8374
2026-08-26T12:30:22Z,0,30.4,0.00,0,10.7,0.00,MPPT Charging,23,23,0,0,8374
2026-08-26T12:30:32Z,0,28.9,0.00,0,10.7,0.00,MPPT Charging,23,23,0,0,8374
2026-08-26T12:30:42Z,0,30.6,0.00,0,10.7,0.00,MPPT Charging,23,23,0,0,8374
2026-08-26T12:30:53Z,0,31.2,0.00,0,10.7,0.00,MPPT Charging,23,23,0,0,8374
2026-08-26T12:31:02Z,0,32.1,0.00,0,10.7,0.00,MPPT Charging,23,23,0,0,8374
2026-08-26T12:31:12Z,0,30.2,0.00,0,10.7,0.00,MPPT Charging,23,23,0,0,8374
2026-08-26T12:31:22Z,0,32.5,0.00,0,10.7,0.00,MPPT Charging,23,23,0,0,8374
2026-08-26T12:31:33Z,0,31.4,0.00,0,10.7,0.00,MPPT Charging,23,23,0,0,8374
2026-08-26T12:31:42Z,0,30.8,0.00,0,10.7,0.00,MPPT Charging,23,23,0,0,8374
2026-08-26T12:31:52Z,0,30.1,0.00,0,10.7,0.00,MPPT Charging,23,23,0,0,8374
2026-08-26T12:32:02Z,0,32.5,0.00,0,10.7,0.00,MPPT Charging,23,23,0,0,8374
2026-08-26T12:32:12Z,0,34.1,0.00,0,10.7,0.00,MPPT Charging,23,23,0,0,8374
2026-08-26T12:32:22Z,0,31.5,0.00,0,10.8,0.00,MPPT Charging,23,23,0,0,8374
2026-08-26T12:32:32Z,0,33.2,0.00,0,10.8,0.00,MPPT Charging,23,23,0,0,8374
2026-08-26T12:32:42Z,0,32.2,0.00,0,10.8,0.00,MPPT Charging,23,23,0,0,8374
2026-08-26T12:32:52Z,0,22.3,0.00,0,10.7,0.00,MPPT Charging,23,23,0,0,8374
2026-08-26T12:33:02Z,0,29.0,0.00,0,10.7,0.00,MPPT Charging,23,23,0,0,8374
2026-08-26T12:33:12Z,0,30.2,0.00,0,10.7,0.00,MPPT Charging,23,23,0,0,8374
2026-08-26T12:33:22Z,0,31.3,0.00,0,10.7,0.00,MPPT Charging,23,23,0,0,8374
2026-08-26T12:33:32Z,0,31.6,0.00,0,10.7,0.00,MPPT Charging,23,23,0,0,8374
2026-08-26T12:33:42Z,0,30.0,0.00,0,10.7,0.00,MPPT Charging,23,23,0,0,8374
2026-08-26T12:33:52Z,0,29.2,0.00,0,10.7,0.00,MPPT Charging,23,23,0,0,8374
2026-08-26T12:34:02Z,0,31.1,0.00,0,10.8,0.00,MPPT Charging,23,23,0,0,8374
2026-08-26T12:34:12Z,0,30.2,0.00,0,10.8,0.00,MPPT Charging,23,23,0,0,8374
2026-08-26T12:34:22Z,0,29.9,0.00,0,10.8,0.00,MPPT Charging,23,23,0,0,8374
2026-08-26T12:34:32Z,0,31.6,0.00,0,10.8,0.00,MPPT Charging,23,23,0,0,8374
2026-08-26T12:34:42Z,0,32.1,0.00,0,10.8,0.00,MPPT Charging,23,23,0,0,8374
2026-08-26T12:34:53Z,0,30.3,0.00,0,10.8,0.00,MPPT Charging,23,23,0,0,8374
2026-08-26T12:35:02Z,0,32.8,0.00,0,10.8,0.00,MPPT Charging,23,23,0,0,8374
2026-08-26T12:35:12Z,0,29.0,0.00,0,10.8,0.00,MPPT Charging,23,23,0,0,8374
2026-08-26T12:35:22Z,0,33.9,0.00,0,10.8,0.00,MPPT Charging,23,23,0,0,8374
2026-08-26T12:35:32Z,0,34.0,0.00,0,10.8,0.00,MPPT Charging,23,23,0,0,8374
2026-08-26T12:35:43Z,0,31.8,0.00,0,10.8,0.00,MPPT Charging,23,23,0,0,8374
2026-08-26T12:35:52Z,0,31.6,0.00,0,10.8,0.00,MPPT Charging,23,23,0,0,8374
2026-08-26T12:36:03Z,0,32.1,0.00,0,10.8,0.00,MPPT Charging,23,23,0,0,8374
2026-08-26T12:36:12Z,0,32.6,0.00,0,10.8,0.00,MPPT Charging,23,23,0,0,8374
2026-08-26T12:36:22Z,0,28.0,0.00,0,10.8,0.00,MPPT Charging,23,23,0,0,8374
2026-08-26T12:36:33Z,0,25.6,0.00,0,10.8,0.00,MPPT Charging,23,23,0,0,8374
2026-08-26T12:36:43Z,0,24.7,0.00,0,10.8,0.00,MPPT Charging,23,23,0,0,8374
2026-08-26T12:36:53Z,0,29.6,0.00,0,10.8,0.00,MPPT Charging,23,23,0,0,8374
2026-08-26T12:37:02Z,0,33.5,0.00,0,10.8,0.00,MPPT Charging,23,23,0,0,8374
2026-08-26T12:37:12Z,0,31.2,0.00,0,10.8,0.00,MPPT Charging,23,23,0,0,8374
2026-08-26T12:37:22Z,0,32.2,0.00,0,10.8,0.00,MPPT Charging,23,23,0,0,8374
2026-08-26T12:37:32Z,0,32.3,0.00,0,10.8,0.00,MPPT Charging,23,23,0,0,8374
2026-08-26T12:37:42Z,0,34.9,0.00,0,10.8,0.00,MPPT Charging,23,23,0,0,8374
2026-08-26T12:37:52Z,0,34.3,0.00,0,10.8,0.00,MPPT Charging,23,23,0,0,8374
2026-08-26T12:38:02Z,0,32.9,0.00,0,10.8,0.00,MPPT Charging,23,23,0,0,8374
2026-08-26T12:38:12Z,0,33.1,0.00,0,10.8,0.00,MPPT Charging,23,23,0,0,8374
2026-08-26T12:38:22Z,0,32.7,0.00,0,10.8,0.00,MPPT Charging,23,23,0,0,8374
2026-08-26T12:38:33Z,0,32.2,0.00,0,10.8,0.00,MPPT Charging,23,23,0,0,8374
2026-08-26T12:38:42Z,0,33.2,0.00,0,10.8,0.00,MPPT Charging,23,23,0,0,8374
2026-08-26T12:38:53Z,0,32.8,0.00,0,10.8,0.00,MPPT Charging,23,23,0,0,8374
2026-08-26T12:39:03Z,0,32.4,0.00,0,10.8,0.00,MPPT Charging,23,23,0,0,8374
2026-08-26T12:39:13Z,0,32.9,0.00,0,10.8,0.00,MPPT Charging,23,23,0,0,8374
2026-08-26T12:39:23Z,0,33.6,0.00,0,10.9,0.00,MPPT Charging,23,23,0,0,8374
2026-08-26T12:39:33Z,0,33.3,0.00,0,10.9,0.00,MPPT Charging,23,23,0,0,8374
2026-08-26T12:39:42Z,0,33.4,0.00,0,10.9,0.00,MPPT Charging,23,23,0,0,8374
2026-08-26T12:39:53Z,0,33.1,0.00,0,10.9,0.00,MPPT Charging,23,23,0,0,8374
2026-08-26T12:40:03Z,0,32.4,0.00,0,10.9,0.00,MPPT Charging,23,23,0,0,8374
2026-08-26T12:40:12Z,0,33.1,0.00,0,10.9,0.00,MPPT Charging,23,23,0,0,8374
2026-08-26T12:40:22Z,0,34.3,0.00,0,10.9,0.00,MPPT Charging,23,23,0,0,8374
2026-08-26T12:40:33Z,0,31.1,0.00,0,10.9,0.00,MPPT Charging,23,23,0,0,8374
2026-08-26T12:40:42Z,0,34.7,0.00,0,10.9,0.00,MPPT Charging,23,23,0,0,8374
2026-08-26T12:40:52Z,1,32.8,0.03,0,10.9,0.07,MPPT Charging,23,23,0,0,8374
2026-08-26T12:41:02Z,2,32.6,0.06,0,10.9,0.17,MPPT Charging,23,23,0,0,8374
2026-08-26T12:41:12Z,3,33.8,0.08,0,10.9,0.27,MPPT Charging,23,23,0,0,8374
2026-08-26T12:41:23Z,4,34.5,0.11,0,10.9,0.32,MPPT Charging,23,23,0,0,8374
2026-08-26T12:41:33Z,2,34.3,0.05,0,10.9,0.17,MPPT Charging,23,23,0,0,8374
2026-08-26T12:41:43Z,1,34.4,0.02,0,10.9,0.07,MPPT Charging,24,23,0,0,8374
2026-08-26T12:41:53Z,0,34.3,0.00,0,10.9,0.00,MPPT Charging,24,23,0,0,8374
2026-08-26T12:42:02Z,0,34.3,0.00,0,10.9,0.00,MPPT Charging,24,23,0,0,8374
2026-08-26T12:42:12Z,0,33.7,0.00,0,10.9,0.00,MPPT Charging,24,23,0,0,8374
2026-08-26T12:42:22Z,0,32.8,0.00,0,10.9,0.00,MPPT Charging,24,23,0,0,8374
2026-08-26T12:42:33Z,0,29.4,0.00,0,10.9,0.00,MPPT Charging,24,23,0,0,8374
2026-08-26T12:42:42Z,0,30.4,0.00,0,10.9,0.00,MPPT Charging,24,23,0,0,8374
2026-08-26T12:42:52Z,0,29.6,0.00,0,10.9,0.00,MPPT Charging,24,23,0,0,8374
2026-08-26T12:43:03Z,0,31.3,0.00,0,10.9,0.00,MPPT Charging,24,23,0,0,8374
2026-08-26T12:43:13Z,0,31.5,0.00,0,10.9,0.00,MPPT Charging,24,23,0,0,8374
2026-08-26T12:43:22Z,0,34.5,0.00,0,10.9,0.00,MPPT Charging,24,23,0,0,8374
2026-08-26T12:43:32Z,0,32.9,0.00,0,10.9,0.00,MPPT Charging,24,23,0,0,8374
2026-08-26T12:43:42Z,0,34.1,0.00,0,10.9,0.00,MPPT Charging,24,23,0,0,8374
2026-08-26T12:43:52Z,0,32.4,0.00,0,10.9,0.00,MPPT Charging,24,23,0,0,8374
2026-08-26T12:44:03Z,0,32.7,0.00,0,10.9,0.00,MPPT Charging,24,23,0,0,8374
2026-08-26T12:44:12Z,0,31.6,0.00,0,10.9,0.00,MPPT Charging,24,23,0,0,8374
2026-08-26T12:44:23Z,0,30.9,0.00,0,10.9,0.00,MPPT Charging,24,23,0,0,8374
2026-08-26T12:44:32Z,0,31.6,0.00,0,10.9,0.00,MPPT Charging,24,23,0,0,8374
2026-08-26T12:44:43Z,0,31.6,0.00,0,10.9,0.00,MPPT Charging,24,23,0,0,8374
2026-08-26T12:44:53Z,0,32.1,0.00,0,10.9,0.00,MPPT Charging,24,23,0,0,8374
2026-08-26T12:45:03Z,0,33.8,0.00,0,10.9,0.00,MPPT Charging,24,23,0,0,8374
2026-08-26T12:45:13Z,0,32.3,0.00,0,10.9,0.00,MPPT Charging,24,23,0,0,8374
2026-08-26T12:45:23Z,0,34.3,0.00,0,10.9,0.00,MPPT Charging,24,23,0,0,8374
2026-08-26T12:45:33Z,0,32.2,0.00,0,10.9,0.00,MPPT Charging,24,23,0,0,8374
2026-08-26T12:45:42Z,0,35.0,0.00,0,10.9,0.00,MPPT Charging,24,23,0,0,8374
2026-08-26T12:45:53Z,0,34.3,0.00,0,11.0,0.00,MPPT Charging,24,23,0,0,8374
2026-08-26T12:46:03Z,0,34.5,0.00,0,11.0,0.00,MPPT Charging,24,23,0,0,8374
2026-08-26T12:46:13Z,0,33.5,0.00,0,11.0,0.00,MPPT Charging,24,23,0,0,8374
2026-08-26T12:46:23Z,0,33.3,0.00,0,11.0,0.00,MPPT Charging,24,23,0,0,8374
2026-08-26T12:46:33Z,0,33.2,0.00,0,11.0,0.00,MPPT Charging,24,23,0,0,8374
2026-08-26T12:46:42Z,0,32.9,0.00,0,11.0,0.00,MPPT Charging,24,23,0,0,8374
2026-08-26T12:46:52Z,0,33.2,0.00,0,11.0,0.00,MPPT Charging,24,23,0,0,8374
2026-08-26T12:47:02Z,0,32.5,0.00,0,11.0,0.00,MPPT Charging,24,23,0,0,8374
2026-08-26T12:47:13Z,0,31.8,0.00,0,11.0,0.00,MPPT Charging,24,23,0,0,8374
2026-08-26T12:47:23Z,0,29.1,0.00,0,11.0,0.00,MPPT Charging,24,23,0,0,8374
2026-08-26T12:47:33Z,0,33.6,0.00,0,11.0,0.00,MPPT Charging,24,23,0,0,8374
2026-08-26T12:47:43Z,0,31.0,0.00,0,11.0,0.00,MPPT Charging,24,23,0,0,8374
2026-08-26T12:47:53Z,0,34.4,0.00,0,11.0,0.00,MPPT Charging,24,23,0,0,8374
2026-08-26T12:48:03Z,0,33.4,0.00,0,11.0,0.00,MPPT Charging,24,23,0,0,8374
2026-08-26T12:48:12Z,0,35.9,0.00,0,11.0,0.00,MPPT Charging,24,23,0,0,8374
2026-08-26T12:48:22Z,0,30.6,0.00,0,11.0,0.00,MPPT Charging,24,23,0,0,8374
2026-08-26T12:48:33Z,0,27.1,0.00,0,11.0,0.00,MPPT Charging,24,23,0,0,8374
2026-08-26T12:48:43Z,0,24.5,0.00,0,11.0,0.00,MPPT Charging,24,23,0,0,8374
2026-08-26T12:48:53Z,0,25.9,0.00,0,11.0,0.04,MPPT Charging,24,23,0,0,8374
2026-08-26T12:49:03Z,0,26.2,0.00,0,11.0,0.00,MPPT Charging,24,23,0,0,8374
2026-08-26T12:49:12Z,0,26.2,0.00,0,11.0,0.00,MPPT Charging,24,23,0,0,8374
2026-08-26T12:49:23Z,0,28.0,0.00,0,11.0,0.00,MPPT Charging,24,23,0,0,8374
2026-08-26T12:49:33Z,0,32.8,0.00,0,11.0,0.02,MPPT Charging,24,23,0,0,8374
2026-08-26T12:49:42Z,2,33.6,0.05,0,11.0,0.14,MPPT Charging,24,23,0,0,8374
2026-08-26T12:49:52Z,3,33.6,0.08,0,11.0,0.22,MPPT Charging,24,23,0,0,8374
2026-08-26T12:50:03Z,2,34.0,0.05,0,11.0,0.19,MPPT Charging,24,23,0,0,8374
2026-08-26T12:50:13Z,1,33.7,0.02,0,11.0,0.09,MPPT Charging,24,23,0,0,8374
2026-08-26T12:50:23Z,0,33.2,0.00,0,11.0,0.00,MPPT Charging,24,23,0,0,8374
2026-08-26T12:50:33Z,0,33.2,0.00,0,11.0,0.00,MPPT Charging,24,23,0,0,8374
2026-08-26T12:50:43Z,0,33.3,0.00,0,11.0,0.00,MPPT Charging,24,23,0,0,8374
2026-08-26T12:50:53Z,0,33.1,0.00,0,11.0,0.00,MPPT Charging,24,23,0,0,8374
2026-08-26T12:51:03Z,0,32.4,0.00,0,11.0,0.00,MPPT Charging,24,23,0,0,8374
2026-08-26T12:51:12Z,0,32.0,0.00,0,11.0,0.00,MPPT Charging,24,23,0,0,8374
2026-08-26T12:51:23Z,0,28.7,0.00,0,11.0,0.00,MPPT Charging,24,23,0,0,8374
2026-08-26T12:51:33Z,0,31.6,0.00,0,11.0,0.00,MPPT Charging,24,23,0,0,8374
2026-08-26T12:51:42Z,0,31.6,0.00,0,11.0,0.00,MPPT Charging,24,23,0,0,8374
2026-08-26T12:51:52Z,0,32.1,0.00,0,11.0,0.00,MPPT Charging,24,23,0,0,8374
2026-08-26T12:52:03Z,0,33.1,0.00,0,11.0,0.00,MPPT Charging,24,23,0,0,8374
2026-08-26T12:52:13Z,0,31.3,0.00,0,11.0,0.00,MPPT Charging,24,23,0,0,8374
2026-08-26T12:52:22Z,0,31.0,0.00,0,11.0,0.00,MPPT Charging,24,23,0,0,8374
2026-08-26T12:52:33Z,0,33.5,0.00,0,11.0,0.00,MPPT Charging,24,23,0,0,8374
2026-08-26T12:52:43Z,0,32.8,0.00,0,11.0,0.00,MPPT Charging,24,23,0,0,8374
2026-08-26T12:52:53Z,0,34.0,0.00,0,11.0,0.00,MPPT Charging,24,23,0,0,8374
2026-08-26T12:53:03Z,0,33.6,0.00,0,11.0,0.00,MPPT Charging,24,23,0,0,8374
2026-08-26T12:53:13Z,0,33.3,0.00,1,11.1,0.00,MPPT Charging,24,23,0,0,8374
2026-08-26T12:53:23Z,0,27.5,0.00,0,11.0,0.00,MPPT Charging,24,23,0,0,8374
2026-08-26T12:53:33Z,0,32.6,0.00,0,11.1,0.00,MPPT Charging,24,23,0,0,8374
2026-08-26T12:53:43Z,0,30.3,0.00,0,11.0,0.00,MPPT Charging,24,23,0,0,8374
2026-08-26T12:53:54Z,0,30.0,0.00,1,11.1,0.00,MPPT Charging,24,23,0,0,8374
2026-08-26T12:54:03Z,0,26.2,0.00,0,11.0,0.00,MPPT Charging,24,23,0,0,8374
2026-08-26T12:54:13Z,0,25.7,0.00,0,11.0,0.00,MPPT Charging,24,23,0,0,8374
2026-08-26T12:54:23Z,0,25.5,0.00,0,11.0,0.00,MPPT Charging,24,23,0,0,8374
2026-08-26T12:54:33Z,0,23.2,0.00,0,11.0,0.00,MPPT Charging,24,23,0,0,8374
2026-08-26T12:54:43Z,0,29.6,0.00,0,11.0,0.00,MPPT Charging,24,23,0,0,8374
2026-08-26T12:54:53Z,0,33.0,0.00,0,11.0,0.00,MPPT Charging,24,23,0,0,8374
2026-08-26T12:55:03Z,0,29.1,0.00,0,11.0,0.00,MPPT Charging,24,23,0,0,8374
2026-08-26T12:55:13Z,0,34.0,0.00,0,11.1,0.00,MPPT Charging,24,23,0,0,8374
2026-08-26T12:55:23Z,0,31.1,0.00,0,11.1,0.00,MPPT Charging,24,23,0,0,8374
2026-08-26T12:55:33Z,0,32.2,0.00,0,11.1,0.00,MPPT Charging,24,23,0,0,8374
2026-08-26T12:55:43Z,0,31.4,0.00,1,11.1,0.00,MPPT Charging,24,23,0,0,8374
2026-08-26T12:55:54Z,0,30.4,0.00,0,11.1,0.00,MPPT Charging,24,23,0,0,8374
2026-08-26T12:56:02Z,0,31.8,0.00,1,11.1,0.00,MPPT Charging,24,23,0,0,8374
2026-08-26T12:56:12Z,0,31.5,0.00,0,11.1,0.00,MPPT Charging,24,23,0,0,8374
2026-08-26T12:56:23Z,0,30.1,0.00,1,11.1,0.00,MPPT Charging,24,23,0,0,8374
2026-08-26T12:56:33Z,0,29.3,0.00,0,11.1,0.00,MPPT Charging,24,23,0,0,8374
2026-08-26T12:56:43Z,0,33.1,0.00,0,11.1,0.00,MPPT Charging,24,23,0,0,8374
2026-08-26T12:56:53Z,0,33.4,0.00,1,11.1,0.00,MPPT Charging,24,23,0,0,8374
2026-08-26T12:57:02Z,0,31.8,0.00,1,11.1,0.00,MPPT Charging,24,23,0,0,8374
2026-08-26T12:57:13Z,0,32.2,0.00,1,11.1,0.00,MPPT Charging,24,23,0,0,8374
2026-08-26T12:57:22Z,0,30.1,0.00,0,11.1,0.00,MPPT Charging,24,23,0,0,8374
2026-08-26T12:57:32Z,0,31.8,0.00,1,11.1,0.00,MPPT Charging,24,23,0,0,8374
2026-08-26T12:57:43Z,0,31.5,0.00,2,11.1,0.00,MPPT Charging,24,23,0,0,8374
2026-08-26T12:57:52Z,0,31.4,0.00,2,11.1,0.00,MPPT Charging,24,23,0,0,8374
2026-08-26T12:58:03Z,0,34.7,0.00,2,11.1,0.00,MPPT Charging,24,23,0,0,8374
2026-08-26T12:58:13Z,0,31.3,0.00,2,11.1,0.00,MPPT Charging,24,23,0,0,8374
2026-08-26T12:58:23Z,0,33.9,0.00,2,11.1,0.00,MPPT Charging,24,23,0,0,8374
2026-08-26T12:58:33Z,0,18.3,0.00,1,11.1,0.00,MPPT Charging,24,23,0,0,8374
2026-08-26T12:58:43Z,0,33.0,0.00,2,11.1,0.00,MPPT Charging,24,23,0,0,8374
2026-08-26T12:58:53Z,0,34.6,0.00,2,11.1,0.00,MPPT Charging,24,23,0,0,8374
2026-08-26T12:59:03Z,0,33.3,0.00,3,11.1,0.00,MPPT Charging,24,23,0,0,8374
2026-08-26T12:59:13Z,0,33.4,0.00,3,11.1,0.00,MPPT Charging,24,23,0,0,8374
2026-08-26T12:59:23Z,0,33.4,0.00,3,11.1,0.00,MPPT Charging,24,23,0,0,8374
2026-08-26T12:59:33Z,0,33.4,0.00,3,11.1,0.00,MPPT Charging,24,23,0,0,8374
2026-08-26T12:59:43Z,0,32.6,0.00,3,11.1,0.00,MPPT Charging,24,23,0,0,8374
2026-08-26T12:59:53Z,0,32.4,0.00,3,11.1,0.00,MPPT Charging,24,23,0,0,8374
2026-08-26T13:00:03Z,0,30.5,0.00,2,11.1,0.00,MPPT Charging,24,23,0,0,8374
2026-08-26T13:00:13Z,0,33.6,0.00,3,11.1,0.00,MPPT Charging,24,23,0,0,8374
2026-08-26T13:00:23Z,0,33.0,0.00,3,11.1,0.00,MPPT Charging,24,23,0,0,8374
2026-08-26T13:00:33Z,0,31.7,0.00,3,11.1,0.00,MPPT Charging,24,23,0,0,8374
2026-08-26T13:00:43Z,0,35.1,0.00,4,11.1,0.00,MPPT Charging,24,23,0,0,8374
2026-08-26T13:00:53Z,0,31.5,0.00,3,11.1,0.00,MPPT Charging,24,23,0,0,8374
2026-08-26T13:01:03Z,0,34.3,0.00,5,11.1,0.02,MPPT Charging,24,23,0,0,8374
2026-08-26T13:01:13Z,0,34.1,0.00,4,11.1,0.04,MPPT Charging,24,23,0,0,8374
2026-08-26T13:01:22Z,0,32.8,0.00,5,11.1,0.00,MPPT Charging,24,23,0,0,8374
2026-08-26T13:01:33Z,0,34.0,0.00,5,11.1,0.00,MPPT Charging,24,23,0,0,8374
2026-08-26T13:01:43Z,0,33.5,0.00,5,11.1,0.00,MPPT Charging,24,23,0,0,8374
2026-08-26T13:01:53Z,0,33.5,0.00,4,11.1,0.00,MPPT Charging,24,23,0,0,8374
2026-08-26T13:02:03Z,0,33.4,0.00,5,11.1,0.00,MPPT Charging,24,23,0,0,8374
2026-08-26T13:02:12Z,0,33.3,0.00,5,11.1,0.00,MPPT Charging,24,23,0,0,8374
2026-08-26T13:02:23Z,0,32.8,0.00,5,11.1,0.00,MPPT Charging,24,23,0,0,8374
2026-08-26T13:02:33Z,0,32.7,0.00,5,11.1,0.00,MPPT Charging,24,23,0,0,8374
2026-08-26T13:02:43Z,0,32.1,0.00,5,11.1,0.00,MPPT Charging,24,23,0,0,8374
2026-08-26T13:02:53Z,0,35.3,0.00,5,11.1,0.00,MPPT Charging,24,23,0,0,8374
2026-08-26T13:03:03Z,0,30.4,0.00,5,11.1,0.00,MPPT Charging,24,23,0,0,8374
2026-08-26T13:03:13Z,0,31.7,0.00,5,11.2,0.02,MPPT Charging,24,23,0,0,8374
2026-08-26T13:03:23Z,2,34.0,0.05,6,11.2,0.14,MPPT Charging,24,23,0,0,8374
2026-08-26T13:03:33Z,1,34.3,0.02,5,11.2,0.09,MPPT Charging,24,23,0,0,8374
2026-08-26T13:03:43Z,0,18.9,0.00,5,11.1,0.00,MPPT Charging,24,23,0,0,8374
2026-08-26T13:03:53Z,0,34.4,0.00,5,11.2,0.00,MPPT Charging,24,23,0,0,8374
2026-08-26T13:04:03Z,0,33.8,0.00,6,11.2,0.00,MPPT Charging,24,23,0,0,8374
2026-08-26T13:04:13Z,0,33.6,0.00,5,11.2,0.00,MPPT Charging,24,23,0,0,8374
2026-08-26T13:04:23Z,0,33.2,0.00,5,11.2,0.00,MPPT Charging,24,23,0,0,8374
2026-08-26T13:04:33Z,0,32.1,0.00,6,11.2,0.00,MPPT Charging,24,23,0,0,8374
2026-08-26T13:04:43Z,0,35.7,0.00,5,11.2,0.00,MPPT Charging,24,23,0,0,8374
2026-08-26T13:04:53Z,0,30.5,0.00,6,11.2,0.02,MPPT Charging,24,23,0,0,8374
2026-08-26T13:05:03Z,1,28.3,0.03,6,11.2,0.07,MPPT Charging,24,23,0,0,8374
2026-08-26T13:05:13Z,3,32.5,0.09,7,11.2,0.27,MPPT Charging,24,23,0,0,8374
2026-08-26T13:05:23Z,3,34.0,0.08,8,11.2,0.24,MPPT Charging,24,23,0,0,8374
2026-08-26T13:05:33Z,2,34.2,0.05,7,11.2,0.19,MPPT Charging,24,23,0,0,8374
2026-08-26T13:05:43Z,2,34.4,0.05,6,11.2,0.17,MPPT Charging,24,23,0,0,8374
2026-08-26T13:05:52Z,3,33.9,0.08,7,11.2,0.24,MPPT Charging,24,23,0,0,8374
2026-08-26T13:06:13Z,5,35.2,0.14,8,11.2,0.41,MPPT Charging,24,23,0,0,8374
2026-08-26T13:06:24Z,4,34.6,0.11,8,11.2,0.32,MPPT Charging,24,23,0,0,8374
2026-08-26T13:06:34Z,3,34.0,0.08,8,11.2,0.22,MPPT Charging,24,23,0,0,8374
2026-08-26T13:06:44Z,3,33.7,0.08,8,11.2,0.22,MPPT Charging,24,23,0,0,8374
2026-08-26T13:06:54Z,2,33.3,0.06,8,11.2,0.17,MPPT Charging,24,23,0,0,8374
2026-08-26T13:07:04Z,2,34.1,0.05,8,11.2,0.14,MPPT Charging,24,23,0,0,8374
2026-08-26T13:07:22Z,1,34.1,0.02,8,11.2,0.12,MPPT Charging,24,23,0,0,8374
2026-08-26T13:07:33Z,1,33.9,0.02,8,11.2,0.07,MPPT Charging,24,23,0,0,8374
2026-08-26T13:07:43Z,1,34.0,0.02,8,11.2,0.07,MPPT Charging,24,23,0,0,8374
2026-08-26T13:07:53Z,1,34.2,0.02,8,11.2,0.07,MPPT Charging,24,23,0,0,8374
2026-08-26T13:08:03Z,2,34.1,0.05,9,11.2,0.14,MPPT Charging,24,23,0,0,8374
2026-08-26T13:08:13Z,3,34.6,0.08,8,11.2,0.22,MPPT Charging,24,23,0,0,8374
2026-08-26T13:08:22Z,2,34.6,0.05,8,11.2,0.19,MPPT Charging,24,23,0,0,8374
2026-08-26T13:08:33Z,2,33.7,0.05,9,11.2,0.17,MPPT Charging,24,23,0,0,8374
2026-08-26T13:08:43Z,2,33.4,0.05,9,11.2,0.14,MPPT Charging,24,23,0,0,8374
2026-08-26T13:08:52Z,0,27.4,0.00,8,11.2,0.00,MPPT Charging,24,23,0,0,8374
2026-08-26T13:09:03Z,0,34.3,0.00,10,11.2,0.00,MPPT Charging,24,23,0,0,8374
2026-08-26T13:09:13Z,0,34.1,0.00,9,11.2,0.00,MPPT Charging,25,23,0,0,8374
2026-08-26T13:09:23Z,0,33.2,0.00,9,11.2,0.00,MPPT Charging,25,23,0,0,8374
2026-08-26T13:09:33Z,0,32.9,0.00,9,11.2,0.00,MPPT Charging,25,23,0,0,8374
2026-08-26T13:09:43Z,0,33.0,0.00,9,11.2,0.00,MPPT Charging,25,23,0,0,8374
2026-08-26T13:09:53Z,0,33.4,0.00,10,11.2,0.00,MPPT Charging,25,23,0,0,8374
2026-08-26T13:10:03Z,0,33.4,0.00,9,11.2,0.00,MPPT Charging,25,23,0,0,8374
2026-08-26T13:10:12Z,0,34.1,0.00,10,11.2,0.00,MPPT Charging,25,23,0,0,8374
2026-08-26T13:10:22Z,0,34.0,0.00,9,11.2,0.00,MPPT Charging,25,23,0,0,8374
2026-08-26T13:10:33Z,0,33.0,0.00,10,11.2,0.00,MPPT Charging,25,23,0,0,8374
2026-08-26T13:10:43Z,0,33.2,0.00,10,11.3,0.00,MPPT Charging,25,23,0,0,8374
2026-08-26T13:10:53Z,0,33.4,0.00,10,11.3,0.00,MPPT Charging,25,23,0,0,8374
2026-08-26T13:11:03Z,0,34.3,0.00,10,11.3,0.00,MPPT Charging,25,23,0,0,8374
2026-08-26T13:11:12Z,0,32.7,0.00,10,11.3,0.00,MPPT Charging,25,23,0,0,8374
2026-08-26T13:11:23Z,0,33.6,0.00,10,11.3,0.04,MPPT Charging,25,23,0,0,8374
2026-08-26T13:11:33Z,1,33.1,0.03,10,11.3,0.12,MPPT Charging,25,23,0,0,8374
2026-08-26T13:11:43Z,3,35.2,0.08,10,11.3,0.24,MPPT Charging,25,23,0,0,8374
2026-08-26T13:11:53Z,3,34.5,0.08,10,11.3,0.24,MPPT Charging,25,23,0,0,8374
2026-08-26T13:12:03Z,1,34.5,0.02,10,11.3,0.09,MPPT Charging,25,23,0,0,8374
2026-08-26T13:12:13Z,0,34.4,0.00,11,11.3,0.00,MPPT Charging,25,23,0,0,8374
2026-08-26T13:12:25Z,0,34.3,0.00,10,11.3,0.00,MPPT Charging,25,23,0,0,8374
2026-08-26T13:12:34Z,0,31.3,0.00,10,11.3,0.00,MPPT Charging,25,23,0,0,8374
2026-08-26T13:12:45Z,0,30.8,0.00,10,11.2,0.00,MPPT Charging,25,23,0,0,8374
2026-08-26T13:12:52Z,0,32.8,0.00,10,11.3,0.00,MPPT Charging,25,23,0,0,8374
2026-08-26T13:13:03Z,0,32.2,0.00,10,11.3,0.00,MPPT Charging,25,23,0,0,8374
2026-08-26T13:13:13Z,0,32.5,0.00,10,11.3,0.00,MPPT Charging,25,23,0,0,8374
2026-08-26T13:13:23Z,0,33.2,0.00,11,11.3,0.00,MPPT Charging,25,23,0,0,8374
2026-08-26T13:13:33Z,0,32.9,0.00,10,11.3,0.00,MPPT Charging,25,23,0,0,8374
2026-08-26T13:13:43Z,0,32.8,0.00,10,11.3,0.00,MPPT Charging,25,23,0,0,8374
2026-08-26T13:13:53Z,0,31.9,0.00,10,11.3,0.00,MPPT Charging,25,23,0,0,8374
2026-08-26T13:14:03Z,0,33.4,0.00,10,11.3,0.00,MPPT Charging,25,23,0,0,8374
2026-08-26T13:14:13Z,0,33.1,0.00,10,11.3,0.00,MPPT Charging,25,23,0,0,8374
2026-08-26T13:14:23Z,0,32.8,0.00,10,11.3,0.00,MPPT Charging,25,23,0,0,8374
2026-08-26T13:14:34Z,0,31.5,0.00,10,11.3,0.00,MPPT Charging,25,23,0,0,8374
2026-08-26T13:14:43Z,0,31.2,0.00,10,11.3,0.00,MPPT Charging,25,23,0,0,8374
2026-08-26T13:14:52Z,0,29.5,0.00,10,11.3,0.00,MPPT Charging,25,23,0,0,8374
2026-08-26T13:15:03Z,0,34.1,0.00,10,11.3,0.00,MPPT Charging,25,23,0,0,8374
2026-08-26T13:15:12Z,0,32.8,0.00,11,11.3,0.00,MPPT Charging,25,23,0,0,8374
2026-08-26T13:15:44Z,0,32.2,0.00,10,11.3,0.00,MPPT Charging,25,23,0,0,8374
2026-08-26T13:15:55Z,0,32.2,0.00,11,11.3,0.00,MPPT Charging,25,23,0,0,8374
2026-08-26T13:16:06Z,0,30.4,0.00,10,11.3,0.00,MPPT Charging,25,23,0,0,8374
2026-08-26T13:16:15Z,0,31.0,0.00,10,11.3,0.00,MPPT Charging,25,23,0,0,8374
2026-08-26T13:16:26Z,0,34.0,0.00,10,11.3,0.00,MPPT Charging,25,23,0,0,8374
2026-08-26T13:16:36Z,0,32.8,0.00,10,11.3,0.00,MPPT Charging,25,23,0,0,8374
2026-08-26T13:16:55Z,0,32.1,0.00,11,11.3,0.00,MPPT Charging,25,23,0,0,8374
2026-08-26T13:17:05Z,0,31.1,0.00,11,11.3,0.00,MPPT Charging,25,23,0,0,8374
2026-08-26T13:17:15Z,0,28.8,0.00,11,11.3,0.00,MPPT Charging,25,23,0,0,8374
2026-08-26T13:17:26Z,0,31.8,0.00,11,11.3,0.00,MPPT Charging,25,23,0,0,8374
2026-08-26T13:17:36Z,0,32.4,0.00,11,11.3,0.00,MPPT Charging,25,23,0,0,8374
2026-08-26T13:17:45Z,0,28.2,0.00,12,11.3,0.00,MPPT Charging,25,23,0,0,8374
2026-08-26T13:17:55Z,0,28.2,0.00,12,11.3,0.00,MPPT Charging,25,23,0,0,8374
2026-08-26T13:18:06Z,0,33.1,0.00,11,11.3,0.00,MPPT Charging,25,23,0,0,8374
2026-08-26T13:18:15Z,0,33.3,0.00,13,11.3,0.00,MPPT Charging,25,23,0,0,8374
2026-08-26T13:18:24Z,0,32.4,0.00,12,11.3,0.00,MPPT Charging,25,23,0,0,8374
2026-08-26T13:18:35Z,0,28.4,0.00,12,11.3,0.00,MPPT Charging,25,23,0,0,8374
2026-08-26T13:18:45Z,3,32.6,0.09,13,11.3,0.22,MPPT Charging,25,23,0,0,8374
2026-08-26T13:18:57Z,5,33.9,0.14,13,11.3,0.41,MPPT Charging,25,23,0,0,8374
2026-08-26T13:19:05Z,0,34.7,0.00,13,11.3,0.00,MPPT Charging,25,23,0,0,8374
2026-08-26T13:19:15Z,1,34.8,0.02,13,11.3,0.07,MPPT Charging,25,23,0,0,8374
2026-08-26T13:19:25Z,0,34.1,0.00,13,11.3,0.00,MPPT Charging,25,23,0,0,8374
2026-08-26T13:19:35Z,0,33.7,0.00,13,11.3,0.00,MPPT Charging,25,23,0,0,8374
2026-08-26T13:52:48Z,120,38.7,3.10,56,12.3,9.40,MPPT Charging,28,23,0,12,8386
2026-08-26T13:52:58Z,131,38.0,3.44,59,12.3,10.19,MPPT Charging,29,23,0,12,8386
2026-08-26T13:53:08Z,205,39.2,5.22,67,12.5,15.77,MPPT Charging,29,23,0,12,8386
2026-08-26T13:53:18Z,240,40.1,5.98,72,12.6,18.32,MPPT Charging,29,23,0,12,8386
2026-08-26T13:53:28Z,240,39.3,6.10,73,12.6,18.27,MPPT Charging,29,23,0,12,8386
2026-08-26T13:53:39Z,219,38.1,5.74,72,12.5,16.81,MPPT Charging,29,23,0,12,8386
2026-08-26T13:53:48Z,234,37.6,6.22,72,12.6,17.82,MPPT Charging,29,23,0,12,8386
2026-08-26T13:53:58Z,250,38.6,6.47,78,12.6,19.06,MPPT Charging,29,23,0,12,8386
2026-08-26T13:54:08Z,260,40.3,6.45,78,12.7,19.67,MPPT Charging,30,23,0,12,8386
2026-08-26T13:54:18Z,244,40.7,5.99,78,12.6,18.59,MPPT Charging,30,23,0,12,8386
2026-08-26T13:54:28Z,255,41.0,6.21,78,12.7,19.25,MPPT Charging,30,23,0,12,8386
2026-08-26T13:54:38Z,268,39.8,6.73,80,12.7,20.24,MPPT Charging,30,23,0,12,8386
2026-08-26T13:54:48Z,277,39.1,7.08,83,12.8,20.74,MPPT Charging,30,23,0,12,8386
2026-08-26T13:54:58Z,267,39.5,6.75,83,12.7,20.22,Current Limiting,30,23,0,12,8386
2026-08-26T13:55:08Z,196,40.8,4.80,76,12.6,14.91,Current Limiting,31,23,0,12,8386
2026-08-26T13:55:19Z,80,39.0,2.05,63,12.3,6.24,Current Limiting,31,23,0,12,8386
2026-08-26T13:55:28Z,12,39.0,0.30,52,12.1,0.98,Current Limiting,31,23,0,12,8386
2026-08-26T13:55:39Z,16,28.4,0.56,50,12.1,1.23,MPPT Charging,31,23,0,12,8386
2026-08-26T13:55:48Z,20,34.0,0.58,52,12.1,1.62,MPPT Charging,31,23,0,12,8386
2026-08-26T13:55:59Z,17,33.8,0.50,51,12.1,1.38,MPPT Charging,31,23,0,12,8386
2026-08-26T13:56:09Z,18,36.2,0.49,52,12.1,1.45,MPPT Charging,31,23,0,12,8386
2026-08-26T13:56:18Z,55,35.4,1.55,53,12.2,4.34,MPPT Charging,31,23,0,12,8386
2026-08-26T13:56:28Z,179,35.1,5.09,78,12.5,13.77,MPPT Charging,31,23,0,24,8398
2026-08-26T13:56:38Z,280,39.4,7.10,82,12.8,21.01,Current Limiting,31,23,0,24,8398
2026-08-26T13:56:48Z,277,37.5,7.38,82,12.8,20.76,Current Limiting,31,23,0,24,8398
2026-08-26T13:56:58Z,279,39.7,7.02,85,12.8,20.96,Current Limiting,31,23,0,24,8398
2026-08-26T13:57:08Z,279,40.3,6.92,85,12.8,20.91,Current Limiting,31,23,0,24,8398
2026-08-26T13:57:18Z,280,40.0,7.00,86,12.8,20.98,Current Limiting,32,23,0,24,8398
2026-08-26T13:57:28Z,282,40.2,7.01,86,12.9,21.01,Current Limiting,32,23,0,24,8398
2026-08-26T13:57:38Z,147,35.8,4.10,66,12.7,11.08,Current Limiting,32,23,0,24,8398
2026-08-26T13:57:48Z,47,35.0,1.34,59,12.3,3.70,Current Limiting,32,23,0,24,8398
2026-08-26T13:57:58Z,221,37.5,5.89,74,12.8,16.56,Current Limiting,32,23,0,24,8398
2026-08-26T13:58:08Z,281,40.0,7.02,87,12.9,20.91,Current Limiting,32,23,0,24,8398
2026-08-26T13:58:18Z,254,37.4,6.79,84,12.8,19.06,Current Limiting,32,23,0,24,8398
2026-08-26T13:58:28Z,245,37.3,6.56,86,12.8,18.39,Current Limiting,33,23,0,24,8398
2026-08-26T13:58:38Z,249,37.4,6.65,87,12.8,18.66,Current Limiting,33,23,0,24,8398
2026-08-26T13:58:49Z,231,37.4,6.17,89,12.7,17.45,Current Limiting,33,23,0,24,8398
2026-08-26T13:58:58Z,245,37.3,6.56,86,12.8,18.34,Current Limiting,33,23,0,24,8398
2026-08-26T13:59:09Z,222,37.0,6.00,79,12.8,16.64,Current Limiting,33,23,0,24,8398
2026-08-26T13:59:19Z,281,40.0,7.02,91,12.9,20.93,Current Limiting,33,23,0,24,8398
2026-08-26T13:59:28Z,262,37.6,6.96,86,12.9,19.53,Current Limiting,33,23,0,24,8398
2026-08-26T13:59:39Z,229,37.2,6.15,86,12.8,17.16,Current Limiting,34,23,0,24,8398
2026-08-26T13:59:49Z,156,36.2,4.30,78,12.6,11.87,Current Limiting,34,23,0,36,8410
2026-08-26T13:59:58Z,90,35.3,2.54,70,12.5,6.91,Current Limiting,34,23,0,36,8410
2026-08-26T14:00:09Z,14,17.8,0.78,60,12.3,1.08,MPPT Charging,34,23,0,36,8410
2026-08-26T14:00:18Z,75,35.5,2.11,67,12.4,5.77,MPPT Charging,34,23,0,36,8410
2026-08-26T14:00:28Z,57,35.0,1.62,65,12.4,4.41,MPPT Charging,34,23,0,36,8410
2026-08-26T14:00:38Z,139,34.7,4.00,74,12.6,10.59,MPPT Charging,33,23,0,36,8410
2026-08-26T14:00:49Z,259,36.9,7.01,89,12.9,19.30,Current Limiting,33,23,0,36,8410
2026-08-26T14:00:58Z,252,36.5,6.90,88,12.9,18.76,Current Limiting,34,23,0,36,8410
2026-08-26T14:01:09Z,116,34.7,3.34,73,12.6,8.83,Current Limiting,34,23,0,36,8410
2026-08-26T14:01:19Z,127,34.9,3.63,75,12.6,9.67,Current Limiting,34,23,0,36,8410
2026-08-26T14:01:29Z,236,36.3,6.50,88,12.9,17.53,Current Limiting,34,23,0,36,8410
2026-08-26T14:01:39Z,233,36.3,6.41,89,12.8,17.48,Current Limiting,34,23,0,36,8410
2026-08-26T14:01:50Z,284,38.0,7.47,94,13.0,20.96,Current Limiting,34,23,0,36,8410
2026-08-26T14:01:58Z,234,36.4,6.42,89,12.9,17.43,Current Limiting,34,23,0,36,8410
2026-08-26T14:02:08Z,227,36.3,6.25,88,12.9,16.88,Current Limiting,34,23,0,36,8410
2026-08-26T14:02:18Z,283,39.5,7.16,100,13.0,20.93,Current Limiting,34,23,0,36,8410
2026-08-26T14:02:28Z,283,38.7,7.31,95,13.0,20.91,Current Limiting,35,23,0,36,8410
2026-08-26T14:02:39Z,278,38.3,7.25,95,13.0,20.56,Current Limiting,35,23,0,36,8410
2026-08-26T14:02:48Z,265,36.9,7.18,94,13.0,19.55,Current Limiting,35,23,0,36,8410
2026-08-26T14:02:58Z,286,38.8,7.37,97,13.1,20.98,Current Limiting,35,23,0,36,8410
2026-08-26T14:03:10Z,286,38.8,7.37,97,13.1,20.96,Current Limiting,35,23,0,36,8410
2026-08-26T14:03:19Z,286,39.0,7.33,97,13.1,20.96,Current Limiting,36,23,0,36,8410
2026-08-26T14:03:28Z,287,38.9,7.37,100,13.1,21.01,Current Limiting,36,23,0,36,8410
2026-08-26T14:03:38Z,286,38.8,7.37,98,13.1,20.98,Current Limiting,36,24,0,36,8410
2026-08-26T14:03:49Z,286,38.7,7.39,98,13.1,20.96,Current Limiting,36,24,0,36,8410
2026-08-26T14:03:59Z,286,38.6,7.40,99,13.1,20.96,Current Limiting,36,23,0,36,8410
2026-08-26T14:04:08Z,286,38.7,7.39,100,13.1,20.93,Current Limiting,36,24,0,36,8410
2026-08-26T14:04:19Z,286,38.4,7.44,99,13.1,20.98,Current Limiting,37,24,0,36,8410
2026-08-26T14:04:29Z,287,38.5,7.45,100,13.1,21.03,Current Limiting,37,24,0,36,8410
2026-08-26T14:04:38Z,285,38.4,7.42,100,13.1,20.86,Current Limiting,37,24,0,36,8410
2026-08-26T14:04:48Z,229,36.6,6.25,93,13.0,16.93,Current Limiting,37,24,0,49,8423
2026-08-26T14:04:58Z,193,36.2,5.33,91,12.9,14.39,Current Limiting,37,24,0,49,8423
2026-08-26T14:05:09Z,277,37.3,7.42,97,13.1,20.29,Current Limiting,37,24,0,49,8423
2026-08-26T14:05:18Z,253,37.0,6.83,98,13.1,18.56,Current Limiting,37,24,0,49,8423
2026-08-26T14:05:29Z,233,36.7,6.34,96,13.1,17.08,Current Limiting,37,24,0,49,8423
2026-08-26T14:05:38Z,224,36.7,6.10,97,13.0,16.56,Current Limiting,38,24,0,49,8423
2026-08-26T14:05:48Z,66,34.5,1.91,76,12.6,5.03,Current Limiting,38,24,0,49,8423
2026-08-26T14:05:59Z,25,35.1,0.71,73,12.5,1.95,Current Limiting,38,24,0,49,8423
2026-08-26T14:06:08Z,33,27.2,1.21,74,12.6,2.51,MPPT Charging,37,24,0,49,8423
2026-08-26T14:06:19Z,40,33.1,1.20,72,12.6,3.03,MPPT Charging,37,24,0,49,8423
2026-08-26T14:06:28Z,86,35.1,2.45,78,12.7,6.49,MPPT Charging,37,24,0,49,8423
2026-08-26T14:06:38Z,44,34.2,1.28,73,12.6,3.38,MPPT Charging,37,24,0,49,8423
2026-08-26T14:06:48Z,60,32.8,1.82,76,12.6,4.56,MPPT Charging,37,24,0,49,8423
2026-08-26T14:06:59Z,77,33.4,2.30,78,12.7,5.85,MPPT Charging,37,24,0,49,8423
2026-08-26T14:07:20Z,105,34.7,3.02,81,12.8,7.90,MPPT Charging,37,24,0,49,8423
2026-08-26T14:07:32Z,63,34.6,1.82,78,12.6,4.83,MPPT Charging,37,24,0,49,8423
2026-08-26T14:07:41Z,24,35.2,0.68,72,12.5,1.87,MPPT Charging,37,24,0,49,8423
2026-08-26T14:07:52Z,23,33.4,0.68,72,12.5,1.75,MPPT Charging,37,24,0,49,8423
2026-08-26T14:08:01Z,14,33.2,0.42,70,12.5,1.08,MPPT Charging,37,24,0,49,8423
2026-08-26T14:08:12Z,33,36.1,0.91,72,12.6,2.54,MPPT Charging,37,24,0,61,8435
2026-08-26T14:08:30Z,28,33.5,0.83,72,12.6,2.14,MPPT Charging,37,24,0,61,8435
2026-08-26T14:08:42Z,22,32.6,0.67,71,12.5,1.67,MPPT Charging,37,24,0,61,8435
2026-08-26T14:14:06Z,296,37.5,7.89,100,13.4,21.18,Current Limiting,41,25,0,74,8448
2026-08-26T14:14:17Z,291,37.5,7.76,100,13.4,20.88,Current Limiting,41,25,0,74,8448
2026-08-26T14:14:27Z,289,37.5,7.70,100,13.4,20.69,Current Limiting,42,25,0,74,8448
2026-08-26T14:14:37Z,219,36.6,5.98,100,13.2,15.95,Current Limiting,42,25,0,74,8448
2026-08-26T14:14:48Z,280,37.3,7.50,100,13.4,20.04,Current Limiting,42,25,0,87,8461
2026-08-26T14:14:57Z,283,37.4,7.56,100,13.4,20.29,Current Limiting,42,25,0,87,8461
2026-08-26T14:15:06Z,293,37.6,7.79,100,13.4,21.01,Current Limiting,42,25,0,87,8461
2026-08-26T14:15:17Z,293,37.6,7.79,100,13.4,21.01,Current Limiting,42,25,0,87,8461
2026-08-26T14:15:26Z,291,37.6,7.73,100,13.4,20.88,Current Limiting,42,25,0,87,8461
2026-08-26T14:15:37Z,287,37.5,7.65,100,13.4,20.59,Current Limiting,42,25,0,87,8461
2026-08-26T14:15:47Z,289,37.6,7.68,100,13.4,20.74,Current Limiting,42,25,0,87,8461
2026-08-26T14:18:25Z,293,34.9,8.39,100,13.5,20.81,Current Limiting,43,25,0,100,8474
2026-08-26T14:18:35Z,292,35.0,8.34,100,13.5,20.79,Current Limiting,44,25,0,100,8474
2026-08-26T14:18:45Z,288,34.9,8.25,100,13.5,20.51,Current Limiting,43,25,0,100,8474
2026-08-26T14:18:55Z,291,34.9,8.33,100,13.5,20.66,Current Limiting,44,25,0,100,8474
2026-08-26T14:19:13Z,291,35.0,8.31,100,13.5,20.69,Current Limiting,44,25,0,100,8474
2026-08-26T14:19:24Z,289,34.9,8.28,100,13.5,20.54,Current Limiting,44,26,0,100,8474
2026-08-26T14:19:33Z,288,34.9,8.25,100,13.5,20.51,Current Limiting,44,26,0,100,8474
2026-08-26T14:19:43Z,288,34.9,8.25,100,13.5,20.49,Current Limiting,44,26,0,100,8474
2026-08-26T14:19:53Z,291,35.0,8.31,100,13.5,20.66,Current Limiting,44,26,0,100,8474
2026-08-26T14:20:03Z,292,35.0,8.34,100,13.5,20.76,Current Limiting,44,26,0,100,8474
2026-08-26T14:20:13Z,293,35.0,8.37,100,13.5,20.81,Current Limiting,44,26,0,100,8474
2026-08-26T14:20:23Z,293,35.0,8.37,100,13.5,20.81,Current Limiting,45,26,0,100,8474
2026-08-26T14:20:33Z,296,35.1,8.43,100,13.5,21.03,Current Limiting,45,26,0,100,8474
2026-08-26T14:20:43Z,295,36.4,8.10,100,13.5,20.98,Current Limiting,45,26,0,100,8474
2026-08-26T14:20:53Z,295,35.1,8.40,100,13.5,20.96,Current Limiting,45,26,0,100,8474
2026-08-26T14:21:03Z,292,35.1,8.31,100,13.5,20.79,Current Limiting,45,26,0,100,8474
2026-08-26T14:21:13Z,293,35.1,8.34,100,13.5,20.86,Current Limiting,45,26,0,100,8474
2026-08-26T14:21:23Z,293,35.1,8.34,100,13.5,20.81,Current Limiting,45,26,0,100,8474
2026-08-26T14:21:33Z,294,35.1,8.37,100,13.5,20.93,Current Limiting,45,26,0,113,8487
2026-08-26T14:21:43Z,262,34.7,7.55,100,13.5,18.61,Current Limiting,45,26,0,113,8487
2026-08-26T14:21:53Z,270,34.8,7.75,100,13.5,19.23,Current Limiting,45,26,0,113,8487
2026-08-26T14:22:03Z,298,37.0,8.05,100,13.6,21.06,Current Limiting,46,26,0,113,8487
2026-08-26T14:22:13Z,253,34.6,7.31,100,13.5,17.97,Current Limiting,46,26,0,113,8487
2026-08-26T14:22:23Z,296,35.1,8.43,100,13.6,20.88,Current Limiting,46,26,0,113,8487
2026-08-26T14:22:33Z,293,35.1,8.34,100,13.6,20.69,Current Limiting,46,26,0,113,8487
2026-08-26T14:22:43Z,292,35.1,8.31,100,13.6,20.61,Current Limiting,46,26,0,113,8487
2026-08-26T14:22:53Z,291,35.1,8.29,100,13.6,20.51,Current Limiting,46,26,0,113,8487
2026-08-26T14:23:03Z,280,35.0,8.00,100,13.5,19.90,Current Limiting,46,26,0,113,8487
2026-08-26T14:23:13Z,274,34.9,7.85,100,13.5,19.45,Current Limiting,47,26,0,113,8487
2026-08-26T14:23:23Z,270,34.9,7.73,100,13.5,19.23,Current Limiting,46,26,0,113,8487
2026-08-26T14:23:33Z,266,34.8,7.64,100,13.5,18.93,Current Limiting,46,26,0,113,8487
2026-08-26T14:23:43Z,266,34.8,7.64,100,13.5,18.93,Current Limiting,46,26,0,113,8487
2026-08-26T14:23:53Z,249,34.6,7.19,100,13.4,17.82,Current Limiting,46,26,0,113,8487
2026-08-26T14:24:03Z,59,32.8,1.79,93,13.0,4.34,Current Limiting,46,26,0,113,8487
2026-08-26T14:24:13Z,139,33.8,4.11,100,13.2,10.12,Current Limiting,46,26,0,113,8487
2026-08-26T14:24:23Z,34,38.5,0.88,97,12.8,2.54,MPPT Charging,46,26,0,113,8487
2026-08-26T14:24:34Z,123,36.4,3.37,100,13.2,8.96,MPPT Charging,46,27,0,113,8487
2026-08-26T14:24:43Z,141,37.2,3.79,100,13.2,10.29,MPPT Charging,46,26,0,113,8487
2026-08-26T14:24:53Z,291,37.3,7.80,100,13.6,20.51,MPPT Charging,46,26,0,126,8500
2026-08-26T14:25:03Z,269,36.7,7.32,100,13.5,19.13,MPPT Charging,46,27,0,126,8500
2026-08-26T14:25:13Z,288,37.0,7.78,100,13.6,20.32,MPPT Charging,46,27,0,126,8500
2026-08-26T14:25:23Z,276,36.6,7.54,100,13.5,19.65,MPPT Charging,46,27,0,126,8500
2026-08-26T14:25:33Z,269,35.9,7.49,100,13.5,19.16,MPPT Charging,46,27,0,126,8500
2026-08-26T14:25:43Z,266,35.4,7.51,100,13.5,18.88,MPPT Charging,46,27,0,126,8500
2026-08-26T14:25:53Z,205,35.1,5.84,100,13.3,14.83,MPPT Charging,46,27,0,126,8500
2026-08-26T14:26:03Z,30,34.0,0.88,91,13.0,2.24,MPPT Charging,46,27,0,126,8500
2026-08-26T14:26:13Z,15,33.4,0.44,89,12.9,1.11,MPPT Charging,46,27,0,126,8500
2026-08-26T14:26:23Z,55,31.7,1.73,92,13.1,4.04,MPPT Charging,46,27,0,126,8500
2026-08-26T14:26:33Z,22,31.5,0.69,90,12.9,1.62,MPPT Charging,46,27,0,126,8500
2026-08-26T14:26:43Z,177,32.5,5.44,100,13.4,12.71,MPPT Charging,46,27,0,126,8500
2026-08-26T14:26:53Z,6,30.6,0.19,88,12.9,0.44,MPPT Charging,46,27,0,126,8500
2026-08-26T14:27:03Z,0,30.3,0.00,86,12.9,0.00,MPPT Charging,46,27,0,126,8500
2026-08-26T14:27:13Z,0,26.5,0.00,86,12.8,0.00,MPPT Charging,46,27,0,126,8500
2026-08-26T14:27:23Z,0,25.1,0.00,86,12.8,0.00,MPPT Charging,45,27,0,126,8500
2026-08-26T14:27:33Z,0,22.8,0.00,85,12.8,0.00,MPPT Charging,45,27,0,126,8500
2026-08-26T14:27:43Z,0,26.0,0.00,86,12.8,0.00,MPPT Charging,45,27,0,126,8500
2026-08-26T14:27:53Z,0,34.0,0.00,86,12.8,0.00,MPPT Charging,45,27,0,126,8500
2026-08-26T14:28:03Z,0,37.6,0.00,86,12.8,0.00,MPPT Charging,45,27,0,126,8500
2026-08-26T14:28:13Z,2,38.2,0.05,87,12.9,0.17,MPPT Charging,45,27,0,126,8500
2026-08-26T14:28:23Z,22,35.5,0.61,89,12.9,1.60,MPPT Charging,45,27,0,126,8500
2026-08-26T14:28:33Z,31,33.0,0.93,90,12.9,2.27,MPPT Charging,45,27,0,126,8500
2026-08-26T14:28:43Z,69,33.9,2.03,93,13.0,5.08,MPPT Charging,44,27,0,126,8500
2026-08-26T14:28:53Z,189,34.4,5.49,100,13.3,13.65,MPPT Charging,44,27,0,126,8500
2026-08-26T14:29:03Z,186,34.3,5.42,100,13.3,13.40,MPPT Charging,44,27,0,126,8500
2026-08-26T14:29:13Z,194,35.2,5.51,100,13.3,14.00,MPPT Charging,44,27,0,126,8500
2026-08-26T14:29:23Z,185,35.4,5.22,100,13.3,13.38,MPPT Charging,44,27,0,126,8500
2026-08-26T14:29:33Z,187,36.2,5.16,100,13.3,13.48,MPPT Charging,44,27,0,126,8500
2026-08-26T14:29:44Z,186,36.6,5.08,100,13.3,13.43,MPPT Charging,45,27,0,126,8500
2026-08-26T14:29:53Z,188,37.6,5.00,100,13.3,13.55,MPPT Charging,44,27,0,126,8500
2026-08-26T14:30:03Z,180,38.1,4.72,100,13.3,12.98,MPPT Charging,45,27,0,126,8500
2026-08-26T14:30:13Z,172,38.5,4.46,100,13.3,12.39,MPPT Charging,45,27,0,126,8500
2026-08-26T14:30:23Z,157,38.5,4.07,100,13.2,11.40,MPPT Charging,44,27,0,126,8500
2026-08-26T14:30:33Z,151,38.4,3.93,100,13.2,10.98,MPPT Charging,45,27,0,126,8500
2026-08-26T14:30:43Z,146,38.2,3.82,100,13.2,10.59,MPPT Charging,44,28,0,126,8500
2026-08-26T14:30:53Z,138,38.1,3.62,100,13.2,10.02,MPPT Charging,44,27,0,126,8500
2026-08-26T14:31:03Z,134,38.7,3.46,100,13.2,9.77,MPPT Charging,44,28,0,126,8500
2026-08-26T14:31:13Z,138,39.6,3.48,100,13.2,10.07,MPPT Charging,44,28,0,126,8500
2026-08-26T14:31:23Z,132,39.4,3.35,100,13.2,9.62,MPPT Charging,44,28,0,126,8500
2026-08-26T14:31:33Z,130,40.1,3.24,100,13.2,9.43,MPPT Charging,44,28,0,139,8513
2026-08-26T14:31:43Z,127,40.5,3.13,100,13.2,9.23,MPPT Charging,44,27,0,139,8513
2026-08-26T14:31:53Z,76,42.1,1.80,86,12.9,5.67,MPPT Charging,44,28,0,139,8513
2026-08-26T14:32:03Z,147,24.2,6.07,100,13.2,10.71,MPPT Charging,44,28,0,139,8513
2026-08-26T14:32:13Z,143,23.7,6.03,100,13.2,10.37,MPPT Charging,44,28,0,139,8513
2026-08-26T14:32:23Z,139,23.7,5.86,100,13.2,10.14,MPPT Charging,44,28,0,139,8513
2026-08-26T14:32:33Z,135,23.6,5.72,100,13.2,9.80,MPPT Charging,44,28,0,139,8513
2026-08-26T14:32:43Z,133,23.8,5.58,100,13.2,9.65,MPPT Charging,44,28,0,139,8513
2026-08-26T14:32:53Z,132,23.8,5.54,100,13.2,9.62,MPPT Charging,44,28,0,139,8513
2026-08-26T14:33:03Z,130,23.7,5.48,100,13.2,9.45,MPPT Charging,44,28,0,139,8513
2026-08-26T14:33:13Z,131,23.6,5.55,100,13.2,9.50,MPPT Charging,44,28,0,139,8513
2026-08-26T14:33:23Z,126,23.4,5.38,100,13.2,9.13,MPPT Charging,44,28,0,139,8513
2026-08-26T14:33:33Z,122,23.4,5.21,100,13.2,8.86,MPPT Charging,44,28,0,139,8513
2026-08-26T14:33:43Z,128,23.7,5.40,100,13.2,9.33,MPPT Charging,44,28,0,139,8513
2026-08-26T14:33:53Z,126,23.9,5.27,100,13.2,9.13,MPPT Charging,43,28,0,139,8513
2026-08-26T14:34:03Z,125,24.0,5.20,100,13.2,9.08,MPPT Charging,43,28,0,139,8513
2026-08-26T14:34:13Z,123,24.0,5.12,100,13.2,8.93,MPPT Charging,43,28,0,139,8513
2026-08-26T14:34:23Z,122,24.2,5.04,100,13.2,8.86,MPPT Charging,43,28,0,139,8513
2026-08-26T14:34:33Z,121,24.0,5.04,100,13.2,8.81,MPPT Charging,43,28,0,139,8513
2026-08-26T14:34:43Z,121,23.9,5.06,100,13.2,8.83,MPPT Charging,43,28,0,139,8513
2026-08-26T14:34:54Z,119,24.0,4.95,100,13.2,8.66,MPPT Charging,43,28,0,139,8513
2026-08-26T14:35:03Z,120,23.8,5.04,100,13.2,8.74,MPPT Charging,43,28,0,139,8513
2026-08-26T14:35:13Z,119,23.8,5.00,100,13.2,8.66,MPPT Charging,43,28,0,139,8513
2026-08-26T14:35:23Z,118,23.7,4.97,97,13.2,8.61,MPPT Charging,43,28,0,139,8513
2026-08-26T14:35:33Z,116,23.7,4.89,100,13.2,8.41,MPPT Charging,43,28,0,139,8513
2026-08-26T14:35:43Z,116,23.7,4.89,100,13.2,8.46,MPPT Charging,43,28,0,139,8513
2026-08-26T14:35:53Z,118,23.5,5.02,100,13.2,8.56,MPPT Charging,43,28,0,139,8513
2026-08-26T14:36:03Z,119,23.5,5.06,100,13.2,8.64,MPPT Charging,43,28,0,139,8513
2026-08-26T14:36:13Z,118,23.4,5.04,100,13.2,8.59,MPPT Charging,43,28,0,139,8513
2026-08-26T14:36:23Z,117,23.5,4.97,100,13.2,8.54,MPPT Charging,43,28,0,139,8513
2026-08-26T14:36:33Z,117,23.6,4.95,100,13.2,8.54,MPPT Charging,43,28,0,139,8513
2026-08-26T14:36:43Z,118,23.9,4.93,100,13.2,8.59,MPPT Charging,43,28,0,139,8513
2026-08-26T14:36:53Z,120,24.0,5.00,100,13.2,8.71,MPPT Charging,43,28,0,139,8513
2026-08-26T14:37:03Z,122,24.1,5.06,100,13.2,8.88,MPPT Charging,43,28,0,139,8513
2026-08-26T14:37:13Z,123,23.7,5.18,100,13.2,8.98,MPPT Charging,43,28,0,139,8513
2026-08-26T14:37:23Z,120,23.9,5.02,100,13.2,8.74,MPPT Charging,42,28,0,139,8513
2026-08-26T14:37:33Z,121,23.9,5.06,100,13.2,8.83,MPPT Charging,42,28,0,139,8513
2026-08-26T14:37:43Z,127,23.3,5.45,100,13.2,9.20,MPPT Charging,42,28,0,139,8513
2026-08-26T14:37:53Z,126,23.6,5.33,100,13.2,9.16,MPPT Charging,42,28,0,139,8513
2026-08-26T14:38:03Z,121,23.8,5.08,100,13.2,8.81,MPPT Charging,42,28,0,139,8513
2026-08-26T14:38:13Z,121,23.7,5.10,100,13.2,8.83,MPPT Charging,42,28,0,152,8526
2026-08-26T14:38:23Z,120,23.6,5.08,100,13.2,8.71,MPPT Charging,42,28,0,152,8526
2026-08-26T14:38:33Z,118,23.7,4.97,100,13.2,8.59,MPPT Charging,42,28,0,152,8526
2026-08-26T14:38:43Z,118,23.8,4.95,100,13.2,8.59,MPPT Charging,42,28,0,152,8526
2026-08-26T14:38:53Z,119,23.6,5.04,100,13.2,8.66,MPPT Charging,42,28,0,152,8526
2026-08-26T14:39:03Z,120,23.5,5.10,100,13.2,8.74,MPPT Charging,42,28,0,152,8526
2026-08-26T14:39:13Z,121,23.8,5.08,100,13.2,8.79,MPPT Charging,42,28,0,152,8526
2026-08-26T14:39:23Z,117,23.9,4.89,97,13.2,8.49,MPPT Charging,42,28,0,152,8526
2026-08-26T14:39:33Z,117,24.0,4.87,100,13.2,8.51,MPPT Charging,42,28,0,152,8526
2026-08-26T14:39:43Z,117,23.6,4.95,100,13.2,8.49,MPPT Charging,42,28,0,152,8526
2026-08-26T14:39:53Z,116,23.4,4.95,100,13.2,8.41,MPPT Charging,42,28,0,152,8526
2026-08-26T14:40:04Z,115,23.6,4.87,100,13.2,8.37,MPPT Charging,42,28,0,152,8526
2026-08-26T14:40:13Z,83,23.1,3.59,97,13.1,6.09,MPPT Charging,42,28,0,152,8526
2026-08-26T14:40:23Z,117,23.2,5.04,100,13.2,8.51,MPPT Charging,42,28,0,152,8526
2026-08-26T14:40:33Z,120,23.3,5.15,100,13.2,8.74,MPPT Charging,42,29,0,152,8526
2026-08-26T14:40:43Z,121,23.4,5.17,100,13.2,8.83,MPPT Charging,42,28,0,152,8526
2026-08-26T14:40:53Z,119,23.5,5.06,100,13.2,8.66,MPPT Charging,42,29,0,152,8526
2026-08-26T14:41:03Z,122,23.4,5.21,100,13.2,8.86,MPPT Charging,42,28,0,152,8526
2026-08-26T14:41:13Z,125,23.8,5.25,100,13.2,9.08,MPPT Charging,42,28,0,152,8526
2026-08-26T14:41:23Z,126,24.1,5.22,100,13.2,9.18,MPPT Charging,42,29,0,152,8526
2026-08-26T14:41:33Z,129,24.6,5.24,100,13.2,9.40,MPPT Charging,42,29,0,152,8526
2026-08-26T14:41:43Z,130,24.3,5.34,100,13.2,9.45,MPPT Charging,42,29,0,152,8526
2026-08-26T14:41:53Z,132,24.4,5.40,100,13.2,9.60,MPPT Charging,42,28,0,152,8526
2026-08-26T14:42:03Z,131,24.9,5.26,100,13.2,9.55,MPPT Charging,41,29,0,152,8526
2026-08-26T14:42:13Z,133,24.7,5.38,100,13.2,9.67,MPPT Charging,41,29,0,152,8526
2026-08-26T14:42:23Z,132,24.5,5.38,100,13.2,9.60,MPPT Charging,41,29,0,152,8526
2026-08-26T14:42:33Z,132,24.3,5.43,100,13.2,9.58,MPPT Charging,41,29,0,152,8526
2026-08-26T14:42:43Z,131,24.6,5.32,100,13.2,9.53,MPPT Charging,41,29,0,152,8526
2026-08-26T14:42:53Z,130,24.6,5.28,100,13.2,9.43,MPPT Charging,41,29,0,152,8526
2026-08-26T14:43:03Z,130,25.0,5.20,100,13.2,9.48,MPPT Charging,41,29,0,152,8526
2026-08-26T14:43:13Z,131,24.7,5.30,100,13.2,9.50,MPPT Charging,41,29,0,152,8526
2026-08-26T14:43:23Z,131,24.7,5.30,100,13.2,9.50,MPPT Charging,41,29,0,152,8526
2026-08-26T14:43:33Z,131,24.9,5.26,100,13.2,9.53,MPPT Charging,41,29,0,152,8526
2026-08-26T14:43:43Z,130,24.9,5.22,100,13.2,9.48,MPPT Charging,41,29,0,152,8526
2026-08-26T14:43:53Z,130,24.9,5.22,100,13.2,9.45,MPPT Charging,41,29,0,152,8526
2026-08-26T14:44:03Z,130,24.7,5.26,100,13.2,9.48,MPPT Charging,41,29,0,152,8526
2026-08-26T14:44:13Z,128,24.8,5.16,100,13.2,9.30,MPPT Charging,41,29,0,152,8526
2026-08-26T14:44:23Z,125,25.0,5.00,100,13.2,9.06,MPPT Charging,41,29,0,152,8526
2026-08-26T14:44:33Z,127,25.0,5.08,100,13.2,9.25,MPPT Charging,41,29,0,152,8526
2026-08-26T14:44:43Z,128,25.2,5.07,100,13.2,9.28,MPPT Charging,41,29,0,152,8526
2026-08-26T14:44:53Z,128,25.4,5.03,100,13.2,9.33,MPPT Charging,41,29,0,165,8539
2026-08-26T14:45:03Z,120,25.5,4.70,100,13.2,8.74,MPPT Charging,41,29,0,165,8539
2026-08-26T14:45:14Z,60,25.1,2.39,97,13.0,4.46,MPPT Charging,41,29,0,165,8539
2026-08-26T14:45:23Z,39,24.3,1.60,91,13.0,2.91,MPPT Charging,41,29,0,165,8539
2026-08-26T14:45:33Z,99,24.0,4.12,100,13.1,7.23,MPPT Charging,41,29,0,165,8539
2026-08-26T14:45:43Z,107,24.1,4.43,100,13.1,7.85,MPPT Charging,41,29,0,165,8539
2026-08-26T14:45:53Z,108,24.1,4.48,100,13.2,7.85,MPPT Charging,41,29,0,165,8539
2026-08-26T14:46:03Z,103,24.1,4.27,100,13.1,7.55,MPPT Charging,41,29,0,165,8539
2026-08-26T14:46:13Z,95,24.0,3.95,100,13.1,6.96,MPPT Charging,41,29,0,165,8539
2026-08-26T14:46:23Z,91,24.2,3.76,98,13.1,6.69,MPPT Charging,41,29,0,165,8539
2026-08-26T14:46:33Z,91,24.2,3.76,98,13.1,6.69,MPPT Charging,41,29,0,165,8539
2026-08-26T14:46:43Z,90,24.3,3.70,98,13.1,6.59,MPPT Charging,41,29,0,165,8539
2026-08-26T14:46:53Z,87,24.5,3.55,98,13.1,6.34,MPPT Charging,41,29,0,165,8539
2026-08-26T14:47:03Z,85,24.6,3.45,98,13.1,6.22,MPPT Charging,41,29,0,165,8539
2026-08-26T14:47:13Z,85,24.7,3.44,98,13.1,6.24,MPPT Charging,41,29,0,165,8539
2026-08-26T14:47:23Z,83,24.9,3.33,97,13.1,6.07,MPPT Charging,41,29,0,165,8539
2026-08-26T14:47:33Z,84,25.2,3.33,98,13.1,6.17,MPPT Charging,41,29,0,165,8539
2026-08-26T14:47:43Z,86,25.4,3.38,97,13.1,6.27,MPPT Charging,41,29,0,165,8539
2026-08-26T14:47:53Z,81,25.3,3.20,96,13.1,5.95,MPPT Charging,41,29,0,165,8539
2026-08-26T14:48:03Z,68,25.3,2.68,95,13.0,5.01,MPPT Charging,41,29,0,165,8539
2026-08-26T14:48:13Z,77,25.6,3.00,97,13.1,5.67,MPPT Charging,41,29,0,165,8539
2026-08-26T14:48:23Z,80,25.9,3.08,97,13.1,5.85,MPPT Charging,41,29,0,165,8539
2026-08-26T14:48:33Z,76,26.1,2.91,97,13.1,5.55,MPPT Charging,40,29,0,165,8539
2026-08-26T14:48:43Z,70,26.1,2.68,97,13.1,5.16,MPPT Charging,40,29,0,165,8539
2026-08-26T14:48:53Z,70,26.2,2.67,96,13.1,5.16,MPPT Charging,40,29,0,165,8539
2026-08-26T14:49:03Z,73,26.4,2.76,97,13.1,5.33,MPPT Charging,40,29,0,165,8539
2026-08-26T14:49:13Z,71,26.4,2.68,96,13.1,5.23,MPPT Charging,40,29,0,165,8539
2026-08-26T14:49:24Z,72,26.7,2.69,96,13.1,5.30,MPPT Charging,40,29,0,165,8539
2026-08-26T14:49:33Z,65,26.7,2.43,95,13.0,4.83,MPPT Charging,40,29,0,165,8539
2026-08-26T14:49:43Z,61,27.0,2.25,95,13.0,4.51,MPPT Charging,40,29,0,165,8539
2026-08-26T14:49:53Z,56,27.0,2.07,94,13.0,4.12,MPPT Charging,40,29,0,165,8539
2026-08-26T14:50:03Z,50,27.2,1.83,94,13.0,3.70,MPPT Charging,40,29,0,165,8539
2026-08-26T14:50:13Z,45,27.2,1.65,92,13.0,3.35,MPPT Charging,40,29,0,165,8539
2026-08-26T14:50:24Z,44,27.3,1.61,94,13.0,3.25,MPPT Charging,40,29,0,165,8539
2026-08-26T14:50:33Z,34,27.8,1.22,91,13.0,2.49,MPPT Charging,40,29,0,165,8539
2026-08-26T14:50:43Z,36,27.5,1.30,91,13.0,2.69,MPPT Charging,40,29,0,165,8539
2026-08-26T14:50:53Z,33,27.2,1.21,91,13.0,2.41,MPPT Charging,40,29,0,165,8539
2026-08-26T14:51:03Z,30,27.5,1.09,91,13.0,2.19,MPPT Charging,40,29,0,165,8539
2026-08-26T14:51:13Z,27,27.6,0.97,91,13.0,2.00,MPPT Charging,40,29,0,165,8539
2026-08-26T14:51:23Z,24,27.7,0.86,91,12.9,1.80,MPPT Charging,40,29,0,165,8539
2026-08-26T14:51:33Z,22,27.5,0.80,90,12.9,1.67,MPPT Charging,40,29,0,165,8539
2026-08-26T14:51:43Z,22,27.7,0.79,90,12.9,1.62,MPPT Charging,40,29,0,165,8539
2026-08-26T14:51:53Z,22,27.8,0.79,90,12.9,1.60,MPPT Charging,40,29,0,165,8539
2026-08-26T14:52:03Z,23,27.6,0.83,91,12.9,1.72,MPPT Charging,40,29,0,165,8539
2026-08-26T14:52:13Z,22,27.8,0.79,90,12.9,1.60,MPPT Charging,40,29,0,165,8539
2026-08-26T14:52:23Z,22,27.6,0.79,90,12.9,1.62,MPPT Charging,40,29,0,165,8539
2026-08-26T14:52:33Z,22,27.6,0.79,91,12.9,1.65,MPPT Charging,40,29,0,165,8539
2026-08-26T14:52:43Z,23,27.7,0.83,90,12.9,1.70,MPPT Charging,39,29,0,165,8539
2026-08-26T14:52:53Z,23,27.6,0.83,90,12.9,1.70,MPPT Charging,40,29,0,165,8539
2026-08-26T14:53:03Z,22,27.6,0.79,91,12.9,1.67,MPPT Charging,39,29,0,165,8539
2026-08-26T14:53:13Z,23,27.6,0.83,90,12.9,1.72,MPPT Charging,39,29,0,165,8539
2026-08-26T14:53:23Z,23,27.6,0.83,90,12.9,1.72,MPPT Charging,39,29,0,165,8539
2026-08-26T14:53:33Z,22,27.7,0.79,90,12.9,1.65,MPPT Charging,39,29,0,165,8539
2026-08-26T14:53:43Z,22,27.6,0.79,91,12.9,1.60,MPPT Charging,39,29,0,165,8539
2026-08-26T14:53:53Z,21,27.6,0.76,90,12.9,1.55,MPPT Charging,39,29,0,165,8539
2026-08-26T14:54:03Z,21,27.6,0.76,90,12.9,1.53,MPPT Charging,39,29,0,165,8539
2026-08-26T14:54:13Z,21,27.5,0.76,90,12.9,1.53,MPPT Charging,39,29,0,165,8539
2026-08-26T14:54:23Z,12,27.3,0.43,89,12.9,0.93,MPPT Charging,39,29,0,165,8539
2026-08-26T14:54:33Z,4,26.5,0.15,88,12.9,0.29,MPPT Charging,39,29,0,165,8539
2026-08-26T14:54:43Z,11,26.0,0.42,89,12.9,0.79,MPPT Charging,39,29,0,165,8539
2026-08-26T14:54:53Z,4,27.0,0.14,88,12.9,0.32,MPPT Charging,39,29,0,165,8539
2026-08-26T14:55:03Z,10,29.1,0.34,89,12.9,0.71,MPPT Charging,39,29,0,165,8539
2026-08-26T14:55:13Z,23,27.6,0.83,90,12.9,1.72,MPPT Charging,39,29,0,165,8539
2026-08-26T14:55:23Z,12,27.3,0.43,89,12.9,0.88,MPPT Charging,39,29,0,165,8539
2026-08-26T14:55:34Z,8,27.5,0.29,89,12.9,0.59,MPPT Charging,39,29,0,165,8539
2026-08-26T14:55:43Z,11,26.8,0.41,89,12.9,0.79,MPPT Charging,39,29,0,165,8539
2026-08-26T14:55:53Z,17,26.9,0.63,90,12.9,1.23,MPPT Charging,39,29,0,165,8539
2026-08-26T14:56:03Z,17,27.9,0.60,91,12.9,1.25,MPPT Charging,39,29,0,165,8539
2026-08-26T14:56:13Z,17,29.3,0.58,89,12.9,1.23,MPPT Charging,39,29,0,165,8539
2026-08-26T14:56:23Z,17,31.6,0.53,90,12.9,1.28,MPPT Charging,38,29,0,165,8539
2026-08-26T14:56:33Z,17,33.3,0.51,89,12.9,1.30,MPPT Charging,38,29,0,165,8539
2026-08-26T14:56:43Z,20,36.8,0.54,89,12.9,1.48,MPPT Charging,38,29,0,165,8539
2026-08-26T14:56:53Z,22,40.7,0.54,90,12.9,1.62,MPPT Charging,38,29,0,165,8539
2026-08-26T14:57:03Z,22,40.5,0.54,90,12.9,1.60,MPPT Charging,38,29,0,165,8539
2026-08-26T14:57:13Z,21,40.7,0.51,91,12.9,1.58,MPPT Charging,38,29,0,165,8539
2026-08-26T14:57:23Z,22,40.5,0.54,90,12.9,1.60,MPPT Charging,38,29,0,165,8539
2026-08-26T14:57:33Z,21,40.5,0.51,89,12.9,1.58,MPPT Charging,38,29,0,165,8539
2026-08-26T14:57:43Z,21,40.5,0.51,90,12.9,1.55,MPPT Charging,38,29,0,165,8539
2026-08-26T14:57:53Z,21,40.3,0.52,91,12.9,1.53,MPPT Charging,38,29,0,165,8539
2026-08-26T14:58:03Z,16,40.1,0.39,89,12.9,1.20,MPPT Charging,38,29,0,165,8539
2026-08-26T14:58:13Z,15,39.9,0.37,89,12.9,1.13,MPPT Charging,38,29,0,165,8539
2026-08-26T14:58:23Z,6,39.2,0.15,89,12.9,0.46,MPPT Charging,38,29,0,165,8539
2026-08-26T14:58:33Z,14,36.6,0.38,89,12.9,1.01,MPPT Charging,38,29,0,165,8539
2026-08-26T14:58:43Z,13,39.6,0.32,90,12.9,0.96,MPPT Charging,38,29,0,165,8539
2026-08-26T14:58:53Z,14,39.7,0.35,89,12.9,1.06,MPPT Charging,38,29,0,165,8539
2026-08-26T14:59:03Z,19,36.5,0.52,89,12.9,1.38,MPPT Charging,38,29,0,165,8539
2026-08-26T14:59:13Z,22,40.6,0.54,90,12.9,1.62,MPPT Charging,38,29,0,165,8539
2026-08-26T14:59:23Z,21,40.2,0.52,90,12.9,1.53,MPPT Charging,38,29,0,165,8539
2026-08-26T14:59:33Z,31,18.1,1.71,95,12.9,2.32,MPPT Charging,38,29,0,165,8539
2026-08-26T14:59:43Z,34,18.4,1.84,91,13.0,2.51,MPPT Charging,38,29,0,165,8539
2026-08-26T14:59:53Z,1,17.9,0.05,89,12.9,0.09,MPPT Charging,38,29,0,165,8539
2026-08-26T15:00:03Z,19,17.3,1.09,88,12.9,1.45,MPPT Charging,38,29,0,178,8552
2026-08-26T15:00:13Z,77,16.5,4.66,96,13.1,5.65,MPPT Charging,38,29,0,178,8552
2026-08-26T15:00:23Z,62,16.4,3.78,95,13.0,4.59,MPPT Charging,38,29,0,178,8552
2026-08-26T15:00:33Z,42,16.5,2.54,96,13.0,3.08,MPPT Charging,38,29,0,178,8552
2026-08-26T15:00:44Z,47,16.7,2.81,92,13.0,3.48,MPPT Charging,38,29,0,178,8552
2026-08-26T15:00:53Z,63,16.6,3.79,92,13.0,4.64,MPPT Charging,38,29,0,178,8552
2026-08-26T15:01:03Z,42,16.6,2.53,94,13.0,3.08,MPPT Charging,38,29,0,178,8552
2026-08-26T15:01:13Z,37,17.6,2.10,91,13.0,2.71,MPPT Charging,38,29,0,178,8552
2026-08-26T15:01:23Z,0,17.5,0.00,88,12.9,0.00,MPPT Charging,38,29,0,178,8552
2026-08-26T15:01:33Z,0,17.3,0.00,86,12.9,0.00,MPPT Charging,38,29,0,178,8552
2026-08-26T15:01:43Z,0,16.7,0.00,86,12.9,0.00,MPPT Charging,37,29,0,178,8552
2026-08-26T15:01:53Z,0,15.8,0.00,86,12.9,0.00,MPPT Charging,37,29,0,178,8552
2026-08-26T15:02:03Z,21,14.9,1.40,89,12.9,1.58,MPPT Charging,37,29,0,178,8552
2026-08-26T15:02:13Z,59,14.4,4.09,94,13.0,4.39,MPPT Charging,37,29,0,178,8552
2026-08-26T15:02:23Z,16,15.0,1.06,91,12.9,1.16,MPPT Charging,37,29,0,178,8552
2026-08-26T15:02:33Z,0,14.8,0.00,87,12.9,0.00,MPPT Charging,37,29,0,178,8552
2026-08-26T15:02:43Z,1,15.3,0.06,87,12.9,0.07,MPPT Charging,37,29,0,178,8552
2026-08-26T15:02:53Z,49,16.4,2.98,91,13.0,3.60,MPPT Charging,37,29,0,178,8552
2026-08-26T15:03:03Z,72,16.5,4.36,96,13.0,5.33,MPPT Charging,37,29,0,178,8552
2026-08-26T15:03:13Z,72,16.5,4.36,95,13.1,5.25,MPPT Charging,37,29,0,178,8552
2026-08-26T15:03:23Z,73,16.8,4.34,97,13.1,5.35,MPPT Charging,37,29,0,178,8552
2026-08-26T15:03:33Z,73,17.0,4.29,96,13.1,5.35,MPPT Charging,37,29,0,178,8552
2026-08-26T15:03:43Z,48,16.8,2.85,96,13.0,3.58,MPPT Charging,37,29,0,178,8552
2026-08-26T15:03:53Z,48,17.0,2.82,94,13.0,3.58,MPPT Charging,37,29,0,178,8552
2026-08-26T15:04:03Z,5,17.3,0.28,89,12.9,0.37,MPPT Charging,37,29,0,178,8552
2026-08-26T15:04:13Z,61,17.8,3.42,94,13.0,4.54,MPPT Charging,37,29,0,178,8552
2026-08-26T15:04:23Z,74,18.1,4.08,96,13.1,5.45,MPPT Charging,37,29,0,178,8552
2026-08-26T15:04:33Z,72,18.1,3.97,96,13.1,5.30,MPPT Charging,37,29,0,178,8552
2026-08-26T15:04:43Z,73,18.0,4.05,97,13.1,5.33,MPPT Charging,37,29,0,178,8552
2026-08-26T15:04:53Z,4,38.4,0.10,89,12.9,0.29,MPPT Charging,37,29,0,178,8552
2026-08-26T15:05:03Z,71,18.4,3.85,96,13.0,5.25,MPPT Charging,37,29,0,178,8552
2026-08-26T15:05:13Z,71,18.3,3.87,96,13.1,5.23,MPPT Charging,37,29,0,178,8552
2026-08-26T15:05:23Z,71,18.1,3.92,96,13.1,5.20,MPPT Charging,37,29,0,178,8552
2026-08-26T15:05:33Z,71,18.0,3.94,97,13.0,5.23,MPPT Charging,37,29,0,178,8552
2026-08-26T15:05:43Z,71,17.9,3.96,97,13.1,5.20,MPPT Charging,37,29,0,178,8552
2026-08-26T15:05:54Z,71,17.9,3.96,96,13.1,5.18,MPPT Charging,37,29,0,178,8552
2026-08-26T15:06:03Z,70,18.0,3.88,97,13.0,5.18,MPPT Charging,37,29,0,178,8552
2026-08-26T15:06:14Z,70,18.0,3.88,96,13.1,5.16,MPPT Charging,37,29,0,178,8552
2026-08-26T15:06:23Z,70,18.0,3.88,96,13.1,5.13,MPPT Charging,37,29,0,178,8552
2026-08-26T15:06:33Z,70,17.9,3.91,96,13.1,5.11,MPPT Charging,37,29,0,178,8552
2026-08-26T15:06:43Z,69,17.9,3.85,96,13.1,5.03,MPPT Charging,37,29,0,178,8552
2026-08-26T15:06:53Z,67,17.9,3.74,95,13.0,4.98,MPPT Charging,37,29,0,178,8552
2026-08-26T15:07:03Z,67,17.9,3.74,96,13.0,4.93,MPPT Charging,37,29,0,178,8552
2026-08-26T15:07:13Z,66,17.7,3.72,96,13.0,4.88,MPPT Charging,37,29,0,178,8552
2026-08-26T15:07:23Z,64,17.8,3.59,94,13.0,4.76,MPPT Charging,37,29,0,178,8552
2026-08-26T15:07:33Z,63,17.8,3.53,95,13.0,4.64,MPPT Charging,37,29,0,178,8552
2026-08-26T15:07:43Z,62,18.0,3.44,95,13.0,4.61,MPPT Charging,37,29,0,178,8552
2026-08-26T15:07:53Z,62,17.6,3.52,95,13.0,4.61,MPPT Charging,37,29,0,178,8552
2026-08-26T15:08:03Z,64,17.8,3.59,95,13.0,4.69,MPPT Charging,37,29,0,178,8552
2026-08-26T15:08:13Z,64,18.5,3.45,95,13.0,4.74,MPPT Charging,37,29,0,178,8552
2026-08-26T15:08:23Z,66,18.1,3.64,94,13.0,4.86,MPPT Charging,37,29,0,178,8552
2026-08-26T15:08:33Z,66,18.1,3.64,96,13.0,4.86,MPPT Charging,37,29,0,178,8552
2026-08-26T15:08:43Z,66,17.8,3.70,96,13.0,4.86,MPPT Charging,37,29,0,178,8552
2026-08-26T15:08:53Z,65,17.9,3.63,95,13.0,4.81,MPPT Charging,37,29,0,178,8552
2026-08-26T15:09:03Z,64,17.8,3.59,96,13.0,4.76,MPPT Charging,37,29,0,178,8552
2026-08-26T15:09:13Z,59,17.8,3.31,95,13.0,4.39,MPPT Charging,37,29,0,178,8552
2026-08-26T15:09:23Z,61,18.0,3.38,95,13.0,4.49,MPPT Charging,36,29,0,178,8552
2026-08-26T15:09:33Z,52,17.9,2.90,93,13.0,3.82,MPPT Charging,37,29,0,178,8552
2026-08-26T15:09:43Z,49,17.8,2.75,94,13.0,3.60,MPPT Charging,37,29,0,178,8552
2026-08-26T15:09:53Z,48,18.1,2.65,94,13.0,3.53,MPPT Charging,37,29,0,178,8552
2026-08-26T15:10:03Z,49,17.8,2.75,94,13.0,3.65,MPPT Charging,37,29,0,178,8552
2026-08-26T15:10:13Z,28,18.6,1.50,91,13.0,2.09,MPPT Charging,37,29,0,178,8552
2026-08-26T15:10:23Z,26,19.2,1.35,91,13.0,1.92,MPPT Charging,36,29,0,178,8552
2026-08-26T15:10:33Z,37,19.8,1.86,92,13.0,2.74,MPPT Charging,36,29,0,178,8552
2026-08-26T15:10:43Z,20,20.0,1.00,90,12.9,1.48,MPPT Charging,36,29,0,178,8552
2026-08-26T15:10:53Z,27,19.7,1.37,90,13.0,2.02,MPPT Charging,36,29,0,178,8552
2026-08-26T15:11:04Z,50,18.7,2.67,94,13.0,3.72,MPPT Charging,36,29,0,178,8552
2026-08-26T15:11:13Z,48,19.0,2.52,93,13.0,3.53,MPPT Charging,36,29,0,178,8552
2026-08-26T15:11:23Z,48,19.3,2.48,94,13.0,3.53,MPPT Charging,36,29,0,178,8552
2026-08-26T15:11:33Z,47,19.7,2.38,93,13.0,3.50,MPPT Charging,36,29,0,178,8552
2026-08-26T15:11:43Z,47,20.0,2.35,93,13.0,3.45,MPPT Charging,36,29,0,178,8552
2026-08-26T15:11:53Z,46,19.9,2.31,93,13.0,3.40,MPPT Charging,36,29,0,178,8552
2026-08-26T15:12:03Z,45,19.9,2.26,93,13.0,3.33,MPPT Charging,36,29,0,178,8552
2026-08-26T15:12:13Z,43,20.0,2.15,93,13.0,3.20,MPPT Charging,36,29,0,178,8552
2026-08-26T15:12:23Z,43,19.9,2.16,92,13.0,3.18,MPPT Charging,36,29,0,178,8552
2026-08-26T15:12:33Z,42,19.9,2.11,93,13.0,3.08,MPPT Charging,36,29,0,178,8552
2026-08-26T15:12:43Z,40,20.0,2.00,92,13.0,2.93,MPPT Charging,36,29,0,178,8552
2026-08-26T15:12:53Z,42,20.0,2.10,92,13.0,3.08,MPPT Charging,36,29,0,178,8552
2026-08-26T15:13:03Z,42,19.8,2.12,92,13.0,3.08,MPPT Charging,36,29,0,178,8552
2026-08-26T15:13:13Z,40,20.0,2.00,92,13.0,2.98,MPPT Charging,36,29,0,178,8552
2026-08-26T15:13:23Z,38,20.1,1.89,93,13.0,2.83,MPPT Charging,36,29,0,178,8552
2026-08-26T15:13:33Z,38,20.1,1.89,92,13.0,2.81,MPPT Charging,36,29,0,178,8552
2026-08-26T15:13:43Z,38,19.9,1.90,92,13.0,2.81,MPPT Charging,36,29,0,178,8552
2026-08-26T15:13:53Z,30,19.9,1.50,91,13.0,2.19,MPPT Charging,36,29,0,178,8552
2026-08-26T15:14:03Z,29,20.2,1.43,91,13.0,2.17,MPPT Charging,36,29,0,178,8552
2026-08-26T15:14:13Z,27,20.6,1.31,91,13.0,1.97,MPPT Charging,36,29,0,178,8552
2026-08-26T15:14:23Z,5,20.3,0.24,88,12.9,0.39,MPPT Charging,36,29,0,178,8552
2026-08-26T15:14:33Z,0,20.0,0.00,86,12.9,0.00,MPPT Charging,36,29,0,178,8552
2026-08-26T15:14:43Z,0,20.0,0.00,86,12.9,0.00,MPPT Charging,36,29,0,178,8552
2026-08-26T15:14:53Z,0,20.5,0.00,86,12.8,0.00,MPPT Charging,36,29,0,178,8552
2026-08-26T15:15:03Z,0,19.5,0.00,86,12.9,0.00,MPPT Charging,36,29,0,178,8552
2026-08-26T15:15:13Z,0,19.1,0.00,86,12.8,0.00,MPPT Charging,36,29,0,178,8552
2026-08-26T15:15:23Z,0,19.8,0.00,86,12.9,0.00,MPPT Charging,36,29,0,178,8552
2026-08-26T15:15:33Z,0,20.0,0.00,87,12.9,0.00,MPPT Charging,36,29,0,178,8552
2026-08-26T15:15:43Z,0,21.6,0.00,88,12.9,0.00,MPPT Charging,36,29,0,178,8552
2026-08-26T15:15:53Z,7,20.8,0.33,87,12.9,0.51,MPPT Charging,36,29,0,178,8552
2026-08-26T15:16:03Z,15,19.6,0.76,89,12.9,1.08,MPPT Charging,36,29,0,178,8552
2026-08-26T15:16:14Z,10,19.5,0.51,89,12.9,0.76,MPPT Charging,36,29,0,178,8552
2026-08-26T15:16:23Z,8,19.9,0.40,89,12.9,0.61,MPPT Charging,36,29,0,178,8552
2026-08-26T15:16:33Z,0,20.0,0.00,87,12.9,0.00,MPPT Charging,36,29,0,178,8552
2026-08-26T15:16:43Z,0,20.0,0.00,86,12.8,0.00,MPPT Charging,36,29,0,178,8552
2026-08-26T15:16:53Z,0,19.5,0.00,86,12.8,0.00,MPPT Charging,36,29,0,178,8552
2026-08-26T15:17:03Z,0,18.9,0.00,86,12.8,0.00,MPPT Charging,36,29,0,178,8552
2026-08-26T15:17:13Z,0,19.2,0.00,86,12.8,0.00,MPPT Charging,35,29,0,178,8552
2026-08-26T15:17:23Z,1,18.8,0.05,88,12.9,0.04,MPPT Charging,35,29,0,178,8552
2026-08-26T15:17:33Z,5,17.8,0.28,88,12.9,0.34,MPPT Charging,35,29,0,178,8552
2026-08-26T15:17:43Z,5,17.4,0.28,88,12.9,0.39,MPPT Charging,35,29,0,178,8552
2026-08-26T15:17:53Z,6,17.3,0.34,88,12.9,0.41,MPPT Charging,35,29,0,178,8552
2026-08-26T15:18:03Z,7,18.1,0.38,88,12.9,0.49,MPPT Charging,35,29,0,178,8552
2026-08-26T15:18:13Z,6,18.5,0.32,88,12.9,0.44,MPPT Charging,35,29,0,178,8552
2026-08-26T15:18:23Z,6,18.8,0.31,88,12.9,0.44,MPPT Charging,35,29,0,178,8552
2026-08-26T15:18:33Z,5,19.0,0.26,88,12.9,0.39,MPPT Charging,35,29,0,178,8552
2026-08-26T15:18:43Z,6,19.7,0.30,89,12.9,0.41,MPPT Charging,35,29,0,178,8552
2026-08-26T15:18:53Z,7,21.1,0.33,89,12.9,0.54,MPPT Charging,35,29,0,178,8552
2026-08-26T15:19:03Z,8,21.0,0.38,89,12.9,0.56,MPPT Charging,35,29,0,178,8552
2026-08-26T15:19:13Z,7,21.0,0.33,89,12.9,0.54,MPPT Charging,35,29,0,178,8552
2026-08-26T15:19:23Z,4,28.6,0.13,86,12.9,0.27,MPPT Charging,35,29,0,178,8552
2026-08-26T15:19:33Z,0,14.7,0.00,87,12.9,0.00,MPPT Charging,35,29,0,178,8552
2026-08-26T15:19:43Z,0,15.1,0.00,87,12.9,0.00,MPPT Charging,35,29,0,178,8552
2026-08-26T15:19:53Z,2,16.2,0.12,87,12.9,0.12,MPPT Charging,35,29,0,178,8552
2026-08-26T15:20:03Z,2,17.0,0.11,87,12.9,0.12,MPPT Charging,35,29,0,178,8552
2026-08-26T15:20:13Z,1,17.3,0.05,88,12.9,0.09,MPPT Charging,35,29,0,178,8552
2026-08-26T15:20:23Z,3,18.4,0.16,88,12.9,0.24,MPPT Charging,35,29,0,178,8552
2026-08-26T15:20:33Z,5,19.6,0.25,88,12.9,0.34,MPPT Charging,35,29,0,178,8552
2026-08-26T15:20:43Z,5,20.6,0.24,89,12.9,0.34,MPPT Charging,35,29,0,178,8552
2026-08-26T15:20:53Z,5,20.9,0.23,88,12.9,0.34,MPPT Charging,35,29,0,178,8552
2026-08-26T15:21:03Z,3,20.8,0.14,87,12.9,0.24,MPPT Charging,35,29,0,178,8552
2026-08-26T15:21:13Z,3,20.7,0.14,88,12.9,0.19,MPPT Charging,35,29,0,178,8552
2026-08-26T15:21:24Z,2,20.8,0.09,88,12.9,0.17,MPPT Charging,35,29,0,178,8552
2026-08-26T15:21:33Z,2,20.6,0.09,88,12.9,0.14,MPPT Charging,35,29,0,178,8552
2026-08-26T15:21:43Z,2,20.7,0.09,88,12.9,0.17,MPPT Charging,35,29,0,178,8552
2026-08-26T15:21:53Z,3,20.7,0.14,87,12.9,0.22,MPPT Charging,35,29,0,178,8552
2026-08-26T15:22:03Z,4,20.6,0.19,87,12.9,0.27,MPPT Charging,35,29,0,178,8552
2026-08-26T15:22:13Z,4,20.6,0.19,89,12.9,0.29,MPPT Charging,35,29,0,178,8552
2026-08-26T15:22:23Z,4,20.6,0.19,88,12.9,0.32,MPPT Charging,35,29,0,178,8552
2026-08-26T15:22:33Z,5,20.5,0.24,88,12.9,0.34,MPPT Charging,35,29,0,178,8552
2026-08-26T15:22:43Z,4,20.5,0.19,89,12.9,0.32,MPPT Charging,35,29,0,178,8552
2026-08-26T15:22:53Z,4,20.5,0.19,88,12.9,0.27,MPPT Charging,35,29,0,178,8552
2026-08-26T15:23:03Z,3,20.6,0.14,88,12.9,0.24,MPPT Charging,35,29,0,178,8552
2026-08-26T15:23:13Z,3,20.1,0.14,88,12.9,0.22,MPPT Charging,35,29,0,178,8552
2026-08-26T15:23:23Z,3,20.6,0.14,88,12.9,0.22,MPPT Charging,35,29,0,178,8552
2026-08-26T15:23:33Z,3,20.6,0.14,88,12.9,0.22,MPPT Charging,35,29,0,178,8552
2026-08-26T15:23:43Z,3,20.8,0.14,87,12.9,0.19,MPPT Charging,35,29,0,178,8552
2026-08-26T15:23:53Z,3,20.4,0.14,88,12.9,0.24,MPPT Charging,35,29,0,178,8552
2026-08-26T15:24:03Z,2,20.7,0.09,88,12.9,0.12,MPPT Charging,35,29,0,178,8552
2026-08-26T15:24:13Z,1,20.7,0.04,88,12.9,0.09,MPPT Charging,35,29,0,178,8552
2026-08-26T15:24:23Z,1,20.7,0.04,89,12.9,0.07,MPPT Charging,35,29,0,178,8552
2026-08-26T15:24:33Z,1,35.6,0.02,88,12.9,0.07,MPPT Charging,35,29,0,178,8552
2026-08-26T15:24:43Z,8,36.8,0.21,89,12.9,0.59,MPPT Charging,35,29,0,178,8552
2026-08-26T15:24:53Z,8,36.8,0.21,89,12.9,0.59,MPPT Charging,35,29,0,178,8552
2026-08-26T15:25:03Z,9,37.3,0.24,89,12.9,0.64,MPPT Charging,35,29,0,178,8552
2026-08-26T15:25:13Z,5,36.3,0.13,88,12.9,0.39,MPPT Charging,34,29,0,178,8552
2026-08-26T15:25:23Z,0,31.1,0.00,87,12.9,0.00,MPPT Charging,34,29,0,178,8552
2026-08-26T15:25:33Z,0,33.5,0.00,86,12.9,0.00,MPPT Charging,34,29,0,178,8552
2026-08-26T15:25:43Z,0,34.1,0.00,86,12.9,0.00,MPPT Charging,34,29,0,178,8552
2026-08-26T15:25:53Z,0,31.4,0.00,86,12.9,0.00,MPPT Charging,34,29,0,178,8552
2026-08-26T15:26:03Z,5,38.3,0.13,87,12.9,0.34,MPPT Charging,34,29,0,178,8552
2026-08-26T15:26:13Z,12,37.2,0.32,89,12.9,0.86,MPPT Charging,34,29,0,178,8552
2026-08-26T15:26:23Z,9,36.9,0.24,89,12.9,0.69,MPPT Charging,34,29,0,178,8552
2026-08-26T15:26:34Z,0,35.8,0.00,88,12.9,0.00,MPPT Charging,34,29,0,178,8552
2026-08-26T15:26:43Z,0,36.1,0.00,87,12.9,0.00,MPPT Charging,34,29,0,178,8552
2026-08-26T15:26:53Z,0,34.5,0.00,86,12.9,0.00,MPPT Charging,34,29,0,178,8552
2026-08-26T15:27:03Z,0,39.9,0.00,87,12.9,0.00,MPPT Charging,34,29,0,178,8552
2026-08-26T15:27:13Z,7,36.4,0.19,88,12.9,0.54,MPPT Charging,34,29,0,178,8552
2026-08-26T15:27:23Z,11,34.3,0.32,89,12.9,0.79,MPPT Charging,34,29,0,178,8552
2026-08-26T15:27:33Z,12,37.1,0.32,89,12.9,0.86,MPPT Charging,34,29,0,178,8552
2026-08-26T15:27:43Z,10,37.0,0.27,89,12.9,0.71,MPPT Charging,34,29,0,178,8552
2026-08-26T15:27:53Z,9,36.5,0.24,89,12.9,0.64,MPPT Charging,34,29,0,178,8552
2026-08-26T15:28:03Z,7,36.5,0.19,89,12.9,0.51,MPPT Charging,34,29,0,178,8552
2026-08-26T15:28:13Z,8,36.0,0.22,89,12.9,0.61,MPPT Charging,34,29,0,178,8552
2026-08-26T15:28:23Z,9,36.5,0.24,89,12.9,0.64,MPPT Charging,34,29,0,178,8552
2026-08-26T15:28:33Z,8,35.6,0.22,89,12.9,0.61,MPPT Charging,34,29,0,178,8552
2026-08-26T15:28:43Z,9,36.2,0.24,88,12.9,0.66,MPPT Charging,34,29,0,178,8552
2026-08-26T15:28:53Z,9,36.6,0.24,89,12.9,0.66,MPPT Charging,34,29,0,178,8552
2026-08-26T15:29:03Z,9,37.2,0.24,88,12.9,0.69,MPPT Charging,34,29,0,178,8552
2026-08-26T15:29:13Z,9,36.3,0.24,90,12.9,0.69,MPPT Charging,34,29,0,178,8552
2026-08-26T15:29:23Z,10,36.8,0.27,89,12.9,0.71,MPPT Charging,34,29,0,178,8552
2026-08-26T15:29:33Z,10,37.0,0.27,89,12.9,0.74,MPPT Charging,34,29,0,178,8552
2026-08-26T15:29:43Z,2,36.8,0.05,86,12.9,0.12,MPPT Charging,34,29,0,178,8552
2026-08-26T15:29:53Z,7,36.9,0.18,88,12.9,0.54,MPPT Charging,34,29,0,178,8552
2026-08-26T15:30:03Z,11,36.4,0.30,89,12.9,0.79,MPPT Charging,34,29,0,178,8552
2026-08-26T15:30:13Z,10,36.7,0.27,89,12.9,0.76,MPPT Charging,34,29,0,178,8552
2026-08-26T15:30:23Z,8,37.0,0.21,89,12.9,0.61,MPPT Charging,34,29,0,178,8552
2026-08-26T15:30:33Z,10,37.0,0.27,89,12.9,0.76,MPPT Charging,34,29,0,178,8552
2026-08-26T15:30:43Z,11,36.6,0.30,89,12.9,0.79,MPPT Charging,34,29,0,178,8552
2026-08-26T15:30:53Z,10,36.6,0.27,89,12.9,0.74,MPPT Charging,34,29,0,178,8552
2026-08-26T15:31:03Z,10,36.0,0.27,89,12.9,0.74,MPPT Charging,34,29,0,178,8552
2026-08-26T15:31:13Z,10,36.2,0.27,89,12.9,0.74,MPPT Charging,34,29,0,178,8552
2026-08-26T15:31:23Z,10,36.5,0.27,89,12.9,0.71,MPPT Charging,34,29,0,178,8552
2026-08-26T15:31:33Z,10,36.6,0.27,89,12.9,0.71,MPPT Charging,34,29,0,178,8552
2026-08-26T15:31:44Z,9,36.6,0.24,89,12.9,0.69,MPPT Charging,34,29,0,191,8565
2026-08-26T15:31:53Z,9,36.4,0.24,89,12.9,0.69,MPPT Charging,34,29,0,191,8565
2026-08-26T15:32:03Z,10,36.2,0.27,89,12.9,0.74,MPPT Charging,34,29,0,191,8565
2026-08-26T15:32:13Z,10,36.0,0.27,89,12.9,0.76,MPPT Charging,34,29,0,191,8565
2026-08-26T15:32:23Z,10,35.9,0.27,89,12.9,0.76,MPPT Charging,34,29,0,191,8565
2026-08-26T15:32:33Z,10,35.9,0.27,88,12.9,0.76,MPPT Charging,34,29,0,191,8565
2026-08-26T15:32:43Z,10,36.5,0.27,89,12.9,0.74,MPPT Charging,34,29,0,191,8565
2026-08-26T15:32:53Z,9,35.8,0.25,89,12.9,0.66,MPPT Charging,34,29,0,191,8565
2026-08-26T15:33:03Z,10,36.1,0.27,89,12.9,0.71,MPPT Charging,34,29,0,191,8565
2026-08-26T15:33:13Z,7,35.2,0.19,89,12.9,0.51,MPPT Charging,34,29,0,191,8565
2026-08-26T15:33:23Z,3,35.6,0.08,88,12.9,0.22,MPPT Charging,34,29,0,191,8565
2026-08-26T15:33:33Z,0,35.7,0.00,87,12.9,0.00,MPPT Charging,34,29,0,191,8565
2026-08-26T15:33:43Z,0,35.9,0.00,87,12.9,0.00,MPPT Charging,34,29,0,191,8565
2026-08-26T15:33:53Z,0,36.7,0.00,86,12.9,0.00,MPPT Charging,34,29,0,191,8565
2026-08-26T15:34:03Z,0,34.0,0.00,87,12.9,0.00,MPPT Charging,34,29,0,191,8565
2026-08-26T15:34:13Z,0,34.3,0.00,88,12.9,0.00,MPPT Charging,34,29,0,191,8565
2026-08-26T15:34:23Z,5,30.3,0.16,88,12.9,0.39,MPPT Charging,34,29,0,191,8565
2026-08-26T15:34:33Z,8,31.0,0.25,89,12.9,0.56,MPPT Charging,34,29,0,191,8565
2026-08-26T15:34:43Z,11,35.5,0.30,89,12.9,0.83,MPPT Charging,34,29,0,191,8565
2026-08-26T15:34:53Z,2,29.3,0.06,89,12.9,0.17,MPPT Charging,33,29,0,191,8565
2026-08-26T15:35:03Z,11,36.0,0.30,89,12.9,0.83,MPPT Charging,34,29,0,191,8565
2026-08-26T15:35:13Z,12,36.7,0.32,89,12.9,0.86,MPPT Charging,34,29,0,191,8565
2026-08-26T15:35:23Z,12,36.6,0.32,89,12.9,0.86,MPPT Charging,34,29,0,191,8565
2026-08-26T15:35:33Z,12,35.9,0.33,89,12.9,0.86,MPPT Charging,34,29,0,191,8565
2026-08-26T15:35:43Z,12,36.8,0.32,89,12.9,0.88,MPPT Charging,33,29,0,191,8565
2026-08-26T15:35:53Z,12,35.9,0.33,89,12.9,0.88,MPPT Charging,33,29,0,191,8565
2026-08-26T15:36:03Z,12,36.1,0.33,89,12.9,0.91,MPPT Charging,33,29,0,191,8565
2026-08-26T15:36:13Z,13,36.0,0.36,89,12.9,0.96,MPPT Charging,34,28,0,191,8565
2026-08-26T15:36:23Z,13,36.1,0.36,89,12.9,0.96,MPPT Charging,33,29,0,191,8565
2026-08-26T15:36:33Z,13,36.1,0.36,89,12.9,0.96,MPPT Charging,33,29,0,191,8565
2026-08-26T15:36:43Z,12,36.2,0.33,89,12.9,0.93,MPPT Charging,33,28,0,191,8565
2026-08-26T15:36:54Z,12,36.5,0.32,89,12.9,0.93,MPPT Charging,33,28,0,191,8565
2026-08-26T15:37:03Z,13,36.7,0.35,89,12.9,0.98,MPPT Charging,33,29,0,191,8565
2026-08-26T15:37:13Z,13,35.8,0.36,89,12.9,0.98,MPPT Charging,33,29,0,191,8565
2026-08-26T15:37:23Z,14,36.7,0.38,89,12.9,1.01,MPPT Charging,33,29,0,191,8565
2026-08-26T15:37:33Z,14,35.9,0.38,89,12.9,1.03,MPPT Charging,33,29,0,191,8565
2026-08-26T15:37:43Z,14,35.9,0.38,89,12.9,1.03,MPPT Charging,33,28,0,191,8565
2026-08-26T15:37:53Z,14,35.9,0.38,89,12.9,1.03,MPPT Charging,33,28,0,191,8565
2026-08-26T15:38:03Z,14,35.9,0.38,90,12.9,1.01,MPPT Charging,33,29,0,191,8565
2026-08-26T15:38:13Z,14,35.9,0.38,89,12.9,1.01,MPPT Charging,33,28,0,191,8565
2026-08-26T15:38:23Z,14,36.1,0.38,89,12.9,1.01,MPPT Charging,33,29,0,191,8565
2026-08-26T15:38:33Z,13,35.9,0.36,89,12.9,0.98,MPPT Charging,33,28,0,191,8565
2026-08-26T15:38:43Z,12,35.5,0.33,89,12.9,0.93,MPPT Charging,33,28,0,191,8565
2026-08-26T15:38:53Z,11,35.2,0.31,89,12.9,0.83,MPPT Charging,33,28,0,191,8565
2026-08-26T15:39:03Z,11,35.0,0.31,89,12.9,0.83,MPPT Charging,33,29,0,191,8565
2026-08-26T15:39:13Z,12,35.4,0.33,89,12.9,0.86,MPPT Charging,33,28,0,191,8565
2026-08-26T15:39:23Z,11,35.8,0.30,89,12.9,0.83,MPPT Charging,33,28,0,191,8565
2026-08-26T15:39:33Z,11,35.8,0.30,89,12.9,0.79,MPPT Charging,33,28,0,191,8565
2026-08-26T15:39:43Z,10,35.5,0.28,89,12.9,0.74,MPPT Charging,34,28,0,191,8565
2026-08-26T15:39:53Z,10,35.9,0.27,89,12.9,0.71,MPPT Charging,33,29,0,191,8565
2026-08-26T15:40:03Z,1,20.8,0.04,88,12.9,0.09,MPPT Charging,33,28,0,191,8565
2026-08-26T15:40:13Z,9,35.4,0.25,89,12.9,0.64,MPPT Charging,33,28,0,191,8565
2026-08-26T15:40:23Z,8,36.0,0.22,89,12.9,0.61,MPPT Charging,33,28,0,191,8565
2026-08-26T15:40:33Z,8,35.3,0.22,89,12.9,0.61,MPPT Charging,33,28,0,191,8565
2026-08-26T15:40:43Z,8,35.6,0.22,86,12.9,0.61,MPPT Charging,33,28,0,191,8565
2026-08-26T15:40:53Z,8,35.9,0.22,88,12.9,0.61,MPPT Charging,33,28,0,191,8565
2026-08-26T15:41:03Z,8,35.3,0.22,89,12.9,0.59,MPPT Charging,33,28,0,191,8565
2026-08-26T15:41:13Z,8,34.9,0.22,89,12.9,0.59,MPPT Charging,33,28,0,191,8565
2026-08-26T15:41:23Z,8,35.6,0.22,89,12.9,0.59,MPPT Charging,33,28,0,191,8565
2026-08-26T15:41:33Z,8,35.4,0.22,89,12.9,0.56,MPPT Charging,33,28,0,191,8565
2026-08-26T15:41:43Z,8,35.2,0.22,89,12.9,0.56,MPPT Charging,33,29,0,191,8565
2026-08-26T15:41:53Z,8,36.0,0.22,89,12.9,0.56,MPPT Charging,33,28,0,191,8565
2026-08-26T15:42:04Z,7,35.4,0.19,89,12.9,0.54,MPPT Charging,33,28,0,191,8565
2026-08-26T15:42:13Z,8,35.0,0.22,88,12.9,0.56,MPPT Charging,33,28,0,191,8565
2026-08-26T15:42:23Z,7,35.7,0.19,89,12.9,0.54,MPPT Charging,33,28,0,191,8565
2026-08-26T15:42:33Z,8,35.5,0.22,89,12.9,0.59,MPPT Charging,33,28,0,191,8565
2026-08-26T15:42:43Z,8,36.1,0.22,89,12.9,0.59,MPPT Charging,33,28,0,191,8565
2026-08-26T15:42:53Z,8,35.6,0.22,88,12.9,0.61,MPPT Charging,33,28,0,191,8565
2026-08-26T15:43:03Z,8,35.9,0.22,89,12.9,0.61,MPPT Charging,33,28,0,191,8565
2026-08-26T15:43:13Z,9,35.8,0.25,89,12.9,0.64,MPPT Charging,33,28,0,191,8565
2026-08-26T15:43:23Z,8,35.4,0.22,89,12.9,0.56,MPPT Charging,33,28,0,191,8565
2026-08-26T15:43:33Z,8,35.7,0.22,88,12.9,0.56,MPPT Charging,33,28,0,191,8565
2026-08-26T15:43:43Z,7,35.0,0.20,89,12.9,0.54,MPPT Charging,33,28,0,191,8565
2026-08-26T15:43:53Z,7,35.2,0.19,88,12.9,0.51,MPPT Charging,33,28,0,191,8565
2026-08-26T15:44:03Z,6,35.3,0.16,89,12.9,0.46,MPPT Charging,33,28,0,191,8565
2026-08-26T15:44:13Z,7,35.9,0.19,89,12.9,0.49,MPPT Charging,33,28,0,191,8565
2026-08-26T15:44:23Z,7,35.8,0.19,88,12.9,0.49,MPPT Charging,33,28,0,191,8565
2026-08-26T15:44:33Z,0,33.5,0.00,87,12.9,0.00,MPPT Charging,33,28,0,191,8565
2026-08-26T15:44:43Z,0,29.8,0.00,87,12.9,0.00,MPPT Charging,33,28,0,191,8565
2026-08-26T15:44:53Z,0,34.2,0.00,87,12.9,0.00,MPPT Charging,33,28,0,191,8565
2026-08-26T15:45:03Z,0,26.8,0.00,86,12.9,0.00,MPPT Charging,33,28,0,191,8565
2026-08-26T15:45:13Z,0,18.7,0.00,86,12.8,0.00,MPPT Charging,33,28,0,191,8565
2026-08-26T15:45:23Z,0,31.8,0.00,86,12.8,0.00,MPPT Charging,33,28,0,191,8565
2026-08-26T15:45:33Z,0,31.6,0.00,86,12.8,0.00,MPPT Charging,33,28,0,191,8565
2026-08-26T15:45:43Z,0,30.8,0.00,86,12.8,0.00,MPPT Charging,33,28,0,191,8565
2026-08-26T15:45:53Z,0,31.1,0.00,86,12.8,0.00,MPPT Charging,33,28,0,191,8565
2026-08-26T15:46:03Z,0,30.0,0.00,86,12.8,0.00,MPPT Charging,33,28,0,191,8565
2026-08-26T15:46:13Z,0,32.1,0.00,86,12.8,0.00,MPPT Charging,33,28,0,191,8565
2026-08-26T15:46:23Z,0,30.6,0.00,86,12.9,0.00,MPPT Charging,33,28,0,191,8565
2026-08-26T15:46:33Z,0,28.4,0.00,86,12.9,0.00,MPPT Charging,33,28,0,191,8565
2026-08-26T15:46:43Z,0,24.3,0.00,86,12.8,0.00,MPPT Charging,33,28,0,191,8565
2026-08-26T15:46:53Z,0,23.7,0.00,86,12.8,0.00,MPPT Charging,33,28,0,191,8565
2026-08-26T15:47:03Z,0,23.9,0.00,85,12.8,0.00,MPPT Charging,33,28,0,191,8565
2026-08-26T15:47:14Z,0,23.7,0.00,86,12.8,0.00,MPPT Charging,33,28,0,191,8565
2026-08-26T15:47:23Z,0,27.5,0.00,86,12.8,0.00,MPPT Charging,33,28,0,191,8565
2026-08-26T15:47:33Z,0,32.5,0.00,86,12.9,0.00,MPPT Charging,33,28,0,191,8565
2026-08-26T15:47:43Z,0,33.0,0.00,86,12.9,0.00,MPPT Charging,33,28,0,191,8565
2026-08-26T15:47:53Z,2,31.3,0.06,88,12.9,0.12,MPPT Charging,33,28,0,191,8565
2026-08-26T15:48:03Z,3,28.8,0.10,87,12.9,0.19,MPPT Charging,33,28,0,191,8565
2026-08-26T15:48:13Z,1,28.2,0.03,87,12.9,0.04,MPPT Charging,33,28,0,191,8565
2026-08-26T15:48:23Z,4,30.9,0.12,87,12.9,0.27,MPPT Charging,33,28,0,191,8565
2026-08-26T15:48:33Z,9,36.1,0.24,89,12.9,0.69,MPPT Charging,32,28,0,191,8565
2026-08-26T15:48:43Z,10,36.0,0.27,89,12.9,0.74,MPPT Charging,33,28,0,191,8565
2026-08-26T15:48:53Z,9,35.9,0.25,89,12.9,0.69,MPPT Charging,33,28,0,191,8565
2026-08-26T15:49:03Z,10,34.0,0.29,89,12.9,0.71,MPPT Charging,33,28,0,191,8565
2026-08-26T15:49:13Z,10,36.2,0.27,89,12.9,0.76,MPPT Charging,33,28,0,191,8565
2026-08-26T15:49:23Z,3,36.1,0.08,88,12.9,0.22,MPPT Charging,33,28,0,191,8565
2026-08-26T15:49:33Z,0,35.4,0.00,87,12.9,0.00,MPPT Charging,33,28,0,191,8565
2026-08-26T15:49:43Z,0,34.7,0.00,87,12.9,0.00,MPPT Charging,33,28,0,191,8565
2026-08-26T15:49:53Z,0,35.9,0.00,87,12.9,0.00,MPPT Charging,33,28,0,191,8565
2026-08-26T15:50:03Z,7,30.8,0.22,88,12.9,0.49,MPPT Charging,33,28,0,191,8565
2026-08-26T15:50:13Z,9,31.5,0.28,89,12.9,0.64,MPPT Charging,33,28,0,191,8565
2026-08-26T15:50:23Z,5,26.9,0.18,87,12.9,0.39,MPPT Charging,33,28,0,191,8565
2026-08-26T15:50:33Z,10,37.0,0.27,89,12.9,0.71,MPPT Charging,32,28,0,191,8565
2026-08-26T15:50:43Z,10,35.2,0.28,89,12.9,0.74,MPPT Charging,33,28,0,191,8565
2026-08-26T15:50:53Z,6,35.6,0.16,89,12.9,0.44,MPPT Charging,33,28,0,191,8565
2026-08-26T15:51:03Z,5,34.0,0.14,88,12.9,0.34,MPPT Charging,32,28,0,191,8565
2026-08-26T15:51:13Z,1,36.0,0.02,89,12.9,0.09,MPPT Charging,32,28,0,191,8565
2026-08-26T15:51:23Z,0,34.7,0.00,88,12.9,0.00,MPPT Charging,32,28,0,191,8565
2026-08-26T15:51:33Z,2,30.5,0.06,88,12.9,0.14,MPPT Charging,32,28,0,191,8565
2026-08-26T15:51:43Z,6,28.4,0.21,89,12.9,0.44,MPPT Charging,32,28,0,191,8565
2026-08-26T15:51:53Z,8,31.8,0.25,89,12.9,0.61,MPPT Charging,32,28,0,191,8565
2026-08-26T15:52:03Z,11,36.2,0.30,89,12.9,0.81,MPPT Charging,32,28,0,191,8565
2026-08-26T15:52:13Z,11,36.3,0.30,89,12.9,0.83,MPPT Charging,32,28,0,191,8565
2026-08-26T15:52:24Z,11,36.8,0.29,89,12.9,0.83,MPPT Charging,32,28,0,191,8565
2026-08-26T15:52:33Z,12,35.6,0.33,89,12.9,0.88,MPPT Charging,32,28,0,191,8565
2026-08-26T15:52:43Z,11,35.8,0.30,89,12.9,0.83,MPPT Charging,32,28,0,191,8565
2026-08-26T15:52:53Z,8,34.5,0.23,89,12.9,0.59,MPPT Charging,32,28,0,191,8565
2026-08-26T15:53:03Z,12,37.0,0.32,89,12.9,0.93,MPPT Charging,32,28,0,191,8565
2026-08-26T15:53:13Z,14,35.4,0.39,89,12.9,1.01,MPPT Charging,32,28,0,191,8565
2026-08-26T15:53:23Z,14,36.2,0.38,89,12.9,1.01,MPPT Charging,32,28,0,191,8565
2026-08-26T15:53:33Z,12,35.8,0.33,89,12.9,0.86,MPPT Charging,32,28,0,191,8565
2026-08-26T15:53:43Z,4,36.7,0.10,89,12.9,0.29,MPPT Charging,32,28,0,191,8565
2026-08-26T15:53:53Z,0,35.7,0.00,88,12.9,0.00,MPPT Charging,32,28,0,191,8565
2026-08-26T15:54:03Z,0,34.2,0.00,88,12.9,0.00,MPPT Charging,32,28,0,191,8565
2026-08-26T15:54:13Z,0,33.1,0.00,87,12.9,0.00,MPPT Charging,32,28,0,191,8565
2026-08-26T15:54:23Z,0,32.0,0.00,87,12.9,0.00,MPPT Charging,32,28,0,191,8565
2026-08-26T15:54:33Z,0,31.1,0.00,87,12.9,0.00,MPPT Charging,32,28,0,191,8565
2026-08-26T15:54:43Z,0,30.3,0.00,87,12.9,0.00,MPPT Charging,32,28,0,191,8565
2026-08-26T15:54:53Z,0,32.0,0.00,86,12.9,0.00,MPPT Charging,32,28,0,191,8565
2026-08-26T15:55:03Z,0,31.2,0.00,86,12.9,0.00,MPPT Charging,32,28,0,191,8565
2026-08-26T15:55:13Z,0,32.2,0.00,87,12.9,0.00,MPPT Charging,32,28,0,191,8565
2026-08-26T15:55:23Z,0,32.1,0.00,86,12.9,0.00,MPPT Charging,32,28,0,191,8565
2026-08-26T15:55:33Z,0,32.3,0.00,86,12.9,0.00,MPPT Charging,32,28,0,191,8565
2026-08-26T15:55:43Z,0,32.9,0.00,87,12.9,0.00,MPPT Charging,32,28,0,191,8565
2026-08-26T15:55:53Z,0,33.5,0.00,86,12.9,0.00,MPPT Charging,32,28,0,191,8565
2026-08-26T15:56:03Z,0,30.9,0.00,86,12.9,0.00,MPPT Charging,32,28,0,191,8565
2026-08-26T15:56:13Z,0,34.7,0.00,86,12.9,0.00,MPPT Charging,32,28,0,191,8565
2026-08-26T15:56:23Z,0,32.3,0.00,87,12.9,0.00,MPPT Charging,32,28,0,191,8565
2026-08-26T15:56:33Z,5,28.0,0.17,88,12.9,0.34,MPPT Charging,32,28,0,191,8565
2026-08-26T15:56:43Z,7,30.4,0.23,89,12.9,0.51,MPPT Charging,32,28,0,191,8565
2026-08-26T15:56:53Z,10,34.2,0.29,89,12.9,0.71,MPPT Charging,32,28,0,191,8565
2026-08-26T15:57:03Z,10,36.5,0.27,91,12.9,0.76,MPPT Charging,32,28,0,191,8565
2026-08-26T15:57:13Z,11,36.1,0.30,89,12.9,0.81,MPPT Charging,32,28,0,191,8565
2026-08-26T15:57:23Z,11,36.5,0.30,89,12.9,0.81,MPPT Charging,32,28,0,191,8565
2026-08-26T15:57:34Z,11,36.2,0.30,89,12.9,0.81,MPPT Charging,32,28,0,191,8565
2026-08-26T15:57:43Z,11,36.5,0.30,89,12.9,0.83,MPPT Charging,32,28,0,191,8565
2026-08-26T15:57:53Z,12,35.8,0.33,89,12.9,0.88,MPPT Charging,32,28,0,191,8565
2026-08-26T15:58:03Z,12,35.9,0.33,89,12.9,0.88,MPPT Charging,32,28,0,191,8565
2026-08-26T15:58:13Z,12,35.8,0.33,89,12.9,0.86,MPPT Charging,32,28,0,191,8565
2026-08-26T15:58:23Z,12,35.3,0.33,89,12.9,0.88,MPPT Charging,32,28,0,191,8565
2026-08-26T15:58:33Z,12,36.5,0.32,89,12.9,0.88,MPPT Charging,32,28,0,191,8565
2026-08-26T15:58:43Z,12,36.2,0.33,89,12.9,0.88,MPPT Charging,32,28,0,191,8565
2026-08-26T15:58:53Z,12,35.9,0.33,89,12.9,0.88,MPPT Charging,32,28,0,191,8565
2026-08-26T15:59:03Z,12,35.4,0.33,89,12.9,0.86,MPPT Charging,32,28,0,191,8565
2026-08-26T15:59:13Z,12,35.9,0.33,89,12.9,0.88,MPPT Charging,32,28,0,191,8565
2026-08-26T15:59:23Z,12,35.7,0.33,89,12.9,0.88,MPPT Charging,32,28,0,191,8565
2026-08-26T15:59:33Z,12,36.0,0.33,89,12.9,0.88,MPPT Charging,32,28,0,191,8565
2026-08-26T15:59:43Z,1,35.3,0.02,88,12.9,0.09,MPPT Charging,32,28,0,191,8565
2026-08-26T15:59:53Z,0,31.1,0.00,87,12.9,0.00,MPPT Charging,32,28,0,191,8565
2026-08-26T16:00:03Z,0,29.1,0.00,86,12.9,0.00,MPPT Charging,32,28,0,191,8565
2026-08-26T16:00:13Z,0,31.8,0.00,87,12.9,0.00,MPPT Charging,32,28,0,191,8565
2026-08-26T16:00:23Z,0,33.1,0.00,86,12.9,0.00,MPPT Charging,32,28,0,191,8565
2026-08-26T16:00:33Z,0,34.7,0.00,86,12.8,0.00,MPPT Charging,32,28,0,191,8565
2026-08-26T16:00:43Z,0,32.9,0.00,86,12.9,0.00,MPPT Charging,32,28,0,191,8565
2026-08-26T16:00:53Z,0,32.1,0.00,86,12.9,0.00,MPPT Charging,32,28,0,191,8565
2026-08-26T16:01:03Z,0,32.5,0.00,86,12.9,0.00,MPPT Charging,32,28,0,191,8565
2026-08-26T16:01:13Z,0,31.8,0.00,86,12.9,0.00,MPPT Charging,32,28,0,191,8565
2026-08-26T16:01:23Z,0,31.5,0.00,86,12.9,0.00,MPPT Charging,32,28,0,191,8565
2026-08-26T16:01:33Z,0,31.9,0.00,87,12.9,0.00,MPPT Charging,32,28,0,191,8565
2026-08-26T16:01:43Z,0,32.8,0.00,86,12.9,0.00,MPPT Charging,32,28,0,191,8565
2026-08-26T16:01:53Z,0,32.9,0.00,86,12.9,0.00,MPPT Charging,32,28,0,191,8565
2026-08-26T16:02:03Z,0,33.2,0.00,86,12.9,0.00,MPPT Charging,32,28,0,191,8565
2026-08-26T16:02:13Z,0,31.5,0.00,86,12.9,0.00,MPPT Charging,32,28,0,191,8565
2026-08-26T16:02:23Z,0,33.4,0.00,86,12.9,0.00,MPPT Charging,32,28,0,191,8565
2026-08-26T16:02:33Z,0,32.8,0.00,86,12.9,0.00,MPPT Charging,32,28,0,191,8565
2026-08-26T16:02:44Z,0,31.6,0.00,87,12.9,0.00,MPPT Charging,32,28,0,191,8565
2026-08-26T16:02:53Z,0,34.4,0.00,87,12.9,0.00,MPPT Charging,32,28,0,191,8565
2026-08-26T16:03:03Z,0,31.2,0.00,87,12.9,0.00,MPPT Charging,32,28,0,191,8565
2026-08-26T16:03:13Z,0,30.5,0.00,86,12.9,0.00,MPPT Charging,32,28,0,191,8565
2026-08-26T16:03:23Z,4,26.9,0.14,87,12.9,0.29,MPPT Charging,32,28,0,191,8565
2026-08-26T16:03:33Z,5,27.2,0.18,89,12.9,0.39,MPPT Charging,32,28,0,191,8565
2026-08-26T16:03:43Z,7,29.9,0.23,88,12.9,0.54,MPPT Charging,32,28,0,191,8565
2026-08-26T16:03:53Z,11,34.0,0.32,89,12.9,0.79,MPPT Charging,32,28,0,191,8565
2026-08-26T16:04:03Z,11,35.3,0.31,89,12.9,0.83,MPPT Charging,32,28,0,191,8565
2026-08-26T16:04:13Z,11,35.5,0.30,89,12.9,0.83,MPPT Charging,32,28,0,191,8565
2026-08-26T16:04:23Z,11,35.5,0.30,89,12.9,0.81,MPPT Charging,32,28,0,191,8565
2026-08-26T16:04:33Z,11,35.2,0.31,89,12.9,0.79,MPPT Charging,32,28,0,191,8565
2026-08-26T16:04:43Z,10,35.2,0.28,89,12.9,0.76,MPPT Charging,32,28,0,191,8565
2026-08-26T16:04:53Z,10,34.7,0.28,89,12.9,0.71,MPPT Charging,32,28,0,191,8565
2026-08-26T16:05:03Z,10,34.7,0.28,89,12.9,0.71,MPPT Charging,32,28,0,191,8565
2026-08-26T16:05:13Z,9,34.2,0.26,89,12.9,0.64,MPPT Charging,32,28,0,191,8565
2026-08-26T16:05:23Z,8,34.2,0.23,89,12.9,0.61,MPPT Charging,32,28,0,191,8565
2026-08-26T16:05:33Z,8,34.7,0.23,88,12.9,0.59,MPPT Charging,32,28,0,191,8565
2026-08-26T16:05:43Z,3,38.8,0.07,86,12.8,0.19,MPPT Charging,32,28,0,191,8565
2026-08-26T16:05:53Z,7,35.3,0.19,89,12.9,0.54,MPPT Charging,32,28,0,191,8565
2026-08-26T16:06:03Z,7,34.8,0.20,88,12.9,0.54,MPPT Charging,32,28,0,191,8565
2026-08-26T16:06:13Z,7,34.7,0.20,89,12.9,0.54,MPPT Charging,32,28,0,191,8565
2026-08-26T16:06:23Z,7,34.5,0.20,89,12.9,0.54,MPPT Charging,32,28,0,191,8565
2026-08-26T16:06:33Z,7,34.3,0.20,89,12.9,0.51,MPPT Charging,32,28,0,191,8565
2026-08-26T16:06:43Z,6,34.5,0.17,89,12.9,0.46,MPPT Charging,32,28,0,191,8565
2026-08-26T16:06:53Z,6,34.4,0.17,89,12.9,0.46,MPPT Charging,32,28,0,191,8565
2026-08-26T16:07:03Z,6,34.1,0.17,89,12.9,0.44,MPPT Charging,32,28,0,191,8565
2026-08-26T16:07:13Z,6,34.9,0.17,89,12.9,0.44,MPPT Charging,32,28,0,191,8565
2026-08-26T16:07:23Z,6,34.8,0.17,89,12.9,0.44,MPPT Charging,32,28,0,191,8565
2026-08-26T16:07:33Z,5,35.2,0.14,88,12.9,0.39,MPPT Charging,32,28,0,191,8565
2026-08-26T16:07:43Z,3,36.7,0.08,89,12.9,0.24,MPPT Charging,32,28,0,191,8565
2026-08-26T16:07:54Z,7,35.0,0.20,89,12.9,0.54,MPPT Charging,32,28,0,191,8565
2026-08-26T16:08:03Z,1,34.7,0.02,88,12.9,0.04,MPPT Charging,32,28,0,191,8565
2026-08-26T16:08:13Z,0,30.3,0.00,86,12.9,0.00,MPPT Charging,32,28,0,191,8565
2026-08-26T16:08:23Z,0,32.4,0.00,86,12.9,0.00,MPPT Charging,32,28,0,191,8565
2026-08-26T16:08:33Z,0,33.7,0.00,87,12.9,0.00,MPPT Charging,32,28,0,191,8565
2026-08-26T16:08:43Z,0,32.5,0.00,87,12.9,0.00,MPPT Charging,32,28,0,191,8565
2026-08-26T16:08:53Z,0,30.8,0.00,87,12.9,0.00,MPPT Charging,32,28,0,191,8565
2026-08-26T16:09:03Z,1,30.4,0.03,88,12.9,0.07,MPPT Charging,32,28,0,191,8565
2026-08-26T16:09:13Z,9,35.1,0.25,89,12.9,0.66,MPPT Charging,32,28,0,191,8565
2026-08-26T16:09:23Z,9,34.7,0.25,89,12.9,0.64,MPPT Charging,32,28,0,191,8565
2026-08-26T16:09:33Z,8,35.0,0.22,88,12.9,0.61,MPPT Charging,32,28,0,191,8565
2026-08-26T16:09:43Z,7,35.1,0.19,89,12.9,0.54,MPPT Charging,32,28,0,191,8565
2026-08-26T16:09:53Z,7,35.1,0.19,89,12.9,0.54,MPPT Charging,32,28,0,191,8565
2026-08-26T16:10:03Z,7,34.7,0.20,88,12.9,0.49,MPPT Charging,32,28,0,191,8565
2026-08-26T16:10:13Z,4,35.0,0.11,89,12.9,0.32,MPPT Charging,32,28,0,191,8565
2026-08-26T16:10:23Z,1,32.7,0.03,88,12.9,0.09,MPPT Charging,32,28,0,191,8565
2026-08-26T16:10:33Z,4,32.0,0.12,88,12.9,0.32,MPPT Charging,32,28,0,191,8565
2026-08-26T16:10:43Z,5,34.4,0.14,88,12.9,0.39,MPPT Charging,32,28,0,191,8565
2026-08-26T16:10:53Z,0,36.3,0.00,88,12.9,0.00,MPPT Charging,32,28,0,191,8565
2026-08-26T16:11:03Z,0,33.0,0.00,86,12.9,0.00,MPPT Charging,32,28,0,191,8565
2026-08-26T16:11:13Z,2,32.2,0.06,88,12.9,0.12,MPPT Charging,32,28,0,191,8565
2026-08-26T16:11:23Z,2,30.3,0.06,88,12.9,0.14,MPPT Charging,32,28,0,191,8565
2026-08-26T16:11:33Z,4,35.1,0.11,88,12.9,0.29,MPPT Charging,32,28,0,191,8565
2026-08-26T16:11:43Z,4,34.3,0.11,88,12.9,0.27,MPPT Charging,32,28,0,191,8565
2026-08-26T16:11:53Z,4,35.5,0.11,89,12.9,0.29,MPPT Charging,32,28,0,191,8565
2026-08-26T16:12:03Z,4,34.6,0.11,89,12.9,0.32,MPPT Charging,32,27,0,191,8565
2026-08-26T16:12:13Z,5,35.3,0.14,89,12.9,0.34,MPPT Charging,32,28,0,191,8565
2026-08-26T16:12:23Z,5,36.3,0.13,88,12.9,0.37,MPPT Charging,32,28,0,191,8565
2026-08-26T16:12:33Z,5,34.7,0.14,88,12.9,0.39,MPPT Charging,32,28,0,191,8565
2026-08-26T16:12:43Z,6,35.9,0.16,89,12.9,0.41,MPPT Charging,32,28,0,191,8565
2026-08-26T16:12:53Z,0,35.4,0.00,87,12.9,0.00,MPPT Charging,32,28,0,191,8565
2026-08-26T16:13:04Z,0,30.1,0.00,86,12.9,0.00,MPPT Charging,32,28,0,191,8565
2026-08-26T16:13:13Z,0,33.4,0.00,88,12.9,0.00,MPPT Charging,32,28,0,191,8565
2026-08-26T16:13:23Z,0,38.7,0.00,87,12.9,0.00,MPPT Charging,32,28,0,191,8565
2026-08-26T16:13:33Z,0,37.8,0.00,87,12.9,0.00,MPPT Charging,32,28,0,191,8565
2026-08-26T16:13:43Z,0,40.0,0.00,87,12.9,0.00,MPPT Charging,32,28,0,191,8565
2026-08-26T16:13:53Z,6,37.1,0.16,89,12.9,0.41,MPPT Charging,32,27,0,191,8565
2026-08-26T16:14:03Z,8,33.4,0.23,89,12.9,0.56,MPPT Charging,31,28,0,191,8565
2026-08-26T16:14:13Z,8,35.6,0.22,89,12.9,0.61,MPPT Charging,32,28,0,191,8565
2026-08-26T16:14:23Z,8,35.7,0.22,89,12.9,0.61,MPPT Charging,32,28,0,191,8565
2026-08-26T16:14:33Z,8,35.3,0.22,89,12.9,0.59,MPPT Charging,32,28,0,191,8565
2026-08-26T16:14:43Z,8,35.3,0.22,89,12.9,0.59,MPPT Charging,32,28,0,191,8565
2026-08-26T16:14:53Z,8,35.5,0.22,89,12.9,0.56,MPPT Charging,32,27,0,191,8565
2026-08-26T16:15:03Z,8,35.2,0.22,89,12.9,0.59,MPPT Charging,32,28,0,191,8565
2026-08-26T16:15:13Z,7,35.1,0.19,88,12.9,0.54,MPPT Charging,32,28,0,191,8565
2026-08-26T16:15:23Z,7,35.0,0.20,89,12.9,0.54,MPPT Charging,32,28,0,191,8565
2026-08-26T16:15:33Z,7,35.5,0.19,88,12.9,0.54,MPPT Charging,32,27,0,191,8565
2026-08-26T16:15:43Z,7,35.3,0.19,89,12.9,0.54,MPPT Charging,32,28,0,191,8565
2026-08-26T16:15:53Z,7,35.3,0.19,89,12.9,0.51,MPPT Charging,32,27,0,191,8565
2026-08-26T16:16:03Z,1,27.7,0.03,87,12.9,0.09,MPPT Charging,32,27,0,191,8565
2026-08-26T16:16:13Z,7,35.9,0.19,89,12.9,0.49,MPPT Charging,32,27,0,191,8565
2026-08-26T16:16:23Z,7,35.6,0.19,89,12.9,0.49,MPPT Charging,32,27,0,191,8565
2026-08-26T16:16:33Z,7,35.9,0.19,89,12.9,0.49,MPPT Charging,32,28,0,191,8565
2026-08-26T16:16:43Z,6,36.2,0.16,87,12.9,0.46,MPPT Charging,32,27,0,191,8565
2026-08-26T16:16:53Z,7,36.3,0.19,89,12.9,0.49,MPPT Charging,31,27,0,191,8565
2026-08-26T16:17:03Z,6,35.6,0.16,89,12.9,0.46,MPPT Charging,32,27,0,191,8565
2026-08-26T16:17:13Z,6,35.8,0.16,89,12.9,0.46,MPPT Charging,32,28,0,191,8565
2026-08-26T16:17:23Z,6,36.2,0.16,88,12.9,0.44,MPPT Charging,32,28,0,191,8565
2026-08-26T16:17:33Z,6,35.7,0.16,89,12.9,0.44,MPPT Charging,32,28,0,191,8565
2026-08-26T16:17:43Z,6,35.1,0.17,88,12.9,0.41,MPPT Charging,32,27,0,191,8565
2026-08-26T16:17:53Z,5,35.4,0.14,89,12.9,0.39,MPPT Charging,32,27,0,191,8565
2026-08-26T16:18:03Z,5,35.0,0.14,88,12.9,0.39,MPPT Charging,32,27,0,191,8565
2026-08-26T16:18:14Z,5,35.8,0.13,88,12.9,0.39,MPPT Charging,32,28,0,191,8565
2026-08-26T16:18:23Z,5,35.9,0.13,88,12.9,0.37,MPPT Charging,32,27,0,191,8565
2026-08-26T16:18:33Z,5,35.4,0.14,88,12.9,0.34,MPPT Charging,32,27,0,191,8565
2026-08-26T16:18:43Z,5,35.1,0.14,88,12.9,0.34,MPPT Charging,31,27,0,191,8565
2026-08-26T16:18:53Z,4,35.8,0.11,89,12.9,0.32,MPPT Charging,32,27,0,191,8565
2026-08-26T16:19:03Z,4,35.8,0.11,89,12.9,0.27,MPPT Charging,32,27,0,191,8565
2026-08-26T16:19:13Z,4,35.6,0.11,86,12.9,0.29,MPPT Charging,32,27,0,191,8565
2026-08-26T16:19:23Z,3,36.3,0.08,88,12.9,0.24,MPPT Charging,32,27,0,191,8565
2026-08-26T16:19:33Z,4,35.7,0.11,88,12.9,0.27,MPPT Charging,32,27,0,191,8565
2026-08-26T16:19:43Z,3,36.3,0.08,88,12.9,0.24,MPPT Charging,31,27,0,191,8565
2026-08-26T16:19:53Z,3,35.6,0.08,88,12.9,0.24,MPPT Charging,31,27,0,191,8565
2026-08-26T16:20:03Z,3,34.7,0.08,88,12.9,0.24,MPPT Charging,31,28,0,191,8565
2026-08-26T16:20:13Z,3,35.6,0.08,88,12.9,0.24,MPPT Charging,31,27,0,191,8565
2026-08-26T16:20:23Z,3,34.6,0.08,88,12.9,0.19,MPPT Charging,31,27,0,191,8565
2026-08-26T16:20:33Z,3,35.0,0.08,88,12.9,0.19,MPPT Charging,31,27,0,191,8565
2026-08-26T16:20:43Z,3,35.4,0.08,89,12.9,0.19,MPPT Charging,31,27,0,191,8565
2026-08-26T16:20:53Z,3,35.7,0.08,88,12.9,0.22,MPPT Charging,31,27,0,191,8565
2026-08-26T16:21:03Z,3,35.6,0.08,89,12.9,0.22,MPPT Charging,31,27,0,191,8565
2026-08-26T16:21:13Z,0,19.6,0.00,86,12.9,0.00,MPPT Charging,31,27,0,191,8565
2026-08-26T16:21:23Z,3,34.8,0.08,88,12.9,0.24,MPPT Charging,31,27,0,191,8565
2026-08-26T16:21:33Z,4,35.6,0.11,89,12.9,0.27,MPPT Charging,31,27,0,191,8565
2026-08-26T16:21:43Z,3,35.1,0.08,88,12.9,0.24,MPPT Charging,31,27,0,191,8565
2026-08-26T16:21:53Z,4,35.0,0.11,88,12.9,0.27,MPPT Charging,31,27,0,191,8565
2026-08-26T16:22:03Z,3,35.7,0.08,88,12.9,0.24,MPPT Charging,31,27,0,191,8565
2026-08-26T16:22:13Z,4,35.4,0.11,88,12.9,0.27,MPPT Charging,31,27,0,191,8565
2026-08-26T16:22:23Z,4,36.2,0.11,88,12.9,0.27,MPPT Charging,31,27,0,191,8565
2026-08-26T16:22:33Z,4,35.4,0.11,89,12.9,0.29,MPPT Charging,31,27,0,191,8565
2026-08-26T16:22:43Z,4,35.3,0.11,88,12.9,0.29,MPPT Charging,31,27,0,191,8565
2026-08-26T16:22:53Z,4,35.5,0.11,89,12.9,0.27,MPPT Charging,31,27,0,191,8565
2026-08-26T16:23:03Z,4,35.0,0.11,88,12.9,0.29,MPPT Charging,31,27,0,191,8565
2026-08-26T16:23:13Z,3,34.7,0.08,88,12.9,0.24,MPPT Charging,31,27,0,191,8565
2026-08-26T16:23:24Z,3,35.0,0.08,89,12.9,0.24,MPPT Charging,31,27,0,191,8565
2026-08-26T16:23:33Z,3,35.3,0.08,88,12.9,0.22,MPPT Charging,31,27,0,191,8565
2026-08-26T16:23:43Z,3,35.7,0.08,87,12.9,0.24,MPPT Charging,31,27,0,191,8565
2026-08-26T16:23:53Z,4,35.6,0.11,88,12.9,0.27,MPPT Charging,31,27,0,191,8565
2026-08-26T16:24:03Z,3,35.1,0.08,88,12.9,0.22,MPPT Charging,31,27,0,191,8565
2026-08-26T16:24:13Z,2,35.0,0.05,89,12.9,0.17,MPPT Charging,31,27,0,191,8565
2026-08-26T16:24:23Z,0,34.3,0.00,87,12.9,0.00,MPPT Charging,31,27,0,191,8565
2026-08-26T16:24:33Z,0,30.3,0.00,87,12.9,0.00,MPPT Charging,31,27,0,191,8565
2026-08-26T16:24:43Z,0,24.2,0.00,86,12.9,0.00,MPPT Charging,31,27,0,191,8565
2026-08-26T16:24:53Z,0,21.2,0.00,86,12.8,0.00,MPPT Charging,31,27,0,191,8565
2026-08-26T16:25:03Z,0,22.5,0.00,86,12.8,0.00,MPPT Charging,31,27,0,191,8565
2026-08-26T16:25:13Z,0,26.3,0.00,86,12.8,0.00,MPPT Charging,31,27,0,191,8565
2026-08-26T16:25:23Z,0,32.1,0.00,86,12.9,0.00,MPPT Charging,31,27,0,191,8565
2026-08-26T16:25:33Z,0,33.6,0.00,86,12.9,0.00,MPPT Charging,31,27,0,191,8565
2026-08-26T16:25:43Z,0,31.8,0.00,86,12.8,0.00,MPPT Charging,31,27,0,191,8565
2026-08-26T16:25:53Z,0,29.3,0.00,86,12.8,0.00,MPPT Charging,31,27,0,191,8565
2026-08-26T16:26:03Z,0,29.1,0.00,86,12.8,0.00,MPPT Charging,31,27,0,191,8565
2026-08-26T16:26:13Z,0,29.9,0.00,86,12.8,0.00,MPPT Charging,31,27,0,191,8565
2026-08-26T16:26:23Z,0,19.3,0.00,86,12.8,0.00,MPPT Charging,31,27,0,191,8565
2026-08-26T16:26:33Z,0,30.8,0.00,86,12.8,0.00,MPPT Charging,31,27,0,191,8565
2026-08-26T16:26:43Z,0,29.0,0.00,86,12.8,0.00,MPPT Charging,31,27,0,191,8565
2026-08-26T16:26:53Z,0,30.0,0.00,86,12.8,0.00,MPPT Charging,31,27,0,191,8565
2026-08-26T16:27:03Z,0,30.7,0.00,86,12.8,0.00,MPPT Charging,31,27,0,191,8565
2026-08-26T16:27:13Z,0,29.0,0.00,86,12.8,0.00,MPPT Charging,31,27,0,191,8565
2026-08-26T16:27:23Z,0,28.8,0.00,86,12.8,0.00,MPPT Charging,31,27,0,191,8565
2026-08-26T16:27:33Z,0,30.7,0.00,86,12.8,0.00,MPPT Charging,31,27,0,191,8565
2026-08-26T16:27:43Z,0,29.7,0.00,86,12.8,0.00,MPPT Charging,31,27,0,191,8565
2026-08-26T16:27:53Z,0,31.8,0.00,86,12.8,0.00,MPPT Charging,31,27,0,191,8565
2026-08-26T16:28:03Z,0,30.9,0.00,86,12.8,0.00,MPPT Charging,31,27,0,191,8565
2026-08-26T16:28:13Z,0,30.6,0.00,86,12.8,0.00,MPPT Charging,31,27,0,191,8565
2026-08-26T16:28:23Z,0,30.4,0.00,86,12.8,0.00,MPPT Charging,31,27,0,191,8565
2026-08-26T16:28:34Z,0,32.8,0.00,86,12.8,0.00,MPPT Charging,31,27,0,191,8565
2026-08-26T16:28:43Z,0,32.5,0.00,86,12.8,0.00,MPPT Charging,31,27,0,191,8565
2026-08-26T16:28:53Z,0,32.0,0.00,86,12.8,0.00,MPPT Charging,31,27,0,191,8565
2026-08-26T16:29:03Z,0,32.5,0.00,86,12.8,0.00,MPPT Charging,31,27,0,191,8565
2026-08-26T16:29:13Z,0,32.1,0.00,86,12.9,0.00,MPPT Charging,31,27,0,191,8565
2026-08-26T16:29:23Z,0,34.8,0.00,87,12.9,0.00,MPPT Charging,31,27,0,191,8565
2026-08-26T16:29:33Z,1,30.3,0.03,87,12.9,0.07,MPPT Charging,31,27,0,191,8565
2026-08-26T16:29:43Z,4,34.9,0.11,89,12.9,0.29,MPPT Charging,31,27,0,191,8565
2026-08-26T16:29:53Z,4,35.5,0.11,88,12.9,0.32,MPPT Charging,31,27,0,191,8565
2026-08-26T16:30:03Z,4,36.0,0.11,88,12.9,0.32,MPPT Charging,31,27,0,191,8565
2026-08-26T16:30:13Z,5,34.5,0.14,89,12.9,0.34,MPPT Charging,31,27,0,191,8565
2026-08-26T16:30:23Z,5,35.0,0.14,88,12.9,0.34,MPPT Charging,31,27,0,191,8565
2026-08-26T16:30:33Z,4,35.0,0.11,88,12.9,0.32,MPPT Charging,31,27,0,191,8565
2026-08-26T16:30:43Z,4,34.8,0.11,88,12.9,0.32,MPPT Charging,31,27,0,191,8565
2026-08-26T16:30:53Z,4,34.6,0.11,89,12.9,0.32,MPPT Charging,31,27,0,191,8565
2026-08-26T16:31:03Z,4,34.7,0.11,88,12.9,0.32,MPPT Charging,31,27,0,191,8565
2026-08-26T16:31:13Z,3,34.3,0.08,88,12.9,0.24,MPPT Charging,31,27,0,191,8565
2026-08-26T16:31:23Z,4,34.5,0.11,88,12.9,0.27,MPPT Charging,31,27,0,191,8565
2026-08-26T16:31:33Z,3,28.2,0.10,86,12.9,0.19,MPPT Charging,31,27,0,191,8565
2026-08-26T16:31:43Z,4,35.1,0.11,88,12.9,0.32,MPPT Charging,31,27,0,191,8565
2026-08-26T16:31:53Z,5,35.3,0.14,89,12.9,0.34,MPPT Charging,31,27,0,191,8565
2026-08-26T16:32:03Z,5,35.3,0.14,88,12.9,0.34,MPPT Charging,31,27,0,191,8565
2026-08-26T16:32:13Z,4,34.8,0.11,89,12.9,0.32,MPPT Charging,31,27,0,191,8565
2026-08-26T16:32:23Z,4,35.0,0.11,89,12.9,0.27,MPPT Charging,31,27,0,191,8565
2026-08-26T16:32:33Z,4,35.2,0.11,88,12.9,0.29,MPPT Charging,31,27,0,191,8565
2026-08-26T16:32:43Z,2,34.3,0.05,89,12.9,0.14,MPPT Charging,31,27,0,191,8565
2026-08-26T16:32:53Z,0,30.0,0.00,87,12.9,0.00,MPPT Charging,31,27,0,191,8565
2026-08-26T16:33:03Z,0,33.4,0.00,87,12.9,0.00,MPPT Charging,31,27,0,191,8565
2026-08-26T16:33:13Z,0,39.0,0.00,87,12.9,0.00,MPPT Charging,31,27,0,191,8565
2026-08-26T16:33:23Z,2,37.0,0.05,88,12.9,0.12,MPPT Charging,31,27,0,191,8565
2026-08-26T16:33:33Z,3,34.8,0.08,88,12.9,0.24,MPPT Charging,31,27,0,191,8565
2026-08-26T16:33:44Z,3,34.0,0.08,88,12.9,0.22,MPPT Charging,31,27,0,191,8565
2026-08-26T16:33:53Z,2,34.0,0.05,88,12.9,0.14,MPPT Charging,31,27,0,191,8565
2026-08-26T16:34:03Z,0,34.9,0.00,88,12.9,0.00,MPPT Charging,31,27,0,191,8565
2026-08-26T16:34:13Z,0,30.5,0.00,86,12.9,0.00,MPPT Charging,31,27,0,191,8565
2026-08-26T16:34:23Z,0,34.8,0.00,86,12.9,0.00,MPPT Charging,31,27,0,191,8565
2026-08-26T16:34:33Z,0,37.8,0.00,87,12.9,0.00,MPPT Charging,31,27,0,191,8565
2026-08-26T16:34:43Z,0,35.6,0.00,89,12.9,0.00,MPPT Charging,31,27,0,191,8565
2026-08-26T16:34:53Z,1,34.8,0.02,87,12.9,0.04,MPPT Charging,31,27,0,191,8565
2026-08-26T16:35:03Z,2,34.1,0.05,88,12.9,0.17,MPPT Charging,31,27,0,191,8565
2026-08-26T16:35:13Z,0,27.4,0.00,86,12.8,0.00,MPPT Charging,31,27,0,191,8565
2026-08-26T16:35:23Z,0,26.2,0.00,86,12.8,0.00,MPPT Charging,31,27,0,191,8565
2026-08-26T16:35:33Z,0,28.8,0.00,86,12.8,0.00,MPPT Charging,31,27,0,191,8565
2026-08-26T16:35:43Z,0,31.0,0.00,86,12.9,0.00,MPPT Charging,31,27,0,191,8565
2026-08-26T16:35:53Z,0,30.1,0.00,86,12.8,0.00,MPPT Charging,31,27,0,191,8565
2026-08-26T16:36:03Z,0,31.8,0.00,86,12.9,0.00,MPPT Charging,31,27,0,191,8565
2026-08-26T16:36:13Z,0,30.4,0.00,86,12.9,0.00,MPPT Charging,31,27,0,191,8565
2026-08-26T16:36:23Z,0,34.0,0.00,86,12.9,0.00,MPPT Charging,31,27,0,191,8565
2026-08-26T16:36:33Z,0,33.1,0.00,87,12.9,0.00,MPPT Charging,31,27,0,191,8565
2026-08-26T16:36:43Z,0,35.0,0.00,87,12.9,0.00,MPPT Charging,31,27,0,191,8565
2026-08-26T16:36:53Z,0,31.8,0.00,88,12.9,0.00,MPPT Charging,31,27,0,191,8565
2026-08-26T16:37:03Z,3,36.0,0.08,88,12.9,0.19,MPPT Charging,31,27,0,191,8565
2026-08-26T16:37:13Z,2,34.4,0.05,88,12.9,0.12,MPPT Charging,31,27,0,191,8565
2026-08-26T16:37:23Z,4,34.6,0.11,88,12.9,0.27,MPPT Charging,31,27,0,191,8565
2026-08-26T16:37:33Z,3,34.0,0.08,88,12.9,0.24,MPPT Charging,31,27,0,191,8565
2026-08-26T16:37:43Z,0,34.1,0.00,87,12.9,0.00,MPPT Charging,31,27,0,191,8565
2026-08-26T16:37:53Z,0,30.2,0.00,86,12.9,0.00,MPPT Charging,31,27,0,191,8565
2026-08-26T16:38:03Z,0,33.5,0.00,87,12.9,0.00,MPPT Charging,31,27,0,191,8565
2026-08-26T16:38:13Z,0,34.5,0.00,86,12.9,0.00,MPPT Charging,31,27,0,191,8565
2026-08-26T16:38:23Z,0,32.5,0.00,86,12.9,0.00,MPPT Charging,31,27,0,191,8565
2026-08-26T16:38:33Z,0,33.7,0.00,87,12.9,0.00,MPPT Charging,31,27,0,191,8565
2026-08-26T16:38:43Z,0,32.5,0.00,86,12.9,0.00,MPPT Charging,31,27,0,191,8565
2026-08-26T16:38:54Z,0,31.9,0.00,87,12.9,0.00,MPPT Charging,31,27,0,191,8565
2026-08-26T16:39:03Z,0,30.8,0.00,86,12.8,0.00,MPPT Charging,31,27,0,191,8565
2026-08-26T16:39:13Z,0,32.5,0.00,86,12.9,0.00,MPPT Charging,31,27,0,191,8565
2026-08-26T16:39:23Z,0,33.4,0.00,87,12.9,0.00,MPPT Charging,31,27,0,191,8565
2026-08-26T16:39:33Z,0,32.3,0.00,86,12.9,0.00,MPPT Charging,31,27,0,191,8565
2026-08-26T16:39:43Z,0,28.5,0.00,87,12.9,0.00,MPPT Charging,31,27,0,191,8565
2026-08-26T16:39:53Z,0,29.5,0.00,86,12.8,0.00,MPPT Charging,31,27,0,191,8565
2026-08-26T16:40:03Z,0,29.6,0.00,86,12.9,0.00,MPPT Charging,31,27,0,191,8565
2026-08-26T16:40:13Z,0,28.6,0.00,86,12.8,0.00,MPPT Charging,31,27,0,191,8565
2026-08-26T16:40:23Z,0,28.2,0.00,86,12.9,0.00,MPPT Charging,31,27,0,191,8565
2026-08-26T16:40:33Z,0,30.7,0.00,86,12.9,0.00,MPPT Charging,31,27,0,191,8565
2026-08-26T16:40:43Z,0,32.5,0.00,86,12.9,0.00,MPPT Charging,31,27,0,191,8565
2026-08-26T16:40:53Z,0,33.8,0.00,86,12.9,0.00,MPPT Charging,31,27,0,191,8565
2026-08-26T16:41:03Z,0,31.9,0.00,86,12.9,0.00,MPPT Charging,31,27,0,191,8565
2026-08-26T16:41:13Z,0,31.8,0.00,86,12.9,0.00,MPPT Charging,31,27,0,191,8565
2026-08-26T16:41:23Z,0,32.3,0.00,86,12.9,0.00,MPPT Charging,31,27,0,191,8565
2026-08-26T16:41:33Z,0,29.7,0.00,86,12.9,0.00,MPPT Charging,31,27,0,191,8565
2026-08-26T16:41:43Z,0,36.2,0.00,86,12.8,0.00,MPPT Charging,31,27,0,191,8565
2026-08-26T16:41:53Z,0,33.6,0.00,87,12.9,0.00,MPPT Charging,31,27,0,191,8565
2026-08-26T16:42:03Z,0,33.7,0.00,87,12.9,0.00,MPPT Charging,31,27,0,191,8565
2026-08-26T16:42:13Z,1,29.5,0.03,88,12.9,0.04,MPPT Charging,31,27,0,191,8565
2026-08-26T16:42:23Z,0,30.6,0.00,87,12.9,0.00,MPPT Charging,31,27,0,191,8565
2026-08-26T16:42:33Z,2,32.9,0.06,88,12.9,0.17,MPPT Charging,31,27,0,191,8565
2026-08-26T16:42:43Z,2,36.0,0.05,87,12.9,0.14,MPPT Charging,31,27,0,191,8565
2026-08-26T16:42:53Z,0,33.9,0.00,87,12.9,0.02,MPPT Charging,30,27,0,191,8565
2026-08-26T16:43:03Z,2,30.6,0.06,88,12.9,0.14,MPPT Charging,30,27,0,191,8565
2026-08-26T16:43:13Z,3,34.4,0.08,88,12.9,0.24,MPPT Charging,31,27,0,191,8565
2026-08-26T16:43:23Z,4,35.0,0.11,88,12.9,0.27,MPPT Charging,31,27,0,191,8565
2026-08-26T16:43:33Z,3,34.7,0.08,88,12.9,0.24,MPPT Charging,31,27,0,191,8565
2026-08-26T16:43:43Z,0,34.1,0.00,88,12.9,0.00,MPPT Charging,31,27,0,191,8565
2026-08-26T16:43:53Z,0,32.7,0.00,87,12.9,0.00,MPPT Charging,30,27,0,191,8565
2026-08-26T16:44:04Z,0,31.3,0.00,86,12.9,0.00,MPPT Charging,31,27,0,191,8565
2026-08-26T16:44:13Z,0,30.6,0.00,86,12.9,0.00,MPPT Charging,31,27,0,191,8565
2026-08-26T16:44:23Z,0,30.9,0.00,86,12.9,0.00,MPPT Charging,31,27,0,191,8565
2026-08-26T16:44:33Z,0,29.5,0.00,86,12.9,0.00,MPPT Charging,31,27,0,191,8565
2026-08-26T16:44:43Z,0,31.8,0.00,86,12.8,0.00,MPPT Charging,31,27,0,191,8565
2026-08-26T16:44:53Z,0,31.8,0.00,86,12.8,0.00,MPPT Charging,31,27,0,191,8565
2026-08-26T16:45:03Z,0,31.9,0.00,87,12.8,0.00,MPPT Charging,30,27,0,191,8565
2026-08-26T16:45:13Z,0,30.0,0.00,86,12.9,0.00,MPPT Charging,31,27,0,191,8565
2026-08-26T16:45:23Z,0,31.2,0.00,85,12.8,0.00,MPPT Charging,30,27,0,191,8565
2026-08-26T16:45:33Z,0,31.9,0.00,86,12.9,0.00,MPPT Charging,30,27,0,191,8565
2026-08-26T16:45:43Z,0,30.6,0.00,86,12.8,0.00,MPPT Charging,30,27,0,191,8565
2026-08-26T16:45:53Z,0,31.5,0.00,86,12.8,0.00,MPPT Charging,30,27,0,191,8565
2026-08-26T16:46:03Z,0,31.4,0.00,86,12.8,0.00,MPPT Charging,30,27,0,191,8565
2026-08-26T16:46:13Z,0,32.9,0.00,86,12.8,0.00,MPPT Charging,31,27,0,191,8565
2026-08-26T16:46:23Z,0,30.9,0.00,87,12.9,0.00,MPPT Charging,30,27,0,191,8565
2026-08-26T16:46:33Z,0,32.8,0.00,86,12.9,0.00,MPPT Charging,30,27,0,191,8565
2026-08-26T16:46:43Z,0,32.3,0.00,86,12.8,0.00,MPPT Charging,30,27,0,191,8565
2026-08-26T16:46:53Z,0,34.1,0.00,86,12.8,0.00,MPPT Charging,30,27,0,191,8565
2026-08-26T16:47:03Z,0,31.9,0.00,86,12.9,0.00,MPPT Charging,30,27,0,191,8565
2026-08-26T16:47:13Z,0,31.9,0.00,86,12.9,0.00,MPPT Charging,30,27,0,191,8565
2026-08-26T16:47:23Z,0,31.0,0.00,86,12.9,0.00,MPPT Charging,30,27,0,191,8565
2026-08-26T16:47:33Z,0,31.2,0.00,86,12.9,0.00,MPPT Charging,30,27,0,191,8565
2026-08-26T16:47:43Z,0,29.8,0.00,86,12.8,0.00,MPPT Charging,30,27,0,191,8565
2026-08-26T16:47:53Z,0,30.8,0.00,86,12.9,0.00,MPPT Charging,30,27,0,191,8565
2026-08-26T16:48:03Z,0,32.8,0.00,86,12.8,0.00,MPPT Charging,30,27,0,191,8565
2026-08-26T16:48:13Z,0,32.0,0.00,86,12.9,0.00,MPPT Charging,30,27,0,191,8565
2026-08-26T16:48:23Z,0,31.5,0.00,87,12.9,0.00,MPPT Charging,30,27,0,191,8565
2026-08-26T16:48:33Z,0,31.6,0.00,86,12.8,0.00,MPPT Charging,30,27,0,191,8565
2026-08-26T16:48:43Z,0,30.2,0.00,87,12.9,0.00,MPPT Charging,30,27,0,191,8565
2026-08-26T16:48:53Z,0,30.2,0.00,86,12.8,0.00,MPPT Charging,30,27,0,191,8565
2026-08-26T16:49:03Z,0,30.9,0.00,86,12.9,0.00,MPPT Charging,30,27,0,191,8565
2026-08-26T16:49:14Z,0,31.6,0.00,86,12.8,0.00,MPPT Charging,30,27,0,191,8565
2026-08-26T16:49:23Z,0,30.1,0.00,86,12.9,0.00,MPPT Charging,30,27,0,191,8565
2026-08-26T16:49:33Z,0,29.7,0.00,86,12.9,0.00,MPPT Charging,30,27,0,191,8565
2026-08-26T16:49:43Z,0,31.7,0.00,86,12.9,0.00,MPPT Charging,30,27,0,191,8565
2026-08-26T16:49:53Z,0,29.6,0.00,86,12.9,0.00,MPPT Charging,30,27,0,191,8565
2026-08-26T16:50:03Z,0,28.8,0.00,87,12.9,0.00,MPPT Charging,30,27,0,191,8565
2026-08-26T16:50:13Z,0,29.2,0.00,86,12.9,0.00,MPPT Charging,30,27,0,191,8565
2026-08-26T16:50:23Z,0,29.7,0.00,86,12.9,0.00,MPPT Charging,30,27,0,191,8565
2026-08-26T16:50:33Z,0,29.0,0.00,86,12.9,0.00,MPPT Charging,30,27,0,191,8565
2026-08-26T16:50:43Z,0,36.7,0.00,86,12.9,0.00,MPPT Charging,30,27,0,191,8565
2026-08-26T16:50:53Z,0,36.5,0.00,88,12.9,0.02,MPPT Charging,30,27,0,191,8565
2026-08-26T16:51:03Z,2,34.2,0.05,88,12.9,0.12,MPPT Charging,30,27,0,191,8565
2026-08-26T16:51:13Z,2,34.1,0.05,89,12.9,0.12,MPPT Charging,30,27,0,191,8565
2026-08-26T16:51:23Z,1,34.1,0.02,88,12.9,0.09,MPPT Charging,30,27,0,191,8565
2026-08-26T16:51:33Z,2,34.6,0.05,87,12.9,0.12,MPPT Charging,30,27,0,191,8565
2026-08-26T16:51:43Z,1,34.4,0.02,88,12.9,0.09,MPPT Charging,30,27,0,191,8565
2026-08-26T16:51:53Z,1,35.2,0.02,88,12.9,0.09,MPPT Charging,30,27,0,191,8565
2026-08-26T16:52:03Z,0,33.7,0.00,88,12.9,0.00,MPPT Charging,30,27,0,191,8565
2026-08-26T16:52:13Z,2,34.6,0.05,88,12.9,0.14,MPPT Charging,30,27,0,191,8565
2026-08-26T16:52:23Z,2,34.6,0.05,88,12.9,0.17,MPPT Charging,30,27,0,191,8565
2026-08-26T16:52:33Z,3,35.0,0.08,88,12.9,0.19,MPPT Charging,30,27,0,191,8565
2026-08-26T16:52:43Z,3,34.2,0.08,88,12.9,0.22,MPPT Charging,30,27,0,191,8565
2026-08-26T16:52:53Z,3,34.7,0.08,88,12.9,0.22,MPPT Charging,30,27,0,191,8565
2026-08-26T16:53:03Z,3,34.7,0.08,88,12.9,0.24,MPPT Charging,30,27,0,191,8565
2026-08-26T16:53:13Z,3,34.6,0.08,88,12.9,0.24,MPPT Charging,30,27,0,191,8565
2026-08-26T16:53:23Z,3,34.9,0.08,88,12.9,0.24,MPPT Charging,30,27,0,191,8565
2026-08-26T16:53:33Z,3,34.9,0.08,89,12.9,0.24,MPPT Charging,30,27,0,191,8565
2026-08-26T16:53:43Z,3,34.8,0.08,88,12.9,0.19,MPPT Charging,30,27,0,191,8565
2026-08-26T16:53:53Z,3,34.7,0.08,88,12.9,0.19,MPPT Charging,30,27,0,191,8565
2026-08-26T16:54:03Z,3,34.4,0.08,88,12.9,0.19,MPPT Charging,30,27,0,191,8565
2026-08-26T16:54:13Z,2,34.5,0.05,88,12.9,0.17,MPPT Charging,30,27,0,191,8565
2026-08-26T16:54:24Z,2,34.4,0.05,88,12.9,0.17,MPPT Charging,30,27,0,191,8565
2026-08-26T16:54:33Z,2,33.8,0.05,88,12.9,0.14,MPPT Charging,30,27,0,191,8565
2026-08-26T16:54:43Z,2,33.6,0.05,88,12.9,0.12,MPPT Charging,30,27,0,191,8565
2026-08-26T16:54:53Z,2,34.3,0.05,88,12.9,0.12,MPPT Charging,30,27,0,191,8565
2026-08-26T16:55:03Z,2,33.5,0.05,88,12.9,0.12,MPPT Charging,30,27,0,191,8565
2026-08-26T16:55:13Z,2,34.1,0.05,88,12.9,0.12,MPPT Charging,30,27,0,191,8565
2026-08-26T16:55:23Z,2,34.3,0.05,88,12.9,0.12,MPPT Charging,30,27,0,191,8565
2026-08-26T16:55:33Z,2,34.1,0.05,88,12.9,0.12,MPPT Charging,30,27,0,191,8565
2026-08-26T16:55:43Z,2,34.1,0.05,88,12.9,0.12,MPPT Charging,30,27,0,191,8565
2026-08-26T16:55:53Z,1,34.6,0.02,88,12.9,0.09,MPPT Charging,30,27,0,191,8565
2026-08-26T16:56:03Z,1,34.1,0.02,88,12.9,0.07,MPPT Charging,30,27,0,191,8565
2026-08-26T16:56:13Z,1,34.4,0.02,88,12.9,0.07,MPPT Charging,30,27,0,191,8565
2026-08-26T16:56:23Z,1,34.1,0.02,88,12.9,0.07,MPPT Charging,30,27,0,191,8565
2026-08-26T16:56:33Z,1,34.5,0.02,88,12.9,0.04,MPPT Charging,30,27,0,191,8565
2026-08-26T16:56:43Z,1,34.3,0.02,88,12.9,0.04,MPPT Charging,30,27,0,191,8565
2026-08-26T16:56:53Z,1,34.1,0.02,89,12.9,0.04,MPPT Charging,30,27,0,191,8565
2026-08-26T16:57:03Z,1,34.1,0.02,88,12.9,0.04,MPPT Charging,30,27,0,191,8565
2026-08-26T16:57:13Z,0,24.2,0.00,87,12.9,0.00,MPPT Charging,30,27,0,191,8565
2026-08-26T16:57:23Z,1,33.7,0.02,88,12.9,0.04,MPPT Charging,30,27,0,191,8565
2026-08-26T16:57:33Z,1,34.7,0.02,88,12.9,0.04,MPPT Charging,30,27,0,191,8565
2026-08-26T16:57:43Z,1,33.4,0.02,88,12.9,0.07,MPPT Charging,30,27,0,191,8565
2026-08-26T16:57:53Z,1,32.9,0.03,88,12.9,0.04,MPPT Charging,30,27,0,191,8565
2026-08-26T16:58:03Z,1,34.7,0.02,88,12.9,0.07,MPPT Charging,30,27,0,191,8565
2026-08-26T16:58:13Z,1,34.5,0.02,88,12.9,0.07,MPPT Charging,30,27,0,191,8565
2026-08-26T16:58:23Z,1,35.2,0.02,88,12.9,0.09,MPPT Charging,30,27,0,191,8565
2026-08-26T16:58:33Z,1,34.5,0.02,87,12.9,0.09,MPPT Charging,30,27,0,191,8565
2026-08-26T16:58:43Z,0,30.6,0.00,88,12.9,0.00,MPPT Charging,30,27,0,191,8565
2026-08-26T16:58:53Z,0,37.0,0.00,87,12.9,0.00,MPPT Charging,30,27,0,191,8565
2026-08-26T16:59:03Z,0,33.2,0.00,86,12.9,0.00,MPPT Charging,30,27,0,191,8565
2026-08-26T16:59:13Z,0,29.7,0.00,86,12.9,0.00,MPPT Charging,30,27,0,191,8565
2026-08-26T16:59:23Z,0,30.2,0.00,86,12.9,0.00,MPPT Charging,30,27,0,191,8565
2026-08-26T16:59:34Z,0,31.0,0.00,87,12.9,0.00,MPPT Charging,30,27,0,191,8565
2026-08-26T16:59:43Z,0,32.1,0.00,87,12.9,0.00,MPPT Charging,30,27,0,191,8565
2026-08-26T16:59:53Z,0,31.0,0.00,86,12.8,0.00,MPPT Charging,30,27,0,191,8565
2026-08-26T17:00:03Z,0,30.0,0.00,86,12.9,0.00,MPPT Charging,30,27,0,191,8565
2026-08-26T17:00:13Z,0,31.6,0.00,86,12.9,0.00,MPPT Charging,30,27,0,191,8565
2026-08-26T17:00:23Z,0,33.3,0.00,88,12.9,0.00,MPPT Charging,30,27,0,191,8565
2026-08-26T17:00:33Z,0,35.3,0.00,89,12.9,0.02,MPPT Charging,30,27,0,191,8565
2026-08-26T17:00:43Z,0,34.4,0.00,88,12.9,0.02,MPPT Charging,30,27,0,191,8565
2026-08-26T17:00:53Z,0,34.9,0.00,88,12.9,0.00,MPPT Charging,30,27,0,191,8565
2026-08-26T17:01:03Z,0,35.0,0.00,88,12.9,0.00,MPPT Charging,30,27,0,191,8565
2026-08-26T17:01:13Z,0,26.7,0.00,86,12.9,0.00,MPPT Charging,30,27,0,191,8565
2026-08-26T17:01:23Z,0,30.0,0.00,86,12.9,0.00,MPPT Charging,30,27,0,191,8565
2026-08-26T17:01:33Z,0,39.0,0.00,87,12.9,0.00,MPPT Charging,30,27,0,191,8565
2026-08-26T17:01:43Z,0,38.1,0.00,86,12.9,0.00,MPPT Charging,30,27,0,191,8565
2026-08-26T17:01:53Z,1,34.0,0.02,88,12.9,0.04,MPPT Charging,30,27,0,191,8565
2026-08-26T17:02:03Z,1,35.0,0.02,88,12.9,0.04,MPPT Charging,30,27,0,191,8565
2026-08-26T17:02:13Z,1,35.0,0.02,88,12.9,0.07,MPPT Charging,30,27,0,191,8565
2026-08-26T17:02:23Z,0,18.9,0.00,87,12.9,0.00,MPPT Charging,30,27,0,191,8565
2026-08-26T17:02:33Z,0,30.6,0.00,87,12.9,0.00,MPPT Charging,30,27,0,191,8565
2026-08-26T17:02:43Z,0,26.5,0.00,86,12.9,0.00,MPPT Charging,30,27,0,191,8565
2026-08-26T17:02:53Z,0,29.8,0.00,86,12.8,0.00,MPPT Charging,30,27,0,191,8565
2026-08-26T17:03:03Z,0,31.3,0.00,86,12.9,0.00,MPPT Charging,30,27,0,191,8565
2026-08-26T17:03:13Z,0,30.8,0.00,86,12.9,0.00,MPPT Charging,30,27,0,191,8565
2026-08-26T17:03:23Z,0,32.8,0.00,86,12.9,0.00,MPPT Charging,30,27,0,191,8565
2026-08-26T17:03:33Z,0,35.0,0.00,86,12.9,0.00,MPPT Charging,30,27,0,191,8565
2026-08-26T17:03:43Z,0,32.7,0.00,86,12.9,0.00,MPPT Charging,30,27,0,191,8565
2026-08-26T17:03:53Z,0,31.8,0.00,86,12.8,0.00,MPPT Charging,30,27,0,191,8565
2026-08-26T17:04:03Z,0,31.8,0.00,86,12.9,0.00,MPPT Charging,30,27,0,191,8565
2026-08-26T17:04:13Z,0,31.4,0.00,86,12.9,0.00,MPPT Charging,30,27,0,191,8565
2026-08-26T17:04:23Z,0,31.2,0.00,86,12.8,0.00,MPPT Charging,30,27,0,191,8565
2026-08-26T17:04:33Z,0,31.0,0.00,86,12.8,0.00,MPPT Charging,30,27,0,191,8565
2026-08-26T17:04:44Z,0,31.0,0.00,86,12.8,0.00,MPPT Charging,30,27,0,191,8565
2026-08-26T17:04:53Z,0,30.3,0.00,86,12.8,0.00,MPPT Charging,30,27,0,191,8565
2026-08-26T17:05:03Z,0,28.8,0.00,86,12.8,0.00,MPPT Charging,30,27,0,191,8565
2026-08-26T17:05:13Z,0,28.6,0.00,86,12.8,0.00,MPPT Charging,30,27,0,191,8565
2026-08-26T17:05:23Z,0,29.4,0.00,86,12.8,0.00,MPPT Charging,30,27,0,191,8565
2026-08-26T17:05:33Z,0,31.7,0.00,86,12.8,0.00,MPPT Charging,30,27,0,191,8565
2026-08-26T17:05:43Z,0,30.2,0.00,86,12.9,0.00,MPPT Charging,30,27,0,191,8565
2026-08-26T17:05:53Z,0,30.5,0.00,86,12.8,0.00,MPPT Charging,30,27,0,191,8565
2026-08-26T17:06:03Z,0,29.9,0.00,86,12.8,0.00,MPPT Charging,30,27,0,191,8565
2026-08-26T17:06:13Z,0,29.5,0.00,86,12.8,0.00,MPPT Charging,30,27,0,191,8565
2026-08-26T17:06:23Z,0,30.6,0.00,86,12.8,0.00,MPPT Charging,30,27,0,191,8565
2026-08-26T17:06:33Z,0,31.7,0.00,86,12.8,0.00,MPPT Charging,30,27,0,191,8565
2026-08-26T17:06:43Z,0,31.0,0.00,87,12.9,0.00,MPPT Charging,30,27,0,191,8565
2026-08-26T17:06:53Z,0,30.9,0.00,86,12.8,0.00,MPPT Charging,30,27,0,191,8565
2026-08-26T17:07:03Z,0,31.7,0.00,86,12.8,0.00,MPPT Charging,30,27,0,191,8565
2026-08-26T17:07:13Z,0,32.3,0.00,86,12.8,0.00,MPPT Charging,30,26,0,191,8565
2026-08-26T17:07:23Z,0,31.4,0.00,86,12.9,0.00,MPPT Charging,30,27,0,191,8565
2026-08-26T17:07:33Z,0,21.5,0.00,86,12.8,0.00,MPPT Charging,30,27,0,191,8565
2026-08-26T17:07:43Z,0,29.3,0.00,87,12.9,0.00,MPPT Charging,30,27,0,191,8565
2026-08-26T17:07:53Z,0,26.3,0.00,87,12.9,0.00,MPPT Charging,30,27,0,191,8565
2026-08-26T17:08:03Z,0,29.6,0.00,87,12.9,0.00,MPPT Charging,30,27,0,191,8565
2026-08-26T17:08:13Z,0,34.5,0.00,87,12.9,0.00,MPPT Charging,30,26,0,191,8565
2026-08-26T17:08:23Z,0,30.0,0.00,88,12.9,0.00,MPPT Charging,30,27,0,191,8565
2026-08-26T17:08:33Z,1,30.3,0.03,89,12.9,0.07,MPPT Charging,30,27,0,191,8565
2026-08-26T17:08:43Z,3,34.4,0.08,88,12.9,0.19,MPPT Charging,30,27,0,191,8565
2026-08-26T17:08:53Z,3,34.9,0.08,88,12.9,0.19,MPPT Charging,30,26,0,191,8565
2026-08-26T17:09:03Z,2,35.3,0.05,88,12.9,0.17,MPPT Charging,30,27,0,191,8565
2026-08-26T17:09:13Z,2,35.1,0.05,89,12.9,0.17,MPPT Charging,30,27,0,191,8565
2026-08-26T17:09:23Z,3,35.3,0.08,88,12.9,0.19,MPPT Charging,30,27,0,191,8565
2026-08-26T17:09:33Z,3,35.5,0.08,88,12.9,0.19,MPPT Charging,30,27,0,191,8565
2026-08-26T17:09:43Z,3,34.7,0.08,89,12.9,0.19,MPPT Charging,30,27,0,191,8565
2026-08-26T17:09:54Z,3,34.8,0.08,89,12.9,0.22,MPPT Charging,30,27,0,191,8565
2026-08-26T17:10:03Z,2,33.5,0.05,88,12.9,0.17,MPPT Charging,30,26,0,191,8565
2026-08-26T17:10:13Z,0,33.2,0.00,87,12.9,0.00,MPPT Charging,30,27,0,191,8565
2026-08-26T17:10:23Z,0,30.6,0.00,88,12.9,0.02,MPPT Charging,30,27,0,191,8565
2026-08-26T17:10:33Z,0,26.8,0.00,86,12.9,0.00,MPPT Charging,30,27,0,191,8565
2026-08-26T17:10:43Z,0,28.9,0.00,86,12.9,0.00,MPPT Charging,30,27,0,191,8565
2026-08-26T17:10:53Z,0,30.7,0.00,86,12.9,0.00,MPPT Charging,30,27,0,191,8565
2026-08-26T17:11:03Z,0,30.3,0.00,87,12.9,0.00,MPPT Charging,30,27,0,191,8565
2026-08-26T17:11:13Z,0,30.8,0.00,86,12.9,0.00,MPPT Charging,30,27,0,191,8565
2026-08-26T17:11:23Z,0,30.6,0.00,86,12.9,0.00,MPPT Charging,30,27,0,191,8565
2026-08-26T17:11:33Z,0,32.3,0.00,86,12.9,0.00,MPPT Charging,30,27,0,191,8565
2026-08-26T17:11:43Z,0,31.5,0.00,86,12.9,0.00,MPPT Charging,30,27,0,191,8565
2026-08-26T17:11:53Z,0,31.6,0.00,87,12.9,0.00,MPPT Charging,30,27,0,191,8565
2026-08-26T17:12:03Z,0,32.3,0.00,87,12.9,0.00,MPPT Charging,30,27,0,191,8565
2026-08-26T17:12:13Z,0,32.1,0.00,86,12.9,0.00,MPPT Charging,30,27,0,191,8565
2026-08-26T17:12:23Z,0,31.8,0.00,86,12.9,0.00,MPPT Charging,30,27,0,191,8565
2026-08-26T17:12:33Z,0,31.6,0.00,86,12.9,0.00,MPPT Charging,30,27,0,191,8565
2026-08-26T17:12:43Z,0,30.1,0.00,87,12.9,0.00,MPPT Charging,30,27,0,191,8565
2026-08-26T17:12:53Z,0,30.5,0.00,86,12.9,0.00,MPPT Charging,30,27,0,191,8565
2026-08-26T17:13:03Z,0,30.7,0.00,87,12.9,0.00,MPPT Charging,30,26,0,191,8565
2026-08-26T17:13:13Z,0,30.9,0.00,86,12.9,0.00,MPPT Charging,30,26,0,191,8565
2026-08-26T17:13:23Z,0,31.6,0.00,86,12.9,0.00,MPPT Charging,30,26,0,191,8565
2026-08-26T17:13:33Z,0,30.8,0.00,86,12.9,0.00,MPPT Charging,30,26,0,191,8565
2026-08-26T17:13:43Z,0,31.1,0.00,86,12.9,0.00,MPPT Charging,30,27,0,191,8565
2026-08-26T17:13:53Z,0,27.9,0.00,86,12.9,0.00,MPPT Charging,30,26,0,191,8565
2026-08-26T17:14:03Z,0,28.4,0.00,87,12.9,0.00,MPPT Charging,30,27,0,191,8565
2026-08-26T17:14:13Z,0,27.9,0.00,86,12.9,0.00,MPPT Charging,30,26,0,191,8565
2026-08-26T17:14:23Z,0,30.5,0.00,86,12.9,0.00,MPPT Charging,30,26,0,191,8565
2026-08-26T17:14:33Z,0,31.8,0.00,86,12.8,0.00,MPPT Charging,30,27,0,191,8565
2026-08-26T17:14:43Z,0,31.0,0.00,86,12.8,0.00,MPPT Charging,30,26,0,191,8565
2026-08-26T17:14:53Z,0,29.9,0.00,87,12.9,0.00,MPPT Charging,30,26,0,191,8565
2026-08-26T17:15:04Z,0,31.4,0.00,86,12.9,0.00,MPPT Charging,30,26,0,191,8565
2026-08-26T17:15:13Z,0,32.1,0.00,86,12.9,0.00,MPPT Charging,30,26,0,191,8565
2026-08-26T17:15:23Z,0,30.9,0.00,86,12.9,0.00,MPPT Charging,30,27,0,191,8565
2026-08-26T17:15:33Z,0,30.4,0.00,86,12.9,0.00,MPPT Charging,30,26,0,191,8565
2026-08-26T17:15:43Z,0,31.9,0.00,86,12.9,0.00,MPPT Charging,30,27,0,191,8565
2026-08-26T17:15:53Z,0,31.7,0.00,86,12.9,0.00,MPPT Charging,30,26,0,191,8565
2026-08-26T17:16:03Z,0,30.3,0.00,86,12.9,0.00,MPPT Charging,30,26,0,191,8565
2026-08-26T17:16:13Z,0,31.1,0.00,86,12.9,0.00,MPPT Charging,30,26,0,191,8565
2026-08-26T17:16:23Z,0,31.9,0.00,86,12.9,0.00,MPPT Charging,30,26,0,191,8565
2026-08-26T17:16:33Z,0,33.2,0.00,86,12.9,0.00,MPPT Charging,30,26,0,191,8565
2026-08-26T17:16:43Z,0,32.7,0.00,86,12.9,0.00,MPPT Charging,30,27,0,191,8565
2026-08-26T17:16:53Z,0,34.1,0.00,87,12.9,0.00,MPPT Charging,30,27,0,191,8565
2026-08-26T17:17:03Z,1,32.3,0.03,87,12.9,0.04,MPPT Charging,30,26,0,191,8565
2026-08-26T17:17:13Z,0,31.3,0.00,88,12.9,0.00,MPPT Charging,30,26,0,191,8565
2026-08-26T17:17:23Z,0,28.2,0.00,86,12.9,0.00,MPPT Charging,30,26,0,191,8565
2026-08-26T17:17:33Z,0,26.7,0.00,86,12.9,0.00,MPPT Charging,30,26,0,191,8565
2026-08-26T17:17:43Z,0,29.7,0.00,86,12.8,0.00,MPPT Charging,30,26,0,191,8565
2026-08-26T17:17:53Z,0,33.4,0.00,86,12.9,0.00,MPPT Charging,30,26,0,191,8565
2026-08-26T17:18:03Z,0,31.6,0.00,86,12.9,0.00,MPPT Charging,30,26,0,191,8565
2026-08-26T17:18:13Z,0,30.6,0.00,86,12.8,0.00,MPPT Charging,30,26,0,191,8565
2026-08-26T17:18:23Z,0,30.1,0.00,86,12.8,0.00,MPPT Charging,30,26,0,191,8565
2026-08-26T17:18:33Z,0,30.9,0.00,86,12.8,0.00,MPPT Charging,30,26,0,191,8565
2026-08-26T17:18:43Z,0,31.0,0.00,86,12.9,0.00,MPPT Charging,30,26,0,191,8565
2026-08-26T17:18:53Z,0,31.3,0.00,87,12.9,0.00,MPPT Charging,30,26,0,191,8565
2026-08-26T17:19:03Z,0,31.4,0.00,86,12.9,0.00,MPPT Charging,30,26,0,191,8565
2026-08-26T17:19:13Z,0,30.9,0.00,86,12.9,0.00,MPPT Charging,30,26,0,191,8565
2026-08-26T17:19:23Z,0,30.9,0.00,86,12.8,0.00,MPPT Charging,30,26,0,191,8565
2026-08-26T17:19:33Z,0,30.8,0.00,88,12.8,0.00,MPPT Charging,30,26,0,191,8565
2026-08-26T17:19:43Z,0,30.2,0.00,86,12.9,0.00,MPPT Charging,30,26,0,191,8565
2026-08-26T17:19:53Z,0,31.7,0.00,86,12.8,0.00,MPPT Charging,30,26,0,191,8565
2026-08-26T17:20:03Z,0,36.3,0.00,86,12.9,0.00,MPPT Charging,30,26,0,191,8565
2026-08-26T17:20:14Z,0,36.5,0.00,86,12.9,0.00,MPPT Charging,30,26,0,191,8565
2026-08-26T17:20:23Z,0,33.4,0.00,86,12.9,0.00,MPPT Charging,30,26,0,191,8565
2026-08-26T17:20:33Z,0,33.4,0.00,87,12.9,0.00,MPPT Charging,30,26,0,191,8565
2026-08-26T17:20:43Z,0,35.7,0.00,87,12.9,0.00,MPPT Charging,29,26,0,191,8565
2026-08-26T17:20:53Z,0,34.0,0.00,87,12.9,0.00,MPPT Charging,30,26,0,191,8565
2026-08-26T17:21:03Z,0,33.1,0.00,87,12.9,0.00,MPPT Charging,29,26,0,191,8565
2026-08-26T17:21:13Z,0,33.0,0.00,87,12.9,0.00,MPPT Charging,30,26,0,191,8565
2026-08-26T17:21:23Z,0,33.6,0.00,88,12.9,0.00,MPPT Charging,30,26,0,191,8565
2026-08-26T17:21:33Z,0,34.0,0.00,86,12.9,0.00,MPPT Charging,30,26,0,191,8565
2026-08-26T17:21:43Z,0,33.7,0.00,87,12.9,0.00,MPPT Charging,30,26,0,191,8565
2026-08-26T17:21:53Z,0,33.0,0.00,87,12.9,0.00,MPPT Charging,30,26,0,191,8565
2026-08-26T17:22:03Z,0,33.1,0.00,87,12.9,0.00,MPPT Charging,30,26,0,191,8565
2026-08-26T17:22:13Z,0,34.0,0.00,87,12.9,0.00,MPPT Charging,30,26,0,191,8565
2026-08-26T17:22:23Z,0,33.4,0.00,88,12.9,0.00,MPPT Charging,30,26,0,191,8565
2026-08-26T17:22:33Z,0,34.4,0.00,87,12.9,0.00,MPPT Charging,30,26,0,191,8565
2026-08-26T17:22:43Z,0,33.6,0.00,87,12.9,0.00,MPPT Charging,30,26,0,191,8565
2026-08-26T17:22:53Z,0,37.0,0.00,88,12.9,0.00,MPPT Charging,30,26,0,191,8565
2026-08-26T17:23:03Z,0,34.4,0.00,87,12.9,0.00,MPPT Charging,30,26,0,191,8565
2026-08-26T17:23:13Z,0,33.4,0.00,88,12.9,0.00,MPPT Charging,30,26,0,191,8565
2026-08-26T17:23:23Z,0,34.0,0.00,88,12.9,0.00,MPPT Charging,30,26,0,191,8565
2026-08-26T17:23:33Z,0,34.3,0.00,88,12.9,0.00,MPPT Charging,30,26,0,191,8565
2026-08-26T17:23:43Z,0,32.6,0.00,86,12.9,0.00,MPPT Charging,30,26,0,191,8565
2026-08-26T17:23:53Z,0,34.3,0.00,87,12.9,0.00,MPPT Charging,30,26,0,191,8565
2026-08-26T17:24:03Z,0,33.3,0.00,87,12.9,0.00,MPPT Charging,30,26,0,191,8565
2026-08-26T17:24:13Z,0,28.1,0.00,86,12.9,0.00,MPPT Charging,30,26,0,191,8565
2026-08-26T17:24:23Z,0,29.3,0.00,86,12.9,0.00,MPPT Charging,30,26,0,191,8565
2026-08-26T17:24:33Z,0,30.5,0.00,86,12.9,0.00,MPPT Charging,30,26,0,191,8565
2026-08-26T17:24:43Z,0,31.5,0.00,86,12.9,0.00,MPPT Charging,30,26,0,191,8565
2026-08-26T17:24:53Z,0,31.7,0.00,86,12.9,0.00,MPPT Charging,29,26,0,191,8565
2026-08-26T17:25:03Z,0,31.1,0.00,87,12.9,0.00,MPPT Charging,30,26,0,191,8565
2026-08-26T17:25:13Z,0,35.3,0.00,87,12.9,0.00,MPPT Charging,30,26,0,191,8565
2026-08-26T17:25:24Z,0,33.3,0.00,86,12.9,0.00,MPPT Charging,30,26,0,191,8565
2026-08-26T17:25:33Z,0,30.5,0.00,87,12.9,0.00,MPPT Charging,30,26,0,191,8565
2026-08-26T17:25:43Z,0,29.5,0.00,88,12.9,0.00,MPPT Charging,30,26,0,191,8565
2026-08-26T17:25:53Z,0,33.3,0.00,87,12.9,0.00,MPPT Charging,30,27,0,191,8565
2026-08-26T17:26:03Z,1,35.7,0.02,87,12.9,0.04,MPPT Charging,29,26,0,191,8565
2026-08-26T17:26:13Z,3,33.1,0.09,88,12.9,0.19,MPPT Charging,30,26,0,191,8565
2026-08-26T17:26:23Z,0,33.9,0.00,89,12.9,0.00,MPPT Charging,30,26,0,191,8565
2026-08-26T17:26:33Z,0,37.6,0.00,88,12.9,0.02,MPPT Charging,30,26,0,191,8565
2026-08-26T17:26:43Z,3,34.0,0.08,89,12.9,0.24,MPPT Charging,30,26,0,191,8565
2026-08-26T17:26:53Z,3,34.1,0.08,88,12.9,0.22,MPPT Charging,30,26,0,191,8565
2026-08-26T17:27:03Z,3,33.7,0.08,89,12.9,0.19,MPPT Charging,30,26,0,191,8565
2026-08-26T17:27:13Z,2,33.7,0.05,88,12.9,0.14,MPPT Charging,30,26,0,191,8565
2026-08-26T17:27:23Z,2,33.4,0.05,88,12.9,0.12,MPPT Charging,30,26,0,191,8565
2026-08-26T17:27:33Z,1,33.9,0.02,85,12.9,0.07,MPPT Charging,30,26,0,191,8565
2026-08-26T17:27:43Z,0,33.4,0.00,88,12.9,0.02,MPPT Charging,30,26,0,191,8565
2026-08-26T17:27:53Z,0,33.8,0.00,85,12.9,0.00,MPPT Charging,30,26,0,191,8565
2026-08-26T17:28:03Z,0,36.3,0.00,88,12.9,0.00,MPPT Charging,30,26,0,191,8565
2026-08-26T17:28:13Z,0,34.1,0.00,88,12.9,0.00,MPPT Charging,30,26,0,191,8565
2026-08-26T17:28:23Z,0,33.7,0.00,88,12.9,0.00,MPPT Charging,30,26,0,191,8565
2026-08-26T17:28:33Z,0,33.1,0.00,88,12.9,0.00,MPPT Charging,30,26,0,191,8565
2026-08-26T17:28:43Z,0,33.6,0.00,88,12.9,0.00,MPPT Charging,30,26,0,191,8565
2026-08-26T17:28:53Z,0,34.1,0.00,87,12.9,0.00,MPPT Charging,30,26,0,191,8565
2026-08-26T17:29:03Z,0,33.1,0.00,88,12.9,0.00,MPPT Charging,30,26,0,191,8565
2026-08-26T17:29:13Z,0,32.8,0.00,87,12.9,0.00,MPPT Charging,30,26,0,191,8565
2026-08-26T17:29:23Z,0,33.0,0.00,87,12.9,0.00,MPPT Charging,30,26,0,191,8565
2026-08-26T17:29:33Z,0,33.7,0.00,87,12.9,0.00,MPPT Charging,29,26,0,191,8565
2026-08-26T17:29:43Z,0,32.7,0.00,86,12.9,0.00,MPPT Charging,30,26,0,191,8565
2026-08-26T17:29:53Z,0,33.3,0.00,87,12.9,0.00,MPPT Charging,30,26,0,191,8565
2026-08-26T17:30:03Z,0,33.2,0.00,87,12.9,0.00,MPPT Charging,30,26,0,191,8565
2026-08-26T17:30:13Z,0,34.0,0.00,88,12.9,0.00,MPPT Charging,30,26,0,191,8565
2026-08-26T17:30:23Z,0,32.8,0.00,87,12.9,0.00,MPPT Charging,30,26,0,191,8565
2026-08-26T17:30:34Z,0,32.9,0.00,87,12.9,0.00,MPPT Charging,30,26,0,191,8565
2026-08-26T17:30:43Z,0,33.6,0.00,88,12.9,0.00,MPPT Charging,30,26,0,191,8565
2026-08-26T17:30:53Z,0,34.0,0.00,88,12.9,0.00,MPPT Charging,30,26,0,191,8565
2026-08-26T17:31:03Z,0,33.2,0.00,87,12.9,0.00,MPPT Charging,30,26,0,191,8565
2026-08-26T17:31:13Z,0,33.3,0.00,88,12.9,0.00,MPPT Charging,30,26,0,191,8565
2026-08-26T17:31:23Z,0,33.3,0.00,87,12.9,0.00,MPPT Charging,30,26,0,191,8565
2026-08-26T17:31:33Z,0,33.0,0.00,88,12.9,0.00,MPPT Charging,30,26,0,191,8565
2026-08-26T17:31:43Z,0,33.5,0.00,88,12.9,0.00,MPPT Charging,30,26,0,191,8565
2026-08-26T17:31:53Z,0,33.3,0.00,88,12.9,0.00,MPPT Charging,30,26,0,191,8565
2026-08-26T17:32:03Z,0,33.1,0.00,88,12.9,0.00,MPPT Charging,30,26,0,191,8565
2026-08-26T17:32:13Z,0,33.5,0.00,88,12.9,0.00,MPPT Charging,30,26,0,191,8565
2026-08-26T17:32:23Z,0,33.6,0.00,87,12.9,0.00,MPPT Charging,30,26,0,191,8565
2026-08-26T17:32:33Z,0,33.4,0.00,88,12.9,0.00,MPPT Charging,30,26,0,191,8565
2026-08-26T17:32:43Z,0,33.6,0.00,87,12.9,0.00,MPPT Charging,30,26,0,191,8565
2026-08-26T17:32:53Z,0,34.0,0.00,88,12.9,0.00,MPPT Charging,30,26,0,191,8565
2026-08-26T17:33:03Z,0,33.8,0.00,87,12.9,0.00,MPPT Charging,30,26,0,191,8565
2026-08-26T17:33:13Z,0,27.6,0.00,87,12.9,0.00,MPPT Charging,30,26,0,191,8565
2026-08-26T17:33:23Z,0,32.8,0.00,87,12.9,0.00,MPPT Charging,30,26,0,191,8565
2026-08-26T17:33:33Z,0,33.4,0.00,86,12.9,0.00,MPPT Charging,30,26,0,191,8565
2026-08-26T17:33:43Z,0,33.3,0.00,87,12.9,0.00,MPPT Charging,30,26,0,191,8565
2026-08-26T17:33:53Z,0,34.0,0.00,87,12.9,0.00,MPPT Charging,30,26,0,191,8565
2026-08-26T17:34:03Z,0,34.2,0.00,87,12.9,0.00,MPPT Charging,29,26,0,191,8565
2026-08-26T17:34:13Z,0,33.6,0.00,87,12.9,0.00,MPPT Charging,30,26,0,191,8565
2026-08-26T17:34:23Z,0,34.0,0.00,88,12.9,0.00,MPPT Charging,30,26,0,191,8565
2026-08-26T17:34:33Z,0,33.6,0.00,88,12.9,0.00,MPPT Charging,30,26,0,191,8565
2026-08-26T17:34:43Z,0,32.5,0.00,87,12.9,0.00,MPPT Charging,30,26,0,191,8565
2026-08-26T17:34:53Z,0,33.0,0.00,88,12.9,0.00,MPPT Charging,30,26,0,191,8565
2026-08-26T17:35:03Z,0,32.9,0.00,87,12.9,0.00,MPPT Charging,30,26,0,191,8565
2026-08-26T17:35:13Z,0,32.8,0.00,87,12.9,0.00,MPPT Charging,29,26,0,191,8565
2026-08-26T17:35:23Z,0,28.7,0.00,87,12.9,0.00,MPPT Charging,30,26,0,191,8565
2026-08-26T17:35:33Z,0,20.0,0.00,86,12.8,0.00,MPPT Charging,29,26,0,191,8565
2026-08-26T17:35:44Z,0,20.5,0.00,86,12.8,0.00,MPPT Charging,30,26,0,191,8565
2026-08-26T17:35:53Z,0,21.9,0.00,86,12.8,0.00,MPPT Charging,30,26,0,191,8565
2026-08-26T17:36:03Z,0,22.4,0.00,86,12.8,0.00,MPPT Charging,30,26,0,191,8565
2026-08-26T17:36:13Z,0,23.0,0.00,86,12.8,0.00,MPPT Charging,29,26,0,191,8565
2026-08-26T17:36:23Z,0,24.6,0.00,84,12.8,0.00,MPPT Charging,29,26,0,191,8565
2026-08-26T17:36:33Z,0,28.4,0.00,86,12.8,0.00,MPPT Charging,29,26,0,191,8565
2026-08-26T17:36:43Z,0,29.2,0.00,86,12.8,0.00,MPPT Charging,29,26,0,191,8565
2026-08-26T17:36:53Z,0,30.9,0.00,86,12.8,0.00,MPPT Charging,29,26,0,191,8565
2026-08-26T17:37:03Z,0,32.6,0.00,86,12.9,0.00,MPPT Charging,29,26,0,191,8565
2026-08-26T17:37:13Z,0,36.4,0.00,88,12.9,0.00,MPPT Charging,29,26,0,191,8565
2026-08-26T17:37:23Z,0,32.4,0.00,87,12.9,0.00,MPPT Charging,29,26,0,191,8565
2026-08-26T17:37:33Z,0,28.4,0.00,86,12.9,0.00,MPPT Charging,29,26,0,191,8565
2026-08-26T17:37:43Z,0,24.5,0.00,86,12.8,0.00,MPPT Charging,29,26,0,191,8565
2026-08-26T17:37:53Z,0,36.1,0.00,87,12.9,0.00,MPPT Charging,29,26,0,191,8565
2026-08-26T17:38:03Z,0,33.8,0.00,88,12.9,0.00,MPPT Charging,29,26,0,191,8565
2026-08-26T17:38:13Z,0,24.2,0.00,86,12.8,0.00,MPPT Charging,29,26,0,191,8565
2026-08-26T17:38:23Z,0,15.9,0.00,86,12.8,0.00,MPPT Charging,29,26,0,191,8565
2026-08-26T17:38:33Z,0,29.4,0.00,86,12.8,0.00,MPPT Charging,29,26,0,191,8565
2026-08-26T17:38:43Z,0,30.1,0.00,86,12.9,0.00,MPPT Charging,29,26,0,191,8565
2026-08-26T17:38:53Z,0,32.1,0.00,86,12.9,0.00,MPPT Charging,29,26,0,191,8565
2026-08-26T17:39:03Z,0,30.7,0.00,86,12.9,0.00,MPPT Charging,29,26,0,191,8565
2026-08-26T17:39:13Z,0,31.8,0.00,86,12.9,0.00,MPPT Charging,29,26,0,191,8565
2026-08-26T17:39:23Z,0,31.3,0.00,86,12.9,0.00,MPPT Charging,29,26,0,191,8565
2026-08-26T17:39:33Z,0,32.3,0.00,86,12.9,0.00,MPPT Charging,29,26,0,191,8565
2026-08-26T17:39:43Z,0,31.2,0.00,86,12.9,0.00,MPPT Charging,29,26,0,191,8565
2026-08-26T17:39:53Z,0,32.1,0.00,86,12.9,0.00,MPPT Charging,29,26,0,191,8565
2026-08-26T17:40:03Z,0,29.7,0.00,86,12.9,0.00,MPPT Charging,29,26,0,191,8565
2026-08-26T17:40:13Z,0,34.2,0.00,87,12.9,0.00,MPPT Charging,29,26,0,191,8565
2026-08-26T17:40:23Z,0,31.4,0.00,86,12.9,0.00,MPPT Charging,29,26,0,191,8565
2026-08-26T17:40:33Z,0,30.1,0.00,86,12.9,0.00,MPPT Charging,29,26,0,191,8565
2026-08-26T17:40:43Z,0,31.1,0.00,87,12.9,0.00,MPPT Charging,29,26,0,191,8565
2026-08-26T17:40:54Z,0,35.3,0.00,86,12.9,0.00,MPPT Charging,29,26,0,191,8565
2026-08-26T17:41:03Z,0,37.5,0.00,88,12.9,0.00,MPPT Charging,29,26,0,191,8565
2026-08-26T17:41:13Z,0,34.1,0.00,88,12.9,0.02,MPPT Charging,29,26,0,191,8565
2026-08-26T17:41:23Z,1,34.5,0.02,88,12.9,0.04,MPPT Charging,29,26,0,191,8565
2026-08-26T17:41:33Z,0,34.8,0.00,89,12.9,0.02,MPPT Charging,29,26,0,191,8565
2026-08-26T17:41:43Z,0,34.7,0.00,88,12.9,0.02,MPPT Charging,29,26,0,191,8565
2026-08-26T17:41:53Z,0,35.2,0.00,89,12.9,0.00,MPPT Charging,29,26,0,191,8565
2026-08-26T17:42:03Z,0,35.0,0.00,89,12.9,0.00,MPPT Charging,29,26,0,191,8565
2026-08-26T17:42:13Z,0,33.2,0.00,88,12.9,0.00,MPPT Charging,29,26,0,191,8565
2026-08-26T17:42:23Z,0,35.4,0.00,88,12.9,0.00,MPPT Charging,29,26,0,191,8565
2026-08-26T17:42:33Z,0,35.1,0.00,88,12.9,0.00,MPPT Charging,29,26,0,191,8565
2026-08-26T17:42:43Z,0,35.8,0.00,88,12.9,0.00,MPPT Charging,29,26,0,191,8565
2026-08-26T17:42:53Z,0,35.6,0.00,88,12.9,0.00,MPPT Charging,29,26,0,191,8565
2026-08-26T17:43:03Z,0,35.3,0.00,88,12.9,0.00,MPPT Charging,29,26,0,191,8565
2026-08-26T17:43:13Z,0,35.1,0.00,88,12.9,0.00,MPPT Charging,29,26,0,191,8565
2026-08-26T17:43:23Z,0,35.2,0.00,88,12.9,0.00,MPPT Charging,29,26,0,191,8565
2026-08-26T17:43:33Z,0,21.9,0.00,86,12.9,0.00,MPPT Charging,29,26,0,191,8565
2026-08-26T17:43:43Z,0,34.8,0.00,88,12.9,0.00,MPPT Charging,29,26,0,191,8565
2026-08-26T17:43:53Z,0,34.5,0.00,88,12.9,0.00,MPPT Charging,29,26,0,191,8565
2026-08-26T17:44:03Z,0,35.9,0.00,88,12.9,0.00,MPPT Charging,29,26,0,191,8565
2026-08-26T17:44:13Z,0,35.1,0.00,88,12.9,0.00,MPPT Charging,29,26,0,191,8565
2026-08-26T17:44:23Z,0,35.8,0.00,88,12.9,0.00,MPPT Charging,29,26,0,191,8565
2026-08-26T17:44:33Z,0,35.9,0.00,88,12.9,0.00,MPPT Charging,29,26,0,191,8565
2026-08-26T17:44:43Z,0,36.5,0.00,87,12.9,0.00,MPPT Charging,29,26,0,191,8565
2026-08-26T17:44:53Z,0,36.4,0.00,89,12.9,0.00,MPPT Charging,29,26,0,191,8565
2026-08-26T17:45:03Z,0,35.7,0.00,88,12.9,0.00,MPPT Charging,29,26,0,191,8565
2026-08-26T17:45:13Z,0,35.7,0.00,88,12.9,0.00,MPPT Charging,29,26,0,191,8565
2026-08-26T17:45:23Z,0,36.6,0.00,87,12.9,0.00,MPPT Charging,29,26,0,191,8565
2026-08-26T17:45:33Z,0,36.5,0.00,87,12.9,0.00,MPPT Charging,29,26,0,191,8565
2026-08-26T17:45:43Z,0,36.5,0.00,88,12.9,0.00,MPPT Charging,29,26,0,191,8565
2026-08-26T17:45:53Z,0,36.5,0.00,88,12.9,0.00,MPPT Charging,29,26,0,191,8565
2026-08-26T17:46:04Z,0,36.6,0.00,88,12.9,0.00,MPPT Charging,29,26,0,191,8565
2026-08-26T17:46:13Z,0,35.9,0.00,88,12.9,0.00,MPPT Charging,29,26,0,191,8565
2026-08-26T17:46:23Z,0,35.9,0.00,88,12.9,0.00,MPPT Charging,29,26,0,191,8565
2026-08-26T17:46:33Z,0,36.1,0.00,88,12.9,0.00,MPPT Charging,29,26,0,191,8565
2026-08-26T17:46:43Z,0,35.9,0.00,88,12.9,0.00,MPPT Charging,29,26,0,191,8565
2026-08-26T17:46:53Z,0,35.7,0.00,88,12.9,0.00,MPPT Charging,29,26,0,191,8565
2026-08-26T17:47:03Z,0,35.7,0.00,88,12.9,0.00,MPPT Charging,29,26,0,191,8565
2026-08-26T17:47:13Z,0,35.8,0.00,88,12.9,0.00,MPPT Charging,29,26,0,191,8565
2026-08-26T17:47:23Z,0,36.2,0.00,88,12.9,0.00,MPPT Charging,29,26,0,191,8565
2026-08-26T17:47:33Z,0,35.9,0.00,88,12.9,0.00,MPPT Charging,29,26,0,191,8565
2026-08-26T17:47:43Z,0,35.7,0.00,88,12.9,0.00,MPPT Charging,29,26,0,191,8565
2026-08-26T17:47:53Z,0,36.4,0.00,88,12.9,0.00,MPPT Charging,29,26,0,191,8565
2026-08-26T17:48:03Z,0,36.6,0.00,88,12.9,0.02,MPPT Charging,29,26,0,191,8565
2026-08-26T17:48:13Z,0,36.2,0.00,88,12.9,0.00,MPPT Charging,29,26,0,191,8565
2026-08-26T17:48:23Z,0,36.8,0.00,87,12.9,0.00,MPPT Charging,29,26,0,191,8565
2026-08-26T17:48:33Z,0,37.3,0.00,88,12.9,0.00,MPPT Charging,29,26,0,191,8565
2026-08-26T17:48:43Z,0,32.0,0.00,88,12.9,0.00,MPPT Charging,29,26,0,191,8565
2026-08-26T17:48:53Z,0,35.8,0.00,88,12.9,0.00,MPPT Charging,29,26,0,191,8565
2026-08-26T17:49:03Z,0,37.3,0.00,88,12.9,0.00,MPPT Charging,29,26,0,191,8565
2026-08-26T17:49:13Z,0,36.1,0.00,88,12.9,0.00,MPPT Charging,29,26,0,191,8565
2026-08-26T17:49:23Z,0,37.3,0.00,89,12.9,0.00,MPPT Charging,29,26,0,191,8565
2026-08-26T17:49:33Z,0,36.7,0.00,88,12.9,0.00,MPPT Charging,29,26,0,191,8565
2026-08-26T17:49:43Z,0,37.1,0.00,88,12.9,0.00,MPPT Charging,29,26,0,191,8565
2026-08-26T17:49:53Z,0,31.6,0.00,87,12.9,0.00,MPPT Charging,29,26,0,191,8565
2026-08-26T17:50:03Z,0,32.6,0.00,87,12.9,0.00,MPPT Charging,29,26,0,191,8565
2026-08-26T17:50:13Z,0,34.5,0.00,87,12.9,0.00,MPPT Charging,29,26,0,191,8565
2026-08-26T17:50:23Z,0,27.9,0.00,86,12.8,0.00,MPPT Charging,29,26,0,191,8565
2026-08-26T17:50:33Z,0,27.6,0.00,86,12.9,0.00,MPPT Charging,29,26,0,191,8565
2026-08-26T17:50:43Z,0,27.2,0.00,86,12.8,0.00,MPPT Charging,29,26,0,191,8565
2026-08-26T17:50:53Z,0,29.1,0.00,86,12.8,0.00,MPPT Charging,29,26,0,191,8565
2026-08-26T17:51:03Z,0,31.6,0.00,86,12.8,0.00,MPPT Charging,29,26,0,191,8565
2026-08-26T17:51:14Z,0,32.9,0.00,86,12.8,0.00,MPPT Charging,29,26,0,191,8565
2026-08-26T17:51:23Z,0,33.9,0.00,87,12.9,0.00,MPPT Charging,29,26,0,191,8565
2026-08-26T17:51:33Z,0,34.2,0.00,87,12.9,0.00,MPPT Charging,29,26,0,191,8565
2026-08-26T17:51:43Z,0,31.2,0.00,87,12.9,0.00,MPPT Charging,29,26,0,191,8565
2026-08-26T17:51:53Z,0,34.9,0.00,88,12.9,0.00,MPPT Charging,29,26,0,191,8565
2026-08-26T17:52:03Z,0,30.6,0.00,87,12.9,0.00,MPPT Charging,29,26,0,191,8565
2026-08-26T17:52:13Z,0,37.9,0.00,87,12.9,0.00,MPPT Charging,29,26,0,191,8565
2026-08-26T17:52:23Z,0,38.1,0.00,88,12.9,0.00,MPPT Charging,29,26,0,191,8565
2026-08-26T17:52:33Z,0,36.4,0.00,87,12.9,0.00,MPPT Charging,29,26,0,191,8565
2026-08-26T17:52:43Z,0,35.7,0.00,89,12.9,0.00,MPPT Charging,29,26,0,191,8565
2026-08-26T17:52:53Z,0,35.7,0.00,88,12.9,0.00,MPPT Charging,29,26,0,191,8565
2026-08-26T17:53:03Z,0,35.4,0.00,88,12.9,0.00,MPPT Charging,29,26,0,191,8565
2026-08-26T17:53:13Z,0,35.8,0.00,88,12.9,0.00,MPPT Charging,29,26,0,191,8565
2026-08-26T17:53:23Z,0,34.9,0.00,88,12.9,0.00,MPPT Charging,29,26,0,191,8565
2026-08-26T17:53:33Z,0,35.3,0.00,88,12.9,0.00,MPPT Charging,29,26,0,191,8565
2026-08-26T17:53:43Z,0,35.7,0.00,89,12.9,0.00,MPPT Charging,29,26,0,191,8565
2026-08-26T17:53:53Z,0,35.8,0.00,86,12.9,0.00,MPPT Charging,29,26,0,191,8565
2026-08-26T17:54:03Z,0,34.4,0.00,88,12.9,0.00,MPPT Charging,29,26,0,191,8565
2026-08-26T17:54:13Z,0,34.6,0.00,88,12.9,0.00,MPPT Charging,29,26,0,191,8565
2026-08-26T17:54:23Z,0,33.1,0.00,87,12.9,0.00,MPPT Charging,29,26,0,191,8565
2026-08-26T17:54:33Z,0,30.5,0.00,86,12.9,0.00,MPPT Charging,29,26,0,191,8565
2026-08-26T17:54:43Z,0,34.1,0.00,88,12.9,0.00,MPPT Charging,29,26,0,191,8565
2026-08-26T17:54:53Z,0,33.8,0.00,88,12.9,0.00,MPPT Charging,29,26,0,191,8565
2026-08-26T17:55:03Z,0,34.2,0.00,87,12.9,0.00,MPPT Charging,29,26,0,191,8565
2026-08-26T17:55:13Z,0,32.1,0.00,87,12.9,0.00,MPPT Charging,29,26,0,191,8565
2026-08-26T17:55:23Z,0,34.0,0.00,87,12.9,0.00,MPPT Charging,29,26,0,191,8565
2026-08-26T17:55:33Z,0,34.1,0.00,87,12.9,0.00,MPPT Charging,29,26,0,191,8565
2026-08-26T17:55:43Z,0,34.2,0.00,87,12.9,0.00,MPPT Charging,29,26,0,191,8565
2026-08-26T17:55:53Z,0,33.4,0.00,88,12.9,0.00,MPPT Charging,29,26,0,191,8565
2026-08-26T17:56:03Z,0,30.9,0.00,87,12.9,0.00,MPPT Charging,29,26,0,191,8565
2026-08-26T17:56:13Z,0,32.4,0.00,87,12.9,0.00,MPPT Charging,29,26,0,191,8565
2026-08-26T17:56:24Z,0,32.8,0.00,87,12.9,0.00,MPPT Charging,29,26,0,191,8565
2026-08-26T17:56:33Z,0,33.2,0.00,87,12.9,0.00,MPPT Charging,29,26,0,191,8565
2026-08-26T17:56:43Z,0,32.8,0.00,87,12.9,0.00,MPPT Charging,29,26,0,191,8565
2026-08-26T17:56:53Z,0,32.6,0.00,87,12.9,0.00,MPPT Charging,29,26,0,191,8565
2026-08-26T17:57:03Z,0,33.2,0.00,87,12.9,0.00,MPPT Charging,29,26,0,191,8565
2026-08-26T17:57:13Z,0,32.0,0.00,87,12.9,0.00,MPPT Charging,29,26,0,191,8565
2026-08-26T17:57:23Z,0,30.0,0.00,87,12.9,0.00,MPPT Charging,29,26,0,191,8565
2026-08-26T17:57:33Z,0,32.3,0.00,87,12.9,0.00,MPPT Charging,29,26,0,191,8565
2026-08-26T17:57:43Z,0,31.7,0.00,87,12.9,0.00,MPPT Charging,29,26,0,191,8565
2026-08-26T17:57:53Z,0,31.2,0.00,87,12.9,0.00,MPPT Charging,29,26,0,191,8565
2026-08-26T17:58:03Z,0,31.7,0.00,87,12.9,0.00,MPPT Charging,29,26,0,191,8565
2026-08-26T17:58:13Z,0,30.8,0.00,86,12.9,0.00,MPPT Charging,29,26,0,191,8565
2026-08-26T17:58:23Z,0,29.3,0.00,87,12.9,0.00,MPPT Charging,29,26,0,191,8565
2026-08-26T17:58:33Z,0,29.7,0.00,86,12.9,0.00,MPPT Charging,29,26,0,191,8565
2026-08-26T17:58:43Z,0,28.7,0.00,86,12.9,0.00,MPPT Charging,29,26,0,191,8565
2026-08-26T17:58:53Z,0,34.4,0.00,86,12.8,0.00,MPPT Charging,29,26,0,191,8565
2026-08-26T17:59:03Z,0,30.3,0.00,86,12.9,0.00,MPPT Charging,29,26,0,191,8565
2026-08-26T17:59:13Z,0,31.0,0.00,86,12.8,0.00,MPPT Charging,29,26,0,191,8565
2026-08-26T17:59:23Z,0,29.7,0.00,86,12.9,0.00,MPPT Charging,29,26,0,191,8565
2026-08-26T17:59:33Z,0,30.3,0.00,86,12.9,0.00,MPPT Charging,29,26,0,191,8565
2026-08-26T17:59:43Z,0,31.8,0.00,86,12.9,0.00,MPPT Charging,29,26,0,191,8565
2026-08-26T17:59:53Z,0,31.5,0.00,86,12.8,0.00,MPPT Charging,29,26,0,191,8565
2026-08-26T18:00:03Z,0,35.2,0.00,87,12.9,0.00,MPPT Charging,29,26,0,191,8565
2026-08-26T18:00:13Z,0,34.3,0.00,86,12.9,0.00,MPPT Charging,29,26,0,191,8565
2026-08-26T18:00:23Z,0,33.8,0.00,86,12.9,0.00,MPPT Charging,29,26,0,191,8565
2026-08-26T18:00:33Z,0,35.0,0.00,86,12.9,0.00,MPPT Charging,29,26,0,191,8565
2026-08-26T18:00:43Z,0,31.8,0.00,87,12.9,0.00,MPPT Charging,29,26,0,191,8565
2026-08-26T18:00:53Z,0,35.9,0.00,87,12.9,0.00,MPPT Charging,29,26,0,191,8565
2026-08-26T18:01:03Z,0,32.2,0.00,87,12.9,0.00,MPPT Charging,29,26,0,191,8565
2026-08-26T18:01:13Z,0,32.1,0.00,87,12.9,0.00,MPPT Charging,29,26,0,191,8565
2026-08-26T18:01:23Z,0,33.7,0.00,88,12.9,0.00,MPPT Charging,29,26,0,191,8565
2026-08-26T18:01:34Z,0,33.5,0.00,87,12.9,0.00,MPPT Charging,29,26,0,191,8565
2026-08-26T18:01:43Z,0,34.1,0.00,87,12.9,0.00,MPPT Charging,29,26,0,191,8565
2026-08-26T18:01:53Z,0,33.6,0.00,88,12.9,0.00,MPPT Charging,29,26,0,191,8565
2026-08-26T18:02:03Z,0,34.1,0.00,87,12.9,0.00,MPPT Charging,29,26,0,191,8565
2026-08-26T18:02:13Z,0,33.7,0.00,88,12.9,0.00,MPPT Charging,29,26,0,191,8565
2026-08-26T18:02:23Z,0,33.3,0.00,87,12.9,0.00,MPPT Charging,29,26,0,191,8565
2026-08-26T18:02:33Z,0,34.0,0.00,87,12.9,0.00,MPPT Charging,29,26,0,191,8565
2026-08-26T18:02:43Z,0,33.7,0.00,88,12.9,0.00,MPPT Charging,29,26,0,191,8565
2026-08-26T18:02:53Z,0,32.2,0.00,88,12.9,0.00,MPPT Charging,29,26,0,191,8565
2026-08-26T18:03:03Z,0,33.3,0.00,88,12.9,0.00,MPPT Charging,29,26,0,191,8565
2026-08-26T18:03:13Z,0,33.7,0.00,88,12.9,0.00,MPPT Charging,29,26,0,191,8565
2026-08-26T18:03:23Z,0,33.4,0.00,88,12.9,0.00,MPPT Charging,29,26,0,191,8565
2026-08-26T18:03:33Z,0,32.2,0.00,87,12.9,0.00,MPPT Charging,29,26,0,191,8565
2026-08-26T18:03:43Z,0,32.2,0.00,87,12.9,0.00,MPPT Charging,29,26,0,191,8565
2026-08-26T18:03:53Z,0,31.8,0.00,86,12.9,0.00,MPPT Charging,29,26,0,191,8565
2026-08-26T18:04:03Z,0,36.2,0.00,87,12.9,0.00,MPPT Charging,29,26,0,191,8565
2026-08-26T18:04:13Z,0,32.9,0.00,87,12.9,0.00,MPPT Charging,29,26,0,191,8565
2026-08-26T18:04:23Z,0,32.0,0.00,87,12.9,0.00,MPPT Charging,29,26,0,191,8565
2026-08-26T18:04:33Z,0,34.3,0.00,88,12.9,0.00,MPPT Charging,29,26,0,191,8565
2026-08-26T18:04:43Z,0,31.8,0.00,88,12.9,0.00,MPPT Charging,29,26,0,191,8565
2026-08-26T18:04:53Z,0,33.2,0.00,87,12.9,0.00,MPPT Charging,29,26,0,191,8565
2026-08-26T18:05:03Z,0,33.4,0.00,87,12.9,0.00,MPPT Charging,29,26,0,191,8565
2026-08-26T18:05:13Z,0,33.1,0.00,88,12.9,0.00,MPPT Charging,29,26,0,191,8565
2026-08-26T18:05:23Z,0,31.9,0.00,87,12.9,0.00,MPPT Charging,29,26,0,191,8565
2026-08-26T18:05:33Z,0,32.6,0.00,88,12.9,0.00,MPPT Charging,29,26,0,191,8565
2026-08-26T18:05:43Z,0,32.5,0.00,87,12.9,0.00,MPPT Charging,29,26,0,191,8565
2026-08-26T18:05:53Z,0,31.7,0.00,88,12.9,0.00,MPPT Charging,29,26,0,191,8565
2026-08-26T18:06:03Z,0,33.2,0.00,88,12.9,0.00,MPPT Charging,29,26,0,191,8565
2026-08-26T18:06:13Z,0,33.4,0.00,88,12.9,0.00,MPPT Charging,29,26,0,191,8565
2026-08-26T18:06:23Z,0,34.0,0.00,88,12.9,0.00,MPPT Charging,29,26,0,191,8565
2026-08-26T18:06:33Z,0,33.7,0.00,88,12.9,0.00,MPPT Charging,29,26,0,191,8565
2026-08-26T18:06:44Z,0,33.4,0.00,89,12.9,0.00,MPPT Charging,29,26,0,191,8565
2026-08-26T18:06:53Z,0,33.4,0.00,88,12.9,0.00,MPPT Charging,29,26,0,191,8565
2026-08-26T18:07:03Z,0,34.8,0.00,88,12.9,0.00,MPPT Charging,29,26,0,191,8565
2026-08-26T18:07:13Z,0,33.8,0.00,88,12.9,0.00,MPPT Charging,29,26,0,191,8565
2026-08-26T18:07:23Z,0,33.3,0.00,88,12.9,0.00,MPPT Charging,29,26,0,191,8565
2026-08-26T18:07:33Z,0,32.5,0.00,88,12.9,0.00,MPPT Charging,29,26,0,191,8565
2026-08-26T18:07:43Z,0,33.4,0.00,88,12.9,0.00,MPPT Charging,29,26,0,191,8565
2026-08-26T18:07:53Z,0,33.4,0.00,88,12.9,0.00,MPPT Charging,29,26,0,191,8565
2026-08-26T18:08:03Z,0,33.5,0.00,88,12.9,0.00,MPPT Charging,29,26,0,191,8565
2026-08-26T18:08:13Z,0,33.7,0.00,88,12.9,0.00,MPPT Charging,29,26,0,191,8565
2026-08-26T18:08:23Z,0,33.5,0.00,89,12.9,0.00,MPPT Charging,29,26,0,191,8565
2026-08-26T18:08:33Z,0,33.4,0.00,87,12.9,0.00,MPPT Charging,29,26,0,191,8565
2026-08-26T18:08:43Z,0,33.7,0.00,89,12.9,0.00,MPPT Charging,29,26,0,191,8565
2026-08-26T18:08:53Z,0,33.5,0.00,88,12.9,0.00,MPPT Charging,29,26,0,191,8565
2026-08-26T18:09:03Z,0,34.1,0.00,87,12.9,0.00,MPPT Charging,29,26,0,191,8565
2026-08-26T18:09:13Z,0,30.0,0.00,87,12.9,0.00,MPPT Charging,29,26,0,191,8565
2026-08-26T18:09:23Z,0,33.0,0.00,88,12.9,0.00,MPPT Charging,29,26,0,191,8565
2026-08-26T18:09:33Z,0,34.2,0.00,88,12.9,0.00,MPPT Charging,29,26,0,191,8565
2026-08-26T18:09:43Z,0,32.5,0.00,88,12.9,0.00,MPPT Charging,29,26,0,191,8565
2026-08-26T18:09:53Z,0,33.4,0.00,88,12.9,0.00,MPPT Charging,29,26,0,191,8565
2026-08-26T18:10:03Z,0,33.4,0.00,87,12.9,0.00,MPPT Charging,29,26,0,191,8565
2026-08-26T18:10:13Z,0,33.3,0.00,87,12.9,0.00,MPPT Charging,29,26,0,191,8565
2026-08-26T18:10:23Z,0,33.5,0.00,87,12.9,0.00,MPPT Charging,29,26,0,191,8565
2026-08-26T18:10:33Z,0,32.5,0.00,88,12.9,0.00,MPPT Charging,29,26,0,191,8565
2026-08-26T18:10:43Z,0,33.2,0.00,88,12.9,0.00,MPPT Charging,29,26,0,191,8565
2026-08-26T18:10:53Z,0,34.0,0.00,88,12.9,0.00,MPPT Charging,29,26,0,191,8565
2026-08-26T18:11:03Z,0,34.0,0.00,88,12.9,0.00,MPPT Charging,29,26,0,191,8565
2026-08-26T18:11:13Z,0,33.5,0.00,88,12.9,0.00,MPPT Charging,29,26,0,191,8565
2026-08-26T18:11:23Z,0,33.6,0.00,89,12.9,0.00,MPPT Charging,29,26,0,191,8565
2026-08-26T18:11:33Z,0,29.4,0.00,87,12.9,0.00,MPPT Charging,29,26,0,191,8565
2026-08-26T18:11:43Z,0,35.0,0.00,88,12.9,0.00,MPPT Charging,29,26,0,191,8565
2026-08-26T18:11:54Z,0,31.8,0.00,87,12.9,0.00,MPPT Charging,29,26,0,191,8565
2026-08-26T18:12:03Z,0,30.0,0.00,87,12.9,0.00,MPPT Charging,29,26,0,191,8565
2026-08-26T18:12:13Z,0,35.9,0.00,88,12.9,0.00,MPPT Charging,29,26,0,191,8565
2026-08-26T18:12:23Z,0,29.2,0.00,86,12.9,0.00,MPPT Charging,29,26,0,191,8565
2026-08-26T18:12:33Z,0,35.0,0.00,87,12.9,0.00,MPPT Charging,29,26,0,191,8565
2026-08-26T18:12:43Z,0,37.5,0.00,87,12.9,0.00,MPPT Charging,29,26,0,191,8565
2026-08-26T18:12:53Z,0,33.4,0.00,86,12.9,0.00,MPPT Charging,29,26,0,191,8565
2026-08-26T18:13:03Z,0,35.3,0.00,87,12.9,0.00,MPPT Charging,29,26,0,191,8565
2026-08-26T18:13:13Z,0,33.2,0.00,88,12.9,0.00,MPPT Charging,29,26,0,191,8565
2026-08-26T18:13:23Z,0,34.0,0.00,87,12.9,0.00,MPPT Charging,29,26,0,191,8565
2026-08-26T18:13:33Z,0,33.7,0.00,88,12.9,0.00,MPPT Charging,29,26,0,191,8565
2026-08-26T18:13:43Z,0,34.5,0.00,88,12.9,0.00,MPPT Charging,29,26,0,191,8565
2026-08-26T18:13:53Z,0,33.4,0.00,88,12.9,0.00,MPPT Charging,29,26,0,191,8565
2026-08-26T18:14:03Z,0,33.9,0.00,88,12.9,0.00,MPPT Charging,29,26,0,191,8565
2026-08-26T18:14:13Z,0,34.4,0.00,88,12.9,0.00,MPPT Charging,29,26,0,191,8565
2026-08-26T18:14:23Z,0,19.6,0.00,86,12.9,0.00,MPPT Charging,29,26,0,191,8565
2026-08-26T18:14:33Z,0,34.0,0.00,88,12.9,0.00,MPPT Charging,29,26,0,191,8565
2026-08-26T18:14:43Z,0,33.9,0.00,88,12.9,0.00,MPPT Charging,29,26,0,191,8565
2026-08-26T18:14:53Z,0,33.8,0.00,89,12.9,0.00,MPPT Charging,29,26,0,191,8565
2026-08-26T18:15:03Z,0,33.8,0.00,88,12.9,0.00,MPPT Charging,29,26,0,191,8565
2026-08-26T18:15:13Z,0,34.0,0.00,88,12.9,0.00,MPPT Charging,29,26,0,191,8565
2026-08-26T18:15:23Z,0,33.5,0.00,88,12.9,0.00,MPPT Charging,29,26,0,191,8565
2026-08-26T18:15:33Z,0,33.4,0.00,87,12.9,0.00,MPPT Charging,29,26,0,191,8565
2026-08-26T18:15:43Z,0,34.0,0.00,88,12.9,0.00,MPPT Charging,29,26,0,191,8565
2026-08-26T18:15:53Z,0,34.0,0.00,88,12.9,0.00,MPPT Charging,29,26,0,191,8565
2026-08-26T18:16:03Z,0,33.6,0.00,88,12.9,0.00,MPPT Charging,29,26,0,191,8565
2026-08-26T18:16:13Z,0,33.8,0.00,88,12.9,0.00,MPPT Charging,29,26,0,191,8565
2026-08-26T18:16:23Z,0,33.6,0.00,88,12.9,0.00,MPPT Charging,29,26,0,191,8565
2026-08-26T18:16:33Z,0,29.2,0.00,88,12.9,0.00,MPPT Charging,29,26,0,191,8565
2026-08-26T18:16:43Z,0,27.9,0.00,87,12.9,0.00,MPPT Charging,29,26,0,191,8565
2026-08-26T18:16:53Z,0,29.3,0.00,86,12.9,0.00,MPPT Charging,29,26,0,191,8565
2026-08-26T18:17:04Z,0,28.9,0.00,86,12.9,0.00,MPPT Charging,29,26,0,191,8565
2026-08-26T18:17:13Z,0,31.5,0.00,86,12.9,0.00,MPPT Charging,29,26,0,191,8565
2026-08-26T18:17:23Z,0,32.0,0.00,86,12.9,0.00,MPPT Charging,29,26,0,191,8565
2026-08-26T18:17:34Z,0,37.8,0.00,87,12.9,0.00,MPPT Charging,29,26,0,191,8565
2026-08-26T18:17:43Z,0,36.4,0.00,87,12.9,0.00,MPPT Charging,29,26,0,191,8565
2026-08-26T18:17:54Z,0,33.4,0.00,87,12.9,0.00,MPPT Charging,29,26,0,191,8565
2026-08-26T18:18:03Z,0,30.4,0.00,87,12.9,0.00,MPPT Charging,29,26,0,191,8565
2026-08-26T18:18:13Z,0,32.4,0.00,87,12.9,0.00,MPPT Charging,29,26,0,191,8565
2026-08-26T18:18:23Z,0,30.6,0.00,87,12.9,0.00,MPPT Charging,29,26,0,191,8565
2026-08-26T18:18:33Z,0,30.3,0.00,87,12.9,0.00,MPPT Charging,29,26,0,191,8565
2026-08-26T18:18:43Z,0,35.9,0.00,87,12.9,0.00,MPPT Charging,29,26,0,191,8565
2026-08-26T18:18:53Z,0,34.1,0.00,87,12.9,0.00,MPPT Charging,29,26,0,191,8565
2026-08-26T18:19:03Z,0,33.9,0.00,87,12.9,0.00,MPPT Charging,29,26,0,191,8565
2026-08-26T18:19:13Z,0,30.3,0.00,88,12.9,0.00,MPPT Charging,29,26,0,191,8565
2026-08-26T18:19:24Z,0,31.3,0.00,88,12.9,0.00,MPPT Charging,29,26,0,191,8565
2026-08-26T18:19:33Z,0,21.3,0.00,87,12.9,0.00,MPPT Charging,29,26,0,191,8565
2026-08-26T18:19:44Z,0,34.1,0.00,88,12.9,0.00,MPPT Charging,29,26,0,191,8565
2026-08-26T18:19:53Z,0,33.9,0.00,89,12.9,0.00,MPPT Charging,29,26,0,191,8565
2026-08-26T18:20:03Z,0,33.6,0.00,88,12.9,0.00,MPPT Charging,29,26,0,191,8565
2026-08-26T18:20:13Z,0,29.5,0.00,87,12.9,0.00,MPPT Charging,29,26,0,191,8565
2026-08-26T18:20:23Z,0,35.4,0.00,88,12.9,0.00,MPPT Charging,29,26,0,191,8565
2026-08-26T18:20:33Z,0,36.7,0.00,88,12.9,0.00,MPPT Charging,29,26,0,191,8565
2026-08-26T18:20:43Z,0,33.9,0.00,87,12.9,0.00,MPPT Charging,29,26,0,191,8565
2026-08-26T18:20:53Z,0,33.1,0.00,88,12.9,0.00,MPPT Charging,29,26,0,191,8565
2026-08-26T18:21:03Z,0,31.8,0.00,87,12.9,0.00,MPPT Charging,29,26,0,191,8565
2026-08-26T18:21:14Z,0,26.3,0.00,87,12.9,0.00,MPPT Charging,29,26,0,191,8565
2026-08-26T18:21:23Z,0,30.2,0.00,86,12.9,0.00,MPPT Charging,29,26,0,191,8565
2026-08-26T18:21:34Z,0,34.0,0.00,86,12.9,0.00,MPPT Charging,29,26,0,191,8565
2026-08-26T18:21:43Z,0,32.6,0.00,87,12.9,0.00,MPPT Charging,29,26,0,191,8565
2026-08-26T18:21:53Z,0,34.8,0.00,88,12.9,0.00,MPPT Charging,29,26,0,191,8565
2026-08-26T18:22:03Z,0,31.8,0.00,89,12.9,0.00,MPPT Charging,29,26,0,191,8565
2026-08-26T18:22:14Z,0,34.0,0.00,88,12.9,0.00,MPPT Charging,29,26,0,191,8565
2026-08-26T18:22:23Z,0,26.7,0.00,87,12.9,0.00,MPPT Charging,29,26,0,191,8565
2026-08-26T18:22:33Z,0,29.8,0.00,87,12.9,0.00,MPPT Charging,29,26,0,191,8565
2026-08-26T18:22:43Z,0,31.8,0.00,88,12.9,0.00,MPPT Charging,29,26,0,191,8565
2026-08-26T18:22:53Z,0,31.9,0.00,87,12.9,0.00,MPPT Charging,29,26,0,191,8565
2026-08-26T18:23:03Z,0,31.1,0.00,87,12.9,0.00,MPPT Charging,29,26,0,191,8565
2026-08-26T18:23:13Z,0,32.2,0.00,88,12.9,0.00,MPPT Charging,29,26,0,191,8565
2026-08-26T18:23:23Z,0,34.2,0.00,88,12.9,0.00,MPPT Charging,29,26,0,191,8565
2026-08-26T18:23:33Z,0,32.5,0.00,88,12.9,0.00,MPPT Charging,29,26,0,191,8565
2026-08-26T18:23:43Z,0,33.8,0.00,88,12.9,0.00,MPPT Charging,29,26,0,191,8565
2026-08-26T18:23:53Z,0,34.2,0.00,88,12.9,0.00,MPPT Charging,29,26,0,191,8565
2026-08-26T18:24:03Z,0,31.5,0.00,88,12.9,0.00,MPPT Charging,29,26,0,191,8565
2026-08-26T18:24:13Z,0,29.8,0.00,88,12.9,0.00,MPPT Charging,29,26,0,191,8565
2026-08-26T18:24:23Z,0,32.8,0.00,88,12.9,0.00,MPPT Charging,29,26,0,191,8565
2026-08-26T18:24:33Z,0,33.4,0.00,88,12.9,0.00,MPPT Charging,29,26,0,191,8565
2026-08-26T18:24:43Z,0,26.4,0.00,88,12.9,0.00,MPPT Charging,29,26,0,191,8565
2026-08-26T18:24:53Z,0,29.2,0.00,88,12.9,0.00,MPPT Charging,29,26,0,191,8565
2026-08-26T18:25:03Z,0,33.4,0.00,88,12.9,0.00,MPPT Charging,29,26,0,191,8565
2026-08-26T18:25:13Z,0,34.0,0.00,88,12.9,0.00,MPPT Charging,29,26,0,191,8565
2026-08-26T18:25:23Z,0,33.8,0.00,89,12.9,0.00,MPPT Charging,29,26,0,191,8565
2026-08-26T18:25:33Z,0,33.5,0.00,88,12.9,0.00,MPPT Charging,29,26,0,191,8565
2026-08-26T18:25:43Z,0,33.2,0.00,88,12.9,0.00,MPPT Charging,29,26,0,191,8565
2026-08-26T18:25:53Z,0,33.6,0.00,88,12.9,0.00,MPPT Charging,29,26,0,191,8565
2026-08-26T18:26:03Z,0,33.4,0.00,88,12.9,0.00,MPPT Charging,29,26,0,191,8565
2026-08-26T18:26:13Z,0,33.7,0.00,88,12.9,0.00,MPPT Charging,29,26,0,191,8565
2026-08-26T18:26:23Z,0,33.4,0.00,88,12.9,0.00,MPPT Charging,29,26,0,191,8565
2026-08-26T18:26:33Z,0,32.3,0.00,88,12.9,0.00,MPPT Charging,29,26,0,191,8565
2026-08-26T18:26:43Z,0,33.5,0.00,88,12.9,0.00,MPPT Charging,29,26,0,191,8565
2026-08-26T18:26:53Z,0,32.5,0.00,88,12.9,0.00,MPPT Charging,29,26,0,191,8565
2026-08-26T18:27:03Z,0,32.3,0.00,89,12.9,0.00,MPPT Charging,29,26,0,191,8565
2026-08-26T18:27:13Z,0,32.4,0.00,88,12.9,0.00,MPPT Charging,29,26,0,191,8565
2026-08-26T18:27:24Z,0,33.2,0.00,88,12.9,0.00,MPPT Charging,29,26,0,191,8565
2026-08-26T18:27:33Z,0,33.8,0.00,88,12.9,0.00,MPPT Charging,29,26,0,191,8565
2026-08-26T18:27:43Z,0,33.7,0.00,88,12.9,0.00,MPPT Charging,29,26,0,191,8565
2026-08-26T18:27:53Z,0,33.6,0.00,88,12.9,0.00,MPPT Charging,29,26,0,191,8565
2026-08-26T18:28:03Z,0,32.8,0.00,88,12.9,0.00,MPPT Charging,29,26,0,191,8565
2026-08-26T18:28:14Z,0,34.1,0.00,89,12.9,0.00,MPPT Charging,29,26,0,191,8565
2026-08-26T18:28:23Z,0,34.0,0.00,88,12.9,0.00,MPPT Charging,29,26,0,191,8565
2026-08-26T18:28:33Z,0,34.0,0.00,88,12.9,0.00,MPPT Charging,29,26,0,191,8565
2026-08-26T18:28:43Z,0,32.8,0.00,88,12.9,0.00,MPPT Charging,29,26,0,191,8565
2026-08-26T18:28:53Z,0,33.4,0.00,88,12.9,0.00,MPPT Charging,29,26,0,191,8565
2026-08-26T18:29:03Z,0,33.9,0.00,88,12.9,0.00,MPPT Charging,29,26,0,191,8565
2026-08-26T18:29:13Z,0,34.0,0.00,88,12.9,0.00,MPPT Charging,29,26,0,191,8565
2026-08-26T18:29:23Z,0,34.1,0.00,89,12.9,0.00,MPPT Charging,29,26,0,191,8565
2026-08-26T18:29:33Z,0,33.5,0.00,89,12.9,0.00,MPPT Charging,29,26,0,191,8565
2026-08-26T18:29:43Z,0,33.9,0.00,88,12.9,0.00,MPPT Charging,29,26,0,191,8565
2026-08-26T18:29:53Z,0,34.5,0.00,87,12.9,0.00,MPPT Charging,29,26,0,191,8565
2026-08-26T18:30:03Z,0,30.6,0.00,87,12.9,0.00,MPPT Charging,29,26,0,191,8565
2026-08-26T18:30:13Z,0,29.1,0.00,87,12.9,0.00,MPPT Charging,29,26,0,191,8565
2026-08-26T18:30:23Z,0,26.8,0.00,87,12.9,0.00,MPPT Charging,29,26,0,191,8565
2026-08-26T18:30:33Z,0,30.1,0.00,89,12.9,0.00,MPPT Charging,29,26,0,191,8565
2026-08-26T18:30:43Z,0,33.1,0.00,87,12.9,0.00,MPPT Charging,29,26,0,191,8565
2026-08-26T18:30:53Z,0,31.0,0.00,87,12.9,0.00,MPPT Charging,29,26,0,191,8565
2026-08-26T18:31:04Z,0,31.3,0.00,88,12.9,0.00,MPPT Charging,29,26,0,191,8565
2026-08-26T18:31:13Z,0,28.2,0.00,87,12.9,0.00,MPPT Charging,29,26,0,191,8565
2026-08-26T18:31:23Z,0,23.3,0.00,86,12.9,0.00,MPPT Charging,29,26,0,191,8565
2026-08-26T18:31:33Z,0,22.1,0.00,86,12.9,0.00,MPPT Charging,29,26,0,191,8565
2026-08-26T18:31:43Z,0,21.5,0.00,87,12.9,0.00,MPPT Charging,29,26,0,191,8565
2026-08-26T18:31:53Z,0,21.6,0.00,86,12.9,0.00,MPPT Charging,29,26,0,191,8565
2026-08-26T18:32:04Z,0,26.2,0.00,86,12.9,0.00,MPPT Charging,29,26,0,191,8565
2026-08-26T18:32:13Z,0,29.6,0.00,86,12.9,0.00,MPPT Charging,29,26,0,191,8565
2026-08-26T18:32:23Z,0,29.7,0.00,86,12.9,0.00,MPPT Charging,29,26,0,191,8565
2026-08-26T18:32:34Z,0,29.1,0.00,87,12.9,0.00,MPPT Charging,29,26,0,191,8565
2026-08-26T18:32:44Z,0,36.4,0.00,86,12.9,0.00,MPPT Charging,29,26,0,191,8565
2026-08-26T18:32:53Z,0,35.9,0.00,87,12.9,0.00,MPPT Charging,29,26,0,191,8565
2026-08-26T18:33:03Z,0,34.0,0.00,88,12.9,0.00,MPPT Charging,29,26,0,191,8565
2026-08-26T18:33:13Z,0,32.0,0.00,87,12.9,0.00,MPPT Charging,29,26,0,191,8565
2026-08-26T18:33:23Z,0,30.9,0.00,87,12.9,0.00,MPPT Charging,29,26,0,191,8565
2026-08-26T18:33:33Z,0,31.8,0.00,88,12.9,0.00,MPPT Charging,29,26,0,191,8565
2026-08-26T18:33:43Z,0,31.7,0.00,87,12.9,0.00,MPPT Charging,29,26,0,191,8565
2026-08-26T18:33:53Z,0,31.5,0.00,88,12.9,0.00,MPPT Charging,29,26,0,191,8565
2026-08-26T18:34:04Z,0,30.8,0.00,87,12.9,0.00,MPPT Charging,29,26,0,191,8565
2026-08-26T18:34:13Z,0,31.1,0.00,87,12.9,0.00,MPPT Charging,29,26,0,191,8565
2026-08-26T18:34:23Z,0,30.2,0.00,87,12.9,0.00,MPPT Charging,29,26,0,191,8565
2026-08-26T18:34:33Z,0,29.3,0.00,87,12.9,0.00,MPPT Charging,29,26,0,191,8565
2026-08-26T18:34:43Z,0,30.3,0.00,88,12.9,0.00,MPPT Charging,29,26,0,191,8565
2026-08-26T18:34:53Z,0,34.2,0.00,87,12.8,0.00,MPPT Charging,29,26,0,191,8565
2026-08-26T18:35:03Z,0,32.1,0.00,87,12.9,0.00,MPPT Charging,29,26,0,191,8565
2026-08-26T18:35:13Z,0,30.5,0.00,86,12.9,0.00,MPPT Charging,29,26,0,191,8565
2026-08-26T18:35:23Z,0,33.3,0.00,87,12.9,0.00,MPPT Charging,29,26,0,191,8565
2026-08-26T18:35:33Z,0,33.0,0.00,87,12.9,0.00,MPPT Charging,29,26,0,191,8565
2026-08-26T18:35:43Z,0,31.6,0.00,86,12.9,0.00,MPPT Charging,29,26,0,191,8565
2026-08-26T18:35:53Z,0,30.7,0.00,87,12.9,0.00,MPPT Charging,29,26,0,191,8565
2026-08-26T18:36:04Z,0,31.3,0.00,87,12.9,0.00,MPPT Charging,29,26,0,191,8565
2026-08-26T18:36:13Z,0,31.1,0.00,86,12.9,0.00,MPPT Charging,29,26,0,191,8565
2026-08-26T18:36:23Z,0,31.5,0.00,86,12.9,0.00,MPPT Charging,29,26,0,191,8565
2026-08-26T18:36:33Z,0,30.6,0.00,87,12.9,0.00,MPPT Charging,29,26,0,191,8565
2026-08-26T18:36:43Z,0,31.5,0.00,86,12.9,0.00,MPPT Charging,29,26,0,191,8565
2026-08-26T18:36:54Z,0,31.3,0.00,87,12.9,0.00,MPPT Charging,29,26,0,191,8565
2026-08-26T18:37:03Z,0,31.8,0.00,86,12.9,0.00,MPPT Charging,29,26,0,191,8565
2026-08-26T18:37:13Z,0,31.2,0.00,87,12.9,0.00,MPPT Charging,29,26,0,191,8565
2026-08-26T18:37:23Z,0,30.1,0.00,87,12.9,0.00,MPPT Charging,29,26,0,191,8565
2026-08-26T18:37:33Z,0,32.7,0.00,87,12.9,0.00,MPPT Charging,29,26,0,191,8565
2026-08-26T18:37:44Z,0,31.8,0.00,89,12.9,0.00,MPPT Charging,29,26,0,191,8565
2026-08-26T18:37:53Z,0,30.7,0.00,87,12.9,0.00,MPPT Charging,29,26,0,191,8565
